instrument_id,signal_date,session_date,arm,paid_bps,entry_price,stop_price,exit_date,exit_price,exit_reason,shares,net_r,per_dollar
APA,2022-09-16,2022-09-19,O,5.108556832694763729246487865,39.08995913154533844189016604,34.95393703821587153029995945,2022-09-23,34.94962652680408020319053782,stop,241,-1.001042187714312086181085583,-0.105918
APA,2022-09-16,2022-09-19,A,0,39.010000,34.87397790667053308840979341,2022-09-23,34.86967725580030611429604205,stop,241,-1.001039803650266525115594402,-0.106135
APA,2022-09-16,2022-09-19,C,1.235635734585444211046583467,40.46499938218213270727789446,36.32897728885266579568768787,2022-09-23,35.01210372592592592592592593,stop_gap,241,-1.318391327031492349082959480,-0.134756
APA,2022-09-16,2022-09-19,X,0,40.450000,36.31397790667053308840979341,2022-09-23,35.01210372592592592592592593,stop_gap,241,-1.314764803322558696703723161,-0.134435
HOMB,2022-09-21,2022-09-22,O,25.26315789473684210526315790,23.84007578947368421052631579,22.69046411093219964486470813,2022-09-23,22.68559595729329550419857110,stop,869,-1.004234606980576589397269418,-0.048426
HOMB,2022-09-21,2022-09-22,A,0,23.780000,22.63038832145851543433839234,2022-09-27,22.62553305685404031839023993,stop,869,-1.004223395338706895562307822,-0.048548
HOMB,2022-09-21,2022-09-22,C,2.135383301302583813794576126,23.42000000000000000000000001,22.27038832145851543433839235,2022-10-13,24.56434036086747866895153223,target,869,0.9954146971778386666641094555,0.048862
HOMB,2022-09-21,2022-09-22,X,0,23.310000,22.16038832145851543433839234,2022-10-13,24.45436396095329716283696453,target,869,0.9954352259235525544856942392,0.049093
ARW,2022-09-22,2022-09-23,O,46.21171413218699623858140784,93.31926061257388500806018272,87.65797547734119864945063628,2022-10-21,98.72884759558744778836885509,time,176,0.9555404565912615088517968370,0.057969
ARW,2022-09-22,2022-09-23,A,0,92.890000,87.22871486476731364139045356,2022-10-04,98.47135708565017809716704073,target,176,0.9858816421230789831682663425,0.060086
ARW,2022-09-22,2022-09-23,C,2.142015636714148013280496948,93.37999785798436328585198675,87.71871272275167692724244031,2022-10-21,98.72884759558744778836885509,time,176,0.9448119304775557210727189331,0.05728
ARW,2022-09-22,2022-09-23,X,0,93.280000,87.61871486476731364139045356,2022-10-21,98.72884759558744778836885509,time,176,0.9624753859643730690765653085,0.058414
CTAS,2022-09-26,2022-09-27,O,29.50230887634684453565931247,98.15873909697280656747049767,93.78235255977219519865479655,2022-10-04,102.4734452396461988984778327,target,228,0.9859060907890751882665344545,0.043956
CTAS,2022-09-26,2022-09-27,A,0,97.680000,93.30361346279938863118429888,2022-10-04,101.9949941299967047410452343,target,228,0.9859718956079284660895839419,0.044175
CTAS,2022-09-26,2022-09-27,C,6.635354731268133383640597965,96.12373921754856168928325160,91.74735268034795032046755048,2022-10-03,100.4396695221337808177112621,target,228,0.9861858105764890856261308542,0.0449
CTAS,2022-09-26,2022-09-27,X,0,95.882500,91.50611346279938863118429888,2022-10-03,100.1985754229534056664141660,target,228,0.9862189699802467262946928887,0.045014
CVE,2022-09-28,2022-09-29,O,13.03780964797913950456323338,15.48015645371577574967405475,13.64933738095282442929792355,2022-10-04,17.30531279323486749299096116,target,546,0.9969069946189091455347308925,0.117903
CVE,2022-09-28,2022-09-29,A,0,15.440000,13.60918092723704867962386880,2022-10-04,17.26516947542151757771326691,target,546,0.9969141694963294525885123051,0.11821
CVE,2022-09-28,2022-09-29,C,3.208213025344882900224574912,15.59500160410651267244145010,13.76418253134356135206531890,2022-10-05,17.42012037569940528689909338,target,546,0.9968864748817281067637479096,0.117032
CVE,2022-09-28,2022-09-29,X,0,15.590000,13.75918092723704867962386880,2022-10-05,17.41512040770807302422945926,target,546,0.9968873685337578186100203710,0.11707
DFIV,2022-10-05,2022-10-06,O,7.47104968248038849458348898,26.90008218154650728427344042,25.64315461126675526386972488,2022-10-13,25.61085070041090773253642137,stop_gap,795,-1.025700693993574912405512190,-0.047927
DFIV,2022-10-05,2022-10-06,A,0,26.880000,25.62307242972024797959628446,2022-10-13,25.61829824070781640739960172,stop,795,-1.003798300813283131238871392,-0.046938
DFIV,2022-10-05,2022-10-06,C,1.871607711023769417930001872,26.71499906419614448811529103,25.45807149391639246771157549,2022-10-26,27.96671479795000198709017873,target,795,0.9958535108552559375294762497,0.046854
DFIV,2022-10-05,2022-10-06,X,0,26.710000,25.45307242972024797959628446,2022-10-26,27.96171666519864902952978155,target,795,0.9958542519041545015453544747,0.046863
FCNCA,2022-10-05,2022-10-06,O,77.0337260309799213019650733,848.9497832832059344500053493,798.6772283163198249285822445,2022-10-27,797.0403633254241871248416873,stop,19,-1.032559813042599881522555383,-0.061145
FCNCA,2022-10-05,2022-10-06,A,0,842.460000,792.1874450331138904785768952,2022-10-27,790.5638806581343637772427094,stop,19,-1.032295242922285287438479633,-0.061601
FCNCA,2022-10-05,2022-10-06,C,6.79745361476761574881340103,846.4499796076391556971527535,796.1774246407530461757296487,2022-10-27,794.5456829224080399326839837,stop,19,-1.032457903112738425406966989,-0.06132
FCNCA,2022-10-05,2022-10-06,X,0,843.460000,793.1874450331138904785768952,2022-10-27,791.5618311881696994662886458,stop,19,-1.032336010095666753144142267,-0.06153
ARW,2022-10-14,2022-10-17,O,54.1848598032510915881950655,95.73594823504655689410279346,89.86654061972184719081475555,2022-10-27,101.5409467499906825932086502,target,170,0.9890263030612467118105877641,0.060636
ARW,2022-10-14,2022-10-17,A,0,95.220000,89.35059238467529029671196209,2022-10-25,101.0253255819710965751084575,target,170,0.9890820270879980523494759152,0.060968
ARW,2022-10-14,2022-10-17,C,2.086158339417961823302388652,95.90000208615833941796182332,90.03059447083362971467378541,2022-10-27,101.7048966050003340346436806,target,170,0.9890085847310595981813596733,0.060531
ARW,2022-10-14,2022-10-17,X,0,95.480000,89.61059238467529029671196209,2022-10-27,101.2851607642214927716219282,target,170,0.9890539462729642705504567318,0.0608
CBT,2022-10-21,2022-10-24,O,62.95607383030476463013306625,70.41050364859064243811704109,65.12201279817642598910002039,2022-11-07,75.56907631622624642908978137,target,189,0.9754337888722192401438817552,0.073264
CBT,2022-10-21,2022-10-24,A,0,69.970000,64.68150914958578355098297930,2022-11-04,75.12932868076247580293747204,target,189,0.9755767432893215403007797003,0.073736
CBT,2022-10-21,2022-10-24,C,4.302925989672977624784853700,69.74999999999999999999999997,64.46150914958578355098297927,2022-11-04,74.90970625513318518508850176,target,189,0.9756481387746100908078941599,0.073974
CBT,2022-10-21,2022-10-24,X,0,69.770000,64.48150914958578355098297930,2022-11-04,74.92967193019039342307477181,target,189,0.9756416482759474953072473904,0.073953
FCG,2022-10-21,2022-10-24,O,9.485866059571238854107380005,26.46508062986150635553025991,24.44698105407951857876702658,2022-11-07,28.47782521782517424243970616,target,495,0.9973465195262999346514040494,0.076053
FCG,2022-10-21,2022-10-24,A,0,26.440000,24.42190042421801222323676667,2022-11-07,28.45274930325410998248296199,target,495,0.9973488560266880626548361007,0.076125
FCG,2022-10-21,2022-10-24,C,1.891431813883109513902023832,26.44500094571590694155475694,24.42690136993391916479152361,2022-11-07,28.45774930876589661816414218,target,495,0.9973483901407964105759221494,0.076111
FCG,2022-10-21,2022-10-24,X,0,26.450000,24.43190042421801222323676667,2022-11-07,28.46274742320146850852169108,target,495,0.9973479244311097099539215527,0.076096
UTHR,2022-10-21,2022-10-24,O,112.2276165744608784012645365,222.0442940047420119679349668,211.5577381820734279133778509,2022-10-28,232.3304194800567512044352234,target,95,0.9808869231477718900908421758,0.046325
UTHR,2022-10-21,2022-10-24,A,0,219.580000,209.0934441773314159454428841,2022-10-26,229.8682495775735106481679409,target,95,0.9810894779517218944448636638,0.046854
UTHR,2022-10-21,2022-10-24,C,5.391077766296778831034637675,222.6499676535334022193270138,212.1634118308648181647698979,2022-11-01,232.9355710674532752209782730,target,95,0.9808371392717601203474281420,0.046196
UTHR,2022-10-21,2022-10-24,X,0,222.090000,211.6034441773314159454428841,2022-10-28,232.3760860789571698597090197,target,95,0.9808831663034623204559554253,0.046315
ADNT,2022-10-24,2022-10-25,O,72.86245353159851301115241635,33.87503643122676579925650559,30.69850182478258528161067429,2022-11-04,37.00831176033566208302387532,target,314,0.9863816130800133925168260230,0.092495
ADNT,2022-10-24,2022-10-25,A,0,33.630000,30.45346539355581948235416870,2022-11-04,36.76356141951313068633509478,target,314,0.9864716767625100402598201377,0.093178
ADNT,2022-10-24,2022-10-25,C,1.450326323422770123277737491,34.48500072516316171138506165,31.30846611871898119373923035,2022-11-04,37.61756389514311882888024392,target,314,0.9861574193540913070368120709,0.090838
ADNT,2022-10-24,2022-10-25,X,0,34.500000,31.32346539355581948235416870,2022-11-04,37.63254565769176466181670598,target,314,0.9861519063374356947214446462,0.090798
HSY,2022-10-24,2022-10-25,O,14.60418366908637945105450797,233.3302628753060435548301190,224.6442867078449371614426356,2022-11-04,224.5577222884079357727436724,stop,115,-1.009965997807049474879551215,-0.037597
HSY,2022-10-24,2022-10-25,A,0,232.990000,224.3040238325388936066125166,2022-11-10,224.2175905299831113646849814,stop,115,-1.009950902568622465474601325,-0.037651
HSY,2022-10-24,2022-10-25,C,1.923857976528932686347021226,233.9449990380710117355336568,225.2590228706099053421461734,2022-11-04,225.1722215687673171785873741,stop,115,-1.009993269630160637653691510,-0.037499
HSY,2022-10-24,2022-10-25,X,0,234.120000,225.4340238325388936066125166,2022-11-04,225.3471550958334281997594804,stop,115,-1.010001033278319132932053584,-0.037472
AHCO,2022-11-07,2022-11-08,O,289.3140457302846476901539898,22.43070461969202053196453570,20.59157427338359878067426004,2022-11-08,20.57689745636764468318268894,stop,543,-1.007980302780286350912209095,-0.082646
AHCO,2022-11-07,2022-11-08,A,0,21.800000,19.96086965369157824870972434,2022-11-08,19.94664237667540463627301035,stop,543,-1.007735872035786473415995310,-0.085016
AHCO,2022-11-07,2022-11-08,C,4.842615012106537530266343826,20.64999515738498789346246973,18.81086481107656614217219407,2022-11-10,22.47309619114622973766453959,target,543,0.9912842977229131126912621674,0.088286
AHCO,2022-11-07,2022-11-08,X,0,20.610000,18.77086965369157824870972434,2022-11-10,22.43312954064462387406198608,target,543,0.9912997979202967565702446371,0.088458
CARS,2022-11-07,2022-11-08,O,75.78253706754530477759472815,15.30511367380560131795716639,13.92449333938452728010248653,2022-11-18,13.91991140672925102894088650,stop,724,-1.003318749218044482334656805,-0.090506
CARS,2022-11-07,2022-11-08,A,0,15.190000,13.80937966557892596214532014,2022-11-21,13.80483561172384898749505844,stop,724,-1.003291313145103285241349251,-0.091189
CARS,2022-11-07,2022-11-08,C,3.330003330003330003330003330,15.02500166500166500166500166,13.64438133058059096381032180,2022-11-21,13.63989157035335154592160501,stop,724,-1.003251987614047476670741555,-0.092187
CARS,2022-11-07,2022-11-08,X,0,14.980000,13.59937966557892596214532014,2022-11-21,13.59490471340203260052566061,stop,724,-1.003241261964151652395313339,-0.092463
FNB,2022-11-08,2022-11-09,O,10.62699256110520722635494155,14.12499468650371944739638682,13.43860382424577420070383510,2022-12-05,13.43383667141702436948684190,stop,1456,-1.006945245181539637448292111,-0.048932
FNB,2022-11-08,2022-11-09,A,0,14.110000,13.42360913774205475330744828,2022-12-05,13.41884730406424629117431332,stop,1456,-1.006937495732597570748197919,-0.048983
FNB,2022-11-08,2022-11-09,C,3.572704537334762415148267238,13.99499821364773133261879243,13.30860735138978608592624071,2022-11-11,14.67618106275352841450846677,target,1456,0.9924124672420376762040328983,0.048673
FNB,2022-11-08,2022-11-09,X,0,13.990000,13.30360913774205475330744828,2022-11-11,14.67118462215072355628932627,target,1456,0.9924150503838362744646598714,0.048691
WSBC,2022-11-08,2022-11-09,O,92.1773791728948679621325361,40.32834080717488789237668163,38.53680638983672634553903343,2022-12-08,38.51265144036334241276635007,stop,558,-1.013482827479961585899197603,-0.045023
WSBC,2022-11-08,2022-11-09,A,0,39.960000,38.16846558266183845316235180,2022-12-08,38.58537124820007578628268284,time,558,-0.7672912886833230202247977111,-0.0344
WSBC,2022-11-08,2022-11-09,C,3.789314134141720348616900341,39.60500189465706707086017431,37.81346747731890552402252611,2022-12-08,38.58537124820007578628268284,time,558,-0.5691381848928948796241510983,-0.025745
WSBC,2022-11-08,2022-11-09,X,0,39.710000,37.91846558266183845316235180,2022-12-08,38.58537124820007578628268284,time,558,-0.6277461046329676065348649548,-0.028321
FWRD,2022-11-11,2022-11-14,O,204.1887105942022648769183682,116.1134633378514275720344541,108.6896005983965143194938536,2022-11-17,108.4991371362204123796255265,stop,134,-1.025655574309565757599517691,-0.065577
FWRD,2022-11-11,2022-11-14,A,0,113.790000,106.3661372605450867474593995,2022-12-06,106.1797453458687458252622872,stop,134,-1.025107133741272065607475177,-0.06688
FWRD,2022-11-11,2022-11-14,C,8.346878706673109871282344155,113.8049123577735799323463515,106.3810496183186666798057510,2022-12-06,106.1946315718019737134480113,stop,134,-1.025110653720192629924709353,-0.066871
FWRD,2022-11-11,2022-11-14,X,0,113.360000,105.9361372605450867474593995,2022-12-06,105.7504988612767041105125330,stop,134,-1.025005634638392152843071796,-0.067127
VCYT,2022-11-11,2022-11-14,O,103.3372861256987972217516517,29.79474165678468575300694562,25.68072107707995905166775222,2022-11-21,25.65495446730362464459250029,stop,243,-1.006263121264741884094076386,-0.138944
VCYT,2022-11-11,2022-11-14,A,0,29.490000,25.37597942029527329866080660,2022-11-28,25.35051857137858907795980913,stop,243,-1.006188799599663550534193197,-0.140369
VCYT,2022-11-11,2022-11-14,C,3.480682213713887922032718413,28.75000348068221371388792204,24.63598290097748701254872864,2022-12-13,29.78962656735120083536373129,time,243,0.2527024516594915545991217045,0.036161
VCYT,2022-11-11,2022-11-14,X,0,28.650000,24.53597942029527329866080660,2022-12-13,29.78962656735120083536373129,time,243,0.2770104196787937837067657899,0.039778
AXON,2022-11-14,2022-11-15,O,28.49160465823905286160825426,181.2349002793836961633149843,166.1918810676959364866867245,2022-12-14,173.3813728383488681757656458,time,66,-0.5220712232377517005537793670,-0.043333
AXON,2022-11-14,2022-11-15,A,0,180.720000,165.6769807883122403233717402,2022-12-14,173.3813728383488681757656458,time,66,-0.4878427035411444230057787898,-0.040608
AXON,2022-11-14,2022-11-15,C,7.98934753661784287616511318,188.0100878828229027962716378,172.9670686711351431196433780,2022-12-06,172.6684634597909305290181844,stop,66,-1.019850085088783877012326455,-0.0816
AXON,2022-11-14,2022-11-15,X,0,187.960000,172.9169807883122403233717402,2022-12-06,172.6184620472016451739140419,stop,66,-1.019844336892068801515665818,-0.081621
RMBS,2022-11-15,2022-11-16,O,22.35959489675128238853084309,37.82438511114033933973431539,35.13142187840023980961162574,2022-12-15,37.28502966271163844820690574,time,371,-0.2002832574434760596100301061,-0.014259
RMBS,2022-11-15,2022-11-16,A,0,37.800000,35.10703676725990046987731035,2022-12-15,37.28502966271163844820690574,time,371,-0.1912281352480172661896181934,-0.013624
RMBS,2022-11-15,2022-11-16,C,1.333155579256099186775096654,37.50499933342221037195040662,34.81203610068211084182771697,2022-12-15,37.28502966271163844820690574,time,371,-0.08168313181415106534543950072,-0.005865
RMBS,2022-11-15,2022-11-16,X,0,37.390000,34.69703676725990046987731035,2022-12-15,37.28502966271163844820690574,time,371,-0.03897949144354038046194483754,-0.002807
HPE,2022-11-18,2022-11-21,O,6.41025641025641025641025641,15.59999358974358974358974360,14.77911499891293433305127543,2022-11-30,16.41555970170637901205311367,target,1218,0.9935283013502759396169288439,0.05228
HPE,2022-11-18,2022-11-21,A,0,15.590000,14.76912140916934458946153183,2022-11-30,16.40556934508790851457905747,target,1218,0.9935322399657488739072905606,0.052314
HPE,2022-11-18,2022-11-21,C,3.218538783392339877695526231,15.54000000000000000000000001,14.71912140916934458946153184,2022-11-30,16.35558552108273219623547935,target,1218,0.9935519456749784361040970777,0.052483
HPE,2022-11-18,2022-11-21,X,0,15.550000,14.72912140916934458946153183,2022-11-30,16.36558228588376745990419497,target,1218,0.9935480045331325236647357792,0.052449
LW,2022-11-22,2022-11-23,O,38.08864265927977839335180056,86.87965720221606648199445983,82.51348828240075983918023916,2022-12-22,88.56461729520060209575638279,time,229,0.3859127129364044688162956906,0.019394
LW,2022-11-22,2022-11-23,A,0,86.550000,82.18383108018469335718577933,2022-12-22,88.56461729520060209575638279,time,229,0.4614153350910258513432287652,0.023277
LW,2022-11-22,2022-11-23,C,1.736814681873444103514155040,86.36799791582238175186707583,82.00182899600707510905285516,2022-12-22,88.56461729520060209575638279,time,229,0.5030999532356937677190042905,0.025433
LW,2022-11-22,2022-11-23,X,0,86.400000,82.03383108018469335718577933,2022-12-22,88.56461729520060209575638279,time,229,0.4957703961880081347429109334,0.025053
BIIB,2022-11-25,2022-11-28,O,16.31650658547662702484482498,296.5130175444498645898164812,281.5757424512615221641736638,2022-11-30,311.3226098283166375957542830,target,66,0.9914520681633697029289440303,0.049946
BIIB,2022-11-25,2022-11-28,A,0,296.030000,281.0927249068116575743571826,2022-11-30,310.8397903027432513761703800,target,66,0.9914653248567922315324870352,0.050028
BIIB,2022-11-25,2022-11-28,C,4.808517946075905890434483943,291.2099615318564313927528764,276.2726864386680889671100590,2022-11-30,306.0217278675885701599685561,target,66,0.9915976135758898999218670596,0.050863
BIIB,2022-11-25,2022-11-28,X,0,291.900000,276.9627249068116575743571826,2022-11-30,306.7114834461274883342517575,target,66,0.9915786750745310118104637659,0.050742
BRO,2022-11-25,2022-11-28,O,22.91436815751506407536281083,58.93473648476618857676313332,55.71619993134310900836248348,2022-12-16,55.69240382647792445680855742,stop,310,-1.007393454904178784960991068,-0.055016
BRO,2022-11-25,2022-11-28,A,0,58.800000,55.58146344657692043159935016,2022-12-16,55.55772488697728904848172850,stop,310,-1.007375575577783698324667298,-0.055141
BRO,2022-11-25,2022-11-28,C,1.726519337016574585635359116,57.90999654696132596685082873,54.69145999353824639845017889,2022-12-27,57.35009768491022099447513812,time,310,-0.1739606969681993093659634479,-0.009668
BRO,2022-11-25,2022-11-28,X,0,57.890000,54.67146344657692043159935016,2022-12-27,57.35009768491022099447513812,time,310,-0.1677477655226767757909488562,-0.009326
VCTR,2022-11-28,2022-11-29,O,84.63893390959841527102467135,28.23698901494687556275886908,25.85061457065849208239750892,2022-12-28,26.61675698377246553830047112,time,419,-0.6789512999740336163170947391,-0.05738
VCTR,2022-11-28,2022-11-29,A,0,28.000000,25.61362555571161651963863984,2022-12-28,26.61675698377246553830047112,time,419,-0.5796420672951085563037951044,-0.049402
VCTR,2022-11-28,2022-11-29,C,8.72448089338684348281277264,28.66498691327865991973477577,26.27861246899027643937341561,2022-12-19,26.26459720900681495860574979,stop,419,-1.005873034727222294445903111,-0.083739
VCTR,2022-11-28,2022-11-29,X,0,28.660000,26.27362555571161651963863984,2022-12-19,26.25961295541523699082816590,stop,419,-1.005871920196730938519779300,-0.083754
IRDM,2022-11-29,2022-11-30,O,36.89320388349514563106796116,51.81044271844660194174757281,48.90383926333389779669496543,2022-12-07,48.87522937296923287988722657,stop,344,-1.009843066247767727380475443,-0.056653
IRDM,2022-11-29,2022-11-30,A,0,51.620000,48.71339654488729585494739262,2022-12-29,51.61176914371935118823085628,time,344,-0.002831778193262231097462685378,-0.000159
IRDM,2022-11-29,2022-11-30,C,13.20256506978498679743493022,53.01990758204451150509241795,50.11330412693180736003981057,2022-12-06,50.08398667131932775354992769,stop,344,-1.010086499952688873459053228,-0.055374
IRDM,2022-11-29,2022-11-30,X,0,53.100000,50.19339654488729585494739262,2022-12-06,50.16403223333607473802757160,stop,344,-1.010102620465674258863580078,-0.055291
WAB,2022-12-05,2022-12-06,O,25.61071710007880220646178093,101.8802561071710007880220646,97.46651423826334119886029864,2023-01-05,99.86010652962262272229413522,time,226,-0.4576954515122873062967890154,-0.019829
WAB,2022-12-05,2022-12-06,A,0,101.560000,97.14625813109234041083823404,2023-01-05,99.86010652962262272229413522,time,226,-0.3851365849806884001516165658,-0.016738
WAB,2022-12-05,2022-12-06,C,1.991436821666832619735138902,100.4500000000000000000000000,96.03625813109234041083823404,2022-12-13,104.8169671414050492439021905,target,226,0.9894024777860001026682868929,0.043474
WAB,2022-12-05,2022-12-06,X,0,100.430000,96.01625813109234041083823404,2022-12-13,104.7969760624537680821834017,target,226,0.9894044989845621848949212499,0.043483
MINT,2022-12-06,2022-12-07,O,0.506919450499315658741825924,98.62499923962082425102651193,98.48056864210218829875390369,2022-12-13,98.76442403764439459789628711,target,6923,0.9653411425205818691636757053,0.001414
MINT,2022-12-06,2022-12-07,A,0,98.620000,98.47556940248136404772739176,2022-12-13,98.75942505139337526422069640,target,6923,0.9653428967874011604048443384,0.001414
MINT,2022-12-06,2022-12-07,C,0.5067653169817057720569604215,98.67000000000000000000000000,98.52556940248136404772739176,2022-12-14,98.80942251730995323796759215,target,6923,0.9653253514509865597586604807,0.001413
MINT,2022-12-06,2022-12-07,X,0,98.670000,98.52556940248136404772739176,2022-12-14,98.80942251730995323796759215,target,6923,0.9653253514509865597586604807,0.001413
RACE,2022-12-07,2022-12-08,O,5.00796722057819257910311860,219.7399899840655588436148418,211.1397744313255180567270648,2022-12-13,228.1848931945822248518123028,target,116,0.9819408779616120147442410336,0.038431
RACE,2022-12-07,2022-12-08,A,0,219.630000,211.0297844472599592131122230,2022-12-13,228.0749780234564466903111971,target,116,0.9819495769226231543552432289,0.038451
RACE,2022-12-07,2022-12-08,C,5.439216752787598585803644275,220.6499510470492249116127277,212.0497354943091841247249507,2022-12-13,229.0942353206437145723282149,target,116,0.9818689103558722779876533150,0.03827
RACE,2022-12-07,2022-12-08,X,0,220.330000,211.7297844472599592131122230,2022-12-13,228.7745018977592626337202571,target,116,0.9818942148570720924085128664,0.038327
TRMD,2022-12-09,2022-12-12,O,16.81237390719569603227975790,29.85010087424344317417619368,26.97839779213624566854166402,2023-01-04,26.04613651647612642905178211,stop_gap,348,-1.324637070409119321098922419,-0.127436
TRMD,2022-12-09,2022-12-12,A,0,29.800000,26.92829691789280249436547034,2023-01-04,26.04613651647612642905178211,stop_gap,348,-1.307190672640628517266890442,-0.125969
TRMD,2022-12-09,2022-12-12,C,8.447372867038351072816354115,29.63501267105930055752660921,26.76330958895210305189207955,2023-01-04,26.04613651647612642905178211,stop_gap,348,-1.249737891408233458802586534,-0.121103
TRMD,2022-12-09,2022-12-12,X,0,29.570000,26.69829691789280249436547034,2023-01-04,26.04613651647612642905178211,stop_gap,348,-1.227098826992285700909933978,-0.11917
WM,2022-12-15,2022-12-16,O,9.26841324765200197726149283,161.9799907315867523479980227,155.9543157955326219705000272,2022-12-19,155.8915380867435857702951503,stop,165,-1.010418369635808088988419496,-0.037588
WM,2022-12-15,2022-12-16,A,0,161.830000,155.8043250639458696225020045,2022-12-19,155.7416077322898455845675711,stop,165,-1.010408349657357060928311173,-0.037622
WM,2022-12-15,2022-12-16,C,1.850937808489634748272458046,162.1100000000000000000000000,156.0843250639458696225020045,2022-12-19,156.0214950213438787166313581,stop,165,-1.010427054772910585274823806,-0.037558
WM,2022-12-15,2022-12-16,X,0,161.790000,155.7643250639458696225020045,2022-12-19,155.7016238338535551371298873,stop,165,-1.010405677497992271735952217,-0.037631
AIG,2022-12-22,2022-12-23,O,8.790857508191480859905698075,62.43483736913609845760409176,59.67537936499248321305086677,2023-01-25,63.49496950011883070585439277,time,362,0.3841812882786521140987762455,0.01698
AIG,2022-12-22,2022-12-23,A,0,62.380000,59.62054199585638475544677501,2023-01-25,63.49496950011883070585439277,time,362,0.4040538027556814451012659969,0.017874
AIG,2022-12-22,2022-12-23,C,0.792204705695951833953893686,63.11499960389764715202408300,60.35554159975403190747085801,2023-01-25,63.49496950011883070585439277,time,362,0.1376972926026121626306397833,0.00602
AIG,2022-12-22,2022-12-23,X,0,63.160000,60.40054199585638475544677501,2023-01-25,63.49496950011883070585439277,time,362,0.1213895988327558939475741546,0.005304
JPST,2022-12-28,2022-12-29,O,0.997904400758407344576389582,50.12500149685660113761101687,50.06871215718513870553707917,2023-01-09,50.17628422265631578323681679,target,17765,0.9110557362909332650180497697,0.001023
JPST,2022-12-28,2022-12-29,A,0,50.120000,50.06371066032853756792606230,2023-01-06,50.17128322480169574920133729,target,17765,0.9110646012373692339506973731,0.001023
JPST,2022-12-28,2022-12-29,C,0.997705277860919884266187768,50.12500049885263893045994214,50.06871115918117649838600444,2023-01-09,50.17628322475192495812776053,target,17765,0.9110557380598540344421609326,0.001023
JPST,2022-12-28,2022-12-29,X,0,50.120000,50.06371066032853756792606230,2023-01-06,50.17128322480169574920133729,target,17765,0.9110646012373692339506973731,0.001023
BKE,2022-12-30,2023-01-03,O,36.10898347740453003610898348,45.82487361855782908414487360,43.35177693012929489285591212,2023-01-06,48.27153463632025141814022050,target,404,0.9893107007138852603288942957,0.053392
BKE,2022-12-30,2023-01-03,A,0,45.660000,43.18690331157146580871103852,2023-01-06,48.10675126057498819556302335,target,404,0.9893471905175343057070907721,0.053586
BKE,2022-12-30,2023-01-03,C,2.205071664829106945975744212,45.34999779492833517089305401,42.87690110649980097960409253,2023-01-05,47.79691873377648793395969364,target,404,0.9894158001574074581016398573,0.053956
BKE,2022-12-30,2023-01-03,X,0,45.300000,42.82690331157146580871103852,2023-01-05,47.74694830490996356502115143,target,404,0.9894268656616147323493886097,0.054017
SHV,2022-12-30,2023-01-03,O,0.4548142083958702869877654978,109.9400000000000000000000000,109.8589238693679076558788611,2023-01-12,110.0160717605556478550447631,target,12334,0.9382756671115282536106720257,0.000692
SHV,2022-12-30,2023-01-03,A,0,109.940000,109.8589238693679076558788611,2023-01-12,110.0160717605556478550447631,target,12334,0.9382756671115282536106720257,0.000692
SHV,2022-12-30,2023-01-03,C,0.4548142083958702869877654978,109.9400000000000000000000000,109.8589238693679076558788611,2023-01-12,110.0160717605556478550447631,target,12334,0.9382756671115282536106720257,0.000692
SHV,2022-12-30,2023-01-03,X,0,109.940000,109.8589238693679076558788611,2023-01-12,110.0160717605556478550447631,target,12334,0.9382756671115282536106720257,0.000692
VAC,2023-01-04,2023-01-05,O,50.3144654088050314465408805,135.9003522012578616352201258,128.3113006402224219763112446,2023-01-11,143.3520427719464814917119468,target,131,0.9819001110689412077737951157,0.054832
VAC,2023-01-04,2023-01-05,A,0,135.220000,127.6309484389645603410911188,2023-01-09,142.6723418651375412262457136,target,131,0.9819859313382704239325914974,0.055113
VAC,2023-01-04,2023-01-05,C,2.944857542516380770080247368,135.8800029448575425163807701,128.2909513838221028574718889,2023-01-11,143.3317129956885190848420250,target,131,0.9819026779433655072610759139,0.05484
VAC,2023-01-04,2023-01-05,X,0,135.740000,128.1509484389645603410911188,2023-01-10,143.1918440742686163367022674,target,131,0.9819203380470770021753691532,0.054898
IAI,2023-01-09,2023-01-10,O,38.04946430359467307499749674,100.2500000000000000000000000,97.08010348119343140586952665,2023-02-01,103.3529514082780377276402231,target,315,0.9788809791955811323520883765,0.030952
IAI,2023-01-09,2023-01-10,A,0,99.870000,96.70010348119343140586952665,2023-02-01,102.9731973874644142650101380,target,315,0.9789585776865467446447197285,0.031072
IAI,2023-01-09,2023-01-10,C,5.452292441140024783147459725,101.0000381660470879801734820,97.83014164724051938604300865,2023-02-03,104.1025040643834530421889352,target,315,0.9787278164854446340119927547,0.030717
IAI,2023-01-09,2023-01-10,X,0,100.990000,97.82010348119343140586952665,2023-02-03,104.0924723961782518390777574,target,315,0.9787298663447533610453852671,0.030721
XYL,2023-01-09,2023-01-10,O,31.92015465539720361462032999,111.7355266825518140538596412,106.2026283203688041859467544,2023-01-13,117.2164166958592097546970568,target,180,0.9906001618914441385603710694,0.049052
XYL,2023-01-09,2023-01-10,A,0,111.380000,105.8471016378169901320871132,2023-01-13,116.8610476887919405890997269,target,180,0.9906286597011314788610792018,0.04921
XYL,2023-01-09,2023-01-10,C,1.771165426850867871059156926,112.9600035423308537017357422,107.4271051801478438338228554,2023-01-13,118.4403505022145404085835019,target,180,0.9905020119909470089170323839,0.048516
XYL,2023-01-09,2023-01-10,X,0,112.940000,107.4071016378169901320871132,2023-01-13,118.4203558314209985986792905,target,180,0.9905036154068659652809366269,0.048524
GIII,2023-01-10,2023-01-11,O,25.65747273893521488133418858,15.66007697241821680564464400,14.15133161338972985106338854,2023-02-01,17.15775281350250859339145336,target,662,0.9926630972695597462847957239,0.095637
GIII,2023-01-10,2023-01-11,A,0,15.620000,14.11125464097151304541874454,2023-02-01,17.11770168052492248845966858,target,662,0.9926802237120545482407497320,0.095884
GIII,2023-01-10,2023-01-11,C,3.187759005419190309212623526,15.68499840612049729040484539,14.17625304709201033582358993,2023-02-01,17.18265817922690237248772168,target,662,0.9926524473757320349109433356,0.095484
GIII,2023-01-10,2023-01-11,X,0,15.660000,14.15125464097151304541874454,2023-02-01,17.15767589071189863288262151,target,662,0.9926631301628551908468110007,0.095637
NVCR,2023-01-10,2023-01-11,O,47.62408720499523759127950048,94.77923801460472007619853952,78.28153090670428162031390122,2023-02-09,87.47746587689930466134432140,time,60,-0.4425931488508930723689201986,-0.07704
NVCR,2023-01-10,2023-01-11,A,0,94.330000,77.83229289209956154411536170,2023-02-09,87.47746587689930466134432140,time,60,-0.4153628184985261954520510930,-0.072644
NVCR,2023-01-10,2023-01-11,C,2.575328354365181560648982746,97.08999742467164563481843932,80.59229031677120717893380102,2023-02-09,87.47746587689930466134432140,time,60,-0.5826586376460206561651311838,-0.099006
NVCR,2023-01-10,2023-01-11,X,0,96.700000,80.20229289209956154411536170,2023-02-09,87.47746587689930466134432140,time,60,-0.5590191450716323474645759062,-0.095373
FNB,2023-01-12,2023-01-13,O,11.29092961987203613097478359,13.29499435453519006398193451,12.79881295571178815576379655,2023-01-18,12.79396675618293098493616921,stop,2015,-1.009766991548552594768977428,-0.037685
FNB,2023-01-12,2023-01-13,A,0,13.280000,12.78381860117659809178186204,2023-01-18,12.77897807917690986834688216,stop,2015,-1.009755549101934461655757805,-0.037728
FNB,2023-01-12,2023-01-13,C,3.729951510630361805296531145,13.41500186497575531518090265,12.91882046615235340696276469,2023-01-18,12.91392882644536652570302869,stop,2015,-1.009858571318043073481272931,-0.037352
FNB,2023-01-12,2023-01-13,X,0,13.410000,12.91381860117659809178186204,2023-01-18,12.90892885539803822881640128,stop,2015,-1.009854754309925660416731407,-0.037365
AVEM,2023-01-18,2023-01-19,O,11.95622183390048744596707440,54.40497010944541524878138506,52.93677725840099046782353416,2023-01-23,55.84749303355770282491072395,target,681,0.9825159706275122840430050481,0.026515
AVEM,2023-01-18,2023-01-19,A,0,54.340000,52.87180714895557521904214910,2023-01-23,55.78255277346882778344753304,target,681,0.9825363013058145067067114041,0.026547
AVEM,2023-01-18,2023-01-19,C,1.832172957127152803224624404,54.58159846097471601319164527,53.11340560993029123223379437,2023-01-26,56.02404023634514504812627211,target,681,0.9824606994539734573068610343,0.026427
DUOL,2023-01-20,2023-01-23,O,67.6718508844829633147334679,85.42419565475483794372551349,79.21415474179033197578426018,2023-01-27,91.47945802147530751039480360,target,161,0.9750760826839465539617438020,0.070885
DUOL,2023-01-20,2023-01-23,A,0,84.850000,78.63995908703549403205874669,2023-01-27,90.90623223532014865691147311,target,161,0.9752322601734787607861923531,0.071376
DUOL,2023-01-20,2023-01-23,C,6.359484303636468751806671675,86.52499046077354454529687228,80.31494954780903857735561897,2023-01-27,92.57839348511096661406613505,target,161,0.9747766736447619959945549576,0.069961
DUOL,2023-01-20,2023-01-23,X,0,86.380000,80.16995908703549403205874669,2023-01-27,92.43364792639126520417689334,target,161,0.9748161101085913825509236908,0.070082
ALL,2023-01-30,2023-01-31,O,29.57889001323266132170934848,129.2010352611504631431462598,123.4024828924649111201167211,2023-02-02,123.3734697688150351153286510,stop,172,-1.005003511532733274322401218,-0.045105
ALL,2023-01-30,2023-01-31,A,0,128.820000,123.0214476313144479769704613,2023-02-06,134.5869022380407457765877133,target,172,0.9945417185820845016513423526,0.044767
ALL,2023-01-30,2023-01-31,C,0.7802746566791510611735330835,128.1599992197253433208489388,122.3614468510397912978194001,2023-02-06,133.9270566303671445377692676,target,172,0.9945684791580333251880579476,0.044999
ALL,2023-01-30,2023-01-31,X,0,128.470000,122.6714476313144479769704613,2023-02-06,134.2369845264440213046209364,target,172,0.9945559097798254960341152614,0.04489
JCI,2023-02-01,2023-02-02,O,9.06755327187547226839957685,66.31007254042617500377814722,63.02234019910382360136724023,2023-02-21,63.01278412022602165692427325,stop,304,-1.002906586633496574581838979,-0.049725
JCI,2023-02-01,2023-02-02,A,0,66.250000,62.96226765867764859758909301,2023-02-21,62.95272068860051779416262006,stop,304,-1.002903816091455589157112861,-0.04977
JCI,2023-02-01,2023-02-02,C,0.7732158045310446145519214415,64.65999922678419546895538544,61.37226688546184406654447845,2023-03-03,65.20495685981597463852161138,time,304,0.1657548658029117389511440318,0.008428
JCI,2023-02-01,2023-02-02,X,0,64.570000,61.28226765867764859758909301,2023-03-03,65.20495685981597463852161138,time,304,0.1931291218069747348878684752,0.009834
SCHW,2023-02-03,2023-02-06,O,9.496676163342830009496676165,79.02497625830959164292497629,74.14557791660623356728524723,2023-03-07,74.94530588170495086687112724,time,204,-0.8361011114293368382482450032,-0.051625
SCHW,2023-02-03,2023-02-06,A,0,78.950000,74.07060165829664192436027094,2023-03-07,74.94530588170495086687112724,time,204,-0.8207352296014928659882977863,-0.050724
SCHW,2023-02-03,2023-02-06,C,0.625899730863115728860236590,79.90500093884959629467359332,75.02560259714623821903386426,2023-03-07,75.02095157720964741634221254,stop,204,-1.000953195375921525941744150,-0.061123
SCHW,2023-02-03,2023-02-06,X,0,79.860000,74.98060165829664192436027094,2023-03-07,74.97595342807791421734121693,stop,204,-1.000952623641935544013305085,-0.061158
ETSY,2023-02-07,2023-02-08,O,11.39306059036768513723459348,144.4443790781978249611600207,132.2558648607600183418779067,2023-02-10,132.2002990608045138176813331,stop,82,-1.004558865745589228990824759,-0.084767
ETSY,2023-02-07,2023-02-08,A,0,144.280000,132.0914857825621933807178860,2023-02-10,132.0359890446099930333833641,stop,82,-1.004553199591202226549003249,-0.084863
ETSY,2023-02-07,2023-02-08,C,2.780287759783137554736915270,143.9200027802877597831375548,131.7314885628499531638554408,2023-02-10,131.6761430736421175977898199,stop,82,-1.004540790470478685576190618,-0.085074
ETSY,2023-02-07,2023-02-08,X,0,144.020000,131.8314857825621933807178860,2023-02-10,131.7760982806578888389992173,stop,82,-1.004544237379242090809340137,-0.085015
IJJ,2023-02-10,2023-02-13,O,8.539709649871904355251921435,111.4450896669513236549957301,107.5851947236573323686019783,2023-03-08,107.5611812432940322185264009,stop,259,-1.006221278225465720528305917,-0.03485
IJJ,2023-02-10,2023-02-13,A,0,111.350000,107.4901050567060087136062482,2023-03-08,107.4661128007672769586145946,stop,259,-1.006215779520221094777750759,-0.03488
IJJ,2023-02-10,2023-02-13,C,1.333629695487886196932651700,112.5250046677039342076016892,108.6651097244099429212079374,2023-02-23,108.6408552023519075783836867,stop,259,-1.006283725959996414893597155,-0.034518
IJJ,2023-02-10,2023-02-13,X,0,112.650000,108.7901050567060087136062482,2023-02-23,108.7658226351496706017555259,stop,259,-1.006290954006021667566885399,-0.03448
IWX,2023-02-17,2023-02-21,O,8.29875518672199170124481328,66.30497925311203319502074687,64.74060475207270537653173408,2023-02-24,64.72587647314222701783532131,stop,639,-1.009414803757471942457293503,-0.023816
IWX,2023-02-17,2023-02-21,A,0,66.250000,64.68562549896067218151098721,2023-02-24,64.67090972763308576939719841,stop,639,-1.009406808483396817305444474,-0.023835
IWX,2023-02-17,2023-02-21,C,1.522070015220700152207001522,65.69639792998477929984779299,64.13202342894545148135878020,2023-03-09,64.11743360030460546979860151,stop,639,-1.009326301746258921192891559,-0.024034
SCHD,2023-02-24,2023-02-27,O,1.988730527013589658601259530,25.11499370235333112363274776,24.45011630504031124181725692,2023-03-09,24.44849160464127872728195110,stop,1504,-1.002443609010621271475706191,-0.026538
SCHD,2023-02-24,2023-02-27,A,0,25.12333366889274742887671965,24.45845627157972754706122881,2023-03-09,24.45683101699327132222588684,stop,1504,-1.002444442528839742951676539,-0.026529
SCHD,2023-02-24,2023-02-27,C,0.6683151774376796097039363765,24.94166677805252957294660163,24.27678938073950969113111079,2023-03-09,24.27517619784491606300358530,stop,1504,-1.002426286261366397884544165,-0.026722
SCHD,2023-02-24,2023-02-27,X,0,24.95666700000000000000000000,24.29178960268698011818450916,2023-03-09,24.29017542303366847089112192,stop,1504,-1.002427785423049510265109690,-0.026706
IEFA,2023-02-27,2023-02-28,O,0.7655209369976268850953073565,65.35500267932327949169409785,63.71470883460339155791643608,2023-03-13,63.63512722483349919620301615,stop_gap,609,-1.048516678902420967681569757,-0.026316
IEFA,2023-02-27,2023-02-28,A,0,65.350000,63.70970615528011206622233823,2023-03-13,63.63512722483349919620301615,stop_gap,609,-1.045466811136725732474702509,-0.026241
IEFA,2023-02-27,2023-02-28,C,0.768580431942202751517946353,65.06000000000000000000000002,63.41970615528011206622233825,2023-03-15,62.38522291495062389956365307,stop_gap,609,-1.630669464291104679115955392,-0.041112
IEFA,2023-02-27,2023-02-28,X,0,65.030000,63.38970615528011206622233823,2023-03-15,62.38522291495062389956365307,stop_gap,609,-1.612380058343158149273274402,-0.04067
EWU,2023-02-28,2023-03-01,O,4.616094783812894291429450684,32.49499307585782428065856285,31.71799052015158407646512401,2023-03-10,31.71311007846514745789665730,stop,1286,-1.006281114071755714218813183,-0.024062
EWU,2023-02-28,2023-03-01,A,0,32.480000,31.70299744429375979580656116,2023-03-10,31.69811930958929853102800960,stop,1286,-1.006278144992750231531626843,-0.024073
EWU,2023-02-28,2023-03-01,C,1.540120129370090867087632836,32.46999999999999999999999999,31.69299744429375979580656115,2023-03-10,31.68812084828755980199277340,stop,1286,-1.006276164692621266837043098,-0.02408
EWU,2023-02-28,2023-03-01,X,0,32.480000,31.70299744429375979580656116,2023-03-10,31.69811930958929853102800960,stop,1286,-1.006278144992750231531626843,-0.024073
CNO,2023-03-01,2023-03-02,O,27.52654345261502162799842706,25.56016515926071569012976800,24.13233600626096305481224731,2023-03-09,24.12761251125092959169719304,stop,700,-1.003308165406281126295464835,-0.056046
CNO,2023-03-01,2023-03-02,A,0,25.490000,24.06217084700024736468247931,2023-03-09,24.05746108562874604400041188,stop,700,-1.003298546861581090455620140,-0.0562
CNO,2023-03-01,2023-03-02,C,1.961938395134392780066705906,25.49000000000000000000000001,24.06217084700024736468247932,2023-03-09,24.05746108562874604400041189,stop,700,-1.003298546861581090455620140,-0.0562
CNO,2023-03-01,2023-03-02,X,0,25.540000,24.11217084700024736468247931,2023-03-09,24.10745129897773801894658530,stop,700,-1.003305401078689253640265396,-0.05609
BXC,2023-03-07,2023-03-08,O,91.56004225848104237586571195,86.07091560042258481042375864,79.33056295242068859285845244,2023-03-13,78.28658608780373283249207653,stop_gap,148,-1.154884606063813482753515744,-0.090441
BXC,2023-03-07,2023-03-08,A,0,85.290000,78.54964735199810378243469380,2023-03-13,78.37995406350485161685110743,stop,148,-1.025175728534553141517606805,-0.081018
BXC,2023-03-07,2023-03-08,C,6.355075394303541510197007335,86.60000000000000000000000002,79.85964735199810378243469382,2023-03-10,79.68712402905632005849295950,stop,148,-1.025595592983243447224562050,-0.079825
BXC,2023-03-07,2023-03-08,X,0,86.540000,79.79964735199810378243469380,2023-03-10,79.62725364895472608406661511,stop,148,-1.025576362550479005741800742,-0.079879
BP,2023-03-10,2023-03-13,O,1.334578940344321366608834912,37.49500333644735086080341650,35.85458982500092070446005349,2023-03-15,35.84992914778462005182721064,stop,609,-1.002841159978127169387603899,-0.043874
BP,2023-03-10,2023-03-13,A,0,37.490000,35.84958648855356984365663699,2023-03-15,35.84492646171247357824084905,stop,609,-1.002840763507847054619172336,-0.04388
BP,2023-03-10,2023-03-13,C,1.313542624458163667411007487,38.07500065677131222908183372,36.43458714532488207273847071,2023-03-15,36.06518617376217803283064193,stop_gap,609,-1.225187715771120256732342149,-0.052786
BP,2023-03-10,2023-03-13,X,0,38.010000,36.36958648855356984365663699,2023-03-15,36.06518617376217803283064193,stop_gap,609,-1.185563159939464080848241462,-0.051166
SSTK,2023-03-22,2023-03-23,O,72.69390923847836826875573435,71.52619944950243489307643444,66.14419315849433438453934396,2023-04-21,66.78309306821320077326705330,time,185,-0.8812896389983233532353791584,-0.066313
SSTK,2023-03-22,2023-03-23,A,0,71.010000,65.62799370899189949146290952,2023-04-21,66.78309306821320077326705330,time,185,-0.7853775531345690263071713848,-0.059526
SSTK,2023-03-22,2023-03-23,C,5.523336095001380834023750345,72.41997790665561999447666390,67.03797161564751948593957342,2023-04-21,66.97330773231976247389581194,stop,185,-1.012014828640351673981681088,-0.075209
SSTK,2023-03-22,2023-03-23,X,0,72.060000,66.67799370899189949146290952,2023-04-21,66.61367705528335005003528924,stop,185,-1.011950311878305576254895755,-0.07558
BC,2023-03-28,2023-03-29,O,75.2259940577786206460585372,80.10812187875339781275681145,74.89016837593375548478915213,2023-04-19,85.22792422124147606080799324,target,191,0.9811897211658697568855510609,0.063911
BC,2023-03-28,2023-03-29,A,0,79.510000,74.29204649718035767203234068,2023-04-18,84.63049036612161359829591738,target,191,0.9813215781540862215779869197,0.064401
BC,2023-03-28,2023-03-29,C,5.713922925528537870611389755,78.85503142657609040695828836,73.63707792375644807899062904,2023-04-18,83.97627520746774684604374759,target,191,0.9814659670930899355101706077,0.064945
BC,2023-03-28,2023-03-29,X,0,78.860000,73.64204649718035767203234068,2023-04-18,83.98123806550811666578057996,target,191,0.9814648717626051611892263359,0.064941
CHDN,2023-03-30,2023-03-31,O,61.2276733484127603151080259,129.3672654239138912721316590,123.6200317126139275064898661,2023-04-27,135.0113622327023372674305082,target,173,0.9820545139292431369222793854,0.043628
CHDN,2023-03-30,2023-03-31,A,0,128.7499939894962069636257537,123.0027602781962431979839608,2023-04-27,134.3945619798688808008455264,target,173,0.9821364979946033857934872291,0.043841
CHDN,2023-03-30,2023-03-31,C,11.47301895964997569275644142,128.7074971317452600875060768,122.9602634204452963218642839,2023-04-27,134.3520975612292281095860607,target,173,0.9821421422946133896453604781,0.043856
CHDN,2023-03-30,2023-03-31,X,0,128.5249940000000000000000000,122.7777602887000362343582071,2023-04-27,134.1697337395345349928730880,target,173,0.9821663817909632710435456666,0.043919
MA,2023-03-31,2023-04-03,O,11.72300605458783289889252072,363.0350879225454094087467417,349.6817980098794815452732762,2023-04-21,376.3001808590545523029769683,target,74,0.9933951126101794628140735244,0.036539
MA,2023-03-31,2023-04-03,A,0,362.610000,349.2567100873340721365265344,2023-04-21,375.8751925449762929853403549,target,74,0.9934025720803026726756109339,0.036583
MA,2023-03-31,2023-04-03,C,0.546045267152646954432522456,366.2499978158189313894121822,352.8967079031530035259387166,2023-04-28,379.5143374205359661929220500,target,74,0.9933386971652190761782599123,0.036217
MA,2023-03-31,2023-04-03,X,0,366.470000,353.1167100873340721365265344,2023-04-28,379.7342880528399437593000235,target,74,0.9933348365527836234010961344,0.036195
MTW,2023-04-03,2023-04-04,O,95.1248513674197384066587396,17.03047562425683709869203329,15.33901763773256937331815740,2023-04-04,15.31366388957102793633746623,stop,591,-1.014989286381058854100746093,-0.100808
MTW,2023-04-03,2023-04-04,A,0,16.870000,15.17854201347573227462612411,2023-04-04,15.15345351427990461797384952,stop,591,-1.014832469618344674358224294,-0.101751
MTW,2023-04-03,2023-04-04,C,3.379520108144643460628590740,14.79499831023994592767826968,13.10354032371567820230439379,2023-05-01,16.45920595577782652304710070,target,591,0.9838894366851031665994616686,0.112484
MTW,2023-04-03,2023-04-04,X,0,14.770000,13.07854201347573227462612411,2023-05-01,16.43424896505893835723276205,target,591,0.9839138650311732148746673881,0.112678
BRO,2023-04-05,2023-04-06,O,10.21972406745017884517118038,58.87010219724067450178845171,56.58615417565449557693191450,2023-04-21,61.13323181875235917866996084,target,437,0.9908849063648847496306355051,0.038443
BRO,2023-04-05,2023-04-06,A,0,58.810000,56.52605197841382107514346279,2023-04-21,61.07315008183414958735020307,target,437,0.9908938646784153268197650026,0.038482
BRO,2023-04-05,2023-04-06,C,0.8468117537471420103311033955,59.05500042340587687357100515,56.77105240181969794871446794,2023-04-21,61.31806710084056914113446064,target,437,0.9908573470349886623765178314,0.038321
BRO,2023-04-05,2023-04-06,X,0,59.140000,56.85605197841382107514346279,2023-04-21,61.40303774140861767245658605,target,437,0.9908446777334979483593694832,0.038266
NSIT,2023-04-05,2023-04-06,O,47.29706057527239603405388362,143.7064898574081210804750726,138.6711094923796585090438127,2023-04-12,138.5645958268244475430777851,stop,198,-1.021153052566786361470104403,-0.035781
NSIT,2023-04-05,2023-04-06,A,0,143.030000,137.9946196349715374285687401,2023-04-12,137.8886255831605824036602661,stop,198,-1.021049860015958475018629851,-0.035946
NSIT,2023-04-05,2023-04-06,C,4.886903099692823233733593968,143.3800342083216978497626361,138.3446538432932352783313762,2023-04-12,138.2383909292316316481336494,stop,198,-1.021103254641817505936327018,-0.03586
NSIT,2023-04-05,2023-04-06,X,0,143.380000,138.3446196349715374285687401,2023-04-12,138.2383567471854410029200943,stop,198,-1.021103249423640268117956516,-0.03586
MKC,2023-04-10,2023-04-11,O,20.52906328816939409936066632,85.54525661329110211742624204,82.11413186197265864461843776,2023-05-03,88.96607482211393461541761703,target,291,0.9969961621209923701050278509,0.039988
MKC,2023-04-10,2023-04-11,A,0,85.450000,82.01887524868155652719219572,2023-05-03,88.87082924283340716521220509,target,291,0.9969993779791655325042126134,0.040033
MKC,2023-04-10,2023-04-11,C,1.160362032954281735901601300,86.21000232072406590856347179,82.77887756940562243575566751,2023-05-09,88.43973359816662798793223486,time,291,0.6498543302996388806059346209,0.025864
MKC,2023-04-10,2023-04-11,X,0,86.110000,82.67887524868155652719219572,2023-05-09,88.43973359816662798793223486,time,291,0.6789999685296796367976927169,0.027055
OMAB,2023-04-11,2023-04-12,A,0,90.650000,86.19584914020125721661747675,2023-04-18,86.03346777546461920989290925,stop,224,-1.036456188810806259447869614,-0.050927
OMAB,2023-04-11,2023-04-12,C,8.893829905503057254030016675,89.94992884936075597554196779,85.49577798956201319215944454,2023-04-20,85.33471546453735071163343495,stop,224,-1.036160096524422605862329094,-0.051309
OMAB,2023-04-11,2023-04-12,X,0,89.910000,85.45584914020125721661747675,2023-04-20,85.29486183574830715315532060,stop,224,-1.036143208777671294469890189,-0.051331
CDNS,2023-05-02,2023-05-03,O,21.71578570576303543729865171,209.4438382054647416776041045,199.7367100488206854579846489,2023-05-11,199.6694230296984108154029129,stop,103,-1.006931712246553575860375282,-0.046668
CDNS,2023-05-02,2023-05-03,A,0,209.600000,199.8928718433559437803805444,2023-05-11,199.8255322166701797105762870,stop,103,-1.006937131724141642925168829,-0.046634
CDNS,2023-05-02,2023-05-03,C,4.331504475887958417557031476,207.7799610164597170083742420,198.0728328598156607887547864,2023-05-19,217.4138224314794541359971648,target,103,0.9924522742007715662581227077,0.046366
CDNS,2023-05-02,2023-05-03,X,0,207.450000,197.7428718433559437803805444,2023-05-18,217.0839725718181979784366587,target,103,0.9924637252495953905734096964,0.04644
PUK,2023-05-02,2023-05-03,O,4.975949577044285951235694145,30.18501243987394261071487808,28.70731499857323976121515397,2023-05-12,28.70253124336601209253306512,stop,676,-1.003237303573468259307117055,-0.049113
PUK,2023-05-02,2023-05-03,A,0,30.170000,28.69230255869929715050027589,2023-05-12,28.68752130514843907732072244,stop,676,-1.003235610631259877672659517,-0.049138
PUK,2023-05-02,2023-05-03,C,1.673080140538731805253471642,29.88499916345992973063409737,28.40730172215922688113437326,2023-05-16,28.40256796083242147755478080,stop,676,-1.003203471288844243613159537,-0.049605
PUK,2023-05-02,2023-05-03,X,0,29.900000,28.42230255869929715050027589,2023-05-16,28.41756629764968886902210554,stop,676,-1.003205162922552885340110590,-0.04958
VAC,2023-05-02,2023-05-03,O,46.20800938829397095496552736,137.0302772480563297638257298,130.6675095788224621511051044,2023-05-04,130.4664531821961966392958131,stop,157,-1.031598890149398531308440610,-0.047901
VAC,2023-05-02,2023-05-03,A,0,136.400000,130.0372323307661323872793746,2023-05-04,129.8371457335397190827561575,stop,157,-1.031446472294423012527449099,-0.048115
VAC,2023-05-02,2023-05-03,C,5.564830272676683361157484695,134.8950250417362270450751251,128.5322573725023594323544997,2023-05-09,127.2791411700894821769106645,stop_gap,157,-1.196945145187701519469368272,-0.056458
VAC,2023-05-02,2023-05-03,X,0,134.660000,128.2972323307661323872793746,2023-05-09,127.2791411700894821769106645,stop_gap,157,-1.160007596316845749629228503,-0.054811
CGGO,2023-05-03,2023-05-04,O,4.308487720809995691512279190,23.19999138302455838000861698,22.69399337174271642814913928,2023-05-19,23.70085711688827814084582404,target,1976,0.9898571193884327309080492255,0.021589
CGGO,2023-05-03,2023-05-04,A,0,23.190000,22.68400198871815804814052230,2023-05-19,23.69086789696894265721737779,target,1976,0.9898613943167420667446123606,0.021598
CGGO,2023-05-03,2023-05-04,C,2.163097555699762059268873026,23.11499891845122215011897036,22.60900090716938019825949266,2023-05-18,23.61588305293511366593125636,target,1976,0.9898934843933566451072135469,0.021669
CGGO,2023-05-03,2023-05-04,X,0,23.110000,22.60400198871815804814052230,2023-05-18,23.61088521673512581374476467,target,1976,0.9898956232381943081475034394,0.021674
RHP,2023-05-04,2023-05-05,O,79.5302908993861756071523886,94.95925487056311716039498267,90.21479682796179307039967690,2023-05-24,90.11314362554792830383432877,stop,210,-1.021425672121262906043524859,-0.051034
RHP,2023-05-04,2023-05-05,A,0,94.210000,89.46554195739867591000469423,2023-05-25,89.36473300847420457909789064,stop,210,-1.021247726930935004535042814,-0.05143
RHP,2023-05-04,2023-05-05,C,4.792587464721231162468715054,93.98502156664359124554023116,89.24056352404226715554492539,2023-05-25,89.14000807874501504360274353,stop,210,-1.021194295406208056743934444,-0.051551
RHP,2023-05-04,2023-05-05,X,0,93.940000,89.19554195739867591000469423,2023-05-25,89.09503724198818215059544926,stop,210,-1.021183602954867389390981459,-0.051575
ACGL,2023-05-05,2023-05-08,O,6.62690523525513585155732273,75.35990722332670642809807818,71.91646922569699372867794348,2023-05-24,71.90701523999623166824299173,stop,290,-1.002745507747567896556480925,-0.045819
ACGL,2023-05-05,2023-05-08,A,0,75.310000,71.86656200237028730057986530,2023-05-24,71.85711457736668926097153352,stop,290,-1.002743602472325961932907033,-0.045849
ACGL,2023-05-05,2023-05-08,C,0.6566419331538512049379473375,76.15500032832096657692560249,72.71156233069125387750546779,2023-05-22,72.70200382374624385333332299,stop,290,-1.002775861494120008381108098,-0.045342
ACGL,2023-05-05,2023-05-08,X,0,76.140000,72.69656200237028730057986530,2023-05-22,72.68700546733645395138825496,stop,290,-1.002775288836451122708203693,-0.045351
HDB,2023-05-05,2023-05-08,O,4.409171075837742504409171076,33.99498236331569664902998236,32.61898167983346630402229048,2023-05-23,32.61173999071635682434256970,stop,726,-1.005262852848868514940036699,-0.04069
HDB,2023-05-05,2023-05-08,A,0,33.98000101251489868891537545,32.60400032903266834390768357,2023-05-23,32.59676196590182411945480685,stop,726,-1.005260435708888004037487005,-0.040707
HDB,2023-05-05,2023-05-08,C,0.744768004766515230505697475,33.57250018619200119162880763,32.19649950270977084662111575,2023-05-25,32.18935160820017791296168680,stop,726,-1.005194688197031874131683759,-0.041199
HDB,2023-05-05,2023-05-08,X,0,33.56000100000000000000000000,32.18400031651776965499230812,2023-05-25,32.17685519693295848730452769,stop,726,-1.005192671537581717828769985,-0.041214
EUFN,2023-05-08,2023-05-09,O,18.03658850811646482865240918,19.47506312805977840762690029,18.84338642440487843955472325,2023-05-31,18.83856097333588871396200757,stop,1583,-1.007639115137647983406743325,-0.032683
EUFN,2023-05-08,2023-05-09,A,0,19.440000,18.80832329634510003192782296,2023-05-31,18.80350682431018451335370572,stop,1583,-1.007624900533844718123075703,-0.032741
EUFN,2023-05-08,2023-05-09,C,2.555583950932788142090467672,19.57500127779197546639407105,18.94332457413707549832189401,2023-05-31,18.83596595568152538005668642,stop_gap,1583,-1.169958172961532374606341141,-0.037754
EUFN,2023-05-08,2023-05-09,X,0,19.550000,18.91832329634510003192782296,2023-05-31,18.83596595568152538005668642,stop_gap,1583,-1.130378942561998343241098795,-0.036523
MOAT,2023-05-09,2023-05-10,O,1.355013550135501355013550136,73.72998915989159891598915989,71.75657656034304016891286742,2023-05-19,75.69306823476646940785618872,target,506,0.9947636268887448220167517477,0.026625
MOAT,2023-05-09,2023-05-10,A,0,73.720000,71.74658740045144125292370753,2023-05-19,75.68308043839655921680778629,target,506,0.9947643178348191689943270230,0.026629
MOAT,2023-05-09,2023-05-10,C,1.358695652173913043478260870,73.60999999999999999999999999,71.63658740045144125292370752,2023-05-19,75.57309545341157423182280130,target,506,0.9947719264895011396453797795,0.026669
MOAT,2023-05-09,2023-05-10,X,0,73.550000,71.57658740045144125292370753,2023-05-18,75.51310364341976424001280950,target,506,0.9947760766647822145459540088,0.026691
VCR,2023-05-09,2023-05-10,O,6.737209210161296714619743985,252.2898585186065866127689929,244.7175690967534186029184699,2023-06-02,259.7843184929604655161494703,target,132,0.9897218076114895923858429365,0.029706
VCR,2023-05-09,2023-05-10,A,0,252.120000,244.5477105781468319901494770,2023-06-02,259.6145108474601045447995525,target,132,0.9897285259371361035611787607,0.029726
VCR,2023-05-09,2023-05-10,C,2.388535031847133757961783440,251.1699785031847133757961783,243.5976890813315453659456553,2023-06-02,258.6647738847672193202595500,target,132,0.9897661016433129239351661002,0.02984
VCR,2023-05-09,2023-05-10,X,0,251.120000,243.5477105781468319901494770,2023-06-02,258.6148103502854145302237483,target,132,0.9897680784170565934509718127,0.029846
JBL,2023-05-10,2023-05-11,O,37.23199383746308897162665297,78.02944152009243805366542558,74.08683687746760627508349966,2023-05-17,81.94583188508288631135440383,target,253,0.9933510255248593525229508132,0.050191
JBL,2023-05-10,2023-05-11,A,0,77.740000,73.79739535737516822141807408,2023-05-17,81.65648292703716793727121856,target,253,0.9933745029097634740268168394,0.050379
JBL,2023-05-10,2023-05-11,C,1.264542235710672736469398078,79.07999873545776428932726355,75.13739409283293251074533763,2023-05-18,82.99605313715580278486860450,target,253,0.9932658119863834045658966619,0.04952
JBL,2023-05-10,2023-05-11,X,0,79.100000,75.15739535737516822141807408,2023-05-18,83.01604800538702402937227388,target,253,0.9932641896296942977028576868,0.049508
SGML,2023-05-22,2023-05-23,O,48.45322400298173686172195304,40.46512113306000745434215429,36.71876946109475130054129842,2023-06-22,37.78741124447252053063802906,time,266,-0.7147513429199286698553074215,-0.066173
SGML,2023-05-22,2023-05-23,A,0,40.080000,36.33364832803474384619914413,2023-06-22,37.78741124447252053063802906,time,266,-0.6119523622631071160469644415,-0.0572
SGML,2023-05-22,2023-05-23,C,13.89766266582438408085912824,39.58493746051800379027163614,35.83858578855274763647078027,2023-06-22,37.78741124447252053063802906,time,266,-0.4798071226192546305372968605,-0.045409
SGML,2023-05-22,2023-05-23,X,0,39.615000,35.86864832803474384619914413,2023-06-22,37.78741124447252053063802906,time,266,-0.4878316067345502036674354996,-0.046134
VERX,2023-05-22,2023-05-23,O,200.2794597112249650675360969,22.31821145784816022356776899,20.29770812387395657053550058,2023-06-15,20.24674378026231230614931238,stop,494,-1.025223587981614753828232504,-0.092815
VERX,2023-05-22,2023-05-23,A,0,21.880000,19.85949666602579634696773159,2023-06-15,19.80963260226722895143779663,stop,494,-1.024679030675236700385499417,-0.094624
VERX,2023-05-22,2023-05-23,C,16.29043518734000465441005352,21.48494298347684430998370956,19.46443964950264065695144115,2023-06-07,23.44642784918079881268656100,target,494,0.9707902148549472989477028790,0.091296
VERX,2023-05-22,2023-05-23,X,0,21.430000,19.40949666602579634696773159,2023-06-07,23.39162281886949782327117392,target,494,0.9708584914884097022599505512,0.091536
SLM,2023-06-02,2023-06-05,O,9.25069380203515263644773358,16.23500462534690101757631822,15.21705470306605270742181024,2023-06-07,17.24765084195679090494332825,target,982,0.9947898167140925900910324032,0.062374
SLM,2023-06-02,2023-06-05,A,0,16.220000,15.20205007771915168984549202,2023-06-07,17.23265082915995041642252073,target,982,0.9947943479291942073112618913,0.062432
SLM,2023-06-02,2023-06-05,C,3.031221582297665959381630798,16.50500151561079114883297969,15.48705159332994283867847171,2023-07-05,15.99515004546832373446498939,time,982,-0.5008610531646579702419672937,-0.030891
SLM,2023-06-02,2023-06-05,X,0,16.490000,15.47205007771915168984549202,2023-07-05,15.99515004546832373446498939,time,982,-0.4861240653399737116526242734,-0.030009
IWL,2023-06-05,2023-06-06,O,6.32387994357153281120786107,102.8249841903001410711679720,100.7481010970356276492172752,2023-06-14,104.8815118227548039731820978,target,481,0.9901990338908026187814874787,0.02
IWL,2023-06-05,2023-06-06,A,0,102.760000,100.6831169067354865780493032,2023-06-14,104.8165402421743291756284011,target,481,0.9902051053541927190112252227,0.020013
IWL,2023-06-05,2023-06-06,C,0.9701202949165696546371750095,103.1000009701202949165696547,101.0231178768557814946189579,2023-06-14,105.1564752375259968883721958,target,481,0.9901733391133093660122216171,0.019946
IWL,2023-06-05,2023-06-06,X,0,103.000000,100.9231169067354865780493032,2023-06-14,105.0564936718822946359951422,target,481,0.9901826821893137854981457705,0.019966
COTY,2023-06-09,2023-06-12,O,8.424599831508003369839932605,11.89000842459983150800336984,11.17967057674424475987111327,2023-07-10,12.59508955728126080171087229,target,1407,0.9925996971863082308703261440,0.0593
COTY,2023-06-09,2023-06-12,A,0,11.880000,11.16966215214441325186774343,2023-07-10,12.58508530807759109241755809,target,1407,0.9926055752289528733634691675,0.059351
COTY,2023-06-09,2023-06-12,C,4.164931278633902540608079966,12.00499791753436068304872970,11.29466006967877393491647313,2023-07-10,12.71003107796174970592809474,target,1407,0.9925321627670384530712454476,0.058728
COTY,2023-06-09,2023-06-12,X,0,12.000000,11.28966215214441325186774343,2023-07-10,12.70503524549936831394446673,target,1407,0.9925350980913852911477038253,0.058753
FND,2023-06-12,2023-06-13,O,20.41024594346361873660577610,97.69899989794877028268190636,91.26743685231481782426381302,2023-06-28,104.0721253030348216161496349,target,155,0.9909139286774820089323881637,0.065232
FND,2023-06-12,2023-06-13,A,0,97.500000,91.06843695436604754158190666,2023-06-28,103.8732370830043940952201647,target,155,0.9909312927175373379362500879,0.065367
FND,2023-06-12,2023-06-13,C,3.573798948282023791290141420,97.95499463930157757696431305,91.52343159366762511854621971,2023-06-28,104.3279763811992772508107414,target,155,0.9908915914653094275018769471,0.06506
FND,2023-06-12,2023-06-13,X,0,97.940000,91.50843695436604754158190666,2023-06-28,104.3129901568271582399066603,target,155,0.9908928998454650536696393663,0.06507
LGND,2023-06-14,2023-06-15,O,164.6329653302343598682936278,79.10117373619988378849506103,73.36327919756496212585076435,2023-06-23,73.19954337685357911992461718,stop,174,-1.028535871408737447067785013,-0.074609
LGND,2023-06-14,2023-06-15,A,0,77.820000,72.08210546136507833735570332,2023-06-27,71.92122902801294412024462981,stop,174,-1.028037537509430706999016288,-0.0758
LGND,2023-06-14,2023-06-15,C,10.14713343480466768138001014,78.86994926433282597666159310,73.13205472569790431401729642,2023-06-23,72.96883496328004106426827528,stop,174,-1.028445932792744248727560709,-0.074821
LGND,2023-06-14,2023-06-15,X,0,78.990000,73.25210546136507833735570332,2023-06-23,73.08861776373566960271804454,stop,174,-1.028492628529262478326636879,-0.07471
ITW,2023-06-16,2023-06-20,O,28.97141352134362527603881764,247.1339135719929496140521486,237.9752426727677297602999020,2023-07-19,254.9129750857775318206972883,time,109,0.8493657648996486966457026476,0.031477
ITW,2023-06-16,2023-06-20,A,0,246.420000,237.2613291007747801462477534,2023-07-19,255.4845428132043078359643115,target,109,0.9897225168305944034192793201,0.036785
ITW,2023-06-16,2023-06-20,C,1.844678103670909426305109758,244.0350083010514665190924184,234.8763374018262466653401718,2023-07-12,253.1004294923418952701170142,target,109,0.9898184235506617465621456303,0.037148
ITW,2023-06-16,2023-06-20,X,0,244.060000,234.9013291007747801462477534,2023-07-12,253.1254119869981450500249572,target,109,0.9898174185694384907249763168,0.037144
ACLS,2023-06-21,2023-06-22,O,39.24670662326204022026833795,165.0753335970062977273418723,151.4230320806079742228731679,2023-06-29,178.4851996564803285750323482,target,73,0.9822421548020241300355442576,0.081235
ACLS,2023-06-21,2023-06-22,A,0,164.690000,151.0376984836016764955312956,2023-06-29,178.1003887459998119781297813,target,73,0.9822804403998885861362216455,0.081428
ACLS,2023-06-21,2023-06-22,C,7.05591815134944434644558123,170.1900000000000000000000000,156.5376984836016764955312956,2023-06-30,183.5929282600361413010833081,target,73,0.9817339767904590998334448683,0.078753
ACLS,2023-06-21,2023-06-22,X,0,170.030000,156.3776984836016764955312956,2023-06-30,183.4331452923550844480519327,target,73,0.9817498739136425030713438236,0.078828
PHG,2023-06-22,2023-06-23,O,2.467308166790032075006168270,20.24499383172958302491981249,19.53833437213095168752038744,2023-06-27,20.94650925663847014077189670,target,1415,0.9927206313877607582132815320,0.034651
PHG,2023-06-22,2023-06-23,A,0,20.250000,19.54334054040136866260057495,2023-06-27,20.95151419579809153103129359,target,1415,0.9927188920622923311274434542,0.034643
PHG,2023-06-22,2023-06-23,C,2.460024600246002460024600246,20.33000000000000000000000000,19.62334054040136866260057495,2023-06-28,21.03149455425623049493996042,target,1415,0.9926910971441118087857905474,0.034505
PHG,2023-06-22,2023-06-23,X,0,20.330000,19.62334054040136866260057495,2023-06-28,21.03149455425623049493996042,target,1415,0.9926910971441118087857905474,0.034505
GENI,2023-06-23,2023-06-26,O,34.36426116838487972508591066,5.870103092783505154639175257,5.276839816244518873238072993,2023-07-06,6.457912051711248827233492477,target,1685,0.9908062443320909338955468581,0.100136
GENI,2023-06-23,2023-06-26,A,0,5.850000,5.256736723461013718598897736,2023-07-06,6.437825923563004014496966313,target,1685,0.9908348397903490468466299658,0.100483
GENI,2023-06-23,2023-06-26,C,8.453085376162299239222316145,5.920000000000000000000000002,5.326736723461013718598897738,2023-07-06,6.507766851833046208589793319,target,1685,0.9907352689382605407246534002,0.099285
GENI,2023-06-23,2023-06-26,X,0,5.920000,5.326736723461013718598897736,2023-07-06,6.507766851833046208589793317,target,1685,0.9907352689382605407246534002,0.099285
EXP,2023-06-26,2023-06-27,O,39.09928936328091555124290077,175.9050977482234082022888781,169.0358347133786451088225251,2023-06-29,182.6498480195486244291330873,target,145,0.9818739269572371671266326414,0.038343
EXP,2023-06-26,2023-06-27,A,0,175.220000,168.3507369651552369065336470,2023-06-29,181.9652169856583800587163333,target,145,0.9819418693741742380249159578,0.038496
EXP,2023-06-26,2023-06-27,C,3.884357138893513123578047833,180.3150135952499861272959326,173.4457505604052230338295796,2023-07-13,187.0567596661684854120396545,target,145,0.9814365874069130713571096115,0.037389
EXP,2023-06-26,2023-06-27,X,0,180.030000,173.1607369651552369065336470,2023-06-30,186.7719402328908523834395806,target,145,0.9814648527348482807151145668,0.037449
SVIX,2023-06-26,2023-06-27,O,9.344047841524948607736871615,26.80502336011960381237151934,25.09683421056623236965197309,2023-07-06,25.08767478202223009506450887,stop,585,-1.005362069268732404633875605,-0.064068
SVIX,2023-06-26,2023-06-27,A,0,26.780000,25.07181085044662855728045375,2023-07-06,25.06266055451580861985078935,stop,585,-1.005356722897585670093481310,-0.064128
SVIX,2023-06-26,2023-06-27,C,7.28862973760932944606413994,27.46000000000000000000000000,25.75181085044662855728045375,2023-07-06,25.74241237933332686802597183,stop,585,-1.005502008437273497109477756,-0.062549
SVIX,2023-06-26,2023-06-27,X,0,27.245000,25.53681085044662855728045375,2023-07-06,25.52749084648661153955881855,stop,585,-1.005456072568107492979420054,-0.063039
TDG,2023-06-27,2023-06-28,O,22.88799721462777038943841644,877.4236610521629442754322182,847.5820010440523101867122497,2023-07-27,891.9762123336882233746608511,time,33,0.4876589062930834326971104704,0.016586
TDG,2023-06-27,2023-06-28,A,0,875.420000,845.5783399918893659112800315,2023-07-27,891.9762123336882233746608511,time,33,0.5548019892053065227779769634,0.018912
TDG,2023-06-27,2023-06-28,C,7.21228148504310196792251949,874.0899639385925747844901604,844.2483039304819406957701919,2023-07-27,891.9762123336882233746608511,time,33,0.5993717638440476679420964845,0.020463
TDG,2023-06-27,2023-06-28,X,0,875.420000,845.5783399918893659112800315,2023-07-27,891.9762123336882233746608511,time,33,0.5548019892053065227779769634,0.018912
BULZ,2023-06-28,2023-06-29,O,8.47577341432405707020765645,7.055975420257098460234496400,6.273142769516589455665493320,2023-07-13,7.835964832669352982589207315,target,1277,0.9963680125943074003927971296,0.110543
BULZ,2023-06-28,2023-06-29,A,0,7.074000,6.291167349259490995430996920,2023-07-13,7.853982874661168957777356724,target,1277,0.9963596611911315360645761780,0.110261
BULZ,2023-06-28,2023-06-29,C,8.714596949891067538126361655,6.897005228758169934640522875,6.114172578017660930071519795,2023-07-13,7.677052301740427695488376326,target,1277,0.9964416689114636857457967986,0.113099
BULZ,2023-06-28,2023-06-29,X,0,6.914000,6.131167349259490995430996920,2023-07-13,7.694040908756199788390341853,target,1277,0.9964337946537252770338556076,0.11282
URI,2023-06-29,2023-06-30,O,22.54676470921471544623333069,440.9920576472054474796342665,415.1355869754907612288012686,2023-07-12,466.6330880616059829568396077,target,38,0.9916678397431158870146201445,0.058144
URI,2023-06-29,2023-06-30,A,0,440.000000,414.1435293282853137491670021,2023-07-12,465.6414882270352974035564584,target,38,0.9916855456644140610879384382,0.058276
URI,2023-06-29,2023-06-30,C,5.14288269755377666472876884,447.4800154286480926613299942,421.6235447569334064104969963,2023-07-27,421.4289748280118658661463814,stop,38,-1.007524999501745128588636083,-0.058217
URI,2023-06-29,2023-06-30,X,0,445.370000,419.5135293282853137491670021,2023-07-12,471.0090100909556080569415673,target,38,0.9915897036559994993939773486,0.057568
MGK,2023-07-05,2023-07-06,O,4.499003792017481843306125072,46.70100134970113760524455301,45.51308028015079140444082767,2023-07-13,47.88068027434906971305640222,target,841,0.9930617066119267309790526168,0.02526
MGK,2023-07-05,2023-07-06,A,0,46.68199900281966932968770026,45.49407793326932312888397492,2023-07-13,47.86168119795456524598895300,target,841,0.9930644597299979900732312457,0.025271
MGK,2023-07-05,2023-07-06,C,1.068764294722441912660581836,46.82500395442789047303507684,45.63708288487754427223135150,2023-07-13,48.00466153703292825566852744,target,841,0.9930437407357070225409350137,0.025193
MGK,2023-07-05,2023-07-06,X,0,46.81399900000000000000000000,45.62607793044965379919627466,2023-07-13,47.99365847666371475702750165,target,841,0.9930453351671263518876198985,0.025199
MGC,2023-07-06,2023-07-07,O,5.165622780396461548395428425,155.1901239749467295150771615,152.3240693166954338864054567,2023-07-13,158.0409030771302568993163014,target,348,0.9946701797804901165601580791,0.01837
MGC,2023-07-06,2023-07-07,A,0,155.110000,152.2439453417487043713282952,2023-07-13,157.9607868458749303734645267,target,348,0.9946728816450134240073682606,0.018379
MGC,2023-07-06,2023-07-07,C,1.292073131339233800633115834,154.6999857871955552684281931,151.8339311289442596397564883,2023-07-12,157.5508122594561824085624378,target,348,0.9946867077545688308982947595,0.018428
MGC,2023-07-06,2023-07-07,X,0,154.730000,151.8639453417487043713282952,2023-07-12,157.5808235714958833066818844,target,348,0.9946856956438139008667573587,0.018425
IWL,2023-07-07,2023-07-10,O,5.22689474934663815633167023,105.2549869327631266334046092,103.3348034506368023730623412,2023-07-12,107.1548026516026988126192172,target,520,0.9893928036167680485805558849,0.01805
IWL,2023-07-07,2023-07-10,A,0,105.200000,103.2798165178736757396577320,2023-07-12,107.0998261686557567338769806,target,520,0.9893982457092981764873946426,0.018059
IWL,2023-07-07,2023-07-10,C,1.424433787569441147144010256,105.3149992877831062152794264,103.3948158056567819549371584,2023-07-12,107.2148036017661561634826557,target,520,0.9893868641549257866163137380,0.018039
IWL,2023-07-07,2023-07-10,X,0,105.410000,103.4898165178736757396577320,2023-07-13,107.3097862598758251489282919,target,520,0.9893774618725955548335072112,0.018023
IGM,2023-07-14,2023-07-17,O,6.791381119960486509847502625,67.45578070012965363956288200,65.54888326583038356490503344,2023-08-08,65.53517162897599731036020840,stop,524,-1.007190547644438404973197494,-0.028472
IGM,2023-07-14,2023-07-17,A,0,67.40499736370969713266029481,65.49809992941042705800244625,2023-08-08,65.48439891550844749310087195,stop,524,-1.007184976840148874177051326,-0.028493
IGM,2023-07-14,2023-07-17,C,2.076386598756610848509276562,68.23416510937671759920853031,66.32726767507744752455068175,2023-08-03,66.22665938519478915848613941,stop_gap,524,-1.052760199931586261231527518,-0.029421
IGM,2023-07-14,2023-07-17,X,0,68.18166400000000000000000001,66.27476656570072992534215145,2023-08-03,66.22665938519478915848613941,stop_gap,524,-1.025227985333998192270701483,-0.028673
PAA,2023-07-25,2023-07-26,O,3.357958739955863928475704358,14.94501679035749406070914270,14.47251562412512413150641674,2023-08-02,14.46765744499651549634981841,stop,2116,-1.010281835211850981625612375,-0.031941
PAA,2023-07-25,2023-07-26,A,0,14.940000,14.46749883376763007079727404,2023-08-02,14.46264233869083664009207187,stop,2116,-1.010278271089822177454126675,-0.031952
PAA,2023-07-25,2023-07-26,C,3.347840642785403414797455641,14.93499832607967860729829261,14.46249715984730867809556665,2023-08-02,14.45764234374799773191292296,stop,2116,-1.010274717707095374144469186,-0.031962
PAA,2023-07-25,2023-07-26,X,0,14.950000,14.47749883376763007079727404,2023-08-02,14.47263898185968524700714404,stop,2116,-1.010285375476840223964131304,-0.031931
VSH,2023-07-25,2023-07-26,O,37.34661212875689133914280633,28.14471990040903432331495644,26.97934608482207349870452930,2023-08-03,26.96966913142005697305936985,stop,858,-1.008303733336536791397360100,-0.04175
VSH,2023-07-25,2023-07-26,A,0,28.040000,26.87462618441303917538957286,2023-08-08,26.86498679195091111255765407,stop,858,-1.008271502528373708900519036,-0.041905
VSH,2023-07-25,2023-07-26,C,1.797591227754808556534244113,27.81499910120438612259572172,26.64962528561742529798529458,2023-08-08,26.64006659649058977958573027,stop,858,-1.008202251499894150355115304,-0.042241
VSH,2023-07-25,2023-07-26,X,0,27.800000,26.63462618441303917538957286,2023-08-08,26.62507287516468442676138435,stop,858,-1.008197635059736654537471425,-0.042264
SKYW,2023-07-26,2023-07-27,O,55.2763819095477386934673367,40.08033165829145728643216082,37.72890656931183977683525551,2023-07-28,42.39442831981966125781463815,target,425,0.9841251896025265611236295564,0.057736
SKYW,2023-07-26,2023-07-27,A,0,39.860000,37.50857491102038249040309469,2023-07-28,42.17429049357646841790818112,target,425,0.9842076213368705024924281292,0.05806
SKYW,2023-07-26,2023-07-27,C,3.824091778202676864244741874,39.21499043977055449330783938,36.86356535079093698371093407,2023-07-28,41.52984836666631487031453064,target,425,0.9844489359855707051175186018,0.05903
SKYW,2023-07-26,2023-07-27,X,0,39.650000,37.29857491102038249040309469,2023-07-28,41.96447523657005896711014166,target,425,0.9842861877323965096493430713,0.058373
TXRH,2023-07-26,2023-07-27,O,12.33697567853366231935142756,113.5198766302432146633768065,109.3194107239547588596182853,2023-07-28,109.2761577808626767024223226,stop,238,-1.010297177517219890173485165,-0.037383
TXRH,2023-07-26,2023-07-27,A,0,113.380000,109.1795340937115441962414788,2023-07-28,109.1363364937272208174325733,stop,238,-1.010284002048356799287919863,-0.037429
TXRH,2023-07-26,2023-07-27,C,2.230251126276818769793478746,112.0949944243721843079530755,107.8945285180837285041945543,2023-08-10,107.8518393389980137481151702,stop,238,-1.010162962880333206173908073,-0.037853
TXRH,2023-07-26,2023-07-27,X,0,112.220000,108.0195340937115441962414788,2023-08-10,107.9767954553485335180084734,stop,238,-1.010174737592567360341457642,-0.037811
BIO,2023-07-27,2023-07-28,O,115.5142742638911808387750772,431.6694561399372922511138878,411.1413653488472971365291332,2023-07-28,410.1313619947529843231130354,stop,48,-1.049201036977715155724809829,-0.049895
BIO,2023-07-27,2023-07-28,A,0,426.740000,406.2119092089100048854152454,2023-07-31,405.2140154785480865487555446,stop,48,-1.048611131961431296860866322,-0.050443
BIO,2023-07-27,2023-07-28,C,7.30285290138754205126363299,417.9499999999999999999999999,397.4219092089100048854152453,2023-08-01,396.4456088530677148991957838,stop,48,-1.047559238010874495413035668,-0.051452
BIO,2023-07-27,2023-07-28,X,0,416.610000,396.0819092089100048854152454,2023-08-09,395.1089006758044955578522026,stop,48,-1.047398881026375506341352725,-0.05161
HUBB,2023-08-03,2023-08-04,O,21.06081715970579658490749441,309.3200842432686388231863395,294.7130712256223866865321456,2023-08-25,323.6578926075945940667391619,target,68,0.9815701777635797542533998043,0.046353
HUBB,2023-08-03,2023-08-04,A,0,308.670000,294.0629869823537478633458061,2023-08-25,323.0083486269492984178970547,target,68,0.9816071642866074602486794165,0.046452
HUBB,2023-08-03,2023-08-04,C,2.635653806872467301419958488,303.6800184495766481072711100,289.0730054319303959706169161,2023-08-23,318.0225140783196074658452252,target,68,0.9818910691334540458008924157,0.047229
HUBB,2023-08-03,2023-08-04,X,0,304.230000,289.6229869823537478633458061,2023-08-23,318.5720385580197434453548088,target,68,0.9818597779500571568471117481,0.047142
CTAS,2023-08-04,2023-08-07,O,14.53798684464686924961621748,123.4291806878602726635015199,119.7060529860028776715927200,2023-09-05,124.1171236083805668016194332,time,268,0.1847755370241780804407933410,0.005574
CTAS,2023-08-04,2023-08-07,A,0,123.0000039806630393009567346,119.2768762788056443090479347,2023-08-30,126.6681486376453182172427787,target,268,0.9852320282090549516263962591,0.029822
CTAS,2023-08-04,2023-08-07,C,5.465587044534412955465587045,123.4874562753036437246963563,119.7643285734462487327875564,2023-09-05,124.1171236083805668016194332,time,268,0.1691232166876238118912702505,0.005099
CTAS,2023-08-04,2023-08-07,X,0,123.5975040000000000000000000,119.8743762981426050080912001,2023-09-05,124.1171236083805668016194332,time,268,0.1395653466630593481076276887,0.004204
SVXY,2023-08-04,2023-08-07,O,1.789869339538213710399140862,41.91750134240200465366028280,39.77047442494083123212224533,2023-08-29,44.05666567824302762410538058,target,465,0.9963379212639551655363358436,0.051033
SVXY,2023-08-04,2023-08-07,A,0,41.90499802846389084921195012,39.75797111100271742767391265,2023-08-29,44.04416459531317018921711125,target,465,0.9963389603791326350825928569,0.051048
SVXY,2023-08-04,2023-08-07,C,1.768138150527494548240702540,42.42750044203453763187363705,40.28047352457336421033559958,2023-08-08,40.27328614453567194288594712,stop,465,-1.003347596613363019549669991,-0.050774
SVXY,2023-08-04,2023-08-07,X,0,42.50999800000000000000000000,40.36297108253882657846196253,2023-08-08,40.35576898218507552393657230,stop,465,-1.003354452752864145890893916,-0.050676
BSM,2023-08-14,2023-08-15,O,47.33727810650887573964497042,16.87952662721893491124260355,16.02717632090429579128979947,2023-09-05,17.71605902369099278763501922,target,1173,0.9814420083791907814382535281,0.049559
BSM,2023-08-14,2023-08-15,A,0,16.800000,15.94764969368536088004719592,2023-09-01,17.63660333904763230539441621,target,1173,0.9815252400916086110263304627,0.049798
BSM,2023-08-14,2023-08-15,C,2.952465308532624741659285504,16.94350103336285798641865959,16.09115072704821886646585551,2023-09-05,17.77997636078394001707050786,target,1173,0.9813750534540232188166051324,0.049369
BSM,2023-08-14,2023-08-15,X,0,16.910000,16.05764969368536088004719592,2023-09-05,17.74650521237501856766025028,target,1173,0.9814101152751021041779413045,0.049468
RDY,2023-08-14,2023-08-15,O,38.11405985319028797289666855,14.20393139469226425748164879,13.80337342318126848227293303,2023-08-23,14.59730363305056284985288423,target,2496,0.9820606911763833759322497955,0.027695
RDY,2023-08-14,2023-08-15,A,0,14.152000,13.75144202848900422479128424,2023-08-23,14.54539778975795037066619372,target,2496,0.9821244806936794432251345658,0.027798
RDY,2023-08-14,2023-08-15,C,2.110743685358474635896714276,14.21299936677689439245760922,13.81244139526589861724889346,2023-08-23,14.60636714349151600367014418,target,2496,0.9820495526047050971953350330,0.027677
RDY,2023-08-14,2023-08-15,X,0,14.214000,13.81344202848900422479128424,2023-08-23,14.60736728438085049015730218,target,2496,0.9820483234848120044171109676,0.027675
IWY,2023-08-18,2023-08-21,O,4.501897228117563830471412952,155.6000180075889124702553218,151.4849396445363178056654374,2023-08-23,159.6894376782965144434056205,target,243,0.9937647135531195840218097513,0.026282
IWY,2023-08-18,2023-08-21,A,0,155.530000,151.4149216369474053354101156,2023-08-23,159.6194309193031083370082583,target,243,0.9937674470601184688666366636,0.026294
IWY,2023-08-18,2023-08-21,C,1.272021878776314952617185016,157.2299974559562424473700948,153.1149190929036477827802104,2023-08-29,161.3191552657493491388995480,target,243,0.9937010790627423384922650784,0.026007
IWY,2023-08-18,2023-08-21,X,0,157.110000,152.9949216369474053354101156,2023-08-29,161.1991770877316017341743412,target,243,0.9937057637702483073778126467,0.026027
SCHL,2023-08-18,2023-08-21,O,160.4027631424891698864301604,44.07582718651211801896733403,41.45528407538225055185251035,2023-09-05,41.37387714119240438581560465,stop,381,-1.031064909348027071989553625,-0.061302
SCHL,2023-08-18,2023-08-21,A,0,43.380000,40.75945688887013253288517632,2023-09-05,40.67941637054845155182256248,stop,381,-1.030543484662296164786376976,-0.062254
SCHL,2023-08-18,2023-08-21,C,4.680552305172010297215071378,42.77000936110461034402059442,40.14946624997474287690577074,2023-09-08,40.07062358782277676521495428,stop,381,-1.030086382405658072538820999,-0.063114
SCHL,2023-08-18,2023-08-21,X,0,42.760000,40.13945688887013253288517632,2023-09-08,40.06063388238858092689475839,stop,381,-1.030078881796211494495004232,-0.063128
LAUR,2023-08-21,2023-08-22,O,24.55278849526481936162749912,14.28498772360575236759031919,13.59407481170316210416895969,2023-09-05,13.58930997650803306031891799,stop,1447,-1.006896433853013335572162165,-0.0487
LAUR,2023-08-21,2023-08-22,A,0,14.250000,13.55908708809740973657864050,2023-09-05,13.55433451638759641385288563,stop,1447,-1.006878684169797905786919999,-0.048819
LAUR,2023-08-21,2023-08-22,C,3.534817956875220926122304702,14.14999999999999999999999999,13.45908708809740973657864049,2023-09-06,13.45436956721129077067027083,stop,1447,-1.006827952995013755092458439,-0.049161
LAUR,2023-08-21,2023-08-22,X,0,14.130000,13.43908708809740973657864050,2023-09-06,13.43437657737602964203374788,stop,1447,-1.006817806760056924953566130,-0.04923
CHE,2023-08-22,2023-08-23,O,64.08659164980614553536722715,505.3479800265117159857673947,488.0899256429720735421101706,2023-08-30,521.0349540968685823107004559,target,57,0.9089653863484612489440284761,0.031042
CHE,2023-08-22,2023-08-23,A,0,502.130000,484.8719456164603575563427759,2023-08-30,517.8266480977024845672473282,target,57,0.9095259377947960756293391527,0.03126
CHE,2023-08-22,2023-08-23,C,10.95093978974195603695444409,502.2393976983115641924179673,484.9813433147719217487607432,2023-08-30,517.9357169200371021347272899,target,57,0.9095068814185883207329289624,0.031253
CHE,2023-08-22,2023-08-23,X,0,502.810000,485.5519456164603575563427759,2023-08-30,518.5046038530083522326655554,target,57,0.9094074861635344375396207987,0.031214
BRZE,2023-08-28,2023-08-29,O,59.24313867730625075565227905,41.63520735098537057187764479,38.59183187271879236720820514,2023-08-30,44.64186214358742328148593267,target,328,0.9879342243746274207651364724,0.072214
BRZE,2023-08-28,2023-08-29,A,0,41.330000,38.28662452173342179533056035,2023-08-30,44.33690563814119766604871802,target,328,0.9880166478353329105339058548,0.072754
BRZE,2023-08-28,2023-08-29,C,2.329916123019571295433364399,42.92999999999999999999999998,39.88662452173342179533056033,2023-08-31,45.93559062111642368459985103,target,328,0.9875845562205568795226093721,0.070011
BRZE,2023-08-28,2023-08-29,X,0,42.990000,39.94662452173342179533056035,2023-08-31,45.99554130797799466029551854,target,328,0.9875683527850027783596857544,0.069913
HLI,2023-08-30,2023-08-31,O,59.18280384451493773969035555,106.2048520429903887126556508,102.6833719333064652325226690,2023-09-07,102.6204739530429311398862465,stop,283,-1.017861233999467232350633543,-0.03375
HLI,2023-08-30,2023-08-31,A,0,105.580000,102.0585198903160765198670182,2023-09-14,109.0346507622106213548329899,target,283,0.9810223697446070457497374487,0.032721
HLI,2023-08-30,2023-08-31,C,3.793986531347813715261310822,105.5000113819595940434411458,101.9785312722756705633081640,2023-09-14,108.9547111406379402853040214,target,283,0.9810362833451950907557160254,0.032746
HLI,2023-08-30,2023-08-31,X,0,105.340000,101.8185198903160765198670182,2023-09-14,108.7947977725296148995721879,target,283,0.9810641164858677084157808639,0.032797
PRGS,2023-08-31,2023-09-01,O,45.78904333605887162714636140,61.33958789860997547015535567,59.27091013230305676350583768,2023-09-05,59.20810779863935640178723177,stop,483,-1.030358683544908711427326534,-0.034749
PRGS,2023-08-31,2023-09-01,A,0,61.060000,58.99132223369308129335048201,2023-09-05,58.92881614607078036769936486,stop,483,-1.030215478041265528934918240,-0.034903
PRGS,2023-08-31,2023-09-01,C,0.820277253711754573045689443,60.95499958986137314412271348,58.88632182355445443747319549,2023-09-05,58.82392699237781347996344314,stop,483,-1.030161696612629310095774971,-0.034961
PRGS,2023-08-31,2023-09-01,X,0,60.880000,58.81132223369308129335048201,2023-09-05,58.74900687066121153568371567,stop,483,-1.030123281666587196750302512,-0.035003
HTGC,2023-09-01,2023-09-05,O,9.154714678059200488251449495,16.38498626792798291119926762,15.67182745930787722701245430,2023-10-03,15.75509187169106197446278418,time,1402,-0.8832456230270878255271621721,-0.038443
HTGC,2023-09-01,2023-09-05,A,0,16.370000,15.65684119137989431581318668,2023-10-03,15.75509187169106197446278418,time,1402,-0.8622316949274266699187822538,-0.037563
HTGC,2023-09-01,2023-09-05,C,3.114294612270320772345063843,16.05999999999999999999999999,15.34684119137989431581318667,2023-10-03,15.75509187169106197446278418,time,1402,-0.4275459050963784486220013092,-0.018986
HTGC,2023-09-01,2023-09-05,X,0,16.060000,15.34684119137989431581318668,2023-10-03,15.75509187169106197446278418,time,1402,-0.4275459050963784486220013232,-0.018986
AEO,2023-09-05,2023-09-06,O,23.52941176470588235294117647,17.06004705882352941176470589,16.09549829828024707430783659,2023-09-08,16.09079888271870539632993649,stop,1036,-1.004872138925247004572560238,-0.056814
AEO,2023-09-05,2023-09-06,A,0,17.020000,16.05545123945671766254313070,2023-09-08,16.05076351646709526322559986,stop,1036,-1.004860016601941448909175829,-0.056947
AEO,2023-09-05,2023-09-06,C,2.919708029197080291970802920,17.13500145985401459854014598,16.17045269931073226108327668,2023-09-08,16.16573139925253934655449324,stop,1036,-1.004894827769550645689175083,-0.056567
AEO,2023-09-05,2023-09-06,X,0,17.200000,16.23545123945671766254313070,2023-09-08,16.23071096172256971578034438,stop,1036,-1.004914502955224351861520554,-0.056354
APPF,2023-09-11,2023-09-12,O,93.72593792316066165732947455,190.5291708042375806494437511,178.0306161449122395469868038,2023-09-15,177.6499779000201215212957406,stop,80,-1.030454580970938001219578766,-0.067597
APPF,2023-09-11,2023-09-12,A,0,188.760000,176.2614453406746588975430527,2023-09-26,175.8845896702881036020250116,stop,80,-1.030151940016950533553026139,-0.06821
APPF,2023-09-11,2023-09-12,C,11.77793243749665399646662027,187.2202473365811874297339258,174.7216926772558463272769785,2023-09-26,174.3481290740657256052891354,stop,80,-1.029888544185499069078536055,-0.068754
APPF,2023-09-11,2023-09-12,X,0,186.990000,174.4914453406746588975430527,2023-09-26,174.1183740176551354088086991,stop,80,-1.029849157217644355066204015,-0.068836
CSWC,2023-09-13,2023-09-14,O,15.66345938688744685611993734,22.39502349518908033117028419,21.71899538882121206402799842,2023-09-28,23.06053608122807122885116952,target,1479,0.9844451432864608867659353557,0.029717
CSWC,2023-09-13,2023-09-14,A,0,22.360000,21.68397189363213173285771423,2023-09-28,23.02552854934582274833319630,target,1479,0.9844687566638951735588469542,0.029764
CSWC,2023-09-13,2023-09-14,C,2.273243919072516481018413276,22.00300068197317572175494430,21.32697257560530745461265853,2023-09-19,22.66869194750770714113565430,target,1479,0.9847094510775977411420860274,0.030255
CSWC,2023-09-13,2023-09-14,X,0,21.970000,21.29397189363213173285771423,2023-09-19,22.63570630686633323146902128,target,1479,0.9847317006433482325559947538,0.030301
DFIN,2023-09-13,2023-09-14,O,100.8865790278202384591867930,49.75696728829104249464995413,47.66679531406446924166510757,2023-09-15,51.78420524763290895125895428,target,478,0.9698905086946282100589157696,0.040743
DFIN,2023-09-13,2023-09-14,A,0,49.260000,47.16982802577342674701515344,2023-09-15,51.28784119699708520129196590,target,478,0.9701791154038641622016847208,0.041166
DFIN,2023-09-13,2023-09-14,C,6.056935190793458509993943065,49.58001211387038158691701997,47.48984013964380833393217341,2023-09-15,51.60746486808308032461976837,target,478,0.9699932729042152042975495080,0.040893
DFIN,2023-09-13,2023-09-14,X,0,49.680000,47.58982802577342674701515344,2023-09-15,51.70733138514193650616754753,target,478,0.9699352063564579836237132619,0.040808
EPI,2023-09-20,2023-09-21,O,6.783340116673450006783340115,36.97506444173110839777506444,36.29665586604345651531826518,2023-10-19,36.91497692044063647490820073,time,1474,-0.08857128792861397719085306101,-0.001625
EPI,2023-09-20,2023-09-21,A,0,36.950000,36.27159142431234811754320074,2023-10-19,36.91497692044063647490820073,time,1474,-0.05162534911039893119503095597,-0.000948
EPI,2023-09-20,2023-09-21,C,1.359989120087039303685570516,36.77500067999456004351965184,36.09659210430690816106285258,2023-10-19,36.91497692044063647490820073,time,1474,0.2063302933695863392426742203,0.003806
EPI,2023-09-20,2023-09-21,X,0,36.740000,36.06159142431234811754320074,2023-10-19,36.91497692044063647490820073,time,1474,0.2579226246709447865175157209,0.004763
VRTX,2023-09-27,2023-09-28,O,13.37012488265581884903137712,351.6094785651295764230648879,340.6169551560363411934125294,2023-10-06,362.4473434770204304489299751,target,90,0.9859305737684902629802078075,0.030824
VRTX,2023-09-27,2023-09-28,A,0,351.140000,340.1474765909067647703476415,2023-10-06,361.9780651558193385472011305,target,90,0.9859487901434782730628832529,0.030865
VRTX,2023-09-27,2023-09-28,C,3.551994089481835102226389896,352.0450017759970447409175511,341.0524783669038095112651926,2023-10-09,362.8826809267367667142130355,target,90,0.9859136749051247879310569655,0.030785
VRTX,2023-09-27,2023-09-28,X,0,352.500000,341.5074765909067647703476415,2023-10-11,363.3374850830258899575741970,target,90,0.9858960203860840116315238442,0.030745
NTAP,2023-09-28,2023-09-29,O,6.528267397832615223919571745,76.57996083039561300430865647,73.99476010195634216507734967,2023-10-20,73.96084644251067370471229098,stop,386,-1.013118385382067684536455117,-0.034201
NTAP,2023-09-28,2023-09-29,A,0,76.650000,74.06479927156072916076869320,2023-10-20,74.03085351140221903806029401,stop,386,-1.013130802488595827162962631,-0.03417
NTAP,2023-09-28,2023-09-29,C,0.6588917440864465968241417935,75.88499967055412795677670157,73.29979894211485711754539477,2023-10-23,73.26620380084629141337314192,stop,386,-1.012995177085861203512622232,-0.03451
NTAP,2023-09-28,2023-09-29,X,0,75.880000,73.29479927156072916076869320,2023-10-23,73.26120642176691490658645128,stop,386,-1.012994290704109008435739690,-0.034512
VCR,2023-10-02,2023-10-03,O,10.48296518157993260950954698,267.8905346312242605765630851,259.1270082383263454976881135,2023-10-19,259.0334516937842419240167392,stop,114,-1.010675673278958013053822648,-0.033062
VCR,2023-10-02,2023-10-03,A,0,267.610000,258.8464736071020849211250284,2023-10-19,258.7530183482225611279943609,stop,114,-1.010664115641308645800843276,-0.033097
VCR,2023-10-02,2023-10-03,C,1.905996264247322075248732512,262.5738369382076011131018183,253.8103105453096860342268467,2023-10-10,271.2393982973137631314989266,target,114,0.9888212770293993408492727054,0.033002
VCR,2023-10-02,2023-10-03,X,0,262.600000,253.8364736071020849211250284,2023-10-10,271.2655519130600992045472068,target,114,0.9888201991475468403469232290,0.032999
CORT,2023-10-10,2023-10-11,O,65.66946369937978839839474645,27.51954031375410434148121125,25.05003818022392978240157859,2023-11-02,25.03626685632056313601213297,stop,404,-1.005576558819846176976738832,-0.090237
CORT,2023-10-10,2023-10-11,A,0,27.390000,24.92049786646982544092036734,2023-11-02,24.90679775769221696074394053,stop,404,-1.005547720972414814940344073,-0.090661
CORT,2023-10-10,2023-10-11,C,7.270083605961468556888404215,27.52999999999999999999999999,25.06049786646982544092036733,2023-11-02,25.04672079232663147421287950,stop,404,-1.005578887321510235189438967,-0.090203
CORT,2023-10-10,2023-10-11,X,0,27.590000,25.12049786646982544092036734,2023-11-02,25.10668780716995197998528193,stop,404,-1.005592244328265415296193922,-0.090008
PTC,2023-10-12,2023-10-13,O,32.27709714365043556727865894,144.4748224759657099226043800,139.4957489111952711815950087,2023-10-20,139.3882189015230113369560777,stop,200,-1.021596389021662815880165713,-0.035208
PTC,2023-10-12,2023-10-13,A,0,144.010000,139.0309264352295612589906287,2023-10-20,138.9237547330019841620145322,stop,200,-1.021524426348281574624145783,-0.035319
PTC,2023-10-12,2023-10-13,C,2.105263157894736842105263158,142.5600063157894736842105263,137.5809327510190349432011550,2023-10-20,137.4748787734253972848707266,stop,200,-1.021299941889596744652040798,-0.03567
PTC,2023-10-12,2023-10-13,X,0,142.860000,137.8809264352295612589906287,2023-10-20,137.7746412081246190604027593,stop,200,-1.021346386174521705801105743,-0.035597
OIH,2023-10-18,2023-10-19,O,14.03823610286987857649391435,347.3068741045197331287899618,330.1067577927529839813724387,2023-10-25,330.0018408804235912387028317,stop,58,-1.006099779235656573470320657,-0.049826
OIH,2023-10-18,2023-10-19,A,0,346.820000,329.6198836882332508525824769,2023-10-25,329.5151215177458031276654469,stop,58,-1.006090782677776371374663290,-0.049896
OIH,2023-10-18,2023-10-19,C,2.011205286596753340037350956,347.9349627927021979600632093,330.7348464809354488126456862,2023-10-25,330.6297299449259056188595232,stop,58,-1.006111385185089246016898969,-0.049737
OIH,2023-10-18,2023-10-19,X,0,347.790000,330.5898836882332508525824769,2023-10-25,330.4848132253447629658624998,stop,58,-1.006108706533374327784433114,-0.049758
FTAI,2023-10-19,2023-10-20,O,106.4144250665090156665681348,34.00808454034880283771800176,31.65024526285966010204908949,2023-10-27,36.33314203555023107918013496,target,424,0.9860966849603829936312346551,0.068368
FTAI,2023-10-19,2023-10-20,A,0,33.650000,31.29216072251085726433108773,2023-10-26,35.97538028775582920555863380,target,424,0.9862335868083939000811768814,0.069105
FTAI,2023-10-19,2023-10-20,C,5.988023952095808383233532935,33.44001197604790419161676646,31.08217269855876145594785419,2023-10-26,35.76558155589263252200266880,target,424,0.9863138688236721855071984389,0.069545
FTAI,2023-10-19,2023-10-20,X,0,33.540000,31.18216072251085726433108773,2023-10-26,35.86547944640967535940478765,target,424,0.9862756416909267534881580628,0.069335
RDNT,2023-10-20,2023-10-23,O,42.13483146067415730337078652,28.43932584269662921348314608,26.31900948191521140571784938,2023-10-26,26.30497766594831152403717521,stop,471,-1.006617793564413482118926300,-0.075049
RDNT,2023-10-20,2023-10-23,A,0,28.320000,26.19968363921858219223470330,2023-10-26,26.18571544108144770732681204,stop,471,-1.006587789631537186637562198,-0.075363
RDNT,2023-10-20,2023-10-23,C,10.83815028901734104046242774,27.68997832369942196531791908,25.56966196291800415755262238,2023-10-27,25.55602965691324957918534712,stop,471,-1.006429373586369229992693408,-0.077066
RDNT,2023-10-20,2023-10-23,X,0,27.580000,25.45968363921858219223470330,2023-10-27,25.44610996747206437695538855,stop,471,-1.006401720044038804302097065,-0.077371
CORT,2023-10-23,2023-10-24,O,56.2715556362316209838446179,27.67485932111090942094754039,25.63737486503823697119038312,2023-11-02,25.61437345209634011404773967,stop,490,-1.011289123150530896078494614,-0.074453
CORT,2023-10-23,2023-10-24,A,0,27.520000,25.48251554392732755024284273,2023-11-02,25.45965306811185354382776751,stop,490,-1.011220932629612440956124410,-0.074867
CORT,2023-10-23,2023-10-24,C,3.566333808844507845934379458,28.06000356633380884450784594,26.02251911026113639475068867,2023-11-02,25.99917215250924231939203921,stop,490,-1.011458716989132869401372855,-0.073444
CORT,2023-10-23,2023-10-24,X,0,28.050000,26.01251554392732755024284273,2023-11-02,25.98917756120354563067506699,stop,490,-1.011454312033754973908865924,-0.07347
XLC,2023-10-23,2023-10-24,O,2.219099045787410311413566092,67.55498779495524816924328725,65.40202373706477335821913813,2023-10-25,65.39721299607639051354402087,stop,464,-1.002234473432453174654933423,-0.031941
XLC,2023-10-23,2023-10-24,A,0,67.540000,65.38703594210952518897585088,2023-10-25,65.38222630357020120771884640,stop,464,-1.002233961371392599577884363,-0.031948
XLC,2023-10-23,2023-10-24,C,0.7398091292446548790412073685,67.59500036990456462232743954,65.44203631201408981130329042,2023-10-25,65.43722262784255512282875542,stop,464,-1.002235840470207965415349439,-0.031922
XLC,2023-10-23,2023-10-24,X,0,67.660000,65.50703594210952518897585088,2023-10-25,65.50221747679565174100314210,stop,464,-1.002238061195779874950479127,-0.031892
FXN,2023-10-25,2023-10-26,O,11.58077591198610306890561668,17.31002316155182397220613782,16.65466049711636152415013250,2023-11-08,16.64988154145004406029815255,stop,1525,-1.007292077998422622554786703,-0.038136
FXN,2023-10-25,2023-10-26,A,0,17.290000,16.63463733556453755194399468,2023-11-03,17.94021334946718828379544406,target,1525,0.9921428008525480342515388257,0.037606
FXN,2023-10-25,2023-10-26,C,2.861230329041487839771101574,17.47499856938483547925608011,16.81963590494937303120007479,2023-11-08,16.79053171685002895193977996,stop_gap,1525,-1.044409286153666976053734041,-0.039168
FXN,2023-10-25,2023-10-26,X,0,17.460000,16.80463733556453755194399468,2023-11-08,16.79981534493740282093913270,stop,1525,-1.007357743870393431272568479,-0.037811
CCJ,2023-10-31,2023-11-01,O,7.225433526011560693641618495,41.48995664739884393063583816,38.31038215407229221585701651,2023-11-17,44.66410019469004909275260331,target,314,0.9982919267824215815836561096,0.076504
CCJ,2023-10-31,2023-11-01,A,0,41.500000,38.32042550667344828522117835,2023-11-17,44.67414232621490107019343820,target,314,0.9982915427447754579345018174,0.076485
CCJ,2023-10-31,2023-11-01,C,1.219660934260275643371142822,40.99999999999999999999999999,37.82042550667344828522117834,2023-11-13,44.17420311648845730119647771,target,314,0.9983106617412587360075068694,0.07742
CCJ,2023-10-31,2023-11-01,X,0,41.050000,37.87042550667344828522117835,2023-11-13,44.22419703746110167809617377,target,314,0.9983087498416104082002063648,0.077325
WFRD,2023-10-31,2023-11-01,O,34.20265070542967079948696024,94.16095767421975203078238563,87.79249077353542947684018878,2023-11-06,100.4560836710974744260905990,target,157,0.9884837426416208076724648104,0.066855
WFRD,2023-10-31,2023-11-01,A,0,93.840000,87.47153309931567744605780315,2023-11-06,100.1353601504701703644812697,target,157,0.9885205102963954298405785358,0.067086
WFRD,2023-10-31,2023-11-01,C,5.78429825945206920124099490,95.17502024504390808224220430,88.80655334435958552830000745,2023-11-30,90.63754419792816953252353158,time,157,-0.7124911093795847182760620426,-0.047675
WFRD,2023-10-31,2023-11-01,X,0,95.300000,88.93153309931567744605780315,2023-11-30,90.63754419792816953252353158,time,157,-0.7321158882950034729734987776,-0.048924
BRO,2023-11-08,2023-11-09,O,15.30115454166087077479482543,72.08012240923633328696619839,69.47514791459920224812982426,2023-11-22,74.66955154269177970823666620,target,383,0.9940324324811287403440957949,0.035924
BRO,2023-11-08,2023-11-09,A,0,71.970000,69.36502550536286896116362587,2023-11-22,74.55945205493103852561105607,target,383,0.9940412315982177148628522610,0.03598
BRO,2023-11-08,2023-11-09,C,0.695458654982961262952917449,71.90500034772932749148063149,69.30002585309219645264425736,2023-11-22,74.49446593204056528286047672,target,383,0.9940464252691066693402162556,0.036012
BRO,2023-11-08,2023-11-09,X,0,71.830000,69.22502550536286896116362587,2023-11-21,74.41948119529043629151683558,target,383,0.9940524180261300638139905315,0.03605
CDLX,2023-11-16,2023-11-17,O,48.30917874396135265700483092,72.74975845410628019323671497,44.61652370207306336726813703,2023-12-18,84.84497931561892417368762152,time,35,0.4299264186333393586088492797,0.166258
CDLX,2023-11-16,2023-11-17,A,0,72.40000,44.26676524796678317403142206,2023-12-18,84.84497931561892417368762152,time,35,0.4423586347360753869382099687,0.171892
CDLX,2023-11-16,2023-11-17,C,6.480881399870382372002592355,77.25003240440699935191185999,49.11679765237378252594328205,2023-12-18,84.84497931561892417368762152,time,35,0.2699635139063783080580064110,0.098316
CDLX,2023-11-16,2023-11-17,X,0,77.50000,49.36676524796678317403142206,2023-12-18,84.84497931561892417368762152,time,35,0.2610783786634452058980707491,0.094774
CNM,2023-11-22,2023-11-24,O,15.94433975938541817654732570,34.56502391650963907812726484,33.00783355188625005446511824,2023-12-04,36.11704879932534427108702485,target,642,0.9966828193103204068690626046,0.044902
CNM,2023-11-22,2023-11-24,A,0,34.510000,32.95280963537661097633785340,2023-12-01,36.06203275124363449927723853,target,642,0.9966878722750112135190537414,0.044973
CNM,2023-11-22,2023-11-24,C,1.431639226914817465998568361,34.93500071581961345740873301,33.37781035119622443374658641,2023-12-06,36.48697269190011058882419423,target,642,0.9966488435444731418234390050,0.044425
CNM,2023-11-22,2023-11-24,X,0,34.950000,33.39280963537661097633785340,2023-12-06,36.50196983118071443635717561,target,642,0.9966474661279212395077076552,0.044405
CDNS,2023-11-27,2023-11-28,O,19.74716249884654424656270186,271.0942792285687921011350004,259.9351301088950704503543416,2023-12-04,259.7768816208664100440290636,stop,89,-1.014181053262355488352315423,-0.041747
CDNS,2023-11-27,2023-11-28,A,0,270.560000,259.4008508803262783492193412,2023-12-04,259.2429276614525440592917655,stop,89,-1.014151905058362706972082037,-0.041828
CDNS,2023-11-27,2023-11-28,C,1.291965818275779332238238497,271.0650161495727284472416530,259.9058670298990067964609942,2023-12-04,259.7476363572306797560720409,stop,89,-1.014179456782181031571399085,-0.041752
CDNS,2023-11-27,2023-11-28,X,0,270.720000,259.5608508803262783492193412,2023-12-04,259.4028302534643510881636408,stop,89,-1.014160634038247135580315544,-0.041804
BRZE,2023-11-30,2023-12-01,O,93.2042349108677947697040992,55.88607184870147497963985160,52.41336884919317575249043710,2023-12-07,52.36698533693725258810770220,stop,287,-1.013356602123040932659456308,-0.062969
BRZE,2023-11-30,2023-12-01,A,0,55.370000,51.89729700049170077285058550,2024-01-02,51.85137018898684086066222215,stop,287,-1.013225090516339203040474894,-0.063548
BRZE,2023-11-30,2023-12-01,C,2.664061806233904626587336826,56.31499866796909688304768672,52.84229566846079765589827222,2023-12-07,52.79553257494888544558331799,stop,287,-1.013465906390075225809430826,-0.062496
BRZE,2023-11-30,2023-12-01,X,0,56.300000,52.82729700049170077285058550,2023-12-07,52.78054718013728333853832834,stop,287,-1.013462084249945000059646566,-0.062512
PHM,2023-12-01,2023-12-04,O,12.74308825973738157238628179,90.34498088536761039392764140,86.39751084713503542262952759,2023-12-07,94.27151100556252154435850543,target,253,0.9946953573213086680941879783,0.043462
PHM,2023-12-01,2023-12-04,A,0,90.230000,86.28252996176742502870188619,2023-12-07,94.15655565447991395087366386,target,253,0.9947018258403235034962586383,0.043517
PHM,2023-12-01,2023-12-04,C,0.550024751113800121005445245,90.91000000000000000000000004,86.96252996176742502870188623,2023-12-08,94.83640464404242783050946226,target,253,0.9946635708476260204278962044,0.04319
PHM,2023-12-01,2023-12-04,X,0,91.020000,87.07252996176742502870188619,2023-12-08,94.94638021588342272280348842,target,253,0.9946573825399837805197787506,0.043138
CBZ,2023-12-04,2023-12-05,O,49.83529014274854295126277557,59.55532392938592786552918323,57.67604274617513933965004497,2023-12-07,57.63662634928726977577534820,stop,532,-1.020974188024660514945126604,-0.032217
CBZ,2023-12-04,2023-12-05,A,0,59.260000,57.38071881678921147412086174,2023-12-14,61.09749797379120145017377066,target,532,0.9777663875992204380399848084,0.031007
CBZ,2023-12-04,2023-12-05,C,4.256405890865752958202094152,58.74499361539116370137056267,56.86571243218037517549142441,2023-12-13,60.58284354980741817481351456,target,532,0.9779536723058398549822089440,0.031285
CBZ,2023-12-04,2023-12-05,X,0,58.720000,56.84071881678921147412086174,2023-12-13,60.55786701530837213187546210,target,532,0.9779627613619482524469493166,0.031299
AMAT,2023-12-06,2023-12-07,O,5.46560087449613991938238710,147.0403224704515952722552436,138.5517352190055584091909846,2023-12-11,155.5129247025696081229721814,target,117,0.9981168810716646691757318924,0.057621
AMAT,2023-12-06,2023-12-07,A,0,146.960000,138.4714127485539631369357410,2023-12-11,155.4326104875365388291957060,target,117,0.9981178536031686096179253811,0.057652
AMAT,2023-12-06,2023-12-07,C,0.673990698928354788703915886,148.3900006739906989283547888,139.9014134225446620652905298,2023-12-12,156.8624641882831399091560632,target,117,0.9981005393858855379974993586,0.057096
AMAT,2023-12-06,2023-12-07,X,0,148.390000,139.9014127485539631369357410,2023-12-12,156.8624635143617126960633616,target,117,0.9981005393940461085624407409,0.057096
BNKK,2023-12-08,2023-12-11,O,38.70967741935483870967741936,135.2716129032258064516129032,74.40444460455730444778226298,2024-01-10,95.08173613416149068322981367,time,16,-0.6602882620045179309932881234,-0.297105
BNKK,2023-12-08,2023-12-11,A,0,134.7500057605985037406483791,73.88283746193000173681773888,2024-01-10,95.08173613416149068322981367,time,16,-0.6517186643510205016892188954,-0.294384
BNKK,2023-12-08,2023-12-11,C,12.42236024844720496894409938,141.2252173913043478260869565,80.35804909263584582225631628,2024-01-10,95.08173613416149068322981367,time,16,-0.7581013302725349150998428997,-0.326737
BNKK,2023-12-08,2023-12-11,X,0,140.3500060000000000000000000,79.48283770133149799616935978,2024-01-10,95.08173613416149068322981367,time,16,-0.7437222911983039312378725051,-0.322538
SNPS,2023-12-11,2023-12-12,O,14.89671016027424304969757884,558.5708491124791356318538328,533.1700508362055957177012676,2023-12-22,532.9193876524500059917732947,stop,39,-1.009868319138211101265866237,-0.045923
SNPS,2023-12-11,2023-12-12,A,0,557.740000,532.3392017237264600858474348,2023-12-22,532.0889291532159839840445030,stop,39,-1.009852941147296599597913755,-0.045991
SNPS,2023-12-11,2023-12-12,C,7.14140870899200338555672130,567.6751106918349893760524761,542.2743124155614494618999109,2023-12-22,542.0193689778987885123866300,stop,39,-1.010036827775637246138065783,-0.045194
SNPS,2023-12-11,2023-12-12,X,0,567.060000,541.6592017237264600858474348,2023-12-22,541.4045474726078213342436461,stop,39,-1.010025442836436641477738429,-0.045243
HLI,2023-12-18,2023-12-19,O,91.46215287836775234863220625,122.2782469064271820552083765,117.4043088721788770605319680,2024-01-03,117.3361185168764167104304310,stop,205,-1.013990812936746163270930009,-0.040417
HLI,2023-12-18,2023-12-19,A,0,121.170000,116.2960619657516950053235915,2024-01-04,116.2285152984964459292335429,stop,205,-1.013858745593524277526591725,-0.040781
HLI,2023-12-18,2023-12-19,C,2.925809822361546499477533960,119.6600000000000000000000000,114.7860619657516950053235915,2024-01-04,114.7193923313540629222637454,stop,205,-1.013678802218894924946783546,-0.041289
HLI,2023-12-18,2023-12-19,X,0,119.630000,114.7560619657516950053235915,2024-01-04,114.6894097558479228625226236,stop,205,-1.013675227184961891451820469,-0.041299
MIR,2023-12-19,2023-12-20,O,34.03014098201263976665046184,10.35511910549343704423918327,9.848230385411977405926658020,2024-01-10,9.843479671284909399459737297,stop,1972,-1.009372301925173127036522604,-0.049409
MIR,2023-12-19,2023-12-20,A,0,10.320000,9.813111279918540361687474750,2024-01-11,9.808377506990456164696790970,stop,1972,-1.009338879995837064995210024,-0.049576
MIR,2023-12-19,2023-12-20,C,4.909180166912125675012272950,10.18499754540991654393716249,9.678108825328456905624637240,2024-01-12,9.673440176594579212954292504,stop,1972,-1.009210401709328660299226542,-0.050227
MIR,2023-12-19,2023-12-20,X,0,10.160000,9.653111279918540361687474750,2024-01-16,9.587263004375303840544482256,stop_gap,1972,-1.129906768358653478771726430,-0.056372
SNAP,2023-12-28,2023-12-29,O,2.936857562408223201174743025,17.03500146842878120411160058,15.86758676947989114770453047,2024-01-03,15.51544199706314243759177680,stop_gap,856,-1.301644970492328679801647409,-0.089202
SNAP,2023-12-28,2023-12-29,A,0,17.030000,15.86258530105110994359292989,2024-01-03,15.51544199706314243759177680,stop_gap,856,-1.297360744472830727033625526,-0.088935
SNAP,2023-12-28,2023-12-29,C,2.954209748892171344165435746,16.92499852289512555391432792,15.75758382394623549750725781,2024-01-03,15.51544199706314243759177680,stop_gap,856,-1.207417147566422871147870735,-0.083283
SNAP,2023-12-28,2023-12-29,X,0,16.930000,15.76258530105110994359292989,2024-01-03,15.51544199706314243759177680,stop_gap,856,-1.211701381017807067755207841,-0.083553
EQH,2024-01-04,2024-01-05,O,24.65331278890600924499229584,32.54002465331278890600924501,31.20975268484507765472286205,2024-02-05,32.65505376344086021505376344,time,751,0.08647037061193500531344958209,0.003535
EQH,2024-01-04,2024-01-05,A,0,32.460000,31.12972803153228874871361704,2024-02-05,32.65505376344086021505376344,time,751,0.1466269815980074279203438328,0.006009
EQH,2024-01-04,2024-01-05,C,1.514463122822959260941996062,33.02500075723156141147963048,31.69472878876385016019324752,2024-02-05,32.65505376344086021505376344,time,751,-0.2780987666881598712880251504,-0.011202
EQH,2024-01-04,2024-01-05,X,0,33.050000,31.71972803153228874871361704,2024-02-05,32.65505376344086021505376344,time,751,-0.2968913469732531878453268477,-0.01195
ASND,2024-01-10,2024-01-11,O,175.5800740442065906674975258,139.2528133132949671932847037,129.3558099043571873954618315,2024-01-16,129.0899777812509854690711576,stop,101,-1.026859859709266586177876273,-0.072981
ASND,2024-01-10,2024-01-11,A,0,136.850000,126.9529965910622202021771278,2024-02-09,141.6090175710023206984197149,time,101,0.4808543934323140694390391955,0.034775
ASND,2024-01-10,2024-01-11,C,9.94585037020665266880318267,135.8349651895237042767156592,125.9379617805859244788927870,2024-02-09,141.6090175710023206984197149,time,101,0.5834142055830948508394561738,0.042508
ASND,2024-01-10,2024-01-11,X,0,135.430000,125.5329965910622202021771278,2024-02-09,141.6090175710023206984197149,time,101,0.6243321655747008515542339969,0.045625
HWKN,2024-01-11,2024-01-12,O,92.79192339098804840026724075,67.97495360403830450597579986,64.21381808719669551892673265,2024-01-17,63.40613169029767649023828966,stop_gap,265,-1.214745359023189050284528112,-0.067213
HWKN,2024-01-11,2024-01-12,A,0,67.350000,63.58886448315839101295093279,2024-01-18,63.36803647725281302815584424,stop,265,-1.058713121321142126651709067,-0.059123
HWKN,2024-01-11,2024-01-12,C,13.58900800241582364487392420,66.27784279027630982938245505,62.51670727343470084233338784,2024-02-01,56.31257070744562393289288100,stop_gap,265,-2.649538161602579907720447856,-0.150356
HWKN,2024-01-11,2024-01-12,X,0,66.290000,62.52886448315839101295093279,2024-02-01,56.31257070744562393289288100,stop_gap,265,-2.652770485901784929355801483,-0.150512
AFL,2024-01-12,2024-01-16,O,16.35471560966745411593676176,82.60487733963292749409413046,80.07350987101830167384675364,2024-01-24,85.12076079888564105850985984,target,395,0.9938831443660819463370318670,0.030457
AFL,2024-01-12,2024-01-16,A,0,82.470000,79.93863253138537417975262318,2024-01-24,84.98590798983888505774596778,target,395,0.9938928350121361592803099239,0.030507
AFL,2024-01-12,2024-01-16,C,0.6062443164595331918763261595,82.47499969687784177023340409,79.94363222826321594998602727,2024-01-24,84.99090677740538196436550705,target,395,0.9938924757946949391541649027,0.030505
AFL,2024-01-12,2024-01-16,X,0,82.530000,79.99863253138537417975262318,2024-01-24,85.04589707744118878614851401,target,395,0.9938885241414974353947063407,0.030485
GBX,2024-01-17,2024-01-18,O,97.26306265550780366432933725,44.71068084143858855462565032,41.55182400534205260812128354,2024-02-08,47.77072441168700153771025331,target,316,0.9687186628026395337640764352,0.068441
GBX,2024-01-17,2024-01-18,A,0,44.280000,41.12114316390346405349563322,2024-02-02,47.34093259033395135395424309,target,316,0.9690001000857032864054886157,0.069127
GBX,2024-01-17,2024-01-18,C,4.551661356395084205735093309,43.95999999999999999999999999,40.80114316390346405349563321,2024-01-23,47.02159314079266695028451831,target,316,0.9692092106889973097121726361,0.069645
GBX,2024-01-17,2024-01-18,X,0,43.890000,40.73114316390346405349563322,2024-01-23,46.95173763620551098698176602,target,316,0.9692549536334678773105097635,0.069759
BR,2024-01-19,2024-01-22,O,21.60666164938942972979534364,205.7536063703236143817824281,199.8142967337484087720608624,2024-02-01,199.6981481404135424232299803,stop,168,-1.019555908083930325803577293,-0.029431
BR,2024-01-19,2024-01-22,A,0,205.310000,199.3706903634247943902784343,2024-02-01,199.2547996307973434344228181,stop,168,-1.019512492144504058807155526,-0.029493
BR,2024-01-19,2024-01-22,C,1.936858415649815998450513268,206.5800038737168312996319968,200.6406942371416256899104311,2024-02-01,200.5240652732370674885793458,stop,168,-1.019636787950292849615824274,-0.029315
BR,2024-01-19,2024-01-22,X,0,206.380000,200.4406903634247943902784343,2024-02-01,200.3241776583113910996039845,stop,168,-1.019617213488230967763087976,-0.029343
SOXL,2024-01-22,2024-01-23,O,1.419446415897799858055358410,35.17499219304471256210078070,31.09937445882459659555997891,2024-01-25,39.24500989731372782547013983,target,245,0.9986259678124174496615303139,0.115708
SOXL,2024-01-22,2024-01-23,A,0,35.230000,31.15438226577988403345919821,2024-01-25,39.30000985610138003902381780,target,245,0.9986240421736193531760427772,0.115527
SOXL,2024-01-22,2024-01-23,C,1.391401140948935578127174064,35.93499930429942952553221092,31.85938157007931355899140913,2024-01-31,31.85483607406417883027704312,stop,245,-1.001115290076635346086452684,-0.113543
SOXL,2024-01-22,2024-01-23,X,0,35.920000,31.84438226577988403345919821,2024-01-31,31.83983890977106966849508647,stop,245,-1.001114765001306912899104391,-0.11359
BRBR,2024-02-07,2024-02-08,O,10.21972406745017884517118038,58.88011241696474195196729688,55.94907587957628340894985711,2024-02-20,55.93000341464375356971039917,stop,341,-1.006507071709697391480793707,-0.050104
BRBR,2024-02-07,2024-02-08,A,0,58.820000,55.88896346261154145698256023,2024-02-20,55.86991148938412998895563589,stop,341,-1.006500080426969599476803640,-0.050155
BRBR,2024-02-07,2024-02-08,C,0.8494011721736175995922874375,58.86499957529941391319120022,55.93396303791095537017376045,2024-02-20,55.91489572479082209750623914,stop,341,-1.006505314033758913820082625,-0.050116
BRBR,2024-02-07,2024-02-08,X,0,58.860000,55.92896346261154145698256023,2024-02-20,55.90989785379524299389853686,stop,341,-1.006504732565799347505300260,-0.050121
WIX,2024-02-12,2024-02-13,O,43.32860903016805021259364244,124.5874913950192346628872241,117.2966893503961714412056554,2024-02-21,131.7997352250521452111932902,target,137,0.9892250243376050737380642669,0.057889
WIX,2024-02-12,2024-02-13,A,0,124.050000,116.7591979553769367783184313,2024-02-21,131.2625640067901993184082585,target,137,0.9892689395002070948908828435,0.058142
WIX,2024-02-12,2024-02-13,C,2.407318247472315840154068368,124.6800072219547424169475205,117.3892051773316791952659518,2024-02-21,131.8921959414914839244565211,target,137,0.9892174654303913352217007692,0.057846
WIX,2024-02-12,2024-02-13,X,0,125.450000,118.1591979553769367783184313,2024-02-21,132.6617300446759067962685500,target,137,0.9891545539896434709891250416,0.057487
META,2024-02-16,2024-02-20,O,2.233591082653506206192365373,469.8199151235388591667641649,442.2049406992482486915337910,2024-03-01,497.3926696454743661392240419,target,36,0.9984711228876617700442194172,0.058688
META,2024-02-16,2024-02-20,A,0,469.880000,442.2650255757093895247696261,2024-03-01,497.4527494222175931088685312,target,36,0.9984709382154677817785262929,0.05868
META,2024-02-16,2024-02-20,C,1.062428286090688878500701202,470.6199946878585695465556074,443.0050202635679590713252335,2024-03-01,498.1926813028543107992412702,target,36,0.9984686638254615897082863425,0.058588
META,2024-02-16,2024-02-20,X,0,471.750000,444.1350255757093895247696261,2024-03-01,499.3225907055311222210735898,target,36,0.9984651907291934045752420208,0.058447
ALL,2024-02-20,2024-02-21,O,21.49599676002367675005451883,160.6445808280631795383033740,154.6731432752597795164035407,2024-03-01,154.6248079179862608353046646,stop,167,-1.008094425646438648272288039,-0.037473
ALL,2024-02-20,2024-02-21,A,0,160.300000,154.3285624471965999781001667,2024-03-04,153.9882807629521168883765849,stop_gap,167,-1.056984885337154980532525546,-0.039374
ALL,2024-02-20,2024-02-21,C,1.887267237040764972320080524,158.9900000000000000000000000,153.0185624471965999781001667,2024-03-20,161.1395809143180674383492702,time,167,0.3599771236507208489559436776,0.01352
ALL,2024-02-20,2024-02-21,X,0,159.170000,153.1985624471965999781001667,2024-03-20,161.1395809143180674383492702,time,167,0.3298336283184292595504216798,0.012374
BLZE,2024-02-20,2024-02-21,O,96.9162995594713656387665198,11.47009691629955947136563877,10.09063023282738775138673574,2024-02-23,10.08184813514868680469275251,stop,724,-1.006366299225579020554526307,-0.121032
BLZE,2024-02-20,2024-02-21,A,0,11.360000,9.980533316527828280021096975,2024-02-23,9.971847038619623033476257030,stop,724,-1.006296837765114808377621088,-0.122197
BLZE,2024-02-20,2024-02-21,C,4.380201489268506351292159440,11.42500219010074463425317565,10.04553550662857291427427262,2024-02-23,10.03679265588303020503643600,stop,724,-1.006337848423810143188938914,-0.121506
BLZE,2024-02-20,2024-02-21,X,0,11.480000,10.10053331652782828002109698,2024-02-23,10.09174259997732538334570873,stop,724,-1.006372547199455603019862536,-0.120928
TTE,2024-02-27,2024-02-28,O,2.329735186767104139162848490,64.42500582433796691776034792,62.40557623599023557869580607,2024-03-13,66.43411314526101506616824461,target,495,0.9948885232323803260053831227,0.031185
TTE,2024-02-27,2024-02-28,A,0,64.410000,62.39057041165226866093545815,2024-03-12,66.41910965210594980553353913,target,495,0.9948896776092970099222731313,0.031193
TTE,2024-02-27,2024-02-28,C,0.781555295037123876514263384,63.98500039077764751856193824,61.96557080242991617949739639,2024-03-08,65.99417606736848505945067980,target,495,0.9949223722302279410436437812,0.031401
TTE,2024-02-27,2024-02-28,X,0,63.920000,61.90057041165226866093545815,2024-03-08,65.92918577452322493369883352,target,495,0.9949273726186770648356839637,0.031433
CNO,2024-03-01,2024-03-04,O,33.43239227340267459138187222,26.89963224368499257057949479,25.81274995403037548165127685,2024-04-02,26.90495405962872679542471404,time,920,0.004896405060961439972456188092,0.000198
CNO,2024-03-01,2024-03-04,A,0,26.810000,25.72311771034538291107178206,2024-04-02,26.90495405962872679542471404,time,920,0.08736370123290970623740849599,0.003542
CNO,2024-03-01,2024-03-04,C,1.875117194824676542283892744,26.67500093755859741233827113,25.58811864790398032341005319,2024-04-02,26.90495405962872679542471404,time,920,0.2115713212543029861316051731,0.008621
CNO,2024-03-01,2024-03-04,X,0,26.710000,25.62311771034538291107178206,2024-04-02,26.90495405962872679542471404,time,920,0.1793699846656606419517984981,0.007299
KEYS,2024-03-04,2024-03-05,O,22.38424149398823228447173190,156.7500895369659759529291379,149.4149067715460036860733644,2024-03-15,149.0655734455103607060629317,stop_gap,136,-1.047624352004219225877963990,-0.049024
KEYS,2024-03-04,2024-03-05,A,0,156.400000,149.0648172345800277331442265,2024-03-19,148.6066111027116909695574316,stop_gap,136,-1.062466900487939293736932676,-0.04983
KEYS,2024-03-04,2024-03-05,C,1.280573697016263285952106544,156.1799974388526059674734281,148.8448146734326337006176546,2024-03-19,148.8161723101215177351845659,stop,136,-1.003904792045011309417093291,-0.04715
KEYS,2024-03-04,2024-03-05,X,0,155.770000,148.4348172345800277331442265,2024-03-19,148.4062537675047397226760140,stop,136,-1.003894036179976849324829226,-0.047273
EVER,2024-03-07,2024-03-08,O,91.14583333333333333333333335,15.37890624999999999999999999,13.37071979350464160246994492,2024-03-11,17.36511155263126818463810809,target,497,0.9890542266167598671778423704,0.129151
EVER,2024-03-07,2024-03-08,A,0,15.240000,13.23181354350464160246994493,2024-03-11,17.22638091103834783065580721,target,497,0.9891416728827734891597130694,0.13034
EVER,2024-03-07,2024-03-08,C,3.025718608169440242057488654,16.52499848714069591527987897,14.51681203064533751774982390,2024-03-13,18.50975487417507320748400492,target,497,0.9883327221009792423167640517,0.120106
EVER,2024-03-07,2024-03-08,X,0,16.480000,14.47181354350464160246994493,2024-03-13,18.46481327513442874089600949,target,497,0.9883610501976395138524848519,0.120438
TXRH,2024-03-07,2024-03-08,O,20.90592334494773519163763066,150.9248641114982578397212543,145.2818211244411056954466036,2024-03-13,156.4792709661275754916808785,target,177,0.9842928482680125302201430629,0.036802
TXRH,2024-03-07,2024-03-08,A,0,150.610000,144.9669570129428478557253493,2024-03-13,156.1645851053168353975813652,target,177,0.9843244359571239866233681549,0.036881
TXRH,2024-03-07,2024-03-08,C,2.022381016583524335984899555,148.3599979776189834164756640,142.7169549905618312722010133,2024-03-13,153.9158568527709940540556943,target,177,0.9845501598862339988048334604,0.037448
TXRH,2024-03-07,2024-03-08,X,0,148.360000,142.7169570129428478557253493,2024-03-13,153.9158588740071014737077764,target,177,0.9845501596833453859592091496,0.037448
EFX,2024-03-25,2024-03-26,O,49.68494793550474957644057794,263.7338820886714511431345301,251.3190333112382644534611298,2024-04-02,251.1502171483768626828849636,stop,80,-1.013597923413152125513513245,-0.047713
EFX,2024-03-25,2024-03-26,A,0,262.430000,250.0151512225668133103265998,2024-04-05,249.8472109041177232332541225,stop,80,-1.013527375279379949402281222,-0.047947
EFX,2024-03-25,2024-03-26,C,4.403009361180772249554913184,261.3100044030093611807722495,248.8951556255761744910988492,2024-04-10,248.7279676312014471883987540,stop,80,-1.013466776548952375076222255,-0.04815
EFX,2024-03-25,2024-03-26,X,0,260.470000,248.0551512225668133103265998,2024-04-10,247.8885274764236439702275415,stop,80,-1.013421327084228840772163137,-0.048303
ESAB,2024-04-11,2024-04-12,O,55.49995450823400964425438995,110.2283905013192612137203166,105.9428637813846423635006013,2024-04-18,105.8592544464288121364833082,stop,233,-1.019509698671790288953867879,-0.039637
ESAB,2024-04-11,2024-04-12,A,0,109.620000,105.3344732800653811497802847,2024-04-19,105.2513440824533338223792232,stop,233,-1.019397661721571431207286197,-0.039853
ESAB,2024-04-11,2024-04-12,C,3.707823507601038190582128290,107.9149981460882461994809047,103.6294714261536273492611894,2024-05-01,103.5476878035620758119631327,stop,233,-1.019083680475290386305086614,-0.04047
ESAB,2024-04-11,2024-04-12,X,0,107.930000,103.6444732800653811497802847,2024-05-01,103.5626778181202016558131400,stop,233,-1.019086443112044670103708087,-0.040464
TXRH,2024-04-22,2024-04-23,O,27.89490755757379176127148881,154.7404463185209211806681804,149.0922171545586564911760901,2024-04-29,160.3372853269296827667094023,target,177,0.9909015455885907046293447823,0.036169
TXRH,2024-04-22,2024-04-23,A,0,154.310000,148.6617708360377353105079097,2024-04-29,159.9069769277674674242919967,target,177,0.9909259637477521305515442782,0.036271
TXRH,2024-04-22,2024-04-23,C,3.186946268085920071387596405,156.9099904391611957422397859,151.2617612751989310527476956,2024-05-03,162.5061343036671568558165504,target,177,0.9907784726957208931844412785,0.035665
TXRH,2024-04-22,2024-04-23,X,0,156.870000,151.2217708360377353105079097,2024-05-03,162.4661566778475699555319839,target,177,0.9907807412548102792325887123,0.035674
VFH,2024-04-25,2024-04-26,O,13.65636538364270901825906631,99.06510242274037732031763698,96.53706322922514068720999047,2024-05-10,101.5777634728150384025972762,target,395,0.9939169679489057866537136372,0.025364
VFH,2024-04-25,2024-04-26,A,0,98.930000,96.40196080648476336689235349,2024-05-10,101.4426815005145531622009750,target,395,0.9939250573962310251519967698,0.025399
VFH,2024-04-25,2024-04-26,C,1.009795011612642633545390286,99.04000000000000000000000000,96.51196080648476336689235349,2024-05-10,101.5526648498258201282436613,target,395,0.9939184709917260059133839415,0.02537
VFH,2024-04-25,2024-04-26,X,0,98.930000,96.40196080648476336689235349,2024-05-10,101.4426815005145531622009750,target,395,0.9939250573962310251519967698,0.025399
EVER,2024-05-02,2024-05-03,O,48.51004851004851004851004851,21.67463617463617463617463618,19.50507866700550543750028613,2024-05-07,23.81160480707467958359406734,target,460,0.9849790221842269041027359674,0.098593
EVER,2024-05-02,2024-05-03,A,0,21.570000,19.40044249236933080132564995,2024-05-07,23.70711164315554755512263112,target,460,0.9850449391818356869535604004,0.099078
EVER,2024-05-02,2024-05-03,C,16.05872906629961000229410415,21.79494379444826795136499196,19.62538628681759875269064191,2024-05-07,23.93174799733805477580238619,target,460,0.9849032327441499304175228345,0.098041
EVER,2024-05-02,2024-05-03,X,0,21.750000,19.58044249236933080132564995,2024-05-07,23.88686562948812158701329171,target,460,0.9849315457057186907440555445,0.098247
SVIX,2024-05-03,2024-05-06,O,4.724781478856602882116702102,42.31998582565556343019135364,38.51330561319075099107017810,2024-05-15,46.10495937174949569243285270,target,262,0.9942977436613134402153985305,0.089437
SVIX,2024-05-03,2024-05-06,A,0,42.300000,38.49331978753518756087882446,2024-05-15,46.08498295118835840973805969,target,262,0.9943002143428262583698908747,0.08948
SVIX,2024-05-03,2024-05-06,C,1.173020527859237536656891496,42.62499941348973607038123167,38.81831920102492363126005613,2024-05-17,46.40982942377762872196852373,target,262,0.9942600373665819813545766673,0.088794
SVIX,2024-05-03,2024-05-06,X,0,42.760000,38.95331978753518756087882446,2024-05-17,46.54476648060012311562041264,target,262,0.9942433483661344232154652709,0.088512
ONTO,2024-05-06,2024-05-07,O,29.82920375270627856627375511,208.7608650469088284820784220,192.8785260052200914360578673,2024-05-10,224.4405056568321975390675914,target,62,0.9872374949789627791497935177,0.075108
ONTO,2024-05-06,2024-05-07,A,0,208.140000,192.2576609583112629539794453,2024-05-10,223.8202008243837037552443572,target,62,0.9872727677721492373947131656,0.075335
ONTO,2024-05-06,2024-05-07,C,5.89970501474926253687315634,211.9749852507374631268436579,196.0926462090487260808231032,2024-05-10,227.6517257189562805355329489,target,62,0.9870548933044273586990646780,0.073956
ONTO,2024-05-06,2024-05-07,X,0,211.130000,195.2476609583112629539794453,2024-05-10,226.8075029092011041446635527,target,62,0.9871028988897687522904131590,0.074255
FRPT,2024-05-17,2024-05-20,O,39.85950511069892260941631477,127.1146611942065590591578199,119.6394465783648390697384145,2024-06-18,131.1470614461501559126888942,time,133,0.5394360508925057460014328339,0.031723
FRPT,2024-05-17,2024-05-20,A,0,126.610000,119.1347853841582800105805946,2024-06-18,131.1470614461501559126888942,time,133,0.6069473158048287319241759659,0.035835
FRPT,2024-05-17,2024-05-20,C,4.797313504437514991604701367,125.1099904053729911249700168,117.6347757895312711355506114,2024-06-03,132.4110077936118889036646202,target,133,0.9766966921279212863550301213,0.058357
FRPT,2024-05-17,2024-05-20,X,0,124.840000,117.3647853841582800105805946,2024-06-03,132.1413721154506391772343976,target,133,0.9767441459108521000066095101,0.058486
NWG,2024-05-20,2024-05-21,O,6.138735420503376304481276855,8.134990791896869244935543281,7.855084489206880442473155876,2024-06-11,7.850280156185958803058799206,stop,3572,-1.017164075888075643423597580,-0.034998
NWG,2024-05-20,2024-05-21,A,0,8.130000,7.850093697310011197537612595,2024-06-11,7.845292416761197735031473382,stop,3572,-1.017153170552687187793497741,-0.035019
NWG,2024-05-20,2024-05-21,C,6.08642726719415702982349361,8.219999999999999999999999997,7.940093697310011197537612592,2024-05-23,7.935237370889638102003950444,stop,3572,-1.017349828759489337846257607,-0.034643
NWG,2024-05-20,2024-05-21,X,0,8.210000,7.930093697310011197537612595,2024-05-23,7.925243487097589172340341884,stop,3572,-1.017327977847622432284839845,-0.034684
SUPV,2024-05-21,2024-05-22,O,26.73796791443850267379679144,7.489973262032085561497326202,6.714366682035003943582714813,2024-05-23,6.709713621271292922138790548,stop,1289,-1.005999253853324103515077844,-0.104174
SUPV,2024-05-21,2024-05-22,A,0,7.470000,6.694393420002918382085388611,2024-05-23,6.689754200723637080365301717,stop,1289,-1.005981407841200570724369121,-0.104451
SUPV,2024-05-21,2024-05-22,C,7.127583749109052031361368495,7.020000000000000000000000001,6.244393420002918382085388612,2024-05-24,6.240066051035487392215613568,stop,1289,-1.005579335037935434355389476,-0.111102
SUPV,2024-05-21,2024-05-22,X,0,7.010000,6.234393420002918382085388611,2024-05-24,6.230072981042417399145620497,stop,1289,-1.005570400086751764658301039,-0.111259
VDC,2024-05-22,2024-05-23,O,9.18096158492389466054602561,207.4903213336554723363131192,204.2086037456279896877496741,2024-05-28,204.1593160926675658632450039,stop,304,-1.015018858764763114188914844,-0.016054
VDC,2024-05-22,2024-05-23,A,0,207.300000,204.0182824119725173514365549,2024-05-28,203.9690406948427692057155092,stop,304,-1.015004861268195077970880121,-0.016068
VDC,2024-05-22,2024-05-23,C,1.704863732677366716188898902,205.3450025572955990160500743,202.0632849692681163674866292,2024-06-24,207.6445863911931610609123456,time,304,0.7007256938522109803431247488,0.011199
VDC,2024-05-22,2024-05-23,X,0,205.280000,201.9982824119725173514365549,2024-06-24,207.6445863911931610609123456,time,304,0.7205331744022572185153992196,0.011519
PENG,2024-05-24,2024-05-28,O,89.4959962317475270843146491,21.43008949599623174752708432,19.86256614856798984788486319,2024-06-18,22.98147416774487752531164278,target,637,0.9897043474943616950985088399,0.072393
PENG,2024-05-24,2024-05-28,A,0,21.240000,19.67247665257175810035777887,2024-06-12,22.79151806788618699304598097,target,637,0.9897894474309974534831003392,0.073047
PENG,2024-05-24,2024-05-28,C,2.378121284185493460166468490,21.03500118906064209274673009,19.46747784163240019310450896,2024-06-12,22.58666311576152337204341511,target,637,0.9898812220223809300351411946,0.073766
PENG,2024-05-24,2024-05-28,X,0,21.030000,19.46247665257175810035777887,2024-06-12,22.58166543630723962462492834,target,637,0.9898834609723551702057746133,0.073783
BHE,2024-05-29,2024-05-30,O,27.59889604415823367065317388,43.55988960441582336706531737,41.44959458639990509799644079,2024-06-04,41.39771774711780258848705851,stop,473,-1.024582742620923533260168782,-0.049637
BHE,2024-05-29,2024-05-30,A,0,43.440000,41.32970498198408173093112342,2024-06-04,41.27797819226945834954072151,stop,473,-1.024511639023465295659010656,-0.04977
BHE,2024-05-29,2024-05-30,C,6.734006734006734006734006735,44.55998653198653198653198655,42.44969151397061371746310997,2024-06-03,42.39656298892183948252260545,stop,473,-1.025175875692833331883069161,-0.048551
BHE,2024-05-29,2024-05-30,X,0,44.580000,42.46970498198408173093112342,2024-06-03,42.41655140879010916305761763,stop,473,-1.025187745192113997858236624,-0.04853
REYN,2024-05-31,2024-06-03,O,64.99209555594589847180748285,28.71542244862111364834006674,27.79930175007892334400449202,2024-06-10,27.77972477701548748249462970,stop,1091,-1.021369425551227493570684372,-0.032585
REYN,2024-05-31,2024-06-03,A,0,28.530000,27.61387930145780969566442528,2024-07-01,27.59443290758354363249846442,stop,1091,-1.021226890632654441864541290,-0.032792
REYN,2024-05-31,2024-06-03,C,5.220114842526535583782843225,28.74499738994257873673220810,27.82887669140038843239663338,2024-06-10,27.80927889091348675040198786,stop,1091,-1.021392159917451248654800445,-0.032552
REYN,2024-05-31,2024-06-03,X,0,28.750000,27.83387930145780969566442528,2024-06-10,27.81427797800607884376607005,stop,1091,-1.021396005442211005690079094,-0.032547
XPRO,2024-06-06,2024-06-07,O,93.7345831277750370004933399,20.37925012333497779970399605,18.93136001111227484162473526,2024-06-12,21.78971922609187038175962647,target,690,0.9741548000432407307294946858,0.069211
XPRO,2024-06-06,2024-06-07,A,0,20.190000,18.74210988777729704192073921,2024-06-10,21.60079355802589695251801787,target,690,0.9743788883675309551313427954,0.069876
XPRO,2024-06-06,2024-06-07,C,2.461235540241201082943637706,20.32500123061777012060054148,18.87711111839506716252128069,2024-06-12,21.73556333906876518949274407,target,690,0.9742190353697460763501893055,0.0694
XPRO,2024-06-06,2024-06-07,X,0,20.330000,18.88210988777729704192073921,2024-06-12,21.74055353843246075364464046,target,690,0.9742131163994720414409894288,0.069383
ASPN,2024-06-10,2024-06-11,O,76.80000,31.33884800000,28.43546502512711827287147633,2024-06-11,28.39462902939931484787453309,stop,344,-1.014064970443519026196573926,-0.093948
ASPN,2024-06-10,2024-06-11,A,0,31.100000,28.19661702512711827287147633,2024-06-20,28.15612403753717985505500221,stop,344,-1.013946829591680482560589976,-0.094658
ASPN,2024-06-10,2024-06-11,C,5.129081894340912976577192685,29.26500256454094717045648828,26.36161958966806544332796461,2024-06-21,26.32376183056370728328488950,stop,344,-1.013039188915825229435224511,-0.100504
ASPN,2024-06-10,2024-06-11,X,0,29.230000,26.32661702512711827287147633,2024-06-21,26.28880953298954940986591653,stop,344,-1.013021875675641509660293589,-0.100622
WCC,2024-06-12,2024-06-13,O,63.5388892040619504169739604,177.5510166222272649912066716,166.3606851026885736257727995,2024-06-14,166.2566683041818053480553266,stop,89,-1.009295238333658970223354013,-0.063612
WCC,2024-06-12,2024-06-13,A,0,175.270000,164.0796684804613086345661279,2024-06-14,163.9770778845831142166169306,stop,89,-1.009167788791517733165299736,-0.064432
WCC,2024-06-12,2024-06-13,C,1.996634245129638609201631536,175.3450029949513676944579138,164.1546714754126763290240417,2024-06-14,164.0520339840110086521287274,stop,89,-1.009171979509495245967396331,-0.064404
WCC,2024-06-12,2024-06-13,X,0,174.630000,163.4396684804613086345661279,2024-06-14,163.3374780437373232770386893,stop,89,-1.009132029426077096378356441,-0.064665
SPHQ,2024-06-20,2024-06-21,O,6.18429189857761286332714904,64.83006802721088435374149660,63.61430395301314984766068306,2024-06-28,63.60939203084860555379552510,stop,822,-1.004040193544776030443971468,-0.018829
SPHQ,2024-06-20,2024-06-21,A,0,64.790000,63.57423592580226549391918646,2024-06-28,63.56932709745497167371272216,stop,822,-1.004037648793441347993447437,-0.01884
SPHQ,2024-06-20,2024-06-21,C,0.7735746886361878239344008665,64.64500038678734431809391196,63.42923631258960981201309842,2024-06-28,63.42433868025908787472547483,stop,822,-1.004028439756088215962677948,-0.018883
SPHQ,2024-06-20,2024-06-21,X,0,64.570000,63.35423592580226549391918646,2024-06-28,63.34934408456021451210358001,stop,822,-1.004023676423634280005340996,-0.018904
FTAI,2024-06-21,2024-06-24,O,63.03539679974139324389849685,93.79755293357038952642637792,86.36202641556724919743476630,2024-06-26,101.0209192012316862494014759,target,134,0.9714666809635935990071178562,0.07701
FTAI,2024-06-21,2024-06-24,A,0,92.920000,85.48447348199685967100838838,2024-06-25,100.1452054080992162883214696,target,134,0.9717140259812553043730702242,0.077757
FTAI,2024-06-21,2024-06-24,C,6.535235813092255745561485675,91.80996078858512144646552667,84.37443427058198111747391505,2024-06-25,99.03749257259089801548922876,target,134,0.9720268990375113184112550094,0.078723
FTAI,2024-06-21,2024-06-24,X,0,91.480000,84.04447348199685967100838838,2024-06-25,98.70822330266636121819411187,target,134,0.9721199010137547386372774628,0.079014
NEE,2024-06-25,2024-06-26,O,5.501306560308073167377252095,72.84004951175904277265850638,69.08278943789917175309134552,2024-07-12,76.58676915496174867404867183,target,266,0.9971946497048481320929683385,0.051438
NEE,2024-06-25,2024-06-26,A,0,72.800000,69.04273992614012898043283914,2024-07-12,76.54672515435060173774253348,target,266,0.9971961165045339400266121945,0.051466
NEE,2024-06-25,2024-06-26,C,0.679486308350886729632397907,73.57999932051369164911327038,69.82273924665382062954610952,2024-07-01,69.81313105355534067624632335,stop,266,-1.002557233970926415004632524,-0.051194
NEE,2024-06-25,2024-06-26,X,0,73.370000,69.61273992614012898043283914,2024-07-01,69.60316063070512965072588540,stop,266,-1.002549542817555991877965414,-0.05134
SMFG,2024-06-25,2024-06-26,O,15.47987616099071207430340558,12.92998452012383900928792570,12.54377759549718076420362896,2024-06-28,13.31103612479511572233413796,target,2589,0.9866514046573216675258228681,0.02947
SMFG,2024-06-25,2024-06-26,A,0,12.910000,12.52379307537334175491570326,2024-06-28,13.29105934161286550089340077,target,2589,0.9866714378081934885292693669,0.029517
SMFG,2024-06-25,2024-06-26,C,3.859513701273639521420301042,12.96000000000000000000000000,12.57379307537334175491570326,2024-06-28,13.34103998427643499373118629,target,2589,0.9866213161371508999613900427,0.029401
SMFG,2024-06-25,2024-06-26,X,0,12.980000,12.59379307537334175491570326,2024-06-28,13.36103224134186279086630050,target,2589,0.9866012674687338645342383182,0.029355
NTRA,2024-06-26,2024-06-27,O,57.9436733593855275569330279,112.0957822395903517046220186,105.3369434027693776351517031,2024-07-18,105.2277465893983182000947558,stop,147,-1.016156149896070055505877172,-0.061269
NTRA,2024-06-26,2024-06-27,A,0,111.010000,104.2511611631790259305296845,2024-07-18,104.1430899184522436888385058,stop,147,-1.015989617053454354731048705,-0.061858
NTRA,2024-06-26,2024-06-27,C,5.91419862608616532459851690,109.9249733861061826122560393,103.1661345492852085427857238,2024-07-18,103.0591880898885546555326444,stop,147,-1.015823200105619954491000303,-0.062459
NTRA,2024-06-26,2024-06-27,X,0,110.010000,103.2511611631790259305296845,2024-07-18,103.1441265615315243486843614,stop,147,-1.015836241140178658716483323,-0.062411
GCT,2024-06-27,2024-06-28,O,36.25576796308503625576796308,30.49014502307185234014502306,26.77160130942426036742573502,2024-07-08,34.17488568460806146275278510,target,268,0.9909095993715709804711517195,0.12085
GCT,2024-06-27,2024-06-28,A,0,30.380000,26.66145628635240802728071196,2024-07-08,34.06484950049181371978181839,target,268,0.9909388686135070487504520504,0.121292
GCT,2024-06-27,2024-06-28,C,9.829619921363040629095674965,30.52998034076015727391874179,26.81143662711256530119945375,2024-07-08,34.21468163933422380271842703,target,268,0.9908990137861445873223001886,0.120691
GCT,2024-06-27,2024-06-28,X,0,30.420000,26.70145628635240802728071196,2024-07-08,34.10480997480011411503873538,target,268,0.9909282392664445038753072524,0.121131
CDRE,2024-07-05,2024-07-08,O,50.4250108053594582913124910,34.92522691254862411756231090,33.12700337400790246864164433,2024-07-12,36.68164800322242562332249599,target,556,0.9767534753210697634609566803,0.050291
CDRE,2024-07-05,2024-07-08,A,0,34.750000,32.95177646145927835107933343,2024-07-12,36.50662055215649771989514504,target,556,0.9768643967267911452091905232,0.05055
CDRE,2024-07-05,2024-07-08,C,2.881844380403458213256484150,34.71500144092219020172910661,32.91677790238146855280844004,2024-07-12,36.47166183207593073300532267,target,556,0.9768865513679628102010239421,0.050602
CDRE,2024-07-05,2024-07-08,X,0,34.660000,32.86177646145927835107933343,2024-07-12,36.41672299950994108927476940,target,556,0.9769213681495579201027602642,0.050684
XMHQ,2024-07-05,2024-07-08,O,14.04275237946637540958027774,96.19489467935715400218442817,93.27721777700803465368735604,2024-07-11,99.06628853577490011038906355,target,342,0.9841370215138937383347924038,0.02985
XMHQ,2024-07-05,2024-07-08,A,0,96.060000,93.14232309765088065150292787,2024-07-11,98.93145684879642168471164829,target,342,0.9841586114228465971088943132,0.029892
XMHQ,2024-07-05,2024-07-08,C,1.561930546155047638881657729,96.03499765710418076742854170,93.11732075475506141893146957,2024-07-11,98.90646618135777374737669407,target,342,0.9841626130507039842428428347,0.0299
XMHQ,2024-07-05,2024-07-08,X,0,95.910000,92.99232309765088065150292787,2024-07-11,98.78152689497501349709166178,target,342,0.9841826189401064471823239650,0.02994
DXJ,2024-07-09,2024-07-10,O,8.113070583714078312481318585,117.1449634911823732866475939,115.0267454136149930679964777,2024-07-12,114.7768081557709552073103036,stop_gap,472,-1.117994110470000646910804914,-0.020216
DXJ,2024-07-09,2024-07-10,A,0,117.050000,114.9317819224326197813488838,2024-07-12,114.7768081557709552073103036,stop_gap,472,-1.073162328422595987571275418,-0.019421
DXJ,2024-07-09,2024-07-10,C,0.4252604720391239634275994046,117.5850002126302360195619817,115.4667821350628558009108655,2024-07-11,115.4618650979664429552011644,stop,472,-1.002321308248893667301040209,-0.018056
DXJ,2024-07-09,2024-07-10,X,0,117.510000,115.3917819224326197813488838,2024-07-11,115.3868680791450316273744619,stop,472,-1.002319800467962839067812460,-0.018068
CDRE,2024-07-11,2024-07-12,O,50.61867266591676040494938135,35.84050618672665916760404949,34.06656741766529018033772405,2024-07-15,37.56259157150930189604094238,target,563,0.9707693494369238832463665925,0.048049
CDRE,2024-07-11,2024-07-12,A,0,35.660000,33.88606123093863101273367456,2024-07-15,37.38233422154405251499272973,target,563,0.9709096230279573841933290428,0.048299
CDRE,2024-07-11,2024-07-12,C,5.440696409140369967355821545,36.77999999999999999999999999,35.00606123093863101273367455,2024-07-16,38.50079024580652839037183091,target,563,0.9700392571706617138320678940,0.046786
CDRE,2024-07-11,2024-07-12,X,0,36.810000,35.03606123093863101273367456,2024-07-16,38.53074888931355899417662827,target,563,0.9700159437994841512331055399,0.046747
ETN,2024-07-15,2024-07-16,O,17.26644856415848782260996002,331.1207424572882588149763722,316.9603848606160984379476497,2024-07-17,316.8321780863170372305076925,stop,70,-1.009053922079566070286221562,-0.043152
ETN,2024-07-15,2024-07-16,A,0,330.550000,316.3896424033278396229712775,2024-07-17,316.2616664876877765277394424,stop,70,-1.009037618913673397736090511,-0.043226
ETN,2024-07-15,2024-07-16,C,2.255266046217918840492550104,332.6950146592293004164724632,318.5346570625571400394437407,2024-07-17,318.4058135135363157404659729,stop,70,-1.009098890910149327632351313,-0.04295
ETN,2024-07-15,2024-07-16,X,0,332.460000,318.2996424033278396229712775,2024-07-17,318.1708939149922363860187191,stop,70,-1.009092177754455900629439949,-0.04298
ZIM,2024-07-22,2024-07-23,O,8.486562942008486562942008485,17.71502121640735502121640736,15.22619594279908685309216718,2024-07-31,20.19281818952980680113685898,target,401,0.9955688731536273358976697766,0.13987
ZIM,2024-07-22,2024-07-23,A,0,17.690000,15.20117472639173183187575982,2024-07-31,20.16781063099166976846915053,target,401,0.9955743608306301443505318486,0.140068
ZIM,2024-07-22,2024-07-23,C,2.752546105147261216625378475,18.16499862372694742636939169,15.67617335011867925824515151,2024-08-19,20.64254997599387541130886460,target,401,0.9954701836802728256006312524,0.136391
ZIM,2024-07-22,2024-07-23,X,0,18.290000,15.80117472639173183187575982,2024-08-19,20.76748312007463920078356101,target,401,0.9954427682594265634740993233,0.135456
BCS,2024-07-30,2024-07-31,O,4.182350480970305311585110832,11.95499790882475951484734421,11.53779380513458826319804997,2024-08-01,11.53296425561381196003220734,stop,2396,-1.011575987575527006098893705,-0.035302
BCS,2024-07-30,2024-07-31,A,0,11.950000,11.53279589630982874835070576,2024-08-01,11.52796843883962789914670798,stop,2396,-1.011570973122033021332879624,-0.035316
BCS,2024-07-30,2024-07-31,C,4.189359028068705488060326770,11.94000000000000000000000000,11.52279589630982874835070576,2024-08-01,11.51797262469144874468877579,stop,2396,-1.011560940018849659344980328,-0.035346
BCS,2024-07-30,2024-07-31,X,0,11.920000,11.50279589630982874835070576,2024-08-01,11.49798099639509043577291141,stop,2396,-1.011540873812482935369181737,-0.035404
ALSN,2024-07-31,2024-08-01,O,38.22801888913874522149763886,89.06919721160332808635034856,85.11573712118906664139689220,2024-08-02,84.75475800764560377782774904,stop_gap,252,-1.091307134835813617118744947,-0.048439
ALSN,2024-07-31,2024-08-01,A,0,88.730000,84.77653990958573855504654364,2024-08-02,84.70406067911302347506217783,stop,252,-1.018333112973228567007889332,-0.045373
ALSN,2024-07-31,2024-08-01,C,4.605111673958093483766981350,86.93001381533502187428045129,82.97655372492076042932699493,2024-08-02,82.90561338260820349536062816,stop,252,-1.017943862006995366877044519,-0.046295
ALSN,2024-07-31,2024-08-01,X,0,87.250000,83.29653990958573855504654364,2024-08-02,83.22532599686736944257428954,stop,252,-1.018013059722301887793601178,-0.046128
KIE,2024-08-02,2024-08-05,O,9.59877135726626991745056633,52.08995200614321366865041277,50.40032443843263066251942989,2024-08-15,53.76380380982509212896890478,target,591,0.9906631707897140662333225767,0.032134
KIE,2024-08-02,2024-08-05,A,0,52.040000,50.35037243228941699386901712,2024-08-15,53.71386645666109324872232023,target,591,0.9906718431027698025011168900,0.032165
KIE,2024-08-02,2024-08-05,C,0.968147933004163036111917901,51.65500048407396650208151807,49.96537291636338349595053519,2024-08-15,53.32897987693803013317342424,target,591,0.9907386839883759772565264336,0.032407
KIE,2024-08-02,2024-08-05,X,0,51.620000,49.93037243228941699386901712,2024-08-14,53.29398965994651419328084179,target,591,0.9907447605242036176123968540,0.032429
FWONK,2024-08-06,2024-08-07,O,41.46151852811609225187872506,77.77111946100025913449080076,73.77978295645013430441552809,2024-08-08,73.69031867180066384990127095,stop,250,-1.022414618398494124156809876,-0.052472
FWONK,2024-08-06,2024-08-07,A,0,77.450000,73.45866349544987516992472733,2024-08-08,73.36958859555750503601518812,stop,250,-1.022317060912008977674396747,-0.052684
FWONK,2024-08-06,2024-08-07,C,5.16862643752422793642589482,77.41999483137356247577206354,73.42865832682343764569679087,2024-08-08,73.33961981075925707799826263,stop,250,-1.022307945211504124566722085,-0.052704
FWONK,2024-08-06,2024-08-07,X,0,77.310000,73.31866349544987516992472733,2024-08-08,73.22975835750785285655255490,stop,250,-1.022274528304158376287543520,-0.052778
ETN,2024-08-15,2024-08-16,O,9.76384728680887682658414285,302.3649365349926357423006271,280.9605082609460638010072672,2024-09-16,306.4880545388915078456461715,time,46,0.1926292050929601478648944957,0.013636
ETN,2024-08-15,2024-08-16,A,0,302.070000,280.6655717259534280587066401,2024-09-16,306.4880545388915078456461715,time,46,0.2064084348493677969534685102,0.014626
ETN,2024-08-15,2024-08-16,C,2.020338069903697218667923766,297.0099939389857902889083439,275.6055656649392183476149840,2024-09-16,306.4880545388915078456461715,time,46,0.4428083982695353496088158150,0.031912
ETN,2024-08-15,2024-08-16,X,0,296.680000,275.2755717259534280587066401,2024-09-16,306.4880545388915078456461715,time,46,0.4582254855545022905213901666,0.033059
IR,2024-08-15,2024-08-16,O,21.12103980503655564581640942,92.40475710804224207961007312,86.91936258071764888705884274,2024-09-05,86.89081450892630304223059920,stop,182,-1.005204378946516664807753997,-0.059672
IR,2024-08-15,2024-08-16,A,0,92.210000,86.72460547267540680744876962,2024-09-05,86.69612136752782346823020751,stop,182,-1.005192717680687221498839444,-0.059797
IR,2024-08-15,2024-08-16,C,0.5488775454196168834732971075,91.13500192107140896865909218,85.64960739374681577610786180,2024-09-05,85.62147636438604935971544626,stop,182,-1.005128351155169661421590438,-0.060498
IR,2024-08-15,2024-08-16,X,0,91.010000,85.52460547267540680744876962,2024-09-05,85.49651549934301943932720773,stop,182,-1.005120866547057239534891851,-0.060581
ADMA,2024-08-19,2024-08-20,O,19.29969671905155776123518059,18.15497105045492142266335815,16.45501701100702003072850268,2024-09-03,16.45042192108492926836303814,stop,588,-1.002703067150911398744044480,-0.093889
ADMA,2024-08-19,2024-08-20,A,0,18.120000,16.42004596055209860806514453,2024-09-04,16.27852119658119658119658120,stop_gap,588,-1.083252111931723402348307858,-0.101627
ADMA,2024-08-19,2024-08-20,C,2.794076557697680916457110925,17.90000000000000000000000000,16.20004596055209860806514453,2024-09-04,16.19552207170525356516984569,stop,588,-1.002661183033109694156016877,-0.095222
ADMA,2024-08-19,2024-08-20,X,0,17.930000,16.23004596055209860806514453,2024-09-04,16.22551369415708266318715929,stop,588,-1.002666111135856297106149106,-0.095063
MPWR,2024-08-23,2024-08-26,O,56.08720621306697724845290555,930.7109831094317748782988137,842.3922714019800022369126637,2024-09-03,840.6482448876580509093921983,stop,11,-1.019746965061026829193753938,-0.096768
MPWR,2024-08-23,2024-08-26,A,0,928.650000,840.3312882925482273586138500,2024-09-03,838.5915286848806267379310670,stop,11,-1.019698652460312221030810784,-0.096978
MPWR,2024-08-23,2024-08-26,C,5.241261833786484096046123105,915.3795230451731254299472595,827.0608113377213527885611095,2024-09-04,825.3485259418344445544651693,stop,11,-1.019387572155249593097569508,-0.098354
MPWR,2024-08-23,2024-08-26,X,0,912.250000,823.9312882925482273586138500,2024-09-06,822.2254820291904909441159618,stop,11,-1.019314211341851030451916483,-0.098684
PAGP,2024-08-23,2024-08-26,O,5.21920668058455114822546973,19.15999478079331941544885178,18.43547240404253877379400798,2024-09-10,18.43062988436719269058576159,stop,1380,-1.006683740669353820067324399,-0.038067
PAGP,2024-08-23,2024-08-26,A,0,19.150000,18.42547762324921935834515620,2024-09-10,18.42063772894313865980080496,stop,1380,-1.006680117083182253510290735,-0.038087
PAGP,2024-08-23,2024-08-26,C,2.617115938236063857628892960,19.11500130855796911803192881,18.39047893180718847637708501,2024-09-10,18.38564823074813746810905846,stop,1380,-1.006667428383254283520236208,-0.038156
PAGP,2024-08-23,2024-08-26,X,0,19.150000,18.42547762324921935834515620,2024-09-10,18.42063772894313865980080496,stop,1380,-1.006680117083182253510290735,-0.038087
AU,2024-08-29,2024-08-30,O,11.68029367595528116135491406,30.01501752044051393292174202,27.95334874769306049272882754,2024-09-10,27.14825296178875354580343734,stop_gap,485,-1.390506853742275752759384032,-0.095511
AU,2024-08-29,2024-08-30,A,0,29.980000,27.91833122725254655980708552,2024-09-10,27.14825296178875354580343734,stop_gap,485,-1.373521816716251279141933324,-0.094455
AU,2024-08-29,2024-08-30,C,1.685487948761166357660542727,29.66999999999999999999999999,27.60833122725254655980708551,2024-09-10,27.14825296178875354580343734,stop_gap,485,-1.223158186972331295244532865,-0.084993
AU,2024-08-29,2024-08-30,X,0,29.670000,27.60833122725254655980708552,2024-09-10,27.14825296178875354580343734,stop_gap,485,-1.223158186972331295244532870,-0.084993
KRYS,2024-09-06,2024-09-09,O,113.3587681497543435896028326,185.7014937007657892569922872,171.7081244522912895126189605,2024-09-11,198.7875250855913682098282893,target,71,0.9351594424803851239322886368,0.070468
KRYS,2024-09-06,2024-09-09,A,0,183.620000,169.6266307515255002556266733,2024-09-11,196.7154889042617778608728806,target,71,0.9358352996859133728475153234,0.071318
KRYS,2024-09-06,2024-09-09,C,13.79237175746644740332077874,188.6398206991671529361837569,174.6464514506926531918104302,2024-09-13,201.7125014384024689380375474,target,71,0.9342053730669936075098783622,0.0693
KRYS,2024-09-06,2024-09-09,X,0,187.690000,173.6966307515255002556266733,2024-09-12,200.7669963649419768123448526,target,71,0.9345137781144149983568139555,0.069673
EPI,2024-09-13,2024-09-16,O,3.003303633997397136850535589,49.77494443888277104815296829,48.90836092153308785340122681,2024-09-23,50.63645314633604854551590280,target,1153,0.9941438882752740916348612208,0.017308
EPI,2024-09-13,2024-09-16,A,0,49.760000,48.89341648265031680524825852,2024-09-23,50.62151020504210230656707851,target,1153,0.9941456164281812567247718831,0.017313
EPI,2024-09-13,2024-09-16,C,0.9997000899730080975707287815,50.02000000000000000000000001,49.15341648265031680524825853,2024-09-25,50.88148415032720101385237765,target,1153,0.9941155504110234677268446659,0.017223
EPI,2024-09-13,2024-09-16,X,0,50.000000,49.13341648265031680524825852,2024-09-25,50.86148615453603957483043155,target,1153,0.9941178631815740668805313714,0.01723
MEOH,2024-09-16,2024-09-17,O,39.94330627496456642185285402,38.96501997165313748228321091,35.70451707464124405937747436,2024-09-27,42.18804617789786275299719868,target,306,0.9885058557066414876205741617,0.082716
MEOH,2024-09-16,2024-09-17,A,0,38.810000,35.54949710298810657709426345,2024-09-27,42.03316379212041589609448510,target,306,0.9885480534534420553321534598,0.08305
MEOH,2024-09-16,2024-09-17,C,3.815337657382678367035482640,39.33500190766882869133918351,36.07449901065693526843344696,2024-09-27,42.55769974145861420822238748,target,306,0.9884051434958838487759215763,0.08193
MEOH,2024-09-16,2024-09-17,X,0,39.320000,36.05949710298810657709426345,2024-09-27,42.54271114852969699156804920,target,306,0.9884092271419752775106083492,0.081961
IBKR,2024-09-17,2024-09-18,O,20.09935909590807387462550722,33.06632788501649664378626418,31.53309754913790465652089578,2024-09-26,34.56535073311110230873026432,target,652,0.9776892701745401522683304029,0.045334
IBKR,2024-09-17,2024-09-18,A,0,32.95749797465048394530649870,31.42426763877189195804113030,2024-09-26,34.45662841943189150888007044,target,652,0.9777594466407136069884895912,0.045487
IBKR,2024-09-17,2024-09-18,C,5.750431282346175963197239795,32.63875790684301322599194940,31.10552757096442123872658100,2024-09-25,34.13820347983808700900054199,target,652,0.9779649788469920853525767497,0.045941
IBKR,2024-09-17,2024-09-18,X,0,32.54499800000000000000000000,31.01176766412140801273463160,2024-09-24,34.04453627044651185221065323,target,652,0.9780254377677875380975754610,0.046076
FWONK,2024-09-24,2024-09-25,O,84.47043534762833008447043535,78.05380116959064327485380121,74.70992577132047747340879641,2024-10-07,74.64692031981044398608123791,stop,299,-1.018842045233691154145132802,-0.043648
FWONK,2024-09-24,2024-09-25,A,0,77.400000,74.05612460172983419855499520,2024-10-23,79.20918529825016202203499676,time,299,0.5410444716887714333199596739,0.023374
FWONK,2024-09-24,2024-09-25,C,3.888528839922229423201555412,77.14998833441348023331173043,73.80611293614331443186672563,2024-10-18,80.42598048723928097485068025,target,299,0.9796992299774441278080899220,0.042463
FWONK,2024-09-24,2024-09-25,X,0,77.070000,73.72612460172983419855499520,2024-10-18,80.34605960974097266778176866,target,299,0.9797194032516058452759000576,0.042508
TQQQ,2024-09-24,2024-09-25,O,0.7020992768377448571227971635,35.57249736712771185845678580,32.13915430215577888560448153,2024-10-23,35.89249528993091898681180657,time,291,0.09320301430635597141755606545,0.008996
TQQQ,2024-09-24,2024-09-25,A,0,35.61999900599972094321194363,32.18665594102778797035963936,2024-10-23,35.89249528993091898681180657,time,291,0.07936762472451195519479902131,0.00765
TQQQ,2024-09-24,2024-09-25,C,0.6977880120019538064336054705,35.83250017444700300048845162,32.39915710947507002763614735,2024-10-23,35.89249528993091898681180657,time,291,0.01747425595071037176982758688,0.001674
TQQQ,2024-09-24,2024-09-25,X,0,35.83499900000000000000000000,32.40165593502806702714769573,2024-10-23,35.89249528993091898681180657,time,291,0.01674644474579734714949443908,0.001604
EFX,2024-09-25,2024-09-26,O,47.85177868978083544778025646,294.5628227440696149719871261,281.2688583414635855999231636,2024-10-04,281.0759574030221456536918193,stop,75,-1.014510414846877834195159095,-0.045786
EFX,2024-09-25,2024-09-26,A,0,293.160000,279.8660355973939706279360375,2024-10-17,276.6697205524240927745517089,stop_gap,75,-1.240433549253622265003192092,-0.05625
EFX,2024-09-25,2024-09-26,C,3.101523192501206147908194914,290.2099813908608449927631124,276.9160169882548156206991499,2024-10-17,276.7261013329580219744329822,stop,75,-1.014285855561608415851298116,-0.046462
EFX,2024-09-25,2024-09-26,X,0,290.620000,277.3260355973939706279360375,2024-10-17,277.1358387414873839942154861,stop,75,-1.014307008063697097795763677,-0.046398
COPX,2024-09-27,2024-09-30,O,6.27221409157432573698515576,48.01009408321137361488605480,45.42662786671584595586658944,2024-10-08,45.41709247043819779340733952,stop,387,-1.003690931283236569299447727,-0.05401
COPX,2024-09-27,2024-09-30,A,0,47.980000,45.39653378350447234098053464,2024-10-08,45.38700470420482824519107609,stop,387,-1.003688486127204052779267833,-0.054043
COPX,2024-09-27,2024-09-30,C,1.057194206575747964901152342,47.29499947140289671212601754,44.71153325490736905310655218,2024-10-23,44.70214796245251863978726029,stop,387,-1.003632829566310940211916102,-0.054823
COPX,2024-09-27,2024-09-30,X,0,47.270000,44.68653378350447234098053464,2024-10-23,44.67715373862968130984262940,stop,387,-1.003630798349480669241859885,-0.054852
BJ,2024-10-04,2024-10-07,O,20.08838891120932101245480112,87.17476898352752109280835676,83.84871125499985695451146465,2024-11-04,86.73507484085565177496128921,time,300,-0.1321967862736126913466437869,-0.005044
BJ,2024-10-04,2024-10-07,A,0,86.500000,83.17394227147233586170310789,2024-11-04,86.73507484085565177496128921,time,300,0.07067671701528513156935966704,0.002718
BJ,2024-10-04,2024-10-07,C,1.720479440270688765269255032,87.20500086023972013534438268,83.87894313171205599704749057,2024-11-04,86.73507484085565177496128921,time,300,-0.1412861885569524021938253509,-0.005389
BJ,2024-10-04,2024-10-07,X,0,87.110000,83.78394227147233586170310789,2024-11-04,86.73507484085565177496128921,time,300,-0.1127235874256203019258108531,-0.004304
RNR,2024-10-07,2024-10-08,O,43.19779943048641109582937838,258.1101834453635007651628151,245.0142621921266463897743984,2024-10-09,271.1140872462031824346677604,target,76,0.9929735792833643371791419836,0.050381
RNR,2024-10-07,2024-10-08,A,0,257.000000,243.9040787467631456246115833,2024-10-09,270.0042804747071427079912028,target,76,0.9930023419691026878019419945,0.0506
RNR,2024-10-07,2024-10-08,C,0.1911716912959528952952646772,261.5449999044141543520235522,248.4490786511772999766351355,2024-10-09,274.5477383072243006267353984,target,76,0.9928845898944546146882371514,0.049715
RNR,2024-10-07,2024-10-08,X,0,261.470000,248.3740787467631456246115833,2024-10-09,274.4727638495092236851456927,target,76,0.9928865329955610848343162751,0.049729
IVW,2024-10-08,2024-10-09,O,2.079866888519134775374376040,96.14999376039933444259567391,93.44401785398650293323105245,2024-11-06,98.85084361186444429440509909,target,369,0.9981056538842147355805178994,0.02809
IVW,2024-10-08,2024-10-09,A,0,96.130000,93.42402409358716849063537854,2024-11-06,98.83085088821701025805482812,target,369,0.9981060370184096666108960234,0.028096
IVW,2024-10-08,2024-10-09,C,0.5164488973816040902752672625,96.82500025822444869080204516,94.11902435181161718143742370,2024-11-06,99.28487317884625316324949646,time,369,0.9090520410001459733139143798,0.025405
IVW,2024-10-08,2024-10-09,X,0,96.740000,94.03402409358716849063537854,2024-11-06,99.28487317884625316324949646,time,369,0.9404640938654388565260921813,0.026306
HEI.A,2024-10-09,2024-10-10,O,34.26599285097990878836435350,203.4547772710464686305928756,195.6647515357100161557503828,2024-10-25,195.3052522901632254815144724,stop,128,-1.046148659550129694599732362,-0.040056
HEI.A,2024-10-09,2024-10-10,A,0,202.760000,194.9699742646635475251575072,2024-10-28,194.6117515490119162182536028,stop,128,-1.045984792325741862227723498,-0.040187
HEI.A,2024-10-09,2024-10-10,C,7.224173579453453902299280075,201.0051047505169020750815833,193.2150790151804496002390905,2024-10-28,192.8600806080118292489028681,stop,128,-1.045570890165138576728897817,-0.040521
HEI.A,2024-10-09,2024-10-10,X,0,201.100000,193.3099742646635475251575072,2024-10-28,192.9548015043202884498555493,stop,128,-1.045593271756748452665186678,-0.040503
CORT,2024-10-10,2024-10-11,O,85.0171138346030694490449376,45.77589267969526333222921498,42.23944646439565572732474951,2024-10-18,49.23665672611415089842288550,target,282,0.9785993722869871929048277483,0.075602
CORT,2024-10-10,2024-10-11,A,0,45.390000,41.85355378470039239509553453,2024-10-18,48.85135629565323679735473268,target,282,0.9787668424528805700859552978,0.076258
CORT,2024-10-10,2024-10-11,C,4.378283712784588441330998248,45.67999124343257443082311735,42.14354502813296682591865188,2024-10-18,49.14090247469115478857781455,target,282,0.9786409917068036263540603319,0.075764
CORT,2024-10-10,2024-10-11,X,0,45.430000,41.89355378470039239509553453,2024-10-18,48.89129490560719426282283178,target,282,0.9787494832051202210517041213,0.07619
STEP,2024-10-15,2024-10-16,O,39.13079676962784114561651819,60.29501956539838481392057282,57.52835365528886203708282218,2024-11-06,62.99948424045069117689270617,target,361,0.9775176197350282596466172742,0.044854
STEP,2024-10-15,2024-10-16,A,0,60.060000,57.29333408989047722316224936,2024-10-25,62.76469648787367580385385675,target,361,0.9776014075247004373799719334,0.045033
STEP,2024-10-15,2024-10-16,C,4.900359359686377000980071872,61.28001470107807905913100293,58.51334879096855628229325229,2024-11-04,58.45563383243727051249319319,stop,361,-1.020860834089288732850092691,-0.04609
STEP,2024-10-15,2024-10-16,X,0,60.970000,58.20333408989047722316224936,2024-11-06,63.67379890444444680500460474,target,361,0.9772769796904797646671019126,0.044346
XLG,2024-10-16,2024-10-17,O,4.122011541632316570486397362,48.58001648804616652926628196,47.48711136477904801020674279,2024-10-31,47.48218889029322039042751539,stop,914,-1.004504027276505419659674798,-0.022598
XLG,2024-10-16,2024-10-17,A,0,48.560000,47.46709487673288148094046083,2024-10-31,47.46217447713956408885163109,stop,914,-1.004502128765403170427264887,-0.022608
XLG,2024-10-16,2024-10-17,C,1.037882719252724442138038402,48.17499948105864037363777894,47.08209435779152185457823977,2024-11-07,49.26279753429317614584413087,target,914,0.9953270691811602748858273099,0.02258
XLG,2024-10-16,2024-10-17,X,0,48.160000,47.06709487673288148094046083,2024-11-07,49.24779960806827254429857104,target,914,0.9953284918423809708684745742,0.022587
CRBG,2024-10-21,2024-10-22,O,15.89319771137952956134774316,31.46993642720915448188175460,30.10823822573205350348952981,2024-11-05,30.09860358949981924636841316,stop,734,-1.007075456383641465909456536,-0.043576
CRBG,2024-10-21,2024-10-22,A,0,31.420000,30.05830179852289902160777521,2024-11-05,30.04868314194737169392086072,stop,734,-1.007063721289411631783925823,-0.043645
CRBG,2024-10-21,2024-10-22,C,1.602307322544464028200608877,31.22000160230732254446402820,29.85830340083022156607180341,2024-10-30,32.57127365984721250732893899,target,734,0.9923432784695600944001949898,0.043282
CRBG,2024-10-21,2024-10-22,X,0,31.250000,29.88830179852289902160777521,2024-11-05,29.87873754194737169392086072,stop,734,-1.007023771174223854018067535,-0.04388
WELL,2024-10-25,2024-10-28,O,23.29400084011150570893955016,131.0946622369878183831672204,127.0602513024064541901389743,2024-10-29,135.0980636695792256001587047,target,247,0.9923137472873286477338680414,0.030538
WELL,2024-10-25,2024-10-28,A,0,130.790000,126.7555890654186358069717539,2024-10-29,134.7934713466670565289435613,target,247,0.9923310767256984569004430156,0.03061
WELL,2024-10-25,2024-10-28,C,0.7651109410864575363427697015,130.7100000000000000000000000,126.6755890654186358069717539,2024-10-29,134.7134897051157676128569706,target,247,0.9923356271914315637093317280,0.030629
WELL,2024-10-25,2024-10-28,X,0,130.570000,126.5355890654186358069717539,2024-10-29,134.5735218324010120097054369,target,247,0.9923435905064645006248869808,0.030662
EXLS,2024-11-01,2024-11-04,O,20.41551579200192146030983548,41.80517353188423201633241265,40.20215793467661732700854180,2024-11-06,43.38236629201326737983495317,target,623,0.9838910880695349347399136823,0.037727
EXLS,2024-11-01,2024-11-04,A,0,41.720000,40.11698440279238531067612915,2024-11-06,43.29724342850017410949678943,target,623,0.9839226962280750064346955225,0.037805
EXLS,2024-11-01,2024-11-04,C,2.372479240806642941874258600,42.14999762752075919335705813,40.54698203031314450403318728,2024-11-06,43.72698525731330643837237399,target,623,0.9837631227915641858278589481,0.037414
EXLS,2024-11-01,2024-11-04,X,0,42.120000,40.51698440279238531067612915,2024-11-06,43.69700547490112592389298217,target,623,0.9837742550030097664581299760,0.037441
VSEC,2024-11-04,2024-11-05,O,124.5053566258083196602644532,105.0619920857060129331145642,98.58075723427272336795031773,2024-11-06,111.1931958902654343942047140,target,154,0.9459931548697914169085344581,0.058358
VSEC,2024-11-04,2024-11-05,A,0,103.770000,97.28876514856671043483575353,2024-11-06,109.9052581730292102046041076,target,154,0.9466187098084297139219455009,0.059124
VSEC,2024-11-04,2024-11-05,C,10.81996518793809098179423249,106.5151244295996612880462906,100.0338895781663717228820441,2024-11-06,112.6417681954230148149682446,target,154,0.9452895792641243106480216099,0.057519
VSEC,2024-11-04,2024-11-05,X,0,106.310000,99.82876514856671043483575353,2024-11-06,112.4372874617321390748969947,target,154,0.9453888961263489834899213676,0.057636
CDRE,2024-11-15,2024-11-18,O,75.9572159355138738180127112,32.29344287707332196558673074,29.62980917703916797222667848,2024-12-04,34.90833704353753524885684945,target,375,0.9817018632970007266200010968,0.080973
CDRE,2024-11-15,2024-11-18,A,0,32.050000,29.38636629996584600663994774,2024-12-03,34.66523359107980738051106071,target,375,0.9818292924609994194680908742,0.081599
CDRE,2024-11-15,2024-11-18,C,6.43293663557413959472499196,31.13001286587327114827918944,28.46637916583911715491913718,2024-11-25,33.74652916558315452564005453,target,375,0.9823108559094794223810223897,0.084051
CDRE,2024-11-15,2024-11-18,X,0,31.000000,28.33636629996584600663994774,2024-11-25,33.61669757248956725657612655,target,375,0.9823789106047183191090718021,0.08441
BRBR,2024-11-19,2024-11-20,O,33.90750033907500339075003391,74.03016953750169537501695372,70.43918172972855635771348229,2024-11-22,77.56897856243988223152967466,target,278,0.9854695182417482158821405077,0.047802
BRBR,2024-11-19,2024-11-20,A,0,73.780000,70.18901219222686098269652857,2024-11-22,77.31897719483432943205387243,target,278,0.9855163493381330465180506223,0.047967
BRBR,2024-11-19,2024-11-20,C,1.341741580571581913323493895,74.53999999999999999999999997,70.94901219222686098269652854,2024-11-22,78.07846630481012937827597511,target,278,0.9853740792855602784119461988,0.047471
BRBR,2024-11-19,2024-11-20,X,0,74.410000,70.81901219222686098269652857,2024-11-22,77.94855369389321622958008915,target,278,0.9853984149524477255879903765,0.047555
LYV,2024-11-19,2024-11-20,O,24.50616367146888459824743799,135.0902450616367146888459825,128.9036607259580647277930266,2024-12-19,132.1657425024775188107909708,time,161,-0.4727168337936165251050274768,-0.021649
LYV,2024-11-19,2024-11-20,A,0,134.760000,128.5734156643213500389470441,2024-11-25,140.8788591242070616243501768,target,161,0.9890528912568102764284759530,0.045406
LYV,2024-11-19,2024-11-20,C,1.835199119104422829877041659,136.2500000000000000000000000,130.0634156643213500389470441,2024-12-19,132.1657425024775188107909708,time,161,-0.6601797172582227879390550435,-0.029976
LYV,2024-11-19,2024-11-20,X,0,136.510000,130.3234156643213500389470441,2024-12-19,132.1657425024775188107909708,time,161,-0.7022061386068422553221929288,-0.031824
ALGT,2024-11-21,2024-11-22,O,99.6677740863787375415282392,76.61607973421926910299003323,69.63209040609920114868634063,2024-11-25,83.39896363646933150036505618,target,143,0.9712047919288360952658924478,0.088531
ALGT,2024-11-21,2024-11-22,A,0,75.860000,68.87601067187993204569630740,2024-11-25,82.64470270142866671158155251,target,143,0.9714652160350530350087369009,0.089437
ALGT,2024-11-21,2024-11-22,C,12.05354310727653365476114952,79.00511450865951912706972023,72.02112518053945117276602763,2024-11-25,85.78225143173694715405979107,target,143,0.9703819127830311392235432177,0.085781
ALGT,2024-11-21,2024-11-22,X,0,79.090000,72.10601067187993204569630740,2024-11-25,85.86693272548431979005499377,target,143,0.9703526748241061357812755108,0.085686
MAGS,2024-11-21,2024-11-22,O,7.840062720501764014112112895,51.07000784006272050176401410,48.99414158148883848645251702,2024-12-04,53.13550417198321000926730133,target,481,0.9950045304650230035753825215,0.040444
MAGS,2024-11-21,2024-11-22,A,0,51.030000,48.95413374142611798468850292,2024-12-04,53.09550413832830662369875337,target,481,0.9950082910193385206018059371,0.040476
MAGS,2024-11-21,2024-11-22,C,2.937432683834328796631743856,51.07499853128365808283560166,48.99913227270977606752410458,2024-12-04,53.14049388941073862690843589,target,481,0.9950040613628325607163500483,0.04044
MAGS,2024-11-21,2024-11-22,X,0,51.040000,48.96413374142611798468850292,2024-12-04,53.10550218710879442857680215,target,481,0.9950073510649921670906942237,0.040468
VIAV,2024-11-26,2024-11-27,O,44.05286343612334801762114538,10.24493392070484581497797357,9.678985856779663650901844475,2024-12-12,10.80548463965517524416690640,target,1766,0.9904631797175539783411578988,0.054715
VIAV,2024-11-26,2024-11-27,A,0,10.200000,9.634051936074817835923870905,2024-12-04,10.76057315226071627183245654,target,1766,0.9905028181787782370876492753,0.054958
VIAV,2024-11-26,2024-11-27,C,5.053057099545224861040929765,9.900000000000000000000000000,9.334051936074817835923870905,2024-12-03,10.46072292759771078007010008,target,1766,0.9907674631993049057774592536,0.056639
VIAV,2024-11-26,2024-11-27,X,0,9.880000,9.314051936074817835923870905,2024-12-03,10.44073291262017708061927631,target,1766,0.9907851062006733503567799082,0.056754
MAX,2024-11-27,2024-11-29,O,89.2510671323244082266201009,12.97477687233216918897943345,11.41475541912117871951357666,2024-12-04,11.38796021860680975538326310,stop,641,-1.017176174378382061284763183,-0.1223
MAX,2024-11-27,2024-11-29,A,0,12.860000,11.29997854678900953053414321,2024-12-05,11.27345277555241561144838231,stop,641,-1.017003465677985359012762362,-0.123371
MAX,2024-11-27,2024-11-29,C,3.944773175542406311637080868,12.66999605522682445759368836,11.10997460201583398812783157,2024-12-06,11.08389484942894235904771929,stop,641,-1.016717560218939106602910663,-0.125186
MAX,2024-11-27,2024-11-29,X,0,12.630000,11.06997854678900953053414321,2024-12-06,11.04399268165570199642490813,stop,641,-1.016657376781467239452151076,-0.125575
AROC,2024-11-29,2024-12-02,O,31.23779773525966419367434596,25.65990628660679422100741899,24.14387242404968940004635979,2024-12-18,24.13429532273114529477065715,stop,659,-1.006317208048631804384324403,-0.059455
AROC,2024-11-29,2024-12-02,A,0,25.580000,24.06396613744289517903894080,2024-12-18,24.05442073239035932216506577,stop,659,-1.006296300688452668220228456,-0.05964
AROC,2024-11-29,2024-12-02,C,1.968116512497539854359378075,25.41500098405825624876992718,23.89896712150115142780886798,2024-12-11,26.92035216718393887176599987,target,659,0.9929535350790887688056047693,0.059231
AROC,2024-11-29,2024-12-02,X,0,25.390000,23.87396613744289517903894080,2024-12-11,26.89536110021574936486389099,target,659,0.9929600765491124097309365264,0.05929
REG,2024-11-29,2024-12-02,O,19.27038341418034420891753605,75.63547212439364741843311851,73.48294593099010317251638261,2024-12-09,73.45833182704055198903258936,stop,464,-1.011434984635718512360933098,-0.028785
REG,2024-11-29,2024-12-02,A,0,75.590000,73.43747380659645575408326410,2024-12-09,73.41287493414834278571919789,stop,464,-1.011427908530682070837707423,-0.028802
REG,2024-11-29,2024-12-02,C,1.339225927413954734163653408,74.67999999999999999999999997,72.52747380659645575408326407,2024-12-19,72.50317975092331431382263459,stop,464,-1.011286299673189119222867488,-0.029149
REG,2024-11-29,2024-12-02,X,0,74.630000,72.47747380659645575408326410,2024-12-19,72.45319649909776329888326301,stop,464,-1.011278518966733462540733427,-0.029168
ZETA,2024-12-03,2024-12-04,O,17.39852883198543998666002461,24.28217403388873270652766389,19.15220947231956045763299367,2024-12-18,19.13415837950870319047217087,stop,194,-1.003518755849910926700535879,-0.212008
ZETA,2024-12-03,2024-12-04,A,0,24.240000,19.11003543843082775110532978,2024-12-18,19.09202409494503055247092325,stop,194,-1.003511007389939517101156997,-0.212375
ZETA,2024-12-03,2024-12-04,C,1.895734597156398104265402844,26.36999810426540284360189573,21.24003354269623059470722551,2024-12-11,21.22001466094062623033898119,stop,194,-1.003902343089380117644852335,-0.195297
ZETA,2024-12-03,2024-12-04,X,0,26.310000,21.18003543843082775110532978,2024-12-11,21.16007310531260830930409950,stop,194,-1.003891319887035104707024107,-0.19574
VRT,2024-12-04,2024-12-05,O,12.81568036185450433471541651,133.1704485488126649076517151,120.8992393730164471274885826,2024-12-10,120.8045790685224556510455991,stop,81,-1.007714016046658208783257133,-0.092857
VRT,2024-12-04,2024-12-05,A,0,132.140000,119.8687908242037822198368675,2024-12-17,119.7749373285358996119319954,stop,81,-1.007648267935404411439123850,-0.093575
VRT,2024-12-04,2024-12-05,C,2.966258806080830552465702632,134.8900000000000000000000000,122.6187908242037822198368675,2024-12-09,122.5227841649700370415580347,stop,81,-1.007823732597037714767650800,-0.091684
VRT,2024-12-04,2024-12-05,X,0,134.580000,122.3087908242037822198368675,2024-12-09,122.2130268852265524585820085,stop,81,-1.007803952944271778756071395,-0.091893
AD,2024-12-12,2024-12-13,O,98.8362824804718635421648334,63.48128487167224613422604812,59.66871263213752398628609930,2025-01-08,59.50157338106711075383151639,stop,262,-1.043838972895320282665604346,-0.062691
AD,2024-12-12,2024-12-13,A,0,62.860000,59.04742776046527785206005118,2025-01-15,62.36029260268070847295356630,time,262,-0.1310683092473743418029489133,-0.00795
AD,2024-12-12,2024-12-13,C,12.76527844263602999840434020,62.73998723472155736397000159,58.92741499518683521603005277,2025-01-15,62.36029260268070847295356630,time,262,-0.09959014759211119393096044374,-0.006052
AD,2024-12-12,2024-12-13,X,0,62.970000,59.15742776046527785206005118,2025-01-15,62.36029260268070847295356630,time,262,-0.1599202215755782936304667167,-0.009683
AAPL,2024-12-20,2024-12-23,O,0.9812964889211626400800737935,254.7950004906482444605813199,246.2322921427679412303449998,2025-01-02,246.2225822846448777049208764,stop,116,-1.001133970436522832042437643,-0.033644
AAPL,2024-12-20,2024-12-23,A,0,254.660000,246.0972916521196967697636799,2025-01-02,246.0875871175697492285842263,stop,116,-1.001133348720483968930376949,-0.033662
AAPL,2024-12-20,2024-12-23,C,0.1958135072157277408995672522,255.3550000979067536078638705,246.7922917500264503776275504,2025-01-02,246.7825598090291702620718255,stop,116,-1.001136549395576372239538557,-0.033571
AAPL,2024-12-20,2024-12-23,X,0,255.270000,246.7072916521196967697636799,2025-01-02,246.6975630629934646747768995,stop,116,-1.001136157945708895400395236,-0.033582
IVW,2024-12-27,2024-12-30,O,4.898119122257053291536050156,102.0499608150470219435736677,99.00357733993518866238732809,2025-01-22,105.0912063608364324012339863,target,328,0.9983134331693963087744839629,0.029802
IVW,2024-12-27,2024-12-30,A,0,102.160000,99.11361652488816671881366039,2025-01-22,105.2012401662154699551887260,target,328,0.9983116672807665770935527146,0.029769
IVW,2024-12-27,2024-12-30,C,0.4867364322219518130932100268,102.7550012168410805548795327,99.70861774172924727369319309,2025-01-13,99.63117554858934169278996865,stop_gap,328,-1.025421025873002631150605136,-0.030401
IVW,2024-12-27,2024-12-30,X,0,102.420000,99.37361652488816671881366039,2025-01-22,105.4612274553868217029276651,target,328,0.9983074948485195876877714245,0.029694
ENVA,2025-01-03,2025-01-06,O,38.03042433947157726180944756,100.1895816653322658126501201,94.45674622110706169795694965,2025-01-10,94.33267451242014729944493183,stop,174,-1.021642293746961501815052589,-0.058458
ENVA,2025-01-03,2025-01-06,A,0,99.810000,94.07716455577479588530682955,2025-01-13,93.95359143874690133680637600,stop,174,-1.021555322532826602649040311,-0.058676
ENVA,2025-01-03,2025-01-06,C,8.116883116883116883116883115,98.63999999999999999999999997,92.90716455577479588530682952,2025-01-15,104.2357386612834108790166006,target,174,0.9760856936718995704891457758,0.056729
ENVA,2025-01-03,2025-01-06,X,0,98.930000,93.19716455577479588530682955,2025-01-15,104.5253577377712354723277050,target,174,0.9760192477541889691319960173,0.056559
PAYO,2025-01-08,2025-01-10,O,25.11300853842290306378704169,9.964962330487192365645404318,9.299245111313210279441455182,2025-01-16,10.62528052500416014283368593,target,1502,0.9918899128616300682827341628,0.066264
PAYO,2025-01-08,2025-01-10,A,0,9.930000,9.264282780826017913796050864,2025-01-16,10.59033595090624517300628335,target,1502,0.9919165854318535452100897645,0.066499
PAYO,2025-01-08,2025-01-10,C,5.06842372022301064368981247,9.875002534211860111505321842,9.209285315037878025301372706,2025-01-16,10.53536641679194385225588892,target,1502,0.9919585426969416034653056259,0.066872
PAYO,2025-01-08,2025-01-10,X,0,9.870000,9.204282780826017913796050864,2025-01-16,10.53036642322722028727748700,target,1502,0.9919623591028619714957081793,0.066906
RECS,2025-01-14,2025-01-15,O,21.47458840372226198997852541,35.02505368647100930565497496,34.16004224353580372058776858,2025-01-23,35.85927582560632394286053806,target,1156,0.9644059000012590044475041090,0.023818
RECS,2025-01-14,2025-01-15,A,0,34.950000,34.08498855706479441493279362,2025-01-22,35.78428652605536411616380300,target,1156,0.9644803347622963817473001062,0.023871
RECS,2025-01-14,2025-01-15,C,9.97577312241698731651703007,35.12000000000000000000000000,34.25498855706479441493279362,2025-01-23,35.95414068676454341270369433,target,1156,0.9643117366564426217575189750,0.023751
RECS,2025-01-14,2025-01-15,X,0,35.100000,34.23498855706479441493279362,2025-01-23,35.93415784432816937781664830,target,1156,0.9643315717277195346974932359,0.023765
APP,2025-02-03,2025-02-04,O,22.59736807124817227170011964,375.2761132526917453143692676,333.6153032752170807319080742,2025-02-13,416.6824722232998052811791939,target,24,0.9938923173360243783958784061,0.110336
APP,2025-02-03,2025-02-04,A,0,375.000000,333.3391900225253354175388066,2025-02-13,416.4065274788193556185800866,target,24,0.9938963621016299141853196176,0.110417
APP,2025-02-03,2025-02-04,C,5.91428233469580874525214557,380.8351034999408571766530421,339.1742935224661925941918487,2025-02-13,422.2380698934304993664963870,target,24,0.9938108840388740808068721444,0.108716
APP,2025-02-03,2025-02-04,X,0,380.260000,338.5991900225253354175388066,2025-02-13,421.6633173714348880611547169,target,24,0.9938193086937340232680933545,0.108882
AXP,2025-02-07,2025-02-10,O,11.48141740457054780516191944,318.8156257372485490948553813,306.0552337764735182417313420,2025-02-10,305.8564707983098128785401929,stop,78,-1.015576557426660195679445967,-0.040648
AXP,2025-02-07,2025-02-10,A,0,318.450000,305.6896080392249691468759607,2025-02-12,305.4910825112088469432476479,stop,78,-1.015557949052535554958083422,-0.040694
AXP,2025-02-07,2025-02-10,C,2.577734815530852263573384888,310.4299999999999999999999998,297.6696080392249691468759605,2025-02-21,297.4762909798411368510278789,stop,78,-1.015149774393927845557725248,-0.041728
AXP,2025-02-07,2025-02-10,X,0,310.260000,297.4996080392249691468759607,2025-02-21,297.3064013837897015996965374,stop,78,-1.015141122312635662191383489,-0.041751
ARES,2025-02-10,2025-02-11,O,53.60934182590233545647558385,188.9877484076433121019108280,177.6925022018806827042274825,2025-02-20,177.4519090175735435649507447,stop,88,-1.021300393096734170153394804,-0.06104
ARES,2025-02-10,2025-02-11,A,0,187.980000,176.6847537942373706023166545,2025-02-20,176.4455250873019322214101382,stop,88,-1.021179592067093521257619174,-0.06136
ARES,2025-02-10,2025-02-11,C,3.754760499919540846430295554,186.5200075095209998390816929,175.2247613037583704413983474,2025-02-21,174.9875094064125104294272166,stop,88,-1.021004579539383427023618286,-0.06183
ARES,2025-02-10,2025-02-11,X,0,186.370000,175.0747537942373706023166545,2025-02-21,174.8377050049795752023460135,stop,88,-1.020986597807567701754689908,-0.061878
CALM,2025-02-11,2025-02-12,O,14.20076329102689269548238218,113.2305680305316410757078193,105.1164395319991023628723581,2025-02-13,105.0231850611580811577952889,stop,123,-1.011492851124786416579653464,-0.072484
CALM,2025-02-11,2025-02-12,A,0,112.600000,104.4858715014674612871645388,2025-02-13,104.3931764415832637523107732,stop,123,-1.011423908297848829733097830,-0.072885
CALM,2025-02-11,2025-02-12,C,2.819813892283109314785224175,106.4800169188833536986558887,98.36588842035081498582042747,2025-02-14,98.27862272799777132454840793,stop,123,-1.010754783137687046634573911,-0.077023
CALM,2025-02-11,2025-02-12,X,0,106.150000,98.03587150146746128716453877,2025-02-14,97.94889858494735175798855887,stop,123,-1.010718700909880686238814818,-0.07726
VCTR,2025-02-11,2025-02-12,A,0,67.650000,63.07983147841768212157596733,2025-02-25,62.94497595959172467361977838,stop,218,-1.029507778146278676621483148,-0.06955
VCTR,2025-02-11,2025-02-12,C,8.122277191168869526692756405,67.79502030569297792217381676,63.22485178411066004374978409,2025-02-25,63.08968623293194945464040379,stop,218,-1.029575616422107901281344335,-0.069405
VCTR,2025-02-11,2025-02-12,X,0,67.860000,63.28983147841768212157596733,2025-02-25,63.15452701008932880189106478,stop,218,-1.029606012926960338023097709,-0.069341
ATAT,2025-02-27,2025-02-28,O,25.84869894881957608133723936,28.79423746338100982250560055,25.69247233949652767216446354,2025-03-06,31.86493505227789571443162710,target,322,0.9899839176253652097246824582,0.106643
ATAT,2025-02-27,2025-02-28,A,0,28.720000,25.61823487611551784965886299,2025-03-06,31.79076989811446479759729824,target,322,0.9900072299055317845345381054,0.106921
ATAT,2025-02-27,2025-02-28,C,1.625223468226881196164472615,30.65498130993011539086624410,27.55321618604563324052510709,2025-03-25,27.52637863781247190944667354,stop,322,-1.008652347022185691324105141,-0.102059
ATAT,2025-02-27,2025-02-28,X,0,30.710000,27.60823487611551784965886299,2025-03-25,27.58134373824917156603906540,stop,322,-1.008669624163118219379550779,-0.101877
ADSK,2025-02-28,2025-03-03,O,27.87519107993885441956658574,279.0356550669903785630788599,262.9992374296739084270109091,2025-03-04,262.7584691317523271864613111,stop,62,-1.015013845571177787279947489,-0.058334
ADSK,2025-02-28,2025-03-03,A,0,278.260000,262.2235823626835298639320492,2025-03-06,261.9835241548446374044899387,stop,62,-1.014969565726467556386189245,-0.058494
ADSK,2025-02-28,2025-03-03,C,7.35186002058520805763858256,272.4201323334803705337450374,256.3837146961639003976770866,2025-03-07,256.1490027205494689966416788,stop,62,-1.014636185021039901068166699,-0.059728
ADSK,2025-02-28,2025-03-03,X,0,272.030000,255.9935823626835298639320492,2025-03-07,255.7592275420890682863941194,stop,62,-1.014613913524497011722241352,-0.059812
ROL,2025-03-04,2025-03-05,O,28.67520550563945708277575990,52.20928311986235901357293061,50.34540620110821043348182941,2025-03-13,50.32147550132633563053787950,stop,536,-1.012839206033985627126008838,-0.036158
ROL,2025-03-04,2025-03-05,A,0,52.060000,50.19612308124585141990889880,2025-03-13,50.17226334026227605560625173,stop,536,-1.012801135495322125205531460,-0.036261
ROL,2025-03-04,2025-03-05,C,1.902949571836346336822074215,52.55999999999999999999999998,50.69612308124585141990889878,2025-03-12,50.67202567508497783334177790,stop,536,-1.012928646692497678122689346,-0.03592
ROL,2025-03-04,2025-03-05,X,0,52.610000,50.74612308124585141990889880,2025-03-12,50.72200190856724801111533054,stop,536,-1.012941397812215233414405135,-0.035887
DEI,2025-03-05,2025-03-06,O,35.62945368171021377672209026,16.83978622327790973871733967,15.74677870435791757864635020,2025-03-13,15.73262217570551309775454947,stop,914,-1.012951904179389945045896105,-0.065747
DEI,2025-03-05,2025-03-06,A,0,16.780000,15.68699248108000783992901053,2025-03-13,15.67288970090522809059733926,stop,914,-1.012902729332287483408187127,-0.065978
DEI,2025-03-05,2025-03-06,C,3.016591251885369532428355958,16.58000000000000000000000001,15.48699248108000783992901054,2025-03-13,15.47306950312278877384576600,stop,914,-1.012738227062679725367062923,-0.066763
DEI,2025-03-05,2025-03-06,X,0,16.580000,15.48699248108000783992901053,2025-03-13,15.47306950312278877384576599,stop,914,-1.012738227062679725367062923,-0.066763
ROL,2025-03-05,2025-03-06,O,13.42796854018799155956263188,52.22002685593708037598311912,50.37499828852251383732709658,2025-03-13,50.36052964372925701190708880,stop,541,-1.007841962476240515673252629,-0.035609
ROL,2025-03-05,2025-03-06,A,0,52.150000,50.30497143258543346134397746,2025-03-13,50.29052290081925286772176282,stop,541,-1.007831061275342354986578775,-0.035656
ROL,2025-03-05,2025-03-06,C,0.966650555824069598840019333,51.72499951667472208796520058,49.87997094926015554930917804,2025-03-26,53.55464176678414091327705235,target,541,0.9916606617496939261477247308,0.035372
ROL,2025-03-05,2025-03-06,X,0,51.700000,49.85497143258543346134397746,2025-03-10,53.52964943043972271868321564,target,541,0.9916645534673782518427393233,0.03539
TS,2025-03-05,2025-03-06,O,5.37056928034371643394199785,37.23998925886143931256713212,35.34707933426693202537031642,2025-03-18,39.12767519477840609160752492,target,528,0.9972402338802996274600850215,0.05069
TS,2025-03-05,2025-03-06,A,0,37.260000,35.36709007540549271280318430,2025-03-18,39.14768326461258304379977968,target,528,0.9972388226645048201723932380,0.050662
TS,2025-03-05,2025-03-06,C,1.337792642140468227424749164,37.38000000000000000000000000,35.48709007540549271280318430,2025-03-10,35.48235277863931923893950746,stop,528,-1.002502653034157598086291678,-0.050766
TS,2025-03-05,2025-03-06,X,0,37.350000,35.45709007540549271280318430,2025-03-10,35.45235678344508615924387270,stop,528,-1.002500537346709988448866477,-0.050807
GWRE,2025-03-14,2025-03-17,O,44.96451595427704642721707568,185.8619784387019881900427976,171.0135774504171434680094806,2025-03-25,200.4829665441810983117962992,target,67,0.9846843520063096494559530855,0.078666
GWRE,2025-03-14,2025-03-17,A,0,185.030000,170.1815990117151552779666830,2025-03-25,199.6519307703064976870922764,target,67,0.9847478379552769027708989333,0.079025
GWRE,2025-03-14,2025-03-17,C,3.395053667963751273145125486,191.5250016975268339818756367,176.6766007092419892598423197,2025-04-04,176.4764190584159924339833642,stop,67,-1.013481697523116260515380836,-0.078572
GWRE,2025-03-14,2025-03-17,X,0,191.510000,176.6615990117151552779666830,2025-04-04,176.4614343584121131532017870,stop,67,-1.013480552785513328598817539,-0.078578
FXN,2025-03-19,2025-03-20,O,21.27013065937405044059556366,16.49501063506532968702522029,15.65040964365437508307537831,2025-04-03,15.64569140137410544934517771,stop,1183,-1.005586356549721233735548985,-0.051489
FXN,2025-03-19,2025-03-20,A,0,16.460000,15.61539900858904539605015802,2025-04-03,15.61069132121835228619304311,stop,1183,-1.005573859631432171241446827,-0.051598
FXN,2025-03-19,2025-03-20,C,3.005710850616170724376314998,16.64500150285542530808536218,15.80040051144447070413552020,2025-04-03,15.75641446368884837435429960,stop_gap,1183,-1.052079086104482429593885362,-0.053385
FXN,2025-03-19,2025-03-20,X,0,16.580000,15.73539900858904539605015802,2025-04-03,15.73065514394973606671761350,stop,1183,-1.005616693193059636613524793,-0.051227
FAS,2025-03-20,2025-03-21,O,24.08854166666666666666666666,154.2005540364583333333333334,136.9175994147512260534842667,2025-04-03,136.8419862779532930760970974,stop,57,-1.004375012169676365340296572,-0.112571
FAS,2025-03-20,2025-03-21,A,0,153.830000,136.5470453782928927201509333,2025-04-04,123.3521471774739583333333333,stop_gap,57,-1.763463105101621852328999994,-0.198127
FAS,2025-03-20,2025-03-21,C,4.534853589012697590049235554,154.5000317439751230888831304,137.2170771222680158090340637,2025-04-03,137.1412985980475513881279279,stop,57,-1.004384581564849324923916829,-0.112354
FAS,2025-03-20,2025-03-21,X,0,153.920000,136.6370453782928927201509333,2025-04-04,123.3521471774739583333333333,stop_gap,57,-1.768670548040050995542847592,-0.198596
TLN,2025-03-21,2025-03-24,O,79.4233771003580938389495914,221.0719929299421540721696814,193.3582850330652508382434364,2025-03-31,188.7984917262877605362225691,stop_gap,36,-1.164532054813615894043710438,-0.145986
TLN,2025-03-21,2025-03-24,A,0,219.000000,191.2862921031230967660737550,2025-03-31,188.7984917262877605362225691,stop_gap,36,-1.089767864556142267680602229,-0.137906
TLN,2025-03-21,2025-03-24,C,8.201950241501868221999453205,219.7100574136516905130775539,191.9963495167747872791513089,2025-03-31,188.7984917262877605362225691,stop_gap,36,-1.115389027061492476803686163,-0.140693
TLN,2025-03-21,2025-03-24,X,0,218.960000,191.2462921031230967660737550,2025-03-31,188.7984917262877605362225691,stop_gap,36,-1.088324535494984498303835358,-0.137749
BCS,2025-03-25,2025-03-26,O,3.089280197713932653691689836,16.18499845535990114303367315,15.21304756398094299261411657,2025-03-31,15.04535063330244053135619401,stop_gap,1028,-1.172536423564139082932381627,-0.070414
BCS,2025-03-25,2025-03-26,A,0,16.190000,15.21804910862104184958044342,2025-03-31,15.04535063330244053135619401,stop_gap,1028,-1.177682305608655654114227114,-0.070701
BCS,2025-03-25,2025-03-26,C,3.112356053532524120759414877,16.06999999999999999999999999,15.09804910862104184958044341,2025-03-31,15.04535063330244053135619401,stop_gap,1028,-1.054219277728975795567219122,-0.063762
BCS,2025-03-25,2025-03-26,X,0,16.060000,15.08804910862104184958044342,2025-03-31,15.04535063330244053135619401,stop_gap,1028,-1.043930692072335807354968468,-0.063179
TRGP,2025-03-27,2025-03-28,O,17.87467586415246343244127792,198.6043654490068225875481484,185.9997098088400221426081153,2025-04-03,185.8916769462524992125017998,stop,79,-1.008570869817598071660386673,-0.06401
TRGP,2025-03-27,2025-03-28,A,0,198.250000,185.6453443598331995550599669,2025-04-03,185.5375173207595824538764426,stop,79,-1.008554540651631019091972167,-0.064123
TRGP,2025-03-27,2025-03-28,C,3.531786074672048435923309788,198.2099788092835519677093845,185.6053231691167515227693514,2025-04-03,185.4975193752611065497896374,stop,79,-1.008552696474476503778752520,-0.064136
TRGP,2025-03-27,2025-03-28,X,0,197.820000,185.2153443598331995550599669,2025-04-03,185.1077670745412436069358633,stop,79,-1.008534726244257185592507002,-0.064262
IYE,2025-03-28,2025-03-31,O,10.28594939312898580538983748,48.71005142974696564492902696,46.92927438843346589628071696,2025-04-03,46.92452494258907428957124619,stop,561,-1.002667063722299799631626516,-0.036656
IYE,2025-03-28,2025-03-31,A,0,48.660000,46.87922295868650025135169000,2025-04-03,46.87447857826359907735600619,stop,561,-1.002664219221627948840654135,-0.036694
IYE,2025-03-28,2025-03-31,C,2.026753141467369274422375354,49.35000000000000000000000002,47.56922295868650025135169002,2025-04-03,47.37122203003497222793663855,stop_gap,561,-1.111187938780636285480164339,-0.040097
IYE,2025-03-28,2025-03-31,X,0,49.300000,47.51922295868650025135169000,2025-04-03,47.37122203003497222793663855,stop_gap,561,-1.083110308150852312510062094,-0.039123
SHLD,2025-03-28,2025-03-31,O,13.05199042854035240374157059,46.03000000000000000000000000,44.17378659956456605627742180,2025-04-03,47.86037086756957564154032101,target,538,0.9860778222698984322448957580,0.039765
SHLD,2025-03-28,2025-03-31,A,0,45.970000,44.11378659956456605627742180,2025-04-03,47.80040324749402248449768744,target,538,0.9860952663441838819756787202,0.039817
SHLD,2025-03-28,2025-03-31,C,10.74113856068743286788399570,46.58998925886143931256713214,44.73377585842600536884455394,2025-04-04,44.70963458705070801030767075,stop,538,-1.013005655152384017281194473,-0.04036
SHLD,2025-03-28,2025-03-31,X,0,46.550000,44.69378659956456605627742180,2025-04-04,44.66966690900894567524327316,stop,538,-1.012994028892347366843008838,-0.040394
OUNZ,2025-04-02,2025-04-03,O,1.692333728211203249280758166,29.54499915383313589439837537,28.94251701337534305925093683,2025-04-03,30.14248419810424036078573670,target,1659,0.9917058185610425697865340430,0.020223
OUNZ,2025-04-02,2025-04-03,A,0,29.550000,28.94751785954220716485256146,2025-04-03,30.14748421535577762002475539,target,1659,0.9917044427271859570150350747,0.020219
OUNZ,2025-04-02,2025-04-03,C,1.669727834362998831190515946,29.95000000000000000000000001,29.34751785954220716485256147,2025-04-04,29.34265336130591639621923600,stop,1659,-1.008074095329356162559854174,-0.020279
OUNZ,2025-04-02,2025-04-03,X,0,29.970000,29.36751785954220716485256146,2025-04-04,29.36265004620563461269528439,stop,1659,-1.008079597733592186158356635,-0.020265
FXN,2025-04-04,2025-04-07,O,27.12127082526152654010073615,12.91493219682293684618364975,11.79971986656710874296017452,2025-04-09,14.00926633581823107299431676,target,896,0.9812787298937553448753626126,0.084734
FXN,2025-04-04,2025-04-07,A,0,12.880000,11.76478766974417189677652476,2025-04-07,13.97438612143104264473653555,target,896,0.9813253420359798603000943760,0.084968
FXN,2025-04-04,2025-04-07,C,7.47943156320119670905011219,13.39010755422587883320867614,12.27489522397005072998520090,2025-04-09,14.48373458703456153920531782,target,896,0.9806446746852289903714726875,0.081674
FXN,2025-04-04,2025-04-07,X,0,13.370000,12.25478766974417189677652476,2025-04-09,14.46365695476437597806986888,target,896,0.9806715054105370651303515865,0.081799
STRA,2025-04-07,2025-04-08,O,101.2514936167536632916168794,81.68882082887868687503930571,76.46571444638085362311533684,2025-04-08,76.34114623988925574127316900,stop,191,-1.023849448464043333620295395,-0.065464
STRA,2025-04-07,2025-04-08,A,0,79.340000,74.11689361750216674807603113,2025-04-24,84.42534693601005482682684962,target,191,0.9736249970038140280815701821,0.064096
STRA,2025-04-07,2025-04-08,C,15.56420233463035019455252918,77.22000000000000000000000001,71.99689361750216674807603114,2025-04-24,82.30880057009526785940830327,target,191,0.9742862192406012883271665732,0.0659
STRA,2025-04-07,2025-04-08,X,0,77.090000,71.86689361750216674807603113,2025-04-24,82.17901234954388941329301503,target,191,0.9743267658871967335309059726,0.066014
XLF,2025-04-09,2025-04-10,O,1.075615790039797784231472518,46.53000430246316015919113691,43.12105825523553256111936734,2025-05-02,49.93351806965710008318945245,target,293,0.9984064634762684053761096766,0.073147
XLF,2025-04-09,2025-04-10,A,0,46.580000,43.17105395277237240192823043,2025-05-08,49.98350832874103697176935776,target,293,0.9984048681289594108187423851,0.073068
XLF,2025-04-09,2025-04-10,C,1.091345629160755211175379242,45.81499945432718541962239442,42.40605340709955782155062485,2025-05-02,49.21859099861762659182473136,target,293,0.9984292790607404745368245042,0.07429
XLF,2025-04-09,2025-04-10,X,0,45.910000,42.50105395277237240192823043,2025-05-02,49.31358121028133937577240356,target,293,0.9984262476225896124234739622,0.074136
EQH,2025-04-15,2025-04-16,O,52.88766659614977787180029615,47.26867780833509625555320501,41.42247107637923820950326452,2025-05-12,53.09796717606748335321108589,target,171,0.9971062665076485900357615457,0.123322
EQH,2025-04-15,2025-04-16,A,0,47.020000,41.17379326804414195395005951,2025-05-12,52.84936857289482528523264037,target,171,0.9971198146365584428965108324,0.123976
EQH,2025-04-15,2025-04-16,C,3.230321955421557015182513190,46.44499838483902228922149239,40.59879165288316424317155190,2025-05-12,52.27455009870905544504892366,target,171,0.9971511410989304980293108035,0.125515
EQH,2025-04-15,2025-04-16,X,0,46.350000,40.50379326804414195395005951,2025-05-12,52.17958197134476689262195983,target,171,0.9971563166727890731787315528,0.125773
GPI,2025-04-16,2025-04-17,O,80.46297941467624438409015915,395.5069649973348224484097774,354.1148434187764758377357322,2025-05-12,435.5480758224485049449451747,target,24,0.9673606787494433451013067989,0.10124
GPI,2025-04-16,2025-04-17,A,0,392.350000,350.9578784214416533893259548,2025-05-08,432.4008730191550446468091661,target,24,0.9675965254195115711481301253,0.102079
GPI,2025-04-16,2025-04-17,C,15.12397849599023931471855420,393.8747958262903041317692511,352.4826742477319575210952059,2025-05-12,433.9209537622112072479163156,target,24,0.9674826128425688129239758663,0.101672
GPI,2025-04-16,2025-04-17,X,0,391.380000,349.9878784214416533893259548,2025-05-08,431.4338725228644983454462759,target,24,0.9676689909901337709119868958,0.10234
SHLD,2025-04-16,2025-04-17,O,17.87487586891757696127110228,50.56021449851042701092353524,47.81512983761898716367066462,2025-05-02,53.29470379085497720068124060,target,364,0.9961402397901094556977241913,0.054084
SHLD,2025-04-16,2025-04-17,A,0,50.470000,47.72491533910856015274712938,2025-05-02,53.20450722406756955509480008,target,364,0.9961467720924733260282200318,0.054181
SHLD,2025-04-16,2025-04-17,C,5.928853754940711462450592885,50.62999999999999999999999999,47.88491533910856015274712937,2025-05-02,53.36447542124506905817569850,target,364,0.9961351867221007527982540476,0.054009
SHLD,2025-04-16,2025-04-17,X,0,50.590000,47.84491533910856015274712938,2025-05-02,53.32448337195069418240547390,target,364,0.9961380830646938961057455428,0.054052
HEDJ,2025-05-06,2025-05-07,O,45.95780238144975976603300606,48.06990808439523710048046795,46.06219395433537345417608524,2025-05-19,49.96254934118185944571640835,target,498,0.9426846324631832948356982396,0.039373
HEDJ,2025-05-06,2025-05-07,A,0,47.850000,45.84228586994013635369561729,2025-05-16,49.74314658140085831935444575,target,498,0.9429363239797543850369608688,0.039564
HEDJ,2025-05-06,2025-05-07,C,45.76659038901601830663615560,48.25986270022883295194508011,46.25214857016896930564069740,2025-05-19,50.15206746218065906689773019,target,498,0.9424672236058858590715968900,0.039209
HEDJ,2025-05-06,2025-05-07,X,0,48.020000,46.01228586994013635369561729,2025-05-19,49.91275594008061599639643447,target,498,0.9427417537895098828094644142,0.039416
AXS,2025-05-08,2025-05-09,O,59.04242123542545274125527165,101.3951476060530885636318531,95.91494150620994202892332364,2025-06-06,106.7536699706734434837043830,target,182,0.9777957739169199449558574226,0.052848
AXS,2025-05-08,2025-05-09,A,0,100.800000,95.31979390015685346529147054,2025-06-06,106.1591999743891396850328552,target,182,0.9779194206842931938167460454,0.053167
AXS,2025-05-08,2025-05-09,C,4.452139500371011625030917636,101.2150422953252535246104378,95.73483619548210698990190834,2025-06-06,106.5737697201974148010958924,target,182,0.9778331922636153777444653832,0.052944
AXS,2025-05-08,2025-05-09,X,0,101.220000,95.73979390015685346529147054,2025-06-06,106.5787217802403351704048665,target,182,0.9778321622600492221503871396,0.052941
EYE,2025-05-13,2025-05-14,O,58.8235294117647058823529412,18.75970588235294117647058823,17.12018112216197100767530663,2025-06-02,20.38862261828881830764482674,target,609,0.9935298175955223599092680161,0.086831
EYE,2025-05-13,2025-05-14,A,0,18.650000,17.01047523980902983120471840,2025-06-02,20.27897378527667429247245514,target,609,0.9935646138622103459140013510,0.087344
EYE,2025-05-13,2025-05-14,C,5.36480686695278969957081545,18.65000000000000000000000001,17.01047523980902983120471841,2025-06-02,20.27897378527667429247245515,target,609,0.9935646138622103459140013510,0.087344
EYE,2025-05-13,2025-05-14,X,0,18.630000,16.99047523980902983120471840,2025-06-02,20.25898418569269093313808177,target,609,0.9935709574175314800918079678,0.087439
CRK,2025-05-14,2025-05-15,O,72.30965546575925138239047215,23.86130157379838366652488302,21.70009246286236526570684937,2025-06-13,26.01168601306853917130824824,target,462,0.9949913816247171301842567467,0.09012
CRK,2025-05-14,2025-05-15,A,0,23.690000,21.52879088906398159918196635,2025-06-13,25.84045569616441439981935726,target,462,0.9950243524714058310831720144,0.090775
CRK,2025-05-14,2025-05-15,C,2.063131834124200536414276872,24.24500103156591706210026821,22.08379192062989866128223456,2025-06-13,25.32477408706416340004126264,time,462,0.4996152616766441724290800062,0.044536
CRK,2025-05-14,2025-05-15,X,0,24.400000,22.23879088906398159918196635,2025-06-13,25.32477408706416340004126264,time,462,0.4278966261916433825683478952,0.037901
BSX,2025-05-16,2025-05-19,O,8.040486212930993709501962825,105.7749798987844676725157262,101.2313716212706571127608825,2025-06-06,101.2218547112752382298885726,stop,220,-1.002094570969622932172936020,-0.043045
BSX,2025-05-16,2025-05-19,A,0,105.690000,101.1463917224861894402451563,2025-06-06,101.1368828015759246861377722,stop,220,-1.002092812656699332107670468,-0.04308
BSX,2025-05-16,2025-05-19,C,0.9384384384384384384384384385,106.5800009384384384384384385,102.0363926609246278786835948,2025-06-06,102.0268000697183738006654803,stop,220,-1.002111227601579903315766597,-0.042721
BSX,2025-05-16,2025-05-19,X,0,106.660000,102.1163917224861894402451563,2025-06-06,102.1067916104506073974285496,stop,220,-1.002112882856361699794808936,-0.042689
EQH,2025-05-16,2025-05-19,O,61.38445556709793181603550855,53.30521484559448484276135613,49.79485858468582144956040499,2025-06-17,51.83548367752169450405897173,time,284,-0.4186843325390418385675142967,-0.027572
EQH,2025-05-16,2025-05-19,A,0,52.980000,49.46964373909133660679904886,2025-06-17,51.83548367752169450405897173,time,284,-0.3260399336738673195209875763,-0.021603
EQH,2025-05-16,2025-05-19,C,2.799290846318932537090603714,53.62500699822711579733134271,50.11465073731845240413039157,2025-06-17,51.83548367752169450405897173,time,284,-0.5097839614268095025440134295,-0.033371
EQH,2025-05-16,2025-05-19,X,0,53.710000,50.19964373909133660679904886,2025-06-17,51.83548367752169450405897173,time,284,-0.5339960343492551515023100320,-0.034901
LOGI,2025-05-19,2025-05-20,O,4.607764082478977076373689667,86.83999539223591752102292363,81.99298982855281762446262028,2025-06-02,81.96935391335288887911108882,stop,206,-1.004876395310338470973083986,-0.056088
LOGI,2025-05-19,2025-05-20,A,0,86.800000,81.95299443631690010343969665,2025-06-18,84.46603471761373489797098098,time,206,-0.4815272546567394736414981573,-0.026889
LOGI,2025-05-19,2025-05-20,C,5.202612867795826348343834905,86.51498699346783051043412910,81.66798142978473061387382575,2025-06-18,84.46603471761373489797098098,time,206,-0.4227253814615297870070470862,-0.023683
LOGI,2025-05-19,2025-05-20,X,0,86.550000,81.70299443631690010343969665,2025-06-18,84.46603471761373489797098098,time,206,-0.4299490180082896208347826849,-0.024078
STN,2025-05-20,2025-05-21,O,51.6910352975926746418549697,102.1452843006941367597105302,97.81892651151751213004286588,2025-06-09,106.4244495373561671095207996,target,231,0.9890918516650062406113756816,0.041893
STN,2025-05-20,2025-05-21,A,0,101.810000,97.48364221082337537033233568,2025-06-04,106.0893138482703163498515102,target,231,0.9891262019465890043007052292,0.042032
STN,2025-05-20,2025-05-21,C,1.495737149124993767761878646,100.3050007478685745624968839,95.97864295869194993282921958,2025-06-02,104.5849816728820173752362310,target,231,0.9892803909377989565190989750,0.04267
STN,2025-05-20,2025-05-21,X,0,100.230000,95.90364221082337537033233568,2025-06-02,104.5100141683885138381548837,target,231,0.9892880748550085297392820971,0.042702
CPA,2025-05-28,2025-05-29,O,20.96053950606032990066526930,109.9098951973024696983504967,104.2287559792504604812557840,2025-06-05,104.0389558226825820136581226,stop,176,-1.033408819830498457789107971,-0.053416
CPA,2025-05-28,2025-05-29,A,0,109.680000,103.9988607819479907829052873,2025-06-05,103.8094792636343278660648880,stop,176,-1.033335130692079650210633917,-0.053524
CPA,2025-05-28,2025-05-29,C,4.093327875562832582889889480,109.9850020466639377814162915,104.3038628286119285643215788,2025-06-05,104.1139259027654168124062158,stop,176,-1.033432894100355935559823320,-0.053381
CPA,2025-05-28,2025-05-29,X,0,109.820000,104.1388607819479907829052873,2025-06-05,103.9492243241824476876072717,stop,176,-1.033380005398031248765403290,-0.053458
IUSG,2025-06-04,2025-06-05,O,6.575076997612208879814513615,144.6850690383084749281932380,140.0054077332861758340347877,2025-06-27,149.3440598852151733063231315,target,213,0.9955829157778113561465148790,0.032201
IUSG,2025-06-04,2025-06-05,A,0,144.590000,139.9103386949777009058415497,2025-06-27,149.2490040034301288341122064,target,213,0.9955857272042315409060293150,0.032222
IUSG,2025-06-04,2025-06-05,C,2.448151645507641730493477424,142.9652915049137900884831952,138.2856301998914909943247449,2025-06-25,147.6245203503720238506207983,target,213,0.9956337738498004463737986670,0.03259
IUSG,2025-06-04,2025-06-05,X,0,143.040000,138.3603386949777009058415497,2025-06-25,147.6992185066130792907964023,target,213,0.9956315645349632004600196102,0.032573
SHLD,2025-06-06,2025-06-09,O,12.13802670365874804924570834,58.24060690133518293740246230,56.38904071977941842385528686,2025-06-11,56.37434203855956107262828488,stop,540,-1.007938512469215059456878515,-0.032044
SHLD,2025-06-06,2025-06-09,A,0,58.170000,56.31843381844423548645282456,2025-06-11,56.30375354201228373508786162,stop,540,-1.007928572350363820027851009,-0.032083
SHLD,2025-06-06,2025-06-09,C,1.728608470181503889369057908,57.86000000000000000000000001,56.00843381844423548645282457,2025-06-11,55.99383434833776813859815792,stop,540,-1.007884930202278944873666204,-0.032253
SHLD,2025-06-06,2025-06-09,X,0,57.840000,55.98843381844423548645282456,2025-06-16,59.67600664566692384159125907,target,540,0.9915965542880207018440470760,0.031743
AGX,2025-06-09,2025-06-10,O,56.26363531978413135836490985,219.0757032954414973016419796,195.8095522523405011835327951,2025-06-20,195.1468979237608016111327871,stop,42,-1.028481476259314210361193277,-0.109226
AGX,2025-06-09,2025-06-10,A,0,217.850000,194.5838489568990038818908155,2025-06-20,193.9253426261311373230674075,stop,42,-1.028303191600018877533327016,-0.109822
AGX,2025-06-09,2025-06-10,C,6.206731916925280496538553355,209.6300310336595846264024826,186.3638799905585885082932981,2025-07-10,208.3306214621150632609214610,time,42,-0.05584978663369544573938714548,-0.006199
AGX,2025-06-09,2025-06-10,X,0,209.450000,186.1838489568990038818908155,2025-07-10,208.3306214621150632609214610,time,42,-0.04811189164083334128761097760,-0.005344
PLMR,2025-06-12,2025-06-13,O,140.8363320511229681101873682,163.0849298920461595731480333,151.8821238813438858173938569,2025-06-25,151.3699768897563689247690795,stop,89,-1.045715956439685933310022998,-0.071833
PLMR,2025-06-12,2025-06-13,A,0,160.880000,149.6771939892977262442458236,2025-06-26,149.1724820281273178247369978,stop,89,-1.045052280713264746171127346,-0.072772
PLMR,2025-06-12,2025-06-13,C,9.93974032428402807976641610,161.0849552711685407218736411,149.8821492604662669661194647,2025-06-26,149.3767461894874325314927974,stop,89,-1.045113971490358072926333453,-0.072683
PLMR,2025-06-12,2025-06-13,X,0,160.930000,149.7271939892977262442458236,2025-06-26,149.2223134279726387837470519,stop,89,-1.045067330527973487334096657,-0.07275
EXC,2025-06-13,2025-06-16,O,17.30702665282104534440983039,43.32485289027345102111457251,41.77028263647686569494183074,2025-07-16,42.84497984822578756294648085,time,643,-0.3086853365910696148094581421,-0.011076
EXC,2025-06-13,2025-06-16,A,0,43.250000,41.69542974620341467382725823,2025-07-16,42.84497984822578756294648085,time,643,-0.2605351226714062059058721409,-0.009365
EXC,2025-06-13,2025-06-16,C,1.171097318187141351446305188,42.70000000000000000000000002,41.14542974620341467382725825,2025-07-16,42.84497984822578756294648085,time,643,0.09326040291309864300674279705,0.003395
EXC,2025-06-13,2025-06-16,X,0,42.680000,41.12542974620341467382725823,2025-07-16,42.84497984822578756294648085,time,643,0.1061256947525351829672015355,0.003866
IVLU,2025-06-16,2025-06-17,O,4.644681839294008360427310729,32.32500696702275894101254064,31.66496444239320912169957050,2025-06-23,31.63529958197863446353924756,stop_gap,1515,-1.044943862414355984279185836,-0.021337
IVLU,2025-06-16,2025-06-17,A,0,32.310000,31.64995747537045018068702986,2025-06-23,31.64504212244680202877202954,stop,1515,-1.007447024608614276067806747,-0.020581
IVLU,2025-06-16,2025-06-17,C,1.563232765358761919649835860,32.00000156323276535876191966,31.33995903860321553944894952,2025-06-27,32.65497186483267356987826379,target,1515,0.9923153087257697472330458574,0.020468
IVLU,2025-06-16,2025-06-17,X,0,32.020000,31.35995747537045018068702986,2025-06-27,32.67496719577031242999485972,target,1515,0.9923106032265331271765929211,0.020455
UTI,2025-06-16,2025-06-17,O,68.9035350509286998202516477,33.75096464949071300179748353,31.09345993971998171593499839,2025-07-02,31.06052693630372511553984860,stop,376,-1.012392453452734539937378792,-0.079714
UTI,2025-06-16,2025-06-17,A,0,33.520000,30.86249529022926871413751486,2025-07-02,30.82980691573515388874805161,stop,376,-1.012300401340374265070689648,-0.080256
UTI,2025-06-16,2025-06-17,C,3.008423586040914560770156438,33.23999699157641395908543924,30.58249228180568267322295410,2025-07-02,30.55010047578773142814615569,stop,376,-1.012188804745616332950054906,-0.080923
UTI,2025-06-16,2025-06-17,X,0,33.270000,30.61249529022926871413751486,2025-07-02,30.58007170617243638231742671,stop,376,-1.012200762594181661853593956,-0.080851
DFIN,2025-06-17,2025-06-18,O,88.52541944186830789983981115,59.82495573729027906584605007,57.16006337197580417970541024,2025-07-02,62.40129868043718865923151997,target,375,0.9667718579106230143914468755,0.043065
DFIN,2025-06-17,2025-06-18,A,0,59.300000,56.63510763468552511385936017,2025-06-27,61.87708681640971985796156249,target,375,0.9670509961124101933726392600,0.043458
DFIN,2025-06-17,2025-06-18,C,8.29875518672199170124481328,60.25996680497925311203319500,57.59507443966477822589255517,2025-07-03,62.83569332834199061583083615,target,375,0.9665405465855596668572524078,0.042744
DFIN,2025-06-17,2025-06-18,X,0,60.270000,57.60510763468552511385936017,2025-07-03,62.84571230611547963123821499,target,375,0.9665352115681147146929564212,0.042736
MPC,2025-06-17,2025-06-18,O,27.94528607148110016178849831,170.0037564347698190910428004,161.3462708027707552479193637,2025-07-08,178.5921439158490603810426194,target,115,0.9920186814212630246395898117,0.050519
MPC,2025-06-17,2025-06-18,A,0,169.500000,160.8425143680009361568765633,2025-07-08,178.0885823114618910876430986,target,115,0.9920411856899307868029409209,0.05067
MPC,2025-06-17,2025-06-18,C,3.279959447774100247487849241,167.7450016399797238870501238,159.0875160079806600439266871,2025-07-03,176.3342627060508513888623935,target,115,0.9921195865834566921734191267,0.051204
MPC,2025-06-17,2025-06-18,X,0,167.420000,158.7625143680009361568765633,2025-07-03,176.0093867621208623190119142,target,115,0.9921341053542728088211183046,0.051304
RTX,2025-06-24,2025-06-25,O,11.60541586073500967117988394,142.4451218568665377176015473,135.9690279509919799535468513,2025-07-14,148.9001444906133641628756764,target,154,0.9967462991682969165567882934,0.045316
RTX,2025-06-24,2025-06-25,A,0,142.330000,135.8539060941254422359453040,2025-07-14,148.7850389226547665284319079,target,154,0.9967488144048232595820978149,0.045353
RTX,2025-06-24,2025-06-25,C,1.769974158377287691599702644,141.2449955750646040567807710,134.7689016691900462927260750,2025-07-14,147.7001880179775857102134882,target,154,0.9967725200923019208427659587,0.045702
RTX,2025-06-24,2025-06-25,X,0,141.380000,134.9039060941254422359453040,2025-07-14,147.8351733407658383360017700,target,154,0.9967695704520680154018627713,0.045658
AVDE,2025-06-30,2025-07-01,O,4.063388866314506298252742788,73.93002844372206420154408775,72.53212518145890936820583068,2025-07-23,75.31772881668466570709758492,target,715,0.9927012908718481571147827495,0.01877
AVDE,2025-06-30,2025-07-01,A,0,73.900000,72.50209673773684516666174293,2025-07-23,75.28770444020406460513382279,target,715,0.9927042004018370312114556171,0.018778
AVDE,2025-06-30,2025-07-01,C,0.676178240584217999864764352,73.94999999999999999999999997,72.55209673773684516666174290,2025-07-23,75.33769766788928741428999234,target,715,0.9926993557784929045863460539,0.018765
AVDE,2025-06-30,2025-07-01,X,0,73.940000,72.54209673773684516666174293,2025-07-23,75.32769902235224285245875845,target,715,0.9927003247031617299113679637,0.018768
SKYW,2025-07-08,2025-07-09,O,62.89308176100628930817610065,108.2968553459119496855345912,102.4498471548156568845185055,2025-07-10,113.8505990676974818317760570,target,171,0.9498436705189950089946422219,0.051283
SKYW,2025-07-08,2025-07-09,A,0,107.620000,101.7729918089037071989839143,2025-07-10,113.1754827344461178066658318,target,171,0.9501410897467008627581458965,0.051621
SKYW,2025-07-08,2025-07-09,C,5.61167227833894500561167228,107.0300280583613916947250280,101.1830198672650988937089423,2025-07-10,112.5870265800168393213932013,target,171,0.9504003312527480118738267901,0.05192
SKYW,2025-07-08,2025-07-09,X,0,106.860000,101.0129918089037071989839143,2025-07-10,112.4174353667626497821878573,target,171,0.9504750438395829977589058250,0.052007
MELI,2025-07-09,2025-07-10,O,86.79156765356804112145720085,2459.825512437405023916125282,2320.698502577612415701731747,2025-08-05,2316.017811119006356636428713,stop,7,-1.033643298043443168476344009,-0.058463
MELI,2025-07-09,2025-07-10,A,0,2438.660000,2299.532990140207391785606465,2025-08-06,2294.894988084456871805193448,stop,7,-1.033336460407109576677152678,-0.058952
MELI,2025-07-09,2025-07-10,C,7.91040426329156084766226737,2403.805003955202131645780424,2264.677994095409523431386889,2025-08-07,2332.973130938007410799783505,time,7,-0.5091166200479449264209938832,-0.029467
MELI,2025-07-09,2025-07-10,X,0,2402.100000,2262.972990140207391785606465,2025-08-07,2332.973130938007410799783505,time,7,-0.4968616024426619860307430329,-0.028778
NTES,2025-07-09,2025-07-10,O,20.12851281257257877216071844,129.1794967871796856855306960,124.4709536628687405217127725,2025-07-18,133.7780164781843775428396654,target,212,0.9766332323180422626401770233,0.035598
NTES,2025-07-09,2025-07-10,A,0,128.920000,124.2114568756890548361820765,2025-07-18,133.5187329343046634244933226,target,212,0.9766785209124846834068717403,0.035671
NTES,2025-07-09,2025-07-10,C,1.960553660353683880327804572,127.5249970591695094694741794,122.8164539348585643056562559,2025-07-15,132.1248763468984515205040327,target,212,0.9769219833580891049469427240,0.03607
NTES,2025-07-09,2025-07-10,X,0,127.580000,122.8714568756890548361820765,2025-07-15,132.1798340886775845749531152,target,212,0.9769123839872934747020547930,0.036055
SPYG,2025-07-14,2025-07-15,O,3.092464694361406040614369652,97.07000927739408308421812185,94.97263096141845301732533677,2025-07-29,99.16224965297318604302577606,target,476,0.9975503034634278125025394273,0.021554
SPYG,2025-07-14,2025-07-15,A,0,97.020000,94.92262168402436993310721492,2025-07-29,99.11224296659912234034665313,target,476,0.9975515388247356156126157090,0.021565
SPYG,2025-07-14,2025-07-15,C,0.518483952921657074713537616,96.44500025924197646082853738,94.34762194326634639393575230,2025-07-25,98.53727301703019563675568745,target,476,0.9975657428378456575738516073,0.021694
SPYG,2025-07-14,2025-07-15,X,0,96.250000,94.15262168402436993310721492,2025-07-25,98.34228286090511684840323051,target,476,0.9975705598595630642615716826,0.021738
TMDX,2025-07-14,2025-07-15,O,61.73098727585772477218326125,119.1711418132952588922017385,106.9455782127195003652811384,2025-07-21,106.5667224194558179247158712,stop,81,-1.030988820281941060209995521,-0.105767
TMDX,2025-07-14,2025-07-15,A,0,118.440000,106.2144363994242414730793999,2025-07-21,105.8381706834343782694804344,stop,81,-1.030776962787396002327565844,-0.106398
TMDX,2025-07-14,2025-07-15,C,8.657259111765215132888927365,115.5549523850748852913167691,103.3293887844991267643961690,2025-07-21,102.9633433788860225703927413,stop,81,-1.029940984119199659399948173,-0.108966
TMDX,2025-07-14,2025-07-15,X,0,115.680000,103.4544363994242414730793999,2025-07-21,103.0879480113696009415452117,stop,81,-1.029977218231262638274130696,-0.108852
AMLX,2025-07-18,2025-07-21,O,59.66587112171837708830548925,8.379701670644391408114558473,7.381304950313552873925751796,2025-08-18,7.980291616038882138517618469,time,1001,-0.4000514489602458175371650547,-0.047664
AMLX,2025-07-18,2025-07-21,A,0,8.330000,7.331603279669161465811193323,2025-08-18,7.980291616038882138517618469,time,1001,-0.3502699646741979078208558211,-0.041982
AMLX,2025-07-18,2025-07-21,C,12.15066828675577156743620899,8.245006075334143377885783719,7.246609355003304843696977042,2025-08-18,7.980291616038882138517618469,time,1001,-0.2651395521487118453071528072,-0.032106
AMLX,2025-07-18,2025-07-21,X,0,8.210000,7.211603279669161465811193323,2025-08-18,7.980291616038882138517618469,time,1001,-0.2300772621578719101960765539,-0.027979
TTE,2025-07-18,2025-07-21,O,3.247280402662769930183471343,61.68002273096281863938951128,59.57352522797508370800527338,2025-07-25,59.56386831028534872928781426,stop,474,-1.004584348035560527346456486,-0.034309
TTE,2025-07-18,2025-07-21,A,0,61.660000,59.55350249701226506861576210,2025-07-25,59.54384882502377223913470913,stop,474,-1.004582807230865745738409427,-0.03432
TTE,2025-07-18,2025-07-21,C,1.627339300244100895036615134,61.46000000000000000000000003,59.35350249701226506861576213,2025-07-25,59.34388124518911508238320973,stop,474,-1.004567416676024422475415873,-0.034431
TTE,2025-07-18,2025-07-21,X,0,61.500000,59.39350249701226506861576210,2025-07-25,59.38387476115604651373350958,stop,474,-1.004570494786992687128014587,-0.034409
FNDF,2025-07-22,2025-07-23,O,3.637686431429610767551837032,41.27500909421607857402691889,40.54543182364785843527419495,2025-07-30,40.54052733207610957130476539,stop,1370,-1.006722374407208540708810408,-0.017795
FNDF,2025-07-22,2025-07-23,A,0,41.260000,40.53042272943177986124727606,2025-07-30,40.52552005340305943305552001,stop,1370,-1.006719885920927955556186517,-0.017801
FNDF,2025-07-22,2025-07-23,C,1.200336094106349777937822590,41.65999999999999999999999999,40.93042272943177986124727605,2025-07-28,40.87512450054565296471444162,stop_gap,1370,-1.075794889886109957462081566,-0.01884
FNDF,2025-07-22,2025-07-23,X,0,41.680000,40.95042272943177986124727606,2025-07-28,40.87512450054565296471444162,stop_gap,1370,-1.103208024596876515185297263,-0.019311
PPA,2025-07-23,2025-07-24,O,19.76958211193673733724180244,147.1503360828959029245347331,143.1650381549982062724909460,2025-08-01,143.1116346682843475363860459,stop,250,-1.013400124076051162833141339,-0.027446
PPA,2025-07-23,2025-07-24,A,0,146.860000,142.8747020721023033479562129,2025-08-01,142.8214068866842449079674877,stop,250,-1.013372948869138231572152940,-0.0275
PPA,2025-07-23,2025-07-24,C,2.047362314884324029209035692,146.5299938579130553470279124,142.5446959300153586949841253,2025-08-01,142.4915238436363641904012359,stop,250,-1.013342060578904715213237619,-0.027561
PPA,2025-07-23,2025-07-24,X,0,146.380000,142.3947020721023033479562129,2025-08-01,142.3415859364994302313083945,stop,250,-1.013328021283189902044061281,-0.027589
JGRO,2025-07-24,2025-07-25,O,7.984487281852401049389757045,87.77002395346184555720314820,86.13495211728747111081342973,2025-07-31,89.39493611966012497859245839,target,611,0.9937864075746874198736103416,0.018513
JGRO,2025-07-24,2025-07-25,A,0,87.700000,86.06492816382562555361028153,2025-07-31,89.32492012346571826747535600,target,611,0.9937912741911031633789021321,0.018528
JGRO,2025-07-24,2025-07-25,C,1.136751165169944299192906672,87.94999658974650449016710245,86.31492475357213004377738398,2025-07-31,89.57488830450884247304130310,target,611,0.9937738996007324104472993143,0.018475
JGRO,2025-07-24,2025-07-25,X,0,88.000000,86.36492816382562555361028153,2025-07-31,89.62488603255662735838444691,target,611,0.9937704243982459439730250486,0.018465
PM,2025-07-25,2025-07-28,O,14.10437235543018335684062059,159.8251057827926657263751763,151.4182433198270258351154168,2025-08-06,168.1787302811235719766166969,target,118,0.9936673206122664228281643882,0.052267
PM,2025-07-25,2025-07-28,A,0,159.600000,151.1931375370343601087402405,2025-08-06,167.9536957343381191191422722,target,118,0.9936757941667615369767929274,0.052341
PM,2025-07-25,2025-07-28,C,0.953440330525981249006832989,157.3750033370411568409343715,148.9681408740755169496746120,2025-08-01,165.7294031842473009104434366,target,118,0.9937595487031449673026674668,0.053086
PM,2025-07-25,2025-07-28,X,0,157.770000,149.3631375370343601087402405,2025-08-01,166.1242748482621697520536646,target,118,0.9937446800235959715283034313,0.052952
SYM,2025-07-30,2025-07-31,O,24.31724653946876169098391320,53.47973251028806584362139916,47.11421556925023223115024046,2025-08-05,59.74719606609707493486466180,target,157,0.9845961630238253829149348007,0.117193
SYM,2025-07-30,2025-07-31,A,0,53.350000,46.98448305896216638752884130,2025-08-05,59.61767611590232651206842059,target,157,0.9846295554560954264907745237,0.117482
SYM,2025-07-30,2025-07-31,C,8.38379133674895202608290638,53.77504611085235211923614348,47.40952916981451850676498478,2025-08-05,60.04202581040702322095081834,target,157,0.9845201509326127088936206663,0.116541
SYM,2025-07-30,2025-07-31,X,0,53.950000,47.58448305896216638752884130,2025-08-05,60.21669304654132159672161556,target,157,0.9844751187669606968045752678,0.116157
VICR,2025-07-30,2025-07-31,O,126.6652107447040838611050448,46.30924000873553177549683335,40.61331341347235376598152450,2025-08-28,51.90094783324921337261732829,target,175,0.9817029294520462432700921668,0.120747
VICR,2025-07-30,2025-07-31,A,0,45.730000,40.03407340473682199048469115,2025-08-25,51.32286862613439408564854471,target,175,0.9819067244977334242428969499,0.122302
VICR,2025-07-30,2025-07-31,C,16.88618709895305639986491050,44.52505910165484633569739952,38.82913250639166832618209067,2025-08-22,50.12034243900836898580346447,target,175,0.9823306610037159058678580763,0.125666
VICR,2025-07-30,2025-07-31,X,0,44.440000,38.74407340473682199048469115,2025-08-22,50.03545379647507544837399561,target,175,0.9823605874992038489094443373,0.12591
XNTK,2025-07-31,2025-08-01,O,16.98157821199028395778250682,233.5258915328561294899077837,228.0023572269622001214285482,2025-08-06,238.9514441951099714650462932,target,181,0.9822610600000193112027658144,0.023233
XNTK,2025-07-31,2025-08-01,A,0,233.130000,227.6064656941060706315207645,2025-08-05,238.5557149303829384363683282,target,181,0.9822904375905456001019296430,0.023273
XNTK,2025-07-31,2025-08-01,C,17.48893447047392853287271942,231.7846589657778257583936090,226.2611246598838963899143735,2025-08-05,237.2109253249095555076859049,target,181,0.9823902701829136617388200242,0.023411
XNTK,2025-07-31,2025-08-01,X,0,231.320000,225.7964656941060706315207645,2025-08-05,236.7464568136749241984220441,target,181,0.9824247507405868933793362056,0.023459
TTMI,2025-08-01,2025-08-04,O,29.12838897602509522742549854,44.59953394577638359847636120,39.79494463995673226850570384,2025-08-20,39.77714725863295913242855460,stop,208,-1.003704246126139379942969016,-0.108126
TTMI,2025-08-01,2025-08-04,A,0,44.470000,39.66541069418034867002934264,2025-08-20,39.64767124395933778064203077,stop,208,-1.003692188674591528282494965,-0.10844
TTMI,2025-08-01,2025-08-04,C,2.232142857142857142857142857,44.80999999999999999999999999,40.00541069418034867002934263,2025-08-19,39.98751918671425727974757638,stop,208,-1.003723837008174654446437007,-0.107621
TTMI,2025-08-01,2025-08-04,X,0,44.830000,40.02541069418034867002934264,2025-08-19,40.00751024217042901498907907,stop,208,-1.003725698674856014809021834,-0.107573
CEG,2025-08-05,2025-08-06,O,12.09507016597933637410197747,343.5149818573947510309954389,317.5359037345158903577926776,2025-08-19,317.2542504581858248172943694,stop,38,-1.010841542374901417422518734,-0.076447
CEG,2025-08-05,2025-08-06,A,0,343.620000,317.6409218771211393267972387,2025-08-19,317.3591754500525557368320114,stop,38,-1.010845127980906274649792899,-0.076424
CEG,2025-08-05,2025-08-06,C,4.222533669471579736049553742,337.8525991845517247192661294,311.8735210616728640460633681,2025-08-20,311.5968902996880557579260048,stop,38,-1.010648213176632672829549814,-0.077714
CEG,2025-08-05,2025-08-06,X,0,338.460000,312.4809218771211393267972387,2025-08-20,312.2037523526603258273056676,stop,38,-1.010668951498195005027341972,-0.077576
CIGI,2025-08-05,2025-08-06,O,130.0125818627609123463560990,158.4435267929154434300093558,150.0484468632401963997411739,2025-08-22,166.6241336454309132518185101,target,119,0.9744525270805761314343133714,0.051631
CIGI,2025-08-05,2025-08-06,A,0,156.410000,148.0149200703247529697318181,2025-08-19,164.5932209761726435503475389,target,119,0.9747639146646220230117913144,0.052319
CIGI,2025-08-05,2025-08-06,C,7.65501403419239601939270222,156.9700688951263077315641745,148.5749889654510607012959926,2025-08-19,165.1525698958585009570221850,target,119,0.9746781530701546102134928439,0.052128
CIGI,2025-08-05,2025-08-06,X,0,156.660000,148.2649200703247529697318181,2025-08-19,164.8428995981034829898641863,target,119,0.9747256329482056561953237020,0.052233
SYM,2025-08-06,2025-08-07,O,2.050020500205002050020500205,50.04025625256252562525625256,42.59825260421518457042185706,2025-08-22,42.54237033880485730430623618,stop,134,-1.007509034938828219988421585,-0.149837
SYM,2025-08-06,2025-08-07,A,0,50.030000,42.58799635165265894516560450,2025-08-22,42.53212754084651790082224632,stop,134,-1.007507227011175670441490108,-0.149868
SYM,2025-08-06,2025-08-07,C,10.23731968357375523499302001,53.84506654257794322940902745,46.40306289423060217457463195,2025-08-19,46.34218931097355303379089461,stop,134,-1.008179730370135930442466962,-0.139342
SYM,2025-08-06,2025-08-07,X,0,54.210000,46.76799635165265894516560450,2025-08-19,46.70664403260064083935298095,stop,134,-1.008244059254881274357434423,-0.138413
DLTR,2025-08-08,2025-08-11,O,33.22259136212624584717607974,116.5057807308970099667774086,111.8373356408577910794240815,2025-08-18,111.8082214437975191796290214,stop,214,-1.006236379886397531970286689,-0.04032
DLTR,2025-08-08,2025-08-11,A,0,116.120000,111.4515549099607811126466729,2025-08-19,111.4225411417613813952449079,stop,214,-1.006214867614337941631200044,-0.040453
DLTR,2025-08-08,2025-08-11,C,2.626970227670753064798598949,114.2800131348511383537653240,109.6115680448119194664119969,2025-08-29,109.5830332735402745724169226,stop,214,-1.006112264516621995393657541,-0.041101
DLTR,2025-08-08,2025-08-11,X,0,114.290000,109.6215549099607811126466729,2025-08-29,109.5930175388457271085389030,stop,214,-1.006112821413695639301893377,-0.041097
MOD,2025-08-08,2025-08-11,O,62.9117015764932277403597069,136.6442779957072015394863445,124.4705868928997867398100265,2025-09-09,138.4173129154125583809029580,time,82,0.1456448093459896849331626577,0.012976
MOD,2025-08-08,2025-08-11,A,0,135.790000,123.6163088971925852003236820,2025-09-09,138.4173129154125583809029580,time,82,0.2158189240407673182623049084,0.019348
MOD,2025-08-08,2025-08-11,C,7.41344799466231744384313144,134.9849962932760026688412781,122.8113051904685878691649601,2025-09-09,138.4173129154125583809029580,time,82,0.2819454340635452732795659175,0.025427
MOD,2025-08-08,2025-08-11,X,0,134.060000,121.8863088971925852003236820,2025-09-09,138.4173129154125583809029580,time,82,0.3579286576778430142777241122,0.032503
GOOX,2025-08-19,2025-08-20,O,24.08864621808254376104062952,31.04460253733740163802794283,28.70794693440622270832002927,2025-08-25,33.35888464285553192124273584,target,427,0.9904249914343463439226115472,0.074547
GOOX,2025-08-19,2025-08-20,A,0,30.970000,28.63334439706882107029208644,2025-08-25,33.28433210721875856849497260,target,427,0.9904463902663203675976353597,0.074728
GOOX,2025-08-19,2025-08-20,C,8.12875955129247276865550317,30.75497967810112176881807835,28.41832407516994283911016479,2025-08-22,33.06945590081713159618113535,target,427,0.9905080662347730893290220699,0.075255
GOOX,2025-08-19,2025-08-20,X,0,30.540000,28.20334439706882107029208644,2025-08-22,32.85462031097210977492928895,target,427,0.9905697305450459418791561989,0.07579
BBW,2025-08-20,2025-08-21,O,41.08463434675431388660640920,54.82432210353327855382087100,50.12329788993862648442987838,2025-08-28,59.32824252137585138273765215,target,212,0.9580721590026945978931363329,0.082152
BBW,2025-08-20,2025-08-21,A,0,54.600000,49.89897578640534793060900738,2025-08-28,59.10466320626486845326718139,target,212,0.9582301646603016343364367646,0.082503
BBW,2025-08-20,2025-08-21,C,14.71129091577785950717175432,54.54011769032732622287605735,49.83909347673267415348506473,2025-08-28,59.04497918238581280123305312,target,212,0.9582723439354146432250346794,0.082597
BBW,2025-08-20,2025-08-21,X,0,54.500000,49.79897578640534793060900738,2025-08-28,59.00499433209268302280360523,target,212,0.9583006016146268223772780187,0.08266
WOR,2025-08-25,2025-08-26,O,94.23294383716547304937806255,67.11655484357331323030531472,64.38112608709469343804105187,2025-09-02,64.30887974226740082177931657,stop,365,-1.026411342154747613966448201,-0.041833
WOR,2025-08-25,2025-08-26,A,0,66.490000,63.75457124352138020773573715,2025-09-09,63.68302799756844980427078345,stop,365,-1.026154307906388198416666281,-0.042216
WOR,2025-08-25,2025-08-26,C,7.474958887726117506353715055,66.94000000000000000000000003,64.20457124352138020773573718,2025-09-03,63.56530521824349792687523558,stop_gap,365,-1.233698656477101638849991634,-0.050414
WOR,2025-08-25,2025-08-26,X,0,66.880000,64.14457124352138020773573715,2025-09-03,64.07259035262193974217756882,stop,365,-1.026314299258922436038499856,-0.041977
ELF,2025-08-26,2025-08-27,O,33.83947939262472885032537961,115.4995262472885032537960954,104.2693468190497843736278565,2025-08-28,126.6621774477212683737585083,target,89,0.9939868968045023902760869805,0.096647
ELF,2025-08-26,2025-08-27,A,0,115.110000,103.8798205717612811198317611,2025-08-28,126.2728587604284510871837659,target,89,0.9940053791446121172511294951,0.096976
ELF,2025-08-26,2025-08-27,C,2.810229234413264281986430608,124.6050070255730860331607050,113.3748275973343671529924661,2025-09-04,135.7628063487210333650290186,target,89,0.9935548576446811717731409070,0.089545
ELF,2025-08-26,2025-08-27,X,0,124.900000,113.6698205717612811198317611,2025-09-04,136.0576421354335746679518932,target,89,0.9935408607432623565624007251,0.089333
DK,2025-09-03,2025-09-04,O,43.94224733207784055241682360,31.95982423101067168863779032,29.01702997942825574501182967,2025-09-11,28.99909054821995388674598001,stop,339,-1.006096053503793330440362996,-0.092639
DK,2025-09-03,2025-09-04,A,0,31.820000,28.87720574841758405637403935,2025-09-11,28.85935276186523933671012959,stop,339,-1.006066678478369566922623039,-0.093044
DK,2025-09-03,2025-09-04,C,4.689698296076285758949507582,31.99499765515085196185712053,29.05220340356843601823115988,2025-09-11,29.03424222681197948900814216,stop,339,-1.006103442925647399177316659,-0.092538
DK,2025-09-03,2025-09-04,X,0,31.920000,28.97720574841758405637403935,2025-09-11,28.95929093806307550363439543,stop,339,-1.006087687015453186965614758,-0.092754
PVLA,2025-09-08,2025-09-09,O,375.8852369711276557109133830,58.00119847466860359542400579,50.43830405960617228597164854,2025-09-30,64.72517078415779258869525443,target,132,0.8890739365734861899709601964,0.115928
PVLA,2025-09-08,2025-09-09,A,0,55.900000,48.33710558493756869054764275,2025-09-30,62.65085809057611621183718580,target,132,0.8926288957744742256882312501,0.120767
PVLA,2025-09-08,2025-09-09,C,58.48989719957461892945763915,56.77011697979439914923785892,49.20722256473196783978550167,2025-09-30,63.50984153162070254096750503,target,132,0.8911567690808053291735131914,0.11872
PVLA,2025-09-08,2025-09-09,X,0,56.710000,49.14710558493756869054764275,2025-09-30,63.45049377566586207997295975,target,132,0.8912584793252359118183152105,0.118859
SRAD,2025-09-08,2025-09-09,O,29.22077922077922077922077922,30.99029220779220779220779221,29.08208310355299239662557002,2025-09-17,29.05398447253506680010709121,stop,524,-1.014725132038990166264698485,-0.062481
SRAD,2025-09-08,2025-09-09,A,0,30.900000,28.99179089576078460441777781,2025-09-17,28.96377950359096742122510363,stop,524,-1.014679414382620847863966680,-0.062661
SRAD,2025-09-08,2025-09-09,C,3.210272873194221508828250402,31.16000000000000000000000000,29.25179089576078460441777781,2025-09-17,29.22352829586149882219128720,stop,524,-1.014811060190677482798544280,-0.062146
SRAD,2025-09-08,2025-09-09,X,0,31.180000,29.27179089576078460441777781,2025-09-17,29.24350897219000123765022440,stop,524,-1.014821186791297223947357940,-0.062107
SPXL,2025-09-11,2025-09-12,O,0.9821253191907287369868395205,203.5499891966214889019838932,194.1852095205377634282412404,2025-09-22,212.9095568884484592114863627,target,106,0.9994434482777992302353467828,0.045982
SPXL,2025-09-11,2025-09-12,A,0,203.570000,194.2052203239162745262573472,2025-09-22,212.9295672019784138846634689,target,106,0.9994433959702625483163468434,0.045977
SPXL,2025-09-11,2025-09-12,C,0.2448879637565813640259581242,204.1850001224439818782906821,194.8202204463602564045480293,2025-09-22,213.5445522697083754456576762,target,106,0.9994417883815588049886486130,0.045839
SPXL,2025-09-11,2025-09-12,X,0,203.350000,193.9852203239162745262573472,2025-09-22,212.7095725874034952780198127,target,106,0.9994439710425298806640113333,0.046027
CX,2025-09-12,2025-09-15,O,10.63829787234042553191489362,9.399989361702127659574468082,8.944834782882934957138999094,2025-09-24,8.940114553446057418903041838,stop,2197,-1.010370607386007688020038729,-0.048923
CX,2025-09-12,2025-09-15,A,0,9.390000,8.934845421180807297564531012,2025-09-24,8.930130463174907135402227829,stop,2197,-1.010359025758088988960879202,-0.048974
CX,2025-09-12,2025-09-15,C,5.26038926880589163598106260,9.509999999999999999999999998,9.054845421180807297564531010,2025-09-19,9.050067138636648560204338645,stop,2197,-1.010498153301137897786565537,-0.048363
CX,2025-09-12,2025-09-15,X,0,9.540000,9.084845421180807297564531012,2025-09-19,9.080051307502083916404866351,stop,2197,-1.010532935186900124992987121,-0.048213
RL,2025-09-16,2025-09-17,O,68.9111408972640542458408894,319.8389623906015926831191359,304.0760617151065640206526554,2025-09-17,303.7831081247069623340018452,stop,63,-1.018585005160568365784252549,-0.0502
RL,2025-09-16,2025-09-17,A,0,317.650000,301.8870993245049713375335195,2025-09-17,301.5962546287942821972231047,stop,63,-1.018451216669964537424924365,-0.050539
RL,2025-09-16,2025-09-17,C,9.099181073703366696997270245,308.2802547770700636942675159,292.5173541015750350318010354,2025-10-03,323.7309651232810128175483443,target,63,0.9801946141949996582376504658,0.050119
RL,2025-09-16,2025-09-17,X,0,306.120000,290.3570993245049713375335195,2025-10-02,321.5727915833512587642721263,target,63,0.9803266480879458421689827939,0.05048
SPMO,2025-09-19,2025-09-22,O,4.539639305022491849283975074,121.2850340472947876686888697,118.7357682349083912082042449,2025-10-10,118.7308817882136750309455839,stop,392,-1.001916805486102651426211268,-0.021059
SPMO,2025-09-19,2025-09-22,A,0,121.230000,118.6807341876136035395153752,2025-10-10,118.6758500057877006791697019,stop,392,-1.001915917046457671154905795,-0.021069
SPMO,2025-09-19,2025-09-22,C,0.4093830597289884144594096698,122.1450002046915298644942072,119.5957343923051334040095824,2025-09-25,119.5908125546001947179153394,stop,392,-1.001930688310738101627463695,-0.020911
SPMO,2025-09-19,2025-09-22,X,0,122.120000,119.5707341876136035395153752,2025-09-25,119.5658133787660125438554914,stop,392,-1.001930284721068208667419846,-0.020915
NUGT,2025-09-22,2025-09-23,O,15.46114546921215380478623286,149.4106493681097069104598010,137.4996951222179487438842110,2025-10-02,161.2561764393574195997836530,target,83,0.9945069745636364815907616318,0.079282
NUGT,2025-09-22,2025-09-23,A,0,149.180000,137.2690457541082418334244100,2025-10-02,161.0256206156717128408354620,target,83,0.9945148282101260074984497750,0.079405
NUGT,2025-09-22,2025-09-23,C,4.093048639061327512108602224,146.6299918139027218773449758,134.7190375680109637107693858,2025-10-01,158.4766466359497614498781484,target,83,0.9946016563814023301174597279,0.080793
NUGT,2025-09-22,2025-09-23,X,0,146.350000,134.4390457541082418334244100,2025-10-01,158.1967683782781749200567679,target,83,0.9946111901457667188508970251,0.080948
APPF,2025-09-26,2025-09-29,O,49.75124378109452736318407960,281.5739303482587064676616916,268.9025243696575502898388782,2025-10-01,268.3071398788740788193021304,stop,78,-1.046986458471058961974397538,-0.047117
APPF,2025-09-26,2025-09-29,A,0,280.180000,267.5085940213988438221771866,2025-10-01,266.9162958702194020566970428,stop,78,-1.046742891213467991977698737,-0.04734
APPF,2025-09-26,2025-09-29,C,13.29905133433815054526110471,282.3550066495256671690752725,269.6836006709245109912524590,2025-10-01,269.0864867775741317440037749,stop,78,-1.047122939187549958020839895,-0.046992
APPF,2025-09-26,2025-09-29,X,0,282.580000,269.9085940213988438221771866,2025-10-01,269.3109819640698413110360186,stop,78,-1.047162253213117802550928449,-0.046957
CART,2025-09-26,2025-09-29,O,13.56182961410430279866847491,40.65506102823326346936259399,37.61539512802561588312647719,2025-09-29,37.60121312659491626673218544,stop,328,-1.004665644809757153413245386,-0.075116
CART,2025-09-26,2025-09-29,A,0,40.610000,37.57033409979235241376388320,2025-09-29,37.55616908756420398379765326,stop,328,-1.004660055642029862775522942,-0.075199
CART,2025-09-26,2025-09-29,C,1.317002502304754379033320164,37.97000000000000000000000000,34.93033409979235241376388320,2025-09-30,34.91716443757048775908984881,stop,328,-1.004332601889229010448027839,-0.080401
CART,2025-09-26,2025-09-29,X,0,37.920000,34.88033409979235241376388320,2025-09-30,34.86718328889636434574311009,stop,328,-1.004326400113607782184249523,-0.080507
FLUT,2025-09-26,2025-09-29,O,17.06514663711053640857831495,284.6849914674266814447317956,272.6642666798265876461000829,2025-09-30,272.5487962111592415474357266,stop,83,-1.009605948951302750449427348,-0.04263
FLUT,2025-09-26,2025-09-29,A,0,284.200000,272.1792752123999062013682873,2025-09-30,272.0640101325527577374207852,stop,83,-1.009588862725319979234469000,-0.042702
FLUT,2025-09-26,2025-09-29,C,2.997337658902974416841511364,283.6049805173052171306662905,271.5842557297051233320345778,2025-09-30,271.4692426343932775711655626,stop,83,-1.009567900217671302658238260,-0.042791
FLUT,2025-09-26,2025-09-29,X,0,283.260000,271.2392752123999062013682873,2025-09-30,271.1244082127334466137618355,stop,83,-1.009555746570701789027496966,-0.042843
PLTR,2025-09-29,2025-09-30,O,3.057339003307484921759915506,179.0447233108202006726145808,165.1958382065664970238931973,2025-10-28,189.5688661763932990255118800,time,72,0.7599270833968139244284778360,0.058779
PLTR,2025-09-29,2025-09-30,A,0,179.130000,165.2811148957462963512786165,2025-10-28,189.5688661763932990255118800,time,72,0.7537694260447714500606704178,0.058275
PLTR,2025-09-29,2025-09-30,C,1.642395707872550093069090113,182.7100032847914157451001861,168.8611181805377120963788026,2025-10-28,189.5688661763932990255118800,time,72,0.4952646252726274938050348621,0.03754
PLTR,2025-09-29,2025-09-30,X,0,182.420000,168.5711148957462963512786165,2025-10-28,189.5688661763932990255118800,time,72,0.5162051762706526595213458627,0.039189
STT,2025-10-15,2025-10-16,O,33.02311618132692885019513660,117.2358751125788051636145302,112.0514016358655357492433360,2025-10-16,112.0222923351288197285256593,stop,192,-1.005614707234488554219515761,-0.044471
STT,2025-10-15,2025-10-16,A,0,116.850000,111.6655265232867305856288058,2025-10-17,108.2912058360852596817772441,stop_gap,192,-1.650851181389521427047041925,-0.073246
STT,2025-10-15,2025-10-16,C,2.657454158915758703162370449,112.8749880414562848790858358,107.6905145647430154647146416,2025-10-17,107.6625381581189914738595893,stop,192,-1.005396190519574191221751026,-0.046179
STT,2025-10-15,2025-10-16,X,0,112.950000,107.7655265232867305856288058,2025-10-17,107.7375306296627385357710914,stop,192,-1.005399949242625931648954284,-0.046148
LVS,2025-10-16,2025-10-17,O,45.91368227731864095500459137,49.33548209366391184573002754,45.68316582603860172403334946,2025-10-23,52.97694465412795830049359896,target,273,0.9970282674429176391787574873,0.07381
LVS,2025-10-16,2025-10-17,A,0,49.110000,45.45768373237468987830332192,2025-10-23,52.75150874688224881278195119,target,273,0.9970409132311840501387752469,0.07415
LVS,2025-10-16,2025-10-17,C,1.029760065904644217897229946,48.57500154464009885696632685,44.92268527701478873526964877,2025-10-23,52.21661987744110225826590067,target,273,0.9970709177298979142305676064,0.074969
LVS,2025-10-16,2025-10-17,X,0,48.540000,44.88768373237468987830332192,2025-10-23,52.18162550231035204916048458,target,273,0.9970728807333245888282960114,0.075023
ANET,2025-10-22,2025-10-23,O,14.97413558399128777566022325,146.9997903621018241219711407,133.5633461341178973748001197,2025-10-29,160.3258463024676583830423620,target,74,0.9917844121744510293724371473,0.090654
ANET,2025-10-22,2025-10-23,A,0,146.780000,133.3435557720160732528289790,2025-10-29,160.1062071673113517181192012,target,74,0.9917956671570157244604686062,0.09079
ANET,2025-10-22,2025-10-23,C,6.899043989618581425145372715,152.3500344952199480929071257,138.9135902672360213457361047,2025-11-06,138.8180106533435552912732608,stop,74,-1.007113460397015119505640541,-0.088822
ANET,2025-10-22,2025-10-23,X,0,152.760000,139.3235557720160732528289790,2025-11-06,139.2276940810094765640471760,stop,74,-1.007134453831687601945668300,-0.088585
CHAT,2025-10-27,2025-10-28,O,5.96480763495377274082910826,67.12001192961526990754548167,64.16108534797016584765013016,2025-11-05,64.10337788101051647048240406,stop,337,-1.019502838400121836931892614,-0.044944
CHAT,2025-10-27,2025-10-28,A,0,67.080000,64.12107341835489594010464849,2025-11-05,64.06340193874012613413243624,stop,337,-1.019490676102786442097327392,-0.04497
CHAT,2025-10-27,2025-10-28,C,5.963918294319367824660802145,67.08998807216341136126435066,64.13106149051830730136899915,2025-11-05,64.07338102747781714340044661,stop,337,-1.019493712144902552119607520,-0.044964
CHAT,2025-10-27,2025-10-28,X,0,67.010000,64.05107341835489594010464849,2025-11-05,63.99346489781672634399602491,stop,337,-1.019469398428311259318400712,-0.045016
APP,2025-11-03,2025-11-04,O,17.20344068813762752550510102,631.2591178235647129425885176,569.8850497634759711951802871,2025-11-13,569.5688263243354888269065781,stop,16,-1.005152394963144392481083031,-0.097726
APP,2025-11-03,2025-11-04,A,0,629.910000,568.5359319399112582525917695,2025-11-13,568.2204571125796844014194333,stop,16,-1.005140197436850786147314198,-0.097934
APP,2025-11-03,2025-11-04,C,3.918495297805642633228840126,612.9600940438871473354231975,551.5860259837984055880149670,2025-11-10,673.9599809108406460463235721,target,16,0.9939032688403692234910446955,0.099517
APP,2025-11-03,2025-11-04,X,0,608.680000,547.3059319399112582525917695,2025-11-10,669.6822618477657948545456327,target,16,0.9939419656530030365350889173,0.100221
KTOS,2025-11-05,2025-11-06,O,30.10311919554217639146864792,78.18465381412925126497149813,66.60266459011322517704509970,2025-11-21,66.56230205686219702900164095,stop,86,-1.003484939630865287540913042,-0.148653
KTOS,2025-11-05,2025-11-06,A,0,77.950000,66.36801077598397391207360157,2025-11-21,66.32779044758966674318203451,stop,86,-1.003472661527858067683571088,-0.149098
KTOS,2025-11-05,2025-11-06,C,4.142502071251035625517812759,72.38997514498757249378624687,60.80798592097154640585984844,2025-12-05,76.46830985915492957746478873,time,86,0.3521273103682965281647971727,0.056338
KTOS,2025-11-05,2025-11-06,X,0,72.410000,60.82801077598397391207360157,2025-12-05,76.46830985915492957746478873,time,86,0.3503983452807704030699290337,0.056046
RLAY,2025-11-10,2025-11-11,O,32.73322422258592471358428805,6.130000000000000000000000001,5.298805859695155463956193686,2025-11-24,6.955511532843371193565403209,target,1203,0.9931633210751591460167422159,0.134667
RLAY,2025-11-10,2025-11-11,A,0,6.110000,5.278805859695155463956193685,2025-11-24,6.935527859373983438463362391,target,1203,0.9931829633341941496352913133,0.135111
RLAY,2025-11-10,2025-11-11,C,7.905138339920948616600790515,6.335003952569169960474308300,5.503809812264325424430501985,2025-11-24,7.160348135247178566316875338,target,1203,0.9929619840381809844199699773,0.130283
RLAY,2025-11-10,2025-11-11,X,0,6.290000,5.458805859695155463956193685,2025-11-24,7.115380920598473234381729738,target,1203,0.9930061830028791170683494295,0.131221
CRDO,2025-11-13,2025-11-14,O,18.56941246378964569561019090,135.2506870682611602168907376,108.0836438048281003921792958,2025-11-26,162.3025054292596543640617704,target,36,0.9957586513439370555238448338,0.200012
CRDO,2025-11-13,2025-11-14,A,0,135.000000,107.8329567365669401752885582,2025-11-26,162.0519962073021151182380476,target,36,0.9957651977428917166240446286,0.200385
CRDO,2025-11-13,2025-11-14,C,5.52486187845303867403314917,144.9300276243093922651933702,117.7629843608763324404819284,2025-11-28,171.9749791175778430735240140,target,36,0.9955058867105738743319111060,0.186607
CRDO,2025-11-13,2025-11-14,X,0,145.520000,118.3529567365669401752885582,2025-11-28,172.5645329459258102636723235,target,36,0.9954904802734956107977533234,0.185848
ABVX,2025-11-14,2025-11-17,O,29.10230579807477053951197672,112.2858294157152451309603761,101.5626570112074679783523923,2025-11-20,122.9223299852255073832452538,target,93,0.9919173326952124692768668610,0.094727
ABVX,2025-11-14,2025-11-17,A,0,111.960000,101.2368275954922228473920162,2025-11-20,122.5967301481015712148573352,target,93,0.9919387422727748381303112824,0.095005
ABVX,2025-11-14,2025-11-17,C,13.61022083680906177284102384,114.0149659744479079773455679,103.2917935699401308247375841,2025-11-20,124.6502481986640129896470845,target,93,0.9918037147052932663174629748,0.09328
ABVX,2025-11-14,2025-11-17,X,0,113.620000,102.8968275954922228473920162,2025-11-20,124.2555605162537642745719732,target,93,0.9918296671032554845360068754,0.093606
TBBK,2025-11-17,2025-11-18,O,60.63668519454269833249115715,59.64951490651844365841334009,54.06639073211805475640767258,2025-11-25,65.13952002269600779313988062,target,179,0.9833213349167851026772562874,0.092038
TBBK,2025-11-17,2025-11-18,A,0,59.290000,53.70687582559961109799433249,2025-11-25,64.78051832076323997167280191,target,179,0.9834132555994790271067160481,0.092604
TBBK,2025-11-17,2025-11-18,C,13.35782267490399064952412756,59.93995992653197528802805144,54.35683575213158638602238393,2025-11-25,65.42955043482136828851129278,target,179,0.9832470740056500459489572180,0.091585
TBBK,2025-11-17,2025-11-18,X,0,59.670000,54.08687582559961109799433249,2025-11-25,65.15997587387433242276021480,target,179,0.9833160972931324185591218385,0.092006
SOXL,2025-11-18,2025-11-19,O,1.439470274938822513315100043,34.70499496185403771412120340,26.86539019341376604964075079,2025-12-02,42.53870631019037610399594862,target,127,0.9992482503547043226990776185,0.225723
SOXL,2025-11-18,2025-11-19,A,0,34.720000,26.88039523155972833551954739,2025-12-02,42.55370926978831983297131278,target,127,0.9992479852204175886956627785,0.225625
SOXL,2025-11-18,2025-11-19,C,1.390627172854957585871227924,35.96500069531358642747879294,28.12539592687331476299834033,2025-11-21,28.12149990305742983229284118,stop,127,-1.000496966866438097747228271,-0.218087
SOXL,2025-11-18,2025-11-19,X,0,35.960000,28.12039523155972833551954739,2025-11-21,28.11649990045686648092257834,stop,127,-1.000496878505730697707311568,-0.218117
CTKB,2025-11-20,2025-11-21,O,76.4818355640535372848948375,5.270000000000000000000000001,4.520458100849964926139956355,2025-12-22,5.095652173913043478260869565,time,1334,-0.2326058440290840722567118491,-0.033083
CTKB,2025-11-20,2025-11-21,A,0,5.220000,4.470458100849964926139956354,2025-12-22,5.095652173913043478260869565,time,1334,-0.1658984323997956226070313928,-0.023821
CTKB,2025-11-20,2025-11-21,C,8.52514919011082693947144075,5.864995737425404944586530264,5.115453838275369870726486618,2025-12-04,5.110882387124096081744604146,stop,1334,-1.006098993473824104455520702,-0.128579
CTKB,2025-11-20,2025-11-21,X,0,5.880000,5.130458100849964926139956354,2025-12-04,5.125873241063682562488356750,stop,1334,-1.006116882580522182018590190,-0.128253
VONG,2025-11-21,2025-11-24,O,5.477143459026753739203707605,118.6449479671371392458394776,113.9843474943576775841288487,2025-12-02,123.3003937411816016767107791,target,214,0.9988939839908815222376818758,0.039238
VONG,2025-11-21,2025-11-24,A,0,118.580000,113.9193995272205383382893711,2025-12-02,123.2354484891469722397942495,target,214,0.9988945665558376189154962419,0.03926
VONG,2025-11-21,2025-11-24,C,0.4149549773849537325200215778,120.5050002074774886924768662,115.8443997346980270307662373,2025-12-23,123.3048811902568571310012864,time,214,0.6007554174901398032828189647,0.023235
VONG,2025-11-21,2025-11-24,X,0,120.220000,115.5593995272205383382893711,2025-12-23,123.3048811902568571310012864,time,214,0.6619063805778472409035986654,0.02566
XPEV,2025-11-26,2025-11-28,O,18.50138760407030527289546716,21.53977798334875115633672526,18.91644096117448310938209334,2025-12-03,18.91211720324050037038566315,stop,381,-1.001648190033318377091966991,-0.121991
XPEV,2025-11-26,2025-11-28,A,0,21.500000,18.87666297782573195304536808,2025-12-03,18.87234831200222892859895771,stop,381,-1.001644724176509716324352226,-0.122216
XPEV,2025-11-26,2025-11-28,C,2.293052052281586792020178858,21.81500114652602614079339601,19.19166412435175809383876409,2025-12-03,19.18727745826619197770302952,stop,381,-1.001672170235271703604485670,-0.120455
XPEV,2025-11-26,2025-11-28,X,0,21.830000,19.20666297782573195304536808,2025-12-03,19.20227288343080035717038628,stop,381,-1.001673477085797008315775839,-0.120372
WDC,2025-12-01,2025-12-02,O,11.02338745717265008193058245,167.1840905705347832563682407,147.1561869187584226934227067,2025-12-11,187.0703815186634046787545358,target,49,0.9929292298330395201753929701,0.118948
WDC,2025-12-01,2025-12-02,A,0,167.000000,146.9720963482236394370544660,2025-12-11,186.8864301996948353280265132,target,49,0.9929361827108161992549498875,0.11908
WDC,2025-12-01,2025-12-02,C,6.545930613135500763691904865,160.7401505564041021165175648,140.7122469046277415535720308,2025-12-10,180.6313158918353942508099497,target,49,0.9931726096389054417251569783,0.123747
WDC,2025-12-01,2025-12-02,X,0,159.990000,139.9620963482236394370544660,2025-12-10,179.8817327715556522720507189,target,49,0.9932009419164231543399714153,0.124331
COPX,2025-12-02,2025-12-03,O,17.36766593672128671751113796,66.39511288982858868836366384,62.63864193985105293178331275,2025-12-12,70.14115857842407568220884714,target,266,0.9972247192855009014999314304,0.056421
COPX,2025-12-02,2025-12-03,A,0,66.280000,62.52352905002246424341964891,2025-12-12,70.02606279557866853474106139,target,266,0.9972292732893543435711736391,0.056519
COPX,2025-12-02,2025-12-03,C,0.7402472425790213931453105335,67.54499962987637871048930342,63.78852867989884295390895233,2025-12-22,71.29087443323779707749214378,target,266,0.9971792283882347722993495639,0.055457
COPX,2025-12-02,2025-12-03,X,0,67.470000,63.71352905002246424341964891,2025-12-22,71.21588594909330666819328312,target,266,0.9971821954634595568390896766,0.055519
MS,2025-12-03,2025-12-04,O,12.05372517506600849500631386,174.5301205372517506600849500,166.2400581736961357796216065,2026-01-05,182.7784025927685590809606689,target,120,0.9949601937589180150000486287,0.04726
MS,2025-12-03,2025-12-04,A,0,174.340000,166.0499376364443851195366565,2026-01-05,182.5883255041912646285338541,target,120,0.9949654348141176977783429379,0.047312
MS,2025-12-03,2025-12-04,C,0.8578045921139164498327281045,174.8649987132931118291253253,166.5749363497374969486619818,2026-01-05,183.1132042383463331252409367,target,120,0.9949509621681010913046244006,0.047169
MS,2025-12-03,2025-12-04,X,0,174.890000,166.5999376364443851195366565,2026-01-05,183.1381998114528769235689909,target,120,0.9949502729573215089447014963,0.047162
STCE,2025-12-03,2025-12-04,O,18.09576837416481069042316258,72.41079621380846325167037860,61.59099286611053754756383984,2025-12-16,61.52477489232624991144228216,stop,92,-1.006120071840157473489923048,-0.150337
STCE,2025-12-03,2025-12-04,A,0,72.280000,61.46019665230207429589346124,2025-12-16,61.39411930070707139381482293,stop,92,-1.006107075098463951536226691,-0.150607
STCE,2025-12-03,2025-12-04,C,13.30671989354624085163007318,75.14986693280106453759148368,64.33006358510313883348494492,2025-12-15,64.26090076979863337579540325,stop,92,-1.006392243285939284344867512,-0.144897
LHX,2025-12-09,2025-12-10,O,42.77651964484704698227829900,278.3054229123980013659728962,266.7289599178876642146121619,2025-12-11,289.6544383699080181261862522,target,86,0.9803525880825448966214858597,0.040779
LHX,2025-12-09,2025-12-10,A,0,277.120000,265.5435370054896628486392657,2025-12-10,288.4699455657190383383741821,target,86,0.9804329328484256880028572250,0.040957
LHX,2025-12-09,2025-12-10,C,1.656849490327881943721270085,286.7074952474897390637987139,275.1310322529794019124379796,2025-12-23,298.0499182590718690153044781,target,86,0.9797831182944919303703529665,0.039561
LHX,2025-12-09,2025-12-10,X,0,285.940000,274.3635370054896628486392657,2025-12-23,297.2830252047931850625797529,target,86,0.9798351370511139380172178978,0.039669
GDX,2025-12-16,2025-12-17,O,1.159689203293517337353589238,86.11998608372956047779195176,80.21591554622390119063458715,2026-01-06,92.01864821355839136531576073,target,169,0.9990839527335468905787907750,0.068494
GDX,2025-12-16,2025-12-17,A,0,86.110000,80.20592946249434071284263539,2026-01-06,92.00866271672766894573584493,target,169,0.9990840521393440147716807230,0.068501
GDX,2025-12-16,2025-12-17,C,0.5830563815520960876916797855,85.75499970847180922395195616,79.85092917096614993679459155,2025-12-26,91.65368328916019096373870019,target,169,0.9990875859658083592539404548,0.068785
GDX,2025-12-16,2025-12-17,X,0,85.830000,79.92592946249434071284263539,2026-01-06,91.72867917279584408531856606,target,169,0.9990868393804636122200747340,0.068725
GFI,2025-12-17,2025-12-18,O,30.54644190519289512388279217,44.27483199456952143907681864,40.32205680841621960265596699,2026-01-12,48.20590746995534393994064096,target,252,0.9945102593126231621136825785,0.088788
GFI,2025-12-17,2025-12-18,A,0,44.340000,40.38722481384669816357914835,2026-01-12,48.27104615344862093570705149,target,252,0.9945028412491561881146157224,0.088657
GFI,2025-12-17,2025-12-18,C,2.270663033605812897366030881,44.05000000000000000000000000,40.09722481384669816357914835,2026-01-12,47.98117663713815974335609536,target,252,0.9945358519020250626702701557,0.089244
GFI,2025-12-17,2025-12-18,X,0,44.170000,40.21722481384669816357914835,2026-01-12,48.10112264388731609881166341,target,252,0.9945221923215275973368959065,0.089
SAN,2025-12-22,2025-12-23,O,4.268032437046521553563807085,11.70499359795134443021766966,11.31703262112292904963643607,2026-01-05,12.08781956222146691915949820,target,2577,0.9867641003477420141564837869,0.032706
SAN,2025-12-22,2025-12-23,A,0,11.700000,11.31203902317158461941876641,2026-01-02,12.08282808469388102160858763,target,2577,0.9867695659071285977011642293,0.03272
SAN,2025-12-22,2025-12-23,C,4.231908590774439272111722387,11.82000000000000000000000000,11.43203902317158461941876641,2026-01-13,12.20277712927986828275508445,target,2577,0.9866382243107925439043815827,0.032384
SAN,2025-12-22,2025-12-23,X,0,11.820000,11.43203902317158461941876641,2026-01-13,12.20277712927986828275508445,target,2577,0.9866382243107925439043815827,0.032384
AMRX,2025-12-29,2025-12-30,O,23.20185614849187935034802784,12.93995359628770301624129931,12.34421025992990087782444546,2026-01-05,12.33944966977952297544194471,stop,1678,-1.007991008643894763434848796,-0.046407
AMRX,2025-12-29,2025-12-30,A,0,12.880000,12.28425666364219786158314615,2026-01-08,13.47054636630907178664731399,target,1678,0.9912764948736093575357645273,0.04585
AMRX,2025-12-29,2025-12-30,C,3.871467286101432442895857530,12.93000387146728610143244290,12.33426053510948396301558905,2026-01-05,12.32950378210712781802406742,stop,1678,-1.007984567702322144973681453,-0.046442
AMRX,2025-12-29,2025-12-30,X,0,12.880000,12.28425666364219786158314615,2026-01-08,13.47054636630907178664731399,target,1678,0.9912764948736093575357645273,0.04585
GDX,2025-12-30,2025-12-31,O,2.892681515765114260919872722,86.47000578536303153022852182,80.58702650299554444760443652,2026-01-09,92.34767894965710691974069373,target,169,0.9990980559647192311275425183,0.067974
GDX,2025-12-30,2025-12-31,A,0,86.470000,80.58702071763251291737591470,2026-01-09,92.34767316462647200149322497,target,169,0.9990980560212206390072736036,0.067974
GDX,2025-12-30,2025-12-31,C,0.582920431361119207228213349,85.78500029146021568055960359,79.90202100909272859793551829,2026-01-06,91.66271281257669284058884926,target,169,0.9991047459121952882169091090,0.068517
GDX,2025-12-30,2025-12-31,X,0,85.770000,79.88702071763251291737591470,2026-01-06,91.64771338295453864900830684,target,169,0.9991048924090670470699522964,0.068529
MUX,2025-12-31,2026-01-02,O,42.03888596952180767209668944,19.17025223331581713084603258,17.07073980797727802484178336,2026-01-12,21.24673296979820641959327012,target,476,0.9890299821148064712170933505,0.108318
MUX,2025-12-31,2026-01-02,A,0,19.090000,16.99048757466146089399575078,2026-01-12,21.16656763657260674097338376,target,476,0.9890713727201530625275092489,0.108778
MUX,2025-12-31,2026-01-02,C,5.36193029490616621983914209,18.65799892761394101876675603,16.55848650227540191276250681,2026-01-05,20.73503435094603455885354883,target,476,0.9892941800509605332757837135,0.111321
MUX,2025-12-31,2026-01-02,X,0,18.680000,16.58048757466146089399575078,2026-01-05,20.75701159975614761807138051,target,476,0.9892828328564126941286472500,0.111189
OUNZ,2026-01-02,2026-01-05,O,2.351834430856067732831608655,42.57000940733772342427093133,41.24297214332239666894901060,2026-01-12,43.89191911070927573149337853,target,753,0.9961360839044869302156286925,0.031053
OUNZ,2026-01-02,2026-01-05,A,0,42.560000,41.23296273598467324467807927,2026-01-12,43.88191087255825219314982379,target,753,0.9961369649548775938675069912,0.03106
OUNZ,2026-01-02,2026-01-05,C,1.169453865045023973804233423,42.76500058472693252251198689,41.43796332071160576719006616,2026-01-12,44.08688751141615925922885752,target,753,0.9961189203455250264571311409,0.03091
OUNZ,2026-01-02,2026-01-05,X,0,42.790000,41.46296273598467324467807927,2026-01-12,44.11188400653792746473024663,target,753,0.9961167198411545340697885586,0.030892
GDXJ,2026-01-09,2026-01-12,O,9.57166786312514955731036133,125.3198372816463268724575257,116.4606682348344232046087179,2026-01-20,134.1527204282254095101491603,target,112,0.9970329158306014738126239381,0.070483
GDXJ,2026-01-09,2026-01-12,A,0,125.200000,116.3408309531880963321511922,2026-01-20,134.0329066229105574499927860,target,112,0.9970355657779442509084685311,0.07055
GDXJ,2026-01-09,2026-01-12,C,0.788581342165444365586310228,126.8300007885813421654443656,117.9708317417694384975955578,2026-01-20,135.6625880915082414752958194,target,112,0.9969995217672734022785343330,0.069641
GDXJ,2026-01-09,2026-01-12,X,0,126.300000,117.4408309531880963321511922,2026-01-20,135.1326911310012991339641060,target,112,0.9970112416107317668192352691,0.069934
BPOP,2026-01-15,2026-01-16,O,37.08281829419035846724351050,129.5185166872682323856613103,124.2475867278574236769117370,2026-01-23,123.9620268502934959765129293,stop,189,-1.054176374902133578850033324,-0.042901
BPOP,2026-01-15,2026-01-16,A,0,128.840000,123.5690700405891912912504267,2026-01-23,123.2850696069327399537028526,stop,189,-1.053880517450130805607832023,-0.043115
BPOP,2026-01-15,2026-01-16,C,9.75533616888437975572638233,128.2950341436765910953291450,123.0241041842657823865795717,2026-01-23,122.7413562528695889714103849,stop,189,-1.053642892918994381878399589,-0.043288
BPOP,2026-01-15,2026-01-16,X,0,128.090000,122.8190700405891912912504267,2026-01-23,122.5367933418865789159559787,stop,189,-1.053553490726741818752360118,-0.043354
CIEN,2026-01-15,2026-01-16,O,40.52684903748733535967578521,248.0913779128672745694022291,218.5340264323217609228177672,2026-02-03,277.2304815720808008711454115,target,33,0.9858496177640518379007622970,0.117453
CIEN,2026-01-15,2026-01-16,A,0,247.090000,217.5326485194544863534155381,2026-02-03,276.2306121268780523647294165,target,33,0.9859006530425516361020778373,0.117935
CIEN,2026-01-15,2026-01-16,C,7.209211312282436301468619335,242.8549531401264701641640405,213.2976016595809565175795786,2026-02-03,272.0019449076614446282308860,target,33,0.9861164924306348729836849019,0.120018
CIEN,2026-01-15,2026-01-16,X,0,243.420000,213.8626485194544863534155381,2026-02-03,272.5661405854726293535739731,target,33,0.9860876947874189253758680248,0.119736
SPHR,2026-01-26,2026-01-27,O,49.20435510887772194304857622,96.49246021775544388609715247,88.53048559972585008568503302,2026-02-05,88.22014486121375716695218641,stop,125,-1.038977860819769246807620882,-0.08573
SPHR,2026-01-26,2026-01-27,A,0,96.020000,88.05802538197040619958788055,2026-02-05,87.74934083738860233753731873,stop,125,-1.038769847856937304658847304,-0.086135
SPHR,2026-01-26,2026-01-27,C,10.85215234354813704718102424,96.63475582657227016691643839,88.67278120854267636650431894,2026-02-05,88.36194165740092157570456017,stop,125,-1.039040510181716762882231752,-0.085609
SPHR,2026-01-26,2026-01-27,X,0,96.370000,88.40802538197040619958788055,2026-02-05,88.09811392376959956455557855,stop,125,-1.038923944507311506175326545,-0.085835
ESGE,2026-01-30,2026-02-02,O,1.060108131029364995229513410,47.22500583059472066150747375,46.02544445235435329175310016,2026-02-09,48.41945859324179389812214253,target,833,0.9957412636935777771470959743,0.025293
ESGE,2026-01-30,2026-02-02,A,0,47.230000,46.03043862175963263024562641,2026-02-09,48.42445223578037788063423915,target,833,0.9957408244774568573160092730,0.02529
ESGE,2026-01-30,2026-02-02,C,1.047668936616029334730225249,47.73500052383446830801466739,46.53543914559410093826029380,2026-02-10,48.92939948389759389744645747,target,833,0.9956964118127790055028637251,0.025021
ESGE,2026-01-30,2026-02-02,X,0,47.650000,46.45043862175963263024562641,2026-02-10,48.84440792730902014247620560,target,833,0.9957038872500990258154959838,0.025066
CLS,2026-02-04,2026-02-05,O,36.23188405797101449275362319,278.6158333333333333333333332,230.3941267842356636930200035,2026-03-06,249.2405294002647388249669076,time,20,-0.6091718032243358820050058585,-0.105433
CLS,2026-02-04,2026-02-05,A,0,277.000000,228.7782934509023303596866703,2026-03-06,249.2405294002647388249669076,time,20,-0.5756633803797783618694768552,-0.100215
CLS,2026-02-04,2026-02-05,C,11.20048874859993890642500764,294.8648935953568883005803890,246.6431870462592186602670593,2026-03-06,249.2405294002647388249669076,time,20,-0.9461374857946805296853111349,-0.15473
CLS,2026-02-04,2026-02-05,X,0,294.890000,246.6682934509023303596866703,2026-03-06,249.2405294002647388249669076,time,20,-0.9466581310899180432874947523,-0.154802
WINA,2026-02-04,2026-02-05,O,442.6785088231856959214678042,449.7139499824704919948580108,409.6809447628581410156278898,2026-03-06,428.5977630227717671303451829,time,24,-0.5274694428724478825806314511,-0.046955
WINA,2026-02-04,2026-02-05,A,0,430.650000,390.6169947803876490207698790,2026-02-20,468.6386012994193909152829853,target,24,0.9489320397262757255289574287,0.088212
WINA,2026-02-04,2026-02-05,C,17.28776690136813784418112084,438.0259421832961245635125078,397.9929369636837735842823868,2026-02-20,475.9825061987103038723249373,target,24,0.9481317679547846260896052685,0.086654
WINA,2026-02-04,2026-02-05,X,0,438.190000,398.1569947803876490207698790,2026-02-20,476.1458514329757052255517239,target,24,0.9481139680810413232538374965,0.08662
CAH,2026-02-05,2026-02-06,O,16.06973826138640015849604860,226.5735135492108217579853391,214.2751370151117032052683670,2026-02-12,214.1486546754294046987525006,stop,81,-1.010284474485848355006088032,-0.054838
CAH,2026-02-05,2026-02-06,A,0,226.210000,213.9116234659008814472830278,2026-02-12,213.7853557010164380857676118,stop,81,-1.010267027077463987870026277,-0.054925
CAH,2026-02-05,2026-02-06,C,1.101637032630488906515081411,226.9850027540925815762222663,214.6866262199934630235052942,2026-02-12,214.5599009864406368172213336,stop,81,-1.010304224561791650414801419,-0.05474
CAH,2026-02-05,2026-02-06,X,0,226.320000,214.0216234659008814472830278,2026-02-12,213.8952907702103778772019924,stop,81,-1.010272306701638786717253726,-0.054899
ALHC,2026-02-09,2026-02-10,O,76.96007696007696007696007695,20.90969215969215969215969217,18.83924044072441137506141203,2026-02-27,18.83463088837776972804035467,stop,482,-1.002226351044273469768828346,-0.099239
ALHC,2026-02-09,2026-02-10,A,0,20.750000,18.67954828103225168290171986,2026-03-03,18.67497780188347941676937297,stop,482,-1.002207479221515457638262050,-0.100001
ALHC,2026-02-09,2026-02-10,C,2.431315341599805494772672016,20.55999756868465840019450522,18.48954584971691008309622508,2026-03-03,18.48502186003016750661394071,stop,482,-1.002185025444108434788398920,-0.100923
ALHC,2026-02-09,2026-02-10,X,0,20.630000,18.55954828103225168290171986,2026-03-03,18.55500716327325186599863649,stop,482,-1.002193298069883924908341328,-0.100581
BVN,2026-02-11,2026-02-12,O,79.98000499875031242189452635,40.36023994001499625093726570,36.21634475704327132224928950,2026-02-17,36.14843062135685438640309131,stop,241,-1.016388960793577180323522326,-0.104355
BVN,2026-02-11,2026-02-12,A,0,40.040000,35.89610481702827507131202380,2026-02-17,35.82879120629500539684400525,stop,241,-1.016244042805396647972294213,-0.105175
BVN,2026-02-11,2026-02-12,C,3.984592907424624784167884181,37.65999999999999999999999998,33.51610481702827507131202378,2026-02-27,41.72550308049084283418487334,target,241,0.9810825083600052564533536115,0.107953
BVN,2026-02-11,2026-02-12,X,0,37.540000,33.39610481702827507131202380,2026-02-27,41.60572810861935889869293686,target,241,0.9811368118881062470194060275,0.108304
AGI,2026-02-13,2026-02-17,O,48.57737682165163081193615545,43.54048577376821651630811938,38.36086651665973988691038662,2026-02-23,48.70277308316026600477888457,target,193,0.9966538181947175198705192191,0.118563
AGI,2026-02-13,2026-02-17,A,0,42.550000,37.37038074289152337060226724,2026-02-20,47.71263967003728898207315157,target,193,0.9967218464855529738639463775,0.121331
AGI,2026-02-13,2026-02-17,C,1.154068090017311021350259666,43.33500057703404500865551068,38.15538131992556837925777792,2026-02-23,48.49736098681625250904646534,target,193,0.9966679312764962026198732232,0.119127
AGI,2026-02-13,2026-02-17,X,0,43.310000,38.13038074289152337060226724,2026-02-23,48.47236930361964401586895377,target,193,0.9966696483597401707227195149,0.119196
AVEM,2026-02-13,2026-02-17,O,4.667444574095682613768961494,85.86005600933488914819136521,83.40887782469687168676715788,2026-02-24,88.29573102219094635917207984,target,407,0.9936752163187803045430728846,0.028368
AVEM,2026-02-13,2026-02-17,A,0,85.820000,83.36882181536198253857579267,2026-02-20,88.25568204474955622598712660,target,407,0.9936780850998191882809579145,0.028381
AVEM,2026-02-13,2026-02-17,C,1.160900859066635709310424890,86.13999883909914093336429065,83.68882065446112347194008332,2026-02-24,88.57562470756469590574967971,target,407,0.9936551670254199786843337365,0.028275
AVEM,2026-02-13,2026-02-17,X,0,86.090000,83.63882181536198253857579267,2026-02-24,88.52563464583797567709602706,target,407,0.9936587479043930839897316047,0.028292
JNUG,2026-02-18,2026-02-19,O,30.24618094107737662238217390,263.6851418507599831540258049,203.7711651528859177345893971,2026-02-24,323.1099242989562444201418455,target,16,0.9918350562483167255764809331,0.225363
JNUG,2026-02-18,2026-02-19,A,0,262.750000,202.8360233021259345805635922,2026-02-24,322.1761961294759773912532912,target,16,0.9918586514319054371392368166,0.22617
JNUG,2026-02-18,2026-02-19,C,31.70508893546133591273039927,280.0751743779891450373475200,220.1611976801150796179111122,2026-02-26,339.4751795347628783585246105,target,16,0.9914215084788626722880643855,0.212086
JNUG,2026-02-18,2026-02-19,X,0,280.050000,220.1360233021259345805635922,2026-02-26,339.4500432136170484069574903,target,16,0.9914221436702722993535264383,0.212105
EC,2026-02-19,2026-02-20,O,19.67729240456513183785911058,12.69493112947658402203856749,11.82699834033123757771811546,2026-03-03,11.82217689787696475359348516,stop,1152,-1.005555087346130221992316891,-0.068748
EC,2026-02-19,2026-02-20,A,0,12.670000,11.80206721085465355567954797,2026-03-03,11.79725593192646168712851676,stop,1152,-1.005543377307970511953767213,-0.068883
EC,2026-02-19,2026-02-20,C,4.014452027298273785628261742,12.46000000000000000000000000,11.59206721085465355567954797,2026-03-04,11.56719401810310901219992129,stop_gap,1152,-1.028657971057917031044347394,-0.071654
EC,2026-02-19,2026-02-20,X,0,12.500000,11.63206721085465355567954797,2026-03-03,11.62732523482087668916683719,stop,1152,-1.005463529080916842729579294,-0.069814
MKSI,2026-02-19,2026-02-20,O,18.43391840987416846998477198,248.0063316502364350404744730,221.3622695031594481987439503,2026-03-06,219.9238474719884587641259918,stop_gap,37,-1.053986588952945860941009134,-0.113233
MKSI,2026-02-19,2026-02-20,A,0,247.550000,220.9059378529230131582694773,2026-03-06,219.9238474719884587641259918,stop_gap,37,-1.036859634072062678683742774,-0.111598
MKSI,2026-02-19,2026-02-20,C,23.55212355212355212355212355,260.2414837837837837837837837,233.5974216367067969420532610,2026-03-03,233.0161110545327562911637716,stop,37,-1.021817640980011522100298901,-0.104616
MKSI,2026-02-19,2026-02-20,X,0,259.270000,232.6259378529230131582694773,2026-03-03,232.0470448222782966247592355,stop,37,-1.021726905884290041160202898,-0.104998
GRID,2026-02-23,2026-02-24,O,6.855184233076263924592973435,175.1699999999999999999999999,169.8344324053927659375601063,2026-03-03,169.0340385628106255355612682,stop_gap,187,-1.150011002276705223514721396,-0.035029
GRID,2026-02-23,2026-02-24,A,0,175.000000,169.6644324053927659375601064,2026-03-03,169.0340385628106255355612682,stop_gap,187,-1.118149349887215784055568236,-0.034091
GRID,2026-02-23,2026-02-24,C,4.240042965768719789693868898,177.0250275602792774966786330,171.6894599656720434342387394,2026-03-03,169.0340385628106255355612682,stop_gap,187,-1.497683021679887617897439274,-0.04514
GRID,2026-02-23,2026-02-24,X,0,176.820000,171.4844324053927659375601064,2026-03-03,169.0340385628106255355612682,stop_gap,187,-1.459256451939396841794737556,-0.044033
EUFN,2026-02-26,2026-02-27,O,17.00902786863796938374983645,38.20487243229098521522962189,36.94696116546139867490442344,2026-03-02,36.49781599241135679706921366,stop_gap,794,-1.357056324157154624908529356,-0.044682
EUFN,2026-02-26,2026-02-27,A,0,38.140000,36.88208873317041345967480155,2026-03-02,36.49781599241135679706921366,stop_gap,794,-1.305484775351102233231804546,-0.043057
EUFN,2026-02-26,2026-02-27,C,1.325908270459197968248628300,37.72000066304203686513724971,36.46208939621245032481205126,2026-03-02,36.45728479884834274142493675,stop,794,-1.003819504197793689299789824,-0.033476
EUFN,2026-02-26,2026-02-27,X,0,37.710000,36.45208873317041345967480155,2026-03-02,36.44728545359034093187671553,stop,794,-1.003818456600820989544447738,-0.033485
DVYE,2026-02-27,2026-03-02,O,11.52405646787669259579371939,34.70995390377412849322961683,33.82245262179058899043699967,2026-03-03,33.81270832544319901953799736,stop,1126,-1.010979472982407138070328734,-0.02585
DVYE,2026-02-27,2026-03-02,A,0,34.670000,33.78249871801646049720738284,2026-03-03,33.77276593244515065551991312,stop,1126,-1.010966503112600975128878117,-0.025879
DVYE,2026-02-27,2026-03-02,C,5.725737188663040366447180075,34.97001145147437732608073289,34.08251016949083782328811573,2026-03-03,33.81098907116104868913857678,stop_gap,1126,-1.305938823798594850147276420,-0.033143
DVYE,2026-02-27,2026-03-02,X,0,34.900000,34.01249871801646049720738284,2026-03-03,33.81098907116104868913857678,stop_gap,1126,-1.227052795242214883888831392,-0.031204
ILF,2026-03-17,2026-03-18,O,10.28655400440852314474650992,34.02496399706098457016899339,32.16167518809005781965962698,2026-04-01,35.88299291261171024910856963,target,536,0.9971770917128482884122169871,0.054608
ILF,2026-03-17,2026-03-18,A,0,33.990000,32.12671119102907324949063359,2026-04-01,35.84803403998236293301698632,target,536,0.9971798419207669868789403235,0.054664
ILF,2026-03-17,2026-03-18,C,1.483019427554500963962627910,33.71499925849028622274951803,31.85171044951935947224015162,2026-04-01,35.57307360343256557285242704,target,536,0.9972014730064700545947697103,0.055111
ILF,2026-03-17,2026-03-18,X,0,33.690000,31.82671119102907324949063359,2026-04-01,35.54807800891098670555106224,target,536,0.9972034394051784647077794523,0.055152
IEZ,2026-03-20,2026-03-23,O,23.32675399246366409474250852,27.93000000000000000000000000,26.36551453247176883589638211,2026-03-24,29.48426915804865782459405654,target,639,0.9934698597771481146408856735,0.055649
IEZ,2026-03-20,2026-03-23,A,0,27.920000,26.35551453247176883589638211,2026-03-24,29.47427262185191379965467310,target,639,0.9934720737978775290265990512,0.055669
IEZ,2026-03-20,2026-03-23,C,3.481894150417827298050139276,28.73000000000000000000000000,27.16551453247176883589638211,2026-03-30,30.28399205378817981974473198,target,639,0.9932927381187949637838156079,0.05409
IEZ,2026-03-20,2026-03-23,X,0,28.700000,27.13551453247176883589638211,2026-03-30,30.25400244519794774492658165,target,639,0.9932993801809832069409557348,0.054146
EWY,2026-03-23,2026-03-24,O,3.522642764883165681631375005,127.3648502876824924654585307,113.1849060718858989986904635,2026-04-13,141.5284504680874367556053485,target,70,0.9988473836608297961505220006,0.111205
EWY,2026-03-23,2026-03-24,A,0,127.270000,113.0900557842034065332319328,2026-04-13,141.4336111326724877825988549,target,70,0.9988481560381661816858932380,0.111288
EWY,2026-03-23,2026-03-24,C,0.7748334108166744150007748335,129.0699999999999999999999999,114.8900557842034065332319327,2026-04-14,143.2334032884786538270159288,target,70,0.9988334984209942879373078186,0.109734
EWY,2026-03-23,2026-03-24,X,0,128.750000,114.5700557842034065332319328,2026-04-14,142.9134402385575576413417825,target,70,0.9988361042196026246037230105,0.110007
EWN,2026-03-24,2026-03-25,O,15.36622844459620966365033294,58.61993853508622161516134538,55.95411467644634296237668695,2026-03-27,55.92068642666097773230613674,stop,375,-1.012539556834194044990413417,-0.046047
EWN,2026-03-24,2026-03-25,A,0,58.530000,55.86417614136012134721534157,2026-03-27,55.83080162288358973934382946,stop,375,-1.012519401223139893694798926,-0.046116
EWN,2026-03-24,2026-03-25,C,8.54846982390152162762865447,58.53499572576508804923918616,55.86917186712520939645452773,2026-03-27,55.83579436408945993278847143,stop,375,-1.012520520786688018939962559,-0.046113
EWN,2026-03-24,2026-03-25,X,0,58.510000,55.84417614136012134721534157,2026-03-27,55.81081357133455841733307585,stop,375,-1.012514919137449965865256089,-0.046132
ECH,2026-04-01,2026-04-02,O,22.71580010095911155981827360,39.75009086320040383644623926,37.37582328770435651808466818,2026-04-08,42.07691516176637130743035191,target,421,0.9800177210775547522257568123,0.058536
ECH,2026-04-01,2026-04-02,A,0,39.660000,37.28573242450395268163842892,2026-04-08,41.98692576493673503881392321,target,421,0.9800604569392641759499180326,0.058672
ECH,2026-04-01,2026-04-02,C,3.742048147686166895347386803,40.10000000000000000000000001,37.72573242450395268163842893,2026-04-08,42.42643020743454507510475040,target,421,0.9798517367818124916616461401,0.058016
ECH,2026-04-01,2026-04-02,X,0,40.040000,37.66573242450395268163842892,2026-04-08,42.36649778345757097924691032,target,421,0.9798801986214649940645923072,0.058104
GRDN,2026-04-08,2026-04-09,O,178.5937304858249032096915199,40.60241039090795553890345947,37.14639712512848588842632976,2026-04-15,37.02113763688339170596254671,stop,289,-1.036243925764226817085559461,-0.088203
GRDN,2026-04-08,2026-04-09,A,0,39.890000,36.43398673422053034952287029,2026-04-21,36.31112952904706284366085986,stop,289,-1.035548823376914404560172815,-0.089718
GRDN,2026-04-08,2026-04-09,C,4.928536224741251848201084278,40.61000492853622474125184818,37.15399166275675509077471847,2026-04-15,37.02870656535517742280282920,stop,289,-1.036251335792636447514409027,-0.088188
GRDN,2026-04-08,2026-04-09,X,0,40.650000,37.19398673422053034952287029,2026-04-15,37.06856677145995156602878793,stop,289,-1.036290359184223660641842487,-0.088104
ASX,2026-04-13,2026-04-14,O,13.02810348036478689745021404,26.79486320491345616973757676,24.78202730143949686308436360,2026-04-20,28.80230541823418810034203673,target,496,0.9973203527699807070136814611,0.074919
ASX,2026-04-13,2026-04-14,A,0,26.760000,24.74716409652604069334678684,2026-04-20,28.76744874078841840433030486,target,496,0.9973235956909139077532391453,0.075017
ASX,2026-04-13,2026-04-14,C,1.862544235425591357794747626,26.84499906872788228720432111,24.83216316525392298055110795,2026-04-20,28.85243189506793374109702921,target,496,0.9973156892101424332156785715,0.074779
ASX,2026-04-13,2026-04-14,X,0,26.870000,24.85716409652604069334678684,2026-04-20,28.87742814539429745319755819,target,496,0.9973133636625178494941062257,0.074709
DLX,2026-04-17,2026-04-20,O,70.54963084495488105004101725,30.63461197703035274815422478,28.91911544017832202606051281,2026-05-06,28.87173812130515963742017776,stop,582,-1.027617262906342372342739766,-0.057545
DLX,2026-04-17,2026-04-20,A,0,30.420000,28.70450346314796927790628803,2026-05-06,28.65747773663560366637629739,stop,582,-1.027412312121981154171471217,-0.05794
DLX,2026-04-17,2026-04-20,C,8.179290037624734173073777195,30.60000817929003762473417308,28.88451164243800690264046111,2026-05-06,28.83719101392811501715120740,stop,582,-1.027584216868619363549851204,-0.057608
DLX,2026-04-17,2026-04-20,X,0,30.560000,28.84450346314796927790628803,2026-05-06,28.79724837883743852876161849,stop,582,-1.027546009738524300101736993,-0.057682
KEYS,2026-04-22,2026-04-23,O,49.31442703074469174824765500,342.4504877299266868607050355,321.9664183816471970000619432,2026-05-06,362.7192217549900145685389115,target,48,0.9894876687070848681057137851,0.059187
KEYS,2026-04-22,2026-04-23,A,0,340.770000,320.2859306517205101393569077,2026-05-06,361.0397310873750507033809421,target,48,0.9895363437186155599502977798,0.059482
KEYS,2026-04-22,2026-04-23,C,5.62372925348599114623138041,346.9149859406768662850221344,326.4309165923973764243790421,2026-04-28,326.2372395077514378626176202,stop,48,-1.009455010200998270037587156,-0.059605
KEYS,2026-04-22,2026-04-23,X,0,346.530000,326.0459306517205101393569077,2026-04-28,325.8524819858634483487586177,stop,48,-1.009443859155520289528311972,-0.05967
FBNC,2026-04-23,2026-04-24,O,51.21316430190580136008731425,59.61374527747460330786667784,56.41309963855518896450440744,2026-04-30,56.17414208332579558529183370,stop,312,-1.074659172613082218709694707,-0.057698
FBNC,2026-04-23,2026-04-24,A,0,59.310000,56.10935436108058565663772960,2026-04-30,55.87168342596926497866145999,stop,312,-1.074257184932088241707438597,-0.057972
FBNC,2026-04-23,2026-04-24,C,16.29642336392486491122737799,58.39000000000000000000000001,55.18935436108058565663772961,2026-05-22,58.55442347371129599451067845,time,312,0.05137197061490625032465670275,0.002816
FBNC,2026-04-23,2026-04-24,X,0,58.330000,55.12935436108058565663772960,2026-05-22,58.55442347371129599451067845,time,312,0.07011818833748327824806804036,0.003847
ROM,2026-04-24,2026-04-27,O,15.03892427459306440198159944,112.9395939490445859872611465,105.1913373759680811946017236,2026-05-05,120.6284329705056706483993267,target,129,0.9923314940522383945501669377,0.068079
ROM,2026-04-24,2026-04-27,A,0,112.770000,105.0217434269234952073405771,2026-05-05,120.4589225166694045128080487,target,129,0.9923422700516561189500720605,0.068182
ROM,2026-04-24,2026-04-27,C,4.409948844593402716528488270,113.3899823602046216263891339,105.6417257871281168337297110,2026-05-06,121.0785996445434415785790794,target,129,0.9923028763728709873192902140,0.067807
ROM,2026-04-24,2026-04-27,X,0,113.400000,105.6517434269234952073405771,2026-05-06,121.0886123524121427305943800,target,129,0.9923022398520445656748411859,0.067801
ERAS,2026-05-01,2026-05-04,O,25.08780732563973908680381334,10.00002508780732563973908680,5.668045297097396359529624134,2026-06-01,14.31064570582199820620794060,target,230,0.9950694200510671471377183510,0.431061
ERAS,2026-05-01,2026-05-04,A,0,9.990000,5.658020209290070719790537334,2026-06-01,14.30063555853301433344312964,target,230,0.9950728689402733727528300370,0.431495
ERAS,2026-05-01,2026-05-04,C,4.923682914820285573609059578,10.16000000000000000000000000,5.828020209290070719790537334,2026-06-01,14.47038220532884145713910580,target,230,0.9950143845482833176649426458,0.42425
ERAS,2026-05-01,2026-05-04,X,0,10.140000,5.808020209290070719790537334,2026-06-01,14.45041201158815591317487331,target,230,0.9950212650649880300282235152,0.42509
HIBL,2026-05-04,2026-05-05,O,29.33473022524882137244630696,95.81023467784180199057097960,86.86982747860500419825886370,2026-05-07,104.6757588610308516008487632,target,111,0.9916242052091161343176991373,0.092532
HIBL,2026-05-04,2026-05-05,A,0,95.530000,86.58959280076320220768788410,2026-05-06,104.3957245143517224670929385,target,111,0.9916466125959619994794407837,0.092806
HIBL,2026-05-04,2026-05-05,C,10.77420347852855163921810066,97.86532861320609512082499615,88.92492141396929732851288025,2026-05-11,106.7293836728710893744941423,target,111,0.9914598812033615900445249316,0.090574
HIBL,2026-05-04,2026-05-05,X,0,97.810000,88.86959280076320220768788410,2026-05-11,106.6740946123909381533674483,target,111,0.9914643052441309272773955116,0.090626
FDT,2026-05-05,2026-05-06,O,25.53365335512205086303748340,98.40562557450720049024614438,95.00487775047053849406526086,2026-05-19,94.36842710305382494127259729,stop_gap,294,-1.187150203528249689102986927,-0.041026
FDT,2026-05-05,2026-05-06,A,0,98.120000,94.71925217596333800381911648,2026-05-19,94.36842710305382494127259729,stop_gap,294,-1.103161154858311825440747008,-0.038235
FDT,2026-05-05,2026-05-06,C,6.59195781147000659195781147,98.60495715227422544495715226,95.20420932823756344877626874,2026-05-19,94.36842710305382494127259729,stop_gap,294,-1.245764246109748683221210855,-0.042965
FDT,2026-05-05,2026-05-06,X,0,98.470000,95.06925217596333800381911648,2026-05-19,94.36842710305382494127259729,stop_gap,294,-1.206079694576600211204308994,-0.041653
EPU,2026-05-06,2026-05-07,O,28.73907316489043228355885522,83.36890791521973416357322480,79.05738558234339814188796096,2026-05-19,79.01485874771061524885843543,stop,231,-1.009863531103273229067601222,-0.052226
EPU,2026-05-06,2026-05-07,A,0,83.130000,78.81847766712366397831473616,2026-05-19,78.77607934670025157165614836,stop,231,-1.009833723949454139145201593,-0.052375
EPU,2026-05-06,2026-05-07,C,9.16478279464776684792570416,81.83493126412904014174864052,77.52340893125270412006337668,2026-05-29,86.10011338528025223865529549,target,231,0.9892520070296819997132513493,0.052119
EPU,2026-05-06,2026-05-07,X,0,81.840000,77.52847766712366397831473616,2026-05-29,86.10517939455848968708511039,target,231,0.9892513746329293216780700133,0.052116
EQNR,2026-05-07,2026-05-08,O,4.064489906516732150115160548,36.89498983877523370816962471,33.50756470376596032106530174,2026-05-19,40.27694850411782443723414934,target,295,0.9983862463526687821316128881,0.091664
EQNR,2026-05-07,2026-05-08,A,0,36.950000,33.56257486499072661289567703,2026-05-19,40.33195120026439494045116728,target,295,0.9983840425908443106434715374,0.091528
EQNR,2026-05-07,2026-05-08,C,1.364442625187610860963296494,36.65000000000000000000000001,33.26257486499072661289567704,2026-05-19,40.03199191135138096297796875,target,295,0.9983960608895117175252078571,0.092278
EQNR,2026-05-07,2026-05-08,X,0,36.690000,33.30257486499072661289567703,2026-05-19,40.07198648320644949330772855,target,295,0.9983944584496893966076430158,0.092177
LASR,2026-05-11,2026-05-12,O,77.2271207053815749467923381,84.03399695956217695348130132,70.96453426372142504440368396,2026-05-18,70.73927807106257194940993355,stop,76,-1.017235306293849326322566095,-0.158206
LASR,2026-05-11,2026-05-12,A,0,82.750000,69.68053730415924809092238264,2026-05-18,69.45935678492652750508575841,stop,76,-1.016923459240838527461108606,-0.160612
LASR,2026-05-11,2026-05-12,C,9.52721209955936644039537930,83.96992378230320352506847684,70.90046108646245161599085948,2026-05-18,70.67540827539569459648407328,stop,76,-1.017219744705983835877302001,-0.158325
LASR,2026-05-11,2026-05-12,X,0,83.810000,70.74053730415924809092238264,2026-05-18,70.51599212444230518604673432,stop,76,-1.017180903679261623027849383,-0.158621
OGC,2026-05-12,2026-05-13,O,40.05340453938584779706275034,33.97554072096128170894526035,30.80918442793776945449605671,2026-05-15,30.77345327754294455515770234,stop,315,-1.011284627214426867504744311,-0.094247
OGC,2026-05-12,2026-05-13,A,0,33.840000,30.67364370697648774555079636,2026-05-15,30.63806975080719057217236690,stop,315,-1.011234982066824851040647570,-0.09462
OGC,2026-05-12,2026-05-13,C,14.58576429404900816802800466,34.30997082847141190198366393,31.14361453544789964753446029,2026-05-15,31.10749552757843267200818083,stop,315,-1.011407120528112585466985456,-0.093339
OGC,2026-05-12,2026-05-13,X,0,34.290000,31.12364370697648774555079636,2026-05-15,31.08754786040417520539938923,stop,315,-1.011399805717329772723309186,-0.093393
FTI,2026-05-13,2026-05-14,O,19.88889650915575063438721624,72.84459227762156230711199509,68.31470536796248902444192613,2026-05-27,68.27249236773511776448861495,stop,220,-1.009318775737504731564045266,-0.062765
FTI,2026-05-13,2026-05-14,A,0,72.700000,68.17011309034092671732993104,2026-05-27,68.12798943652609195313796610,stop,220,-1.009299051975230229192666665,-0.062889
FTI,2026-05-13,2026-05-14,C,2.059449440516235326422736322,72.85000000000000000000000003,68.32011309034092671732993107,2026-05-27,68.27789674857552552677339352,stop,220,-1.009319513402284575282673166,-0.062761
FTI,2026-05-13,2026-05-14,X,0,73.010000,68.48011309034092671732993104,2026-05-27,68.43779788142825467198451604,stop,220,-1.009341338924475877778680101,-0.062624
USOI,2026-05-22,2026-05-26,O,90.23789991796554552912223135,55.49630844954881050041017226,51.65978685574176128853297336,2026-06-15,50.73798294339622641509433962,stop_gap,260,-1.240270747813206575057803972,-0.085741
USOI,2026-05-22,2026-05-26,A,0,55.000000,51.16347840619295078812280110,2026-06-15,51.01005770765552531097531792,stop,260,-1.039989530825286810215952956,-0.072544
USOI,2026-05-22,2026-05-26,C,30.95411507647487254187909687,55.00975236707938820101966498,51.17323077327233898914246608,2026-06-15,51.01978083092631561916139371,stop,260,-1.039997153305151148390478675,-0.072532
USOI,2026-05-22,2026-05-26,X,0,54.700000,50.86347840619295078812280110,2026-06-15,50.71095729875048214877631746,stop,260,-1.039755049909967848745665949,-0.072926
C,2026-05-26,2026-05-27,O,30.68208638187396742978522540,127.4799386358272362520651405,121.2356198778584412358880812,2026-06-04,133.7029908134216998383331282,target,160,0.9965942513188982037803954173,0.048816
C,2026-05-26,2026-05-27,A,0,127.240000,120.9956812420312049838229407,2026-06-04,133.4630903357744615564098556,target,160,0.9966003621824650698893255098,0.048908
C,2026-05-26,2026-05-27,C,0.798020908147793472188971351,125.3099992019790918522065278,119.0656804440102968360294685,2026-06-02,131.5333964717227043164007017,target,160,0.9966495162985580718215173599,0.049664
C,2026-05-26,2026-05-27,X,0,125.390000,119.1456812420312049838229407,2026-06-02,131.6133845469703903095905172,target,160,0.9966474788027614457736707369,0.049632
QLD,2026-05-26,2026-05-27,O,1.031140441328108888430604248,97.12001340482573726541554956,91.75650207863479638017731026,2026-06-05,91.75169882772768049280987178,stop,186,-1.000895542232503694677719787,-0.055275
QLD,2026-05-26,2026-05-27,A,0,97.110000,91.74648867380905911476176070,2026-06-05,91.74168594708164409831854436,stop,186,-1.000895444501806583763585713,-0.055281
QLD,2026-05-26,2026-05-27,C,0.5200478444016849550158614595,96.14499973997607779915752248,90.78148841378513691391928318,2026-06-05,90.77673620269715151178799913,stop,186,-1.000886026112181313872568105,-0.055835
QLD,2026-05-26,2026-05-27,X,0,96.190000,90.82648867380905911476176070,2026-06-05,90.82173410705651715490651483,stop,186,-1.000886465314117003765125521,-0.055809
ERAS,2026-05-27,2026-05-28,O,27.98880447820871651339464214,12.60518192722910835665733706,10.29339194358187130988087643,2026-06-01,14.91082058225330361151485592,target,432,0.9973391490288676492658399973,0.182912
ERAS,2026-05-27,2026-05-28,A,0,12.570000,10.25821001635276295322353937,2026-06-01,14.87565316303542375314892395,target,432,0.9973454246902949946108329062,0.183425
ERAS,2026-05-27,2026-05-28,C,8.156606851549755301794453505,12.28000815660685154975530179,9.968218172959614502978841164,2026-06-01,14.58578090390759206515174932,target,432,0.9973971526872854902528913199,0.187766
ERAS,2026-05-27,2026-05-28,X,0,12.200000,9.888210016352762953223539374,2026-06-01,14.50580574035501138201490333,target,432,0.9974114243358799765621465466,0.189
FTI,2026-06-01,2026-06-02,O,28.56933557981100285693355798,68.44498571533221009449857155,63.72706949661475881212728887,2026-06-24,63.70866456679624191427541095,stop,211,-1.003901071779422190006577401,-0.069199
FTI,2026-06-01,2026-06-02,A,0,67.690000,62.97208378128254871762871732,2026-07-01,65.10065283043790380473797559,time,211,-0.5488328002284875248140055100,-0.038253
FTI,2026-06-01,2026-06-02,C,1.435750179468772433596554200,69.67100157932519741564967693,64.95308536060774613327839425,2026-06-18,64.93432634678518793944928858,stop,211,-1.003976122710304882207582231,-0.067986
FTI,2026-06-01,2026-06-02,X,0,69.450000,64.73208378128254871762871732,2026-06-18,64.71338859463091476854059350,stop,211,-1.003962594031972057567040220,-0.068202
ODC,2026-06-05,2026-06-08,O,132.9394387001477104874446086,85.27881831610044313146233384,79.97599488864151458763329054,2026-06-09,90.21862070154824333437280219,target,188,0.9315419329010007823005191117,0.057925
ODC,2026-06-05,2026-06-08,A,0,84.160000,78.85717657254107145617095670,2026-06-09,89.10428623651424212520069899,target,188,0.9323874920880602218046118399,0.058749
ODC,2026-06-05,2026-06-08,C,45.78539563277764733505517727,85.41429032636769194646630667,80.11146689890876340263726337,2026-06-09,90.35354978513207226390106647,target,188,0.9314395484465970173065280532,0.057827
ODC,2026-06-05,2026-06-08,X,0,83.990000,78.68717657254107145617095670,2026-06-09,88.93496753987719734387991140,target,188,0.9325159714485886740813942026,0.058876
GTX,2026-06-11,2026-06-12,O,20.77151335311572700296735905,33.90027002967359050445103858,31.23875534973300023137620929,2026-07-08,31.22948568939183316899301160,stop,375,-1.003482851479659686730912640,-0.078784
GTX,2026-06-11,2026-06-12,A,0,33.830000,31.16848532005940972692517071,2026-07-13,31.15923651135909536202103861,stop,375,-1.003475016978121952238814124,-0.078947
GTX,2026-06-11,2026-06-12,C,1.490090895544628222321561616,33.55499925495455222768588883,30.89348457501396195461105954,2026-06-30,36.20576719485511426856464669,target,375,0.9959621714202725650608233027,0.078998
GTX,2026-06-11,2026-06-12,X,0,33.560000,30.89848532005940972692517071,2026-06-30,36.21076645599995508308281895,target,375,0.9959616138803806600050031191,0.078986
MXL,2026-06-12,2026-06-15,O,16.17310802520774078411689253,90.20565501087502091350175671,69.66034236377528015597405883,2026-06-30,110.6364503430710653411765979,target,48,0.9944261098932528507347161234,0.226491
MXL,2026-06-12,2026-06-15,A,0,89.860000,69.31468735290025924247230212,2026-06-30,110.2911527420188701616157322,target,48,0.9944435060667238924301455697,0.227366
MXL,2026-06-12,2026-06-15,C,9.57905979660742828003906953,88.73992315462682315541668638,68.19461050752708239788898850,2026-06-30,109.1722340643396683390454299,target,48,0.9944998774500106059393897116,0.230249
MXL,2026-06-12,2026-06-15,X,0,88.760000,68.21468735290025924247230212,2026-06-30,109.1922901501071054557333793,target,48,0.9944988670197437947694421755,0.230197
ENLT,2026-06-22,2026-06-23,O,18.23851267870800729540507148,84.98471730305348002588692121,74.36913896670954658582023052,2026-07-22,91.50403946429949826321883443,time,94,0.6141278369098551144395032206,0.076712
ENLT,2026-06-22,2026-06-23,A,0,84.830000,74.21442166365606655993330931,2026-07-22,91.50403946429949826321883443,time,94,0.6287023893413306057369122187,0.078675
ENLT,2026-06-22,2026-06-23,C,10.47582290345702155814081712,90.81503666538016209957545352,80.19945832903622865950876283,2026-07-22,91.50403946429949826321883443,time,94,0.06490487631375086357383454244,0.007587
ENLT,2026-06-22,2026-06-23,X,0,90.560000,79.94442166365606655993330931,2026-07-22,91.50403946429949826321883443,time,94,0.08892963099970217103631248121,0.010424
DFEV,2026-07-20,2026-07-21,O,2.470355731225296442687747036,40.43998764822134387351778657,38.55755952191615237358049510,2026-07-29,38.53379669711526728028973922,stop,531,-1.012623496466516623577949330,-0.047136
DFEV,2026-07-20,2026-07-21,A,0,40.430000,38.54757187369480850006270853,2026-07-29,38.52381520422994050517791702,stop,531,-1.012620226574863878232799171,-0.047148
DFEV,2026-07-20,2026-07-21,C,4.915212582944212337183583190,40.73000983042516588842467435,38.84758170411997438848738288,2026-07-28,38.82364014014603134991442135,stop,531,-1.012718447859645652358788672,-0.046805
DFEV,2026-07-20,2026-07-21,X,0,40.660000,38.77757187369480850006270853,2026-07-29,38.55047530805335968379446640,stop_gap,531,-1.120640231872858471596265246,-0.051882
CVI,2026-07-21,2026-07-22,O,53.14685314685314685314685315,36.07069090909090909090909090,32.93340636218097967975792075,2026-07-24,32.88210095643335317126375036,stop,318,-1.016353443553011410279545877,-0.088398
CVI,2026-07-21,2026-07-22,A,0,35.880000,32.74271545309007058884882985,2026-07-24,32.69170711574635287514293307,stop,318,-1.016258753894019084410158632,-0.08886
CVI,2026-07-21,2026-07-22,C,5.74052812858783008036739380,34.86500287026406429391504017,31.72771832335413488276387002,2026-07-30,37.94308543989189287929709428,target,318,0.9811295480544116234772316520,0.088286
CVI,2026-07-21,2026-07-22,X,0,34.880000,31.74271545309007058884882985,2026-07-30,37.95805920630434815870496382,target,318,0.9811221010654212756304783682,0.088247
MTUM,2026-07-23,2026-07-24,O,7.853696847301694154605632225,312.4952316840569953999775608,291.6218382535843365600908497,2026-07-28,291.5323302341536449555702008,stop,47,-1.004288139335313854502341303,-0.067082
MTUM,2026-07-23,2026-07-24,A,0,312.500000,291.6266065695273411601132889,2026-07-28,291.5370970865487937636697861,stop,47,-1.004288209450786964654041046,-0.067081
MTUM,2026-07-23,2026-07-24,C,1.634093731616445519314987908,306.0099967318125367671089614,285.1366033013398779272222503,2026-07-29,285.0490858068286998311587764,stop,47,-1.004192777508970487637197802,-0.068497
MTUM,2026-07-23,2026-07-24,X,0,306.390000,285.5166065695273411601132889,2026-07-29,285.4289724399242359877946266,stop,47,-1.004198365248803762803925745,-0.068413
UCTT,2026-07-24,2026-07-27,O,62.0849754359445014306537818,94.16099120012956864438805807,73.14391363994011025019591029,2026-07-29,72.67422125813080422990860438,stop,47,-1.022348130013042211919297765,-0.228192
UCTT,2026-07-24,2026-07-27,A,0,93.360000,72.34292243981054160580785222,2026-07-29,71.87837360919879848983360448,stop,47,-1.022103398023885650145474006,-0.230095
UCTT,2026-07-24,2026-07-27,C,8.17470512670792946397290669,85.27965666238467826696251317,64.26257910219521987277036539,2026-08-24,72.72050349690529020203199813,time,47,-0.5975689593147304162815143232,-0.14727
UCTT,2026-07-24,2026-07-27,X,0,86.970000,65.95292243981054160580785222,2026-08-24,72.72050349690529020203199813,time,47,-0.6779960944753851756085991090,-0.163844
NAT,2026-07-27,2026-07-28,O,30.95975232198142414860681114,6.459938080495356037151702786,5.920157301981096777806579156,2026-08-19,6.994288510786954617446014293,target,1852,0.9899397154570645259750970041,0.082718
NAT,2026-07-27,2026-07-28,A,0,6.480000,5.940219221485740740654876370,2026-08-19,7.014334866350943309570612285,target,1852,0.9899108816391984835761597472,0.082459
NAT,2026-07-27,2026-07-28,C,7.80640124902419984387197502,6.415003903200624512099921939,5.875223124686365252754798309,2026-08-19,6.949389193210838089698385332,target,1852,0.9900042967093109440518890279,0.083302
NAT,2026-07-27,2026-07-28,X,0,6.390000,5.850219221485740740654876370,2026-08-18,6.924404687918049593511651851,target,1852,0.9900402333499030904491699421,0.083631
VGT,2026-07-28,2026-07-29,O,6.315409599422591122338505955,110.8699747383616023096355107,104.9053011607673958048399219,2026-08-04,116.8186457617418715717500379,target,167,0.9973171114888751852855819938,0.053654
VGT,2026-07-28,2026-07-29,A,0,110.800000,104.8353264224057934952044112,2026-08-04,116.7486806076479533604996300,target,167,0.9973187183274656658910490278,0.053688
VGT,2026-07-28,2026-07-29,C,0.4599181345720461757807110334,108.7149997700409327139769121,102.7503261924467262091813233,2026-07-31,114.6639659550385585943075273,target,167,0.9973665964461854005420714166,0.054721
VGT,2026-07-28,2026-07-29,X,0,108.200000,102.2353264224057934952044112,2026-07-31,114.1490367232485560176698806,target,167,0.9973784224497399132873759318,0.054982
EMEQ,2026-07-31,2026-08-03,O,11.37471563210919727006824830,61.74014787130321741956451090,56.32831511275448435970310165,2026-08-17,67.07654107530068043395071850,target,184,0.9860602576027311803385428057,0.086433
EMEQ,2026-07-31,2026-08-03,A,0,61.670000,56.25816724145126694013859075,2026-08-17,67.00647200918108081601306550,target,184,0.9860748192470268799824132320,0.086533
EMEQ,2026-07-31,2026-08-03,C,11.18032263216738540169302028,62.72505031145184475323430762,57.31321755290311169337289837,2026-08-31,64.49780865676409519246126817,time,184,0.3275707924477036317103991202,0.028262
EMEQ,2026-07-31,2026-08-03,X,0,62.620000,57.20816724145126694013859075,2026-08-31,64.49780865676409519246126817,time,184,0.3469820189468786772674430000,0.029987
NVEC,2026-08-06,2026-08-07,O,184.6225753680766534236971255,132.1556625379761626548258940,114.0207957295176768226546117,2026-08-19,113.6037871388019869299875222,stop,55,-1.022994852684619015620306281,-0.140379
NVEC,2026-08-06,2026-08-07,A,0,129.760000,111.6251331915415141678287177,2026-08-19,111.2168862644539372348361140,stop,55,-1.022511713562581111583660116,-0.142903
NVEC,2026-08-06,2026-08-07,C,29.52174768746309781539067113,127.1141586301909073017122614,108.9792918217324214695409791,2026-08-19,108.5807215380485506572253285,stop,55,-1.021978120263776582767442208,-0.145802
NVEC,2026-08-06,2026-08-07,X,0,125.940000,107.8051331915415141678287177,2026-08-19,107.4108571616603803131957748,stop,55,-1.021741324821709479920518602,-0.147127
SM,2026-08-11,2026-08-12,O,30.86419753086419753086419753,32.52006172839506172839506174,29.39800808481612781136522343,2026-08-18,35.63116204825796184221487396,target,320,0.9964916285988354851555782653,0.095667
SM,2026-08-11,2026-08-12,A,0,32.420000,29.29794635642106608297016169,2026-08-18,35.53113107024040320593056669,target,320,0.9965014780059929617111110974,0.095963
SM,2026-08-11,2026-08-12,C,1.545356204605161489723381240,32.36000000000000000000000000,29.23794635642106608297016169,2026-08-17,35.47114950908490228398834174,target,320,0.9965073840046092894174515764,0.096142
SM,2026-08-11,2026-08-12,X,0,32.420000,29.29794635642106608297016169,2026-08-18,35.53113107024040320593056669,target,320,0.9965014780059929617111110974,0.095963
