instrument_id,signal_date,session_date,order,how,entry_price,exit_date,exit_reason,per_dollar
ASC,2022-09-19,2022-09-20,D,rested,10.440000,2022-09-23,stop,-0.101326
ASC,2022-09-19,2022-09-20,G,crossed,10.440000,2022-09-23,stop,-0.101326
ASC,2022-09-19,2022-09-20,M,crossed,10.440000,2022-09-23,stop,-0.101326
ASC,2022-09-19,2022-09-20,J,crossed,10.440000,2022-09-23,stop,-0.101326
ANDE,2022-09-20,2022-09-21,D,rested,32.970001,2022-09-23,stop,-0.079598
ANDE,2022-09-20,2022-09-21,G,missed,,,,0.0
ANDE,2022-09-20,2022-09-21,M,crossed,33.250000,2022-09-23,stop,-0.078942
ANDE,2022-09-20,2022-09-21,J,rested,32.970001,2022-09-23,stop,-0.079598
SLVM,2022-09-21,2022-09-22,D,rested,36.310001,2022-10-06,target,0.093684
SLVM,2022-09-21,2022-09-22,G,crossed,36.220000,2022-10-06,target,0.093919
SLVM,2022-09-21,2022-09-22,M,crossed,36.220000,2022-10-06,target,0.093919
SLVM,2022-09-21,2022-09-22,J,crossed,36.220000,2022-10-06,target,0.093919
UUP,2022-09-27,2022-09-28,D,rested,30.670000,2022-09-29,stop,-0.016447
UUP,2022-09-27,2022-09-28,G,missed,,,,0.0
UUP,2022-09-27,2022-09-28,M,crossed,30.700000,2022-09-29,stop,-0.016431
UUP,2022-09-27,2022-09-28,J,rested,30.670000,2022-09-29,stop,-0.016447
BJ,2022-09-29,2022-09-30,D,rested,74.470001,2022-10-10,stop,-0.060357
BJ,2022-09-29,2022-09-30,G,missed,,,,0.0
BJ,2022-09-29,2022-09-30,M,crossed,74.680000,2022-10-07,stop,-0.060189
BJ,2022-09-29,2022-09-30,J,rested,74.470001,2022-10-10,stop,-0.060357
MGY,2022-09-29,2022-09-30,D,marketable,19.65088280846670108415074859,2022-10-04,target,0.117689
MGY,2022-09-29,2022-09-30,G,crossed,19.560000,2022-10-04,target,0.118238
MGY,2022-09-29,2022-09-30,M,crossed,19.560000,2022-10-04,target,0.118238
MGY,2022-09-29,2022-09-30,J,crossed,19.560000,2022-10-04,target,0.118238
BTI,2022-09-30,2022-10-03,D,missed,,,,0.0
BTI,2022-09-30,2022-10-03,G,missed,,,,0.0
BTI,2022-09-30,2022-10-03,M,crossed,36.470000,2022-10-24,target,0.043086
BTI,2022-09-30,2022-10-03,J,missed,,,,0.0
FDS,2022-10-17,2022-10-18,D,rested,407.000000,2022-11-10,target,0.059957
FDS,2022-10-17,2022-10-18,G,missed,,,,0.0
FDS,2022-10-17,2022-10-18,M,crossed,415.300000,2022-11-15,time,0.042172
FDS,2022-10-17,2022-10-18,J,rested,407.000000,2022-11-10,target,0.059957
ALB,2022-10-18,2022-10-19,D,marketable,250.8310304777924626536905762,2022-10-25,target,0.116909
ALB,2022-10-18,2022-10-19,G,crossed,250.000000,2022-10-25,target,0.117302
ALB,2022-10-18,2022-10-19,M,crossed,250.000000,2022-10-25,target,0.117302
ALB,2022-10-18,2022-10-19,J,crossed,250.000000,2022-10-25,target,0.117302
HSY,2022-10-24,2022-10-25,D,rested,231.960007,2022-10-31,target,0.037046
HSY,2022-10-24,2022-10-25,G,missed,,,,0.0
HSY,2022-10-24,2022-10-25,M,crossed,232.990000,2022-11-10,stop,-0.037651
HSY,2022-10-24,2022-10-25,J,rested,231.960007,2022-10-31,target,0.037046
ADEA,2022-11-03,2022-11-04,D,rested,11.370000,2022-11-10,stop,-0.103146
ADEA,2022-11-03,2022-11-04,G,missed,,,,0.0
ADEA,2022-11-03,2022-11-04,M,crossed,11.470000,2022-11-10,stop,-0.102254
ADEA,2022-11-03,2022-11-04,J,rested,11.370000,2022-11-10,stop,-0.103146
FCNCA,2022-11-04,2022-11-07,D,rested,820.229980,2022-12-06,time,-0.046569
FCNCA,2022-11-04,2022-11-07,G,missed,,,,0.0
FCNCA,2022-11-04,2022-11-07,M,crossed,827.100000,2022-12-06,stop,-0.065693
FCNCA,2022-11-04,2022-11-07,J,rested,820.229980,2022-12-06,time,-0.046569
SLVM,2022-11-08,2022-11-09,D,rested,45.270000,2022-11-10,stop_gap,-0.08787
SLVM,2022-11-08,2022-11-09,G,crossed,44.580000,2022-11-10,stop,-0.073037
SLVM,2022-11-08,2022-11-09,M,crossed,44.580000,2022-11-10,stop,-0.073037
SLVM,2022-11-08,2022-11-09,J,crossed,44.580000,2022-11-10,stop,-0.073037
AXON,2022-11-14,2022-11-15,D,rested,180.889999,2022-12-14,time,-0.041509
AXON,2022-11-14,2022-11-15,G,crossed,180.720000,2022-12-14,time,-0.040608
AXON,2022-11-14,2022-11-15,M,crossed,180.720000,2022-12-14,time,-0.040608
AXON,2022-11-14,2022-11-15,J,crossed,180.720000,2022-12-14,time,-0.040608
RYTM,2022-11-17,2022-11-18,D,rested,23.350000,2022-12-02,target,0.191745
RYTM,2022-11-17,2022-11-18,G,missed,,,,0.0
RYTM,2022-11-17,2022-11-18,M,crossed,23.750000,2022-12-02,target,0.188503
RYTM,2022-11-17,2022-11-18,J,rested,23.350000,2022-12-02,target,0.191745
ICSH,2022-11-21,2022-11-22,D,missed,,,,0.0
ICSH,2022-11-21,2022-11-22,G,missed,,,,0.0
ICSH,2022-11-21,2022-11-22,M,crossed,50.020000,2022-11-29,target,0.001007
ICSH,2022-11-21,2022-11-22,J,missed,,,,0.0
LSCC,2022-11-21,2022-11-22,D,rested,66.970001,2022-12-01,target,0.088974
LSCC,2022-11-21,2022-11-22,G,missed,,,,0.0
LSCC,2022-11-21,2022-11-22,M,crossed,67.500000,2022-12-13,target,0.088267
LSCC,2022-11-21,2022-11-22,J,rested,66.970001,2022-12-01,target,0.088974
FSLR,2022-11-29,2022-11-30,D,missed,,,,0.0
FSLR,2022-11-29,2022-11-30,G,missed,,,,0.0
FSLR,2022-11-29,2022-11-30,M,crossed,163.020000,2022-12-12,stop,-0.087154
FSLR,2022-11-29,2022-11-30,J,missed,,,,0.0
ALSN,2022-12-07,2022-12-08,D,rested,43.759998,2022-12-16,stop,-0.043463
ALSN,2022-12-07,2022-12-08,G,missed,,,,0.0
ALSN,2022-12-07,2022-12-08,M,crossed,44.090000,2022-12-12,stop,-0.043141
ALSN,2022-12-07,2022-12-08,J,rested,43.759998,2022-12-16,stop,-0.043463
MNST,2022-12-07,2022-12-08,D,marketable,25.29002079825690799247301178,2023-01-09,time,-0.000198
MNST,2022-12-07,2022-12-08,G,crossed,25.257500,2023-01-09,time,0.001089
MNST,2022-12-07,2022-12-08,M,crossed,25.257500,2023-01-09,time,0.001089
MNST,2022-12-07,2022-12-08,J,crossed,25.257500,2023-01-09,time,0.001089
BBW,2022-12-08,2022-12-09,D,marketable,25.90466963766711877543111801,2022-12-19,stop,-0.090014
BBW,2022-12-08,2022-12-09,G,crossed,25.710000,2022-12-19,stop,-0.090678
BBW,2022-12-08,2022-12-09,M,crossed,25.710000,2022-12-19,stop,-0.090678
BBW,2022-12-08,2022-12-09,J,crossed,25.710000,2022-12-19,stop,-0.090678
TUR,2022-12-29,2022-12-30,D,rested,37.180000,2023-01-05,stop_gap,-0.070926
TUR,2022-12-29,2022-12-30,G,missed,,,,0.0
TUR,2022-12-29,2022-12-30,M,crossed,37.370000,2023-01-05,stop_gap,-0.075649
TUR,2022-12-29,2022-12-30,J,rested,37.180000,2023-01-05,stop_gap,-0.070926
IWR,2023-01-03,2023-01-04,D,missed,,,,0.0
IWR,2023-01-03,2023-01-04,G,missed,,,,0.0
IWR,2023-01-03,2023-01-04,M,crossed,67.650000,2023-01-11,target,0.037215
IWR,2023-01-03,2023-01-04,J,missed,,,,0.0
MTDR,2023-01-17,2023-01-18,D,rested,59.970001,2023-01-25,target,0.078392
MTDR,2023-01-17,2023-01-18,G,missed,,,,0.0
MTDR,2023-01-17,2023-01-18,M,crossed,60.730000,2023-01-25,target,0.077404
MTDR,2023-01-17,2023-01-18,J,rested,59.970001,2023-01-25,target,0.078392
JHMM,2023-02-01,2023-02-02,D,missed,,,,0.0
JHMM,2023-02-01,2023-02-02,G,missed,,,,0.0
JHMM,2023-02-01,2023-02-02,M,crossed,51.440000,2023-02-21,stop,-0.031857
JHMM,2023-02-01,2023-02-02,J,missed,,,,0.0
XHB,2023-02-02,2023-02-03,D,marketable,70.92003530076249646992375034,2023-02-21,stop,-0.047797
XHB,2023-02-02,2023-02-03,G,crossed,70.870000,2023-02-21,stop,-0.047831
XHB,2023-02-02,2023-02-03,M,crossed,70.870000,2023-02-21,stop,-0.047831
XHB,2023-02-02,2023-02-03,J,crossed,70.870000,2023-02-21,stop,-0.047831
EWBC,2023-02-03,2023-02-06,D,marketable,78.39997570953720276144208642,2023-03-02,stop,-0.057486
EWBC,2023-02-03,2023-02-06,G,crossed,78.210000,2023-03-02,stop,-0.057624
EWBC,2023-02-03,2023-02-06,M,crossed,78.210000,2023-03-02,stop,-0.057624
EWBC,2023-02-03,2023-02-06,J,crossed,78.210000,2023-03-02,stop,-0.057624
EWP,2023-02-07,2023-02-08,D,rested,27.219999,2023-03-06,target,0.02564
EWP,2023-02-07,2023-02-08,G,missed,,,,0.0
EWP,2023-02-07,2023-02-08,M,crossed,27.270000,2023-03-09,time,-0.001284
EWP,2023-02-07,2023-02-08,J,rested,27.219999,2023-03-06,target,0.02564
BMA,2023-02-16,2023-02-17,D,rested,21.420000,2023-03-02,stop,-0.095356
BMA,2023-02-16,2023-02-17,G,crossed,21.200000,2023-03-02,stop,-0.096297
BMA,2023-02-16,2023-02-17,M,crossed,21.200000,2023-03-02,stop,-0.096297
BMA,2023-02-16,2023-02-17,J,crossed,21.200000,2023-03-02,stop,-0.096297
SCHD,2023-02-17,2023-02-21,D,marketable,25.46500032733224222585924714,2023-02-24,stop,-0.024957
SCHD,2023-02-17,2023-02-21,G,crossed,25.46333333333333333333333333,2023-02-24,stop,-0.024959
SCHD,2023-02-17,2023-02-21,M,crossed,25.46333333333333333333333333,2023-02-24,stop,-0.024959
SCHD,2023-02-17,2023-02-21,J,crossed,25.46333333333333333333333333,2023-02-24,stop,-0.024959
TNL,2023-02-17,2023-02-21,D,marketable,41.64894977168949771689497717,2023-03-10,stop,-0.056134
TNL,2023-02-17,2023-02-21,G,crossed,41.420000,2023-03-06,target,0.054977
TNL,2023-02-17,2023-02-21,M,crossed,41.420000,2023-03-06,target,0.054977
TNL,2023-02-17,2023-02-21,J,crossed,41.420000,2023-03-06,target,0.054977
BHF,2023-03-03,2023-03-06,D,rested,58.450001,2023-03-08,stop,-0.057999
BHF,2023-03-03,2023-03-06,G,crossed,58.380000,2023-03-08,stop,-0.058068
BHF,2023-03-03,2023-03-06,M,crossed,58.380000,2023-03-08,stop,-0.058068
BHF,2023-03-03,2023-03-06,J,crossed,58.380000,2023-03-08,stop,-0.058068
IMVT,2023-03-06,2023-03-07,D,rested,16.820000,2023-03-10,stop,-0.095868
IMVT,2023-03-06,2023-03-07,G,crossed,16.750000,2023-03-10,stop,-0.096264
IMVT,2023-03-06,2023-03-07,M,crossed,16.750000,2023-03-10,stop,-0.096264
IMVT,2023-03-06,2023-03-07,J,crossed,16.750000,2023-03-10,stop,-0.096264
BXC,2023-03-07,2023-03-08,D,rested,85.190002,2023-03-13,stop,-0.081111
BXC,2023-03-07,2023-03-08,G,missed,,,,0.0
BXC,2023-03-07,2023-03-08,M,crossed,85.290000,2023-03-13,stop,-0.081018
BXC,2023-03-07,2023-03-08,J,rested,85.190002,2023-03-13,stop,-0.081111
SPHB,2023-03-08,2023-03-09,D,marketable,71.13500386915230390432641573,2023-03-10,stop,-0.042956
SPHB,2023-03-08,2023-03-09,G,crossed,71.080000,2023-03-10,stop,-0.042989
SPHB,2023-03-08,2023-03-09,M,crossed,71.080000,2023-03-10,stop,-0.042989
SPHB,2023-03-08,2023-03-09,J,crossed,71.080000,2023-03-10,stop,-0.042989
WSC,2023-03-08,2023-03-09,D,rested,52.709999,2023-03-10,stop,-0.040709
WSC,2023-03-08,2023-03-09,G,missed,,,,0.0
WSC,2023-03-08,2023-03-09,M,crossed,52.760000,2023-03-10,stop,-0.040671
WSC,2023-03-08,2023-03-09,J,rested,52.709999,2023-03-10,stop,-0.040709
SBUX,2023-03-10,2023-03-13,D,marketable,98.84501139182826186015897934,2023-03-31,target,0.040817
SBUX,2023-03-10,2023-03-13,G,crossed,98.910000,2023-03-31,target,0.04079
SBUX,2023-03-10,2023-03-13,M,crossed,98.910000,2023-03-31,target,0.04079
SBUX,2023-03-10,2023-03-13,J,crossed,98.910000,2023-03-31,target,0.04079
MOD,2023-03-14,2023-03-15,D,marketable,22.43524792461296836437065291,2023-04-05,stop,-0.088332
MOD,2023-03-14,2023-03-15,G,crossed,22.370000,2023-04-05,stop,-0.088587
MOD,2023-03-14,2023-03-15,M,crossed,22.370000,2023-04-05,stop,-0.088587
MOD,2023-03-14,2023-03-15,J,crossed,22.370000,2023-04-05,stop,-0.088587
MEI,2023-03-15,2023-03-16,D,marketable,41.07021349693251533742331289,2023-04-14,time,0.04308
MEI,2023-03-15,2023-03-16,G,crossed,40.780000,2023-03-31,target,0.066981
MEI,2023-03-15,2023-03-16,M,crossed,40.780000,2023-03-31,target,0.066981
MEI,2023-03-15,2023-03-16,J,crossed,40.780000,2023-03-31,target,0.066981
MCD,2023-03-29,2023-03-30,D,rested,277.440002,2023-04-11,target,0.028412
MCD,2023-03-29,2023-03-30,G,crossed,277.240000,2023-04-11,target,0.028433
MCD,2023-03-29,2023-03-30,M,crossed,277.240000,2023-04-11,target,0.028433
MCD,2023-03-29,2023-03-30,J,crossed,277.240000,2023-04-11,target,0.028433
MTX,2023-03-31,2023-04-03,D,rested,60.419998,2023-04-25,stop,-0.054852
MTX,2023-03-31,2023-04-03,G,missed,,,,0.0
MTX,2023-03-31,2023-04-03,M,crossed,60.580000,2023-04-10,stop,-0.054715
MTX,2023-03-31,2023-04-03,J,rested,60.419998,2023-04-25,stop,-0.054852
NSIT,2023-04-05,2023-04-06,D,rested,143.559998,2023-04-12,stop,-0.035816
NSIT,2023-04-05,2023-04-06,G,crossed,143.030000,2023-04-12,stop,-0.035946
NSIT,2023-04-05,2023-04-06,M,crossed,143.030000,2023-04-12,stop,-0.035946
NSIT,2023-04-05,2023-04-06,J,crossed,143.030000,2023-04-12,stop,-0.035946
RDNT,2023-04-13,2023-04-14,D,rested,27.299999,2023-05-01,target,0.057037
RDNT,2023-04-13,2023-04-14,G,crossed,27.290000,2023-05-01,target,0.057058
RDNT,2023-04-13,2023-04-14,M,crossed,27.290000,2023-05-01,target,0.057058
RDNT,2023-04-13,2023-04-14,J,crossed,27.290000,2023-05-01,target,0.057058
CLH,2023-04-21,2023-04-24,D,rested,143.919998,2023-05-03,stop,-0.046019
CLH,2023-04-21,2023-04-24,G,crossed,143.820000,2023-05-03,stop,-0.046051
CLH,2023-04-21,2023-04-24,M,crossed,143.820000,2023-05-03,stop,-0.046051
CLH,2023-04-21,2023-04-24,J,crossed,143.820000,2023-05-03,stop,-0.046051
APG,2023-04-24,2023-04-25,D,marketable,14.63324651587845556317112177,2023-05-01,target,0.047536
APG,2023-04-24,2023-04-25,G,crossed,14.57333333333333333333333333,2023-05-01,target,0.047732
APG,2023-04-24,2023-04-25,M,crossed,14.57333333333333333333333333,2023-05-01,target,0.047732
APG,2023-04-24,2023-04-25,J,crossed,14.57333333333333333333333333,2023-05-01,target,0.047732
ULTA,2023-04-24,2023-04-25,D,marketable,546.6252859251652653873307234,2023-05-02,stop,-0.034102
ULTA,2023-04-24,2023-04-25,G,crossed,545.470000,2023-05-02,stop,-0.034174
ULTA,2023-04-24,2023-04-25,M,crossed,545.470000,2023-05-02,stop,-0.034174
ULTA,2023-04-24,2023-04-25,J,crossed,545.470000,2023-05-02,stop,-0.034174
IQLT,2023-04-27,2023-04-28,D,marketable,35.97996663886572143452877397,2023-05-24,stop_gap,-0.02582
IQLT,2023-04-27,2023-04-28,G,crossed,35.940000,2023-05-24,stop_gap,-0.024736
IQLT,2023-04-27,2023-04-28,M,crossed,35.940000,2023-05-24,stop_gap,-0.024736
IQLT,2023-04-27,2023-04-28,J,crossed,35.940000,2023-05-24,stop_gap,-0.024736
HMC,2023-04-28,2023-05-01,D,rested,26.580000,2023-05-11,target,0.026864
HMC,2023-04-28,2023-05-01,G,missed,,,,0.0
HMC,2023-04-28,2023-05-01,M,crossed,26.600000,2023-05-11,target,0.026843
HMC,2023-04-28,2023-05-01,J,rested,26.580000,2023-05-11,target,0.026864
CLH,2023-05-01,2023-05-02,D,marketable,146.1398572017025950844432240,2023-05-03,stop,-0.041208
CLH,2023-05-01,2023-05-02,G,crossed,145.620000,2023-05-03,stop,-0.041352
CLH,2023-05-01,2023-05-02,M,crossed,145.620000,2023-05-03,stop,-0.041352
CLH,2023-05-01,2023-05-02,J,crossed,145.620000,2023-05-03,stop,-0.041352
JXN,2023-05-02,2023-05-03,D,rested,34.310001,2023-05-10,stop_gap,-0.12814
JXN,2023-05-02,2023-05-03,G,missed,,,,0.0
JXN,2023-05-02,2023-05-03,M,crossed,34.450000,2023-05-10,stop_gap,-0.131683
JXN,2023-05-02,2023-05-03,J,rested,34.310001,2023-05-10,stop_gap,-0.12814
GGAL,2023-05-05,2023-05-08,D,missed,,,,0.0
GGAL,2023-05-05,2023-05-08,G,missed,,,,0.0
GGAL,2023-05-05,2023-05-08,M,crossed,11.730000,2023-06-06,target,0.097594
GGAL,2023-05-05,2023-05-08,J,missed,,,,0.0
ALGM,2023-05-10,2023-05-11,D,rested,37.830002,2023-05-30,target,0.077275
ALGM,2023-05-10,2023-05-11,G,missed,,,,0.0
ALGM,2023-05-10,2023-05-11,M,crossed,39.210000,2023-05-24,stop,-0.076676
ALGM,2023-05-10,2023-05-11,J,rested,37.830002,2023-05-30,target,0.077275
GIB,2023-05-12,2023-05-15,D,rested,102.660004,2023-06-07,target,0.030956
GIB,2023-05-12,2023-05-15,G,crossed,102.510000,2023-06-07,target,0.031002
GIB,2023-05-12,2023-05-15,M,crossed,102.510000,2023-06-07,target,0.031002
GIB,2023-05-12,2023-05-15,J,crossed,102.510000,2023-06-07,target,0.031002
NMIH,2023-05-17,2023-05-18,D,rested,24.820000,2023-06-02,target,0.045838
NMIH,2023-05-17,2023-05-18,G,crossed,24.810000,2023-06-02,target,0.045857
NMIH,2023-05-17,2023-05-18,M,crossed,24.810000,2023-06-02,target,0.045857
NMIH,2023-05-17,2023-05-18,J,crossed,24.810000,2023-06-02,target,0.045857
DFIN,2023-05-23,2023-05-24,D,rested,45.849998,2023-06-22,stop,-0.055837
DFIN,2023-05-23,2023-05-24,G,crossed,45.590000,2023-06-23,stop_gap,-0.073246
DFIN,2023-05-23,2023-05-24,M,crossed,45.590000,2023-06-23,stop_gap,-0.073246
DFIN,2023-05-23,2023-05-24,J,crossed,45.590000,2023-06-23,stop_gap,-0.073246
VGK,2023-05-23,2023-05-24,D,marketable,61.33500122319171491478431053,2023-05-31,stop,-0.02056
VGK,2023-05-23,2023-05-24,G,crossed,61.300000,2023-05-31,stop,-0.020571
VGK,2023-05-23,2023-05-24,M,crossed,61.300000,2023-05-31,stop,-0.020571
VGK,2023-05-23,2023-05-24,J,crossed,61.300000,2023-05-31,stop,-0.020571
TAK,2023-05-25,2023-05-26,D,marketable,16.15494580365438216165995664,2023-05-31,stop,-0.026579
TAK,2023-05-25,2023-05-26,G,crossed,16.120000,2023-05-31,stop,-0.026636
TAK,2023-05-25,2023-05-26,M,crossed,16.120000,2023-05-31,stop,-0.026636
TAK,2023-05-25,2023-05-26,J,crossed,16.120000,2023-05-31,stop,-0.026636
HURN,2023-05-30,2023-05-31,D,rested,81.949997,2023-06-29,time,0.014502
HURN,2023-05-30,2023-05-31,G,crossed,81.740000,2023-06-29,time,0.017108
HURN,2023-05-30,2023-05-31,M,crossed,81.740000,2023-06-29,time,0.017108
HURN,2023-05-30,2023-05-31,J,crossed,81.740000,2023-06-29,time,0.017108
CPRT,2023-06-05,2023-06-06,D,rested,44.259998,2023-06-09,stop,-0.032353
CPRT,2023-06-05,2023-06-06,G,missed,,,,0.0
CPRT,2023-06-05,2023-06-06,M,crossed,44.32999798705868997616074469,2023-06-09,stop,-0.032302
CPRT,2023-06-05,2023-06-06,J,rested,44.259998,2023-06-09,stop,-0.032353
VNT,2023-06-05,2023-06-06,D,rested,30.010000,2023-06-12,target,0.041635
VNT,2023-06-05,2023-06-06,G,crossed,29.880000,2023-06-08,target,0.041817
VNT,2023-06-05,2023-06-06,M,crossed,29.880000,2023-06-08,target,0.041817
VNT,2023-06-05,2023-06-06,J,crossed,29.880000,2023-06-08,target,0.041817
CNMD,2023-06-06,2023-06-07,D,missed,,,,0.0
CNMD,2023-06-06,2023-06-07,G,missed,,,,0.0
CNMD,2023-06-06,2023-06-07,M,crossed,127.160000,2023-06-14,target,0.049052
CNMD,2023-06-06,2023-06-07,J,missed,,,,0.0
BSAC,2023-06-07,2023-06-08,D,rested,19.070000,2023-07-06,stop,-0.048039
BSAC,2023-06-07,2023-06-08,G,crossed,19.020000,2023-07-10,time,-0.02707
BSAC,2023-06-07,2023-06-08,M,crossed,19.020000,2023-07-10,time,-0.02707
BSAC,2023-06-07,2023-06-08,J,crossed,19.020000,2023-07-10,time,-0.02707
MDB,2023-06-08,2023-06-09,D,rested,374.670013,2023-06-28,target,0.098316
MDB,2023-06-08,2023-06-09,G,missed,,,,0.0
MDB,2023-06-08,2023-06-09,M,crossed,376.820000,2023-06-28,target,0.097749
MDB,2023-06-08,2023-06-09,J,rested,374.670013,2023-06-28,target,0.098316
ATEC,2023-06-13,2023-06-14,D,missed,,,,0.0
ATEC,2023-06-13,2023-06-14,G,missed,,,,0.0
ATEC,2023-06-13,2023-06-14,M,crossed,15.940000,2023-06-26,target,0.077975
ATEC,2023-06-13,2023-06-14,J,missed,,,,0.0
MLI,2023-06-13,2023-06-14,D,rested,20.652500,2023-06-30,target,0.055712
MLI,2023-06-13,2023-06-14,G,missed,,,,0.0
MLI,2023-06-13,2023-06-14,M,crossed,20.695000,2023-06-30,target,0.055597
MLI,2023-06-13,2023-06-14,J,rested,20.652500,2023-06-30,target,0.055712
KBH,2023-06-16,2023-06-20,D,rested,50.770000,2023-07-06,stop,-0.046624
KBH,2023-06-16,2023-06-20,G,crossed,50.770000,2023-07-06,stop,-0.046624
KBH,2023-06-16,2023-06-20,M,crossed,50.770000,2023-07-06,stop,-0.046624
KBH,2023-06-16,2023-06-20,J,crossed,50.770000,2023-07-06,stop,-0.046624
RACE,2023-06-16,2023-06-20,D,marketable,306.8797421371361594061340104,2023-06-28,target,0.027018
RACE,2023-06-16,2023-06-20,G,crossed,306.700000,2023-06-28,target,0.027035
RACE,2023-06-16,2023-06-20,M,crossed,306.700000,2023-06-28,target,0.027035
RACE,2023-06-16,2023-06-20,J,crossed,306.700000,2023-06-28,target,0.027035
COTY,2023-06-20,2023-06-21,D,marketable,12.20500615510874025441116127,2023-07-10,target,0.057039
COTY,2023-06-20,2023-06-21,G,crossed,12.190000,2023-07-10,target,0.057109
COTY,2023-06-20,2023-06-21,M,crossed,12.190000,2023-07-10,target,0.057109
COTY,2023-06-20,2023-06-21,J,crossed,12.190000,2023-07-10,target,0.057109
IONQ,2023-06-29,2023-06-30,D,rested,13.530000,2023-07-18,target,0.15882
IONQ,2023-06-29,2023-06-30,G,missed,,,,0.0
IONQ,2023-06-29,2023-06-30,M,crossed,13.820000,2023-07-19,target,0.15548
IONQ,2023-06-29,2023-06-30,J,rested,13.530000,2023-07-18,target,0.15882
TNL,2023-06-29,2023-06-30,D,rested,40.580002,2023-07-11,target,0.052205
TNL,2023-06-29,2023-06-30,G,missed,,,,0.0
TNL,2023-06-29,2023-06-30,M,crossed,40.900000,2023-07-12,target,0.051793
TNL,2023-06-29,2023-06-30,J,rested,40.580002,2023-07-11,target,0.052205
NVR,2023-07-07,2023-07-10,D,missed,,,,0.0
NVR,2023-07-07,2023-07-10,G,missed,,,,0.0
NVR,2023-07-07,2023-07-10,M,crossed,6079.640000,2023-07-12,target,0.037207
NVR,2023-07-07,2023-07-10,J,missed,,,,0.0
GSHD,2023-07-17,2023-07-18,D,rested,64.220001,2023-07-19,target,0.059781
GSHD,2023-07-17,2023-07-18,G,crossed,64.110000,2023-07-19,target,0.059887
GSHD,2023-07-17,2023-07-18,M,crossed,64.110000,2023-07-19,target,0.059887
GSHD,2023-07-17,2023-07-18,J,crossed,64.110000,2023-07-19,target,0.059887
FTDR,2023-07-18,2023-07-19,D,rested,34.560001,2023-08-02,target,0.037013
FTDR,2023-07-18,2023-07-19,G,missed,,,,0.0
FTDR,2023-07-18,2023-07-19,M,crossed,34.580000,2023-08-02,target,0.036992
FTDR,2023-07-18,2023-07-19,J,rested,34.560001,2023-08-02,target,0.037013
PHG,2023-07-19,2023-07-20,D,missed,,,,0.0
PHG,2023-07-19,2023-07-20,G,missed,,,,0.0
PHG,2023-07-19,2023-07-20,M,crossed,23.110000,2023-07-24,stop_gap,-0.063379
PHG,2023-07-19,2023-07-20,J,missed,,,,0.0
FTNT,2023-07-20,2023-07-21,D,missed,,,,0.0
FTNT,2023-07-20,2023-07-21,G,missed,,,,0.0
FTNT,2023-07-20,2023-07-21,M,crossed,78.370000,2023-08-02,stop,-0.051503
FTNT,2023-07-20,2023-07-21,J,missed,,,,0.0
OLLI,2023-07-24,2023-07-25,D,rested,71.980003,2023-08-14,target,0.053419
OLLI,2023-07-24,2023-07-25,G,crossed,71.730000,2023-08-14,target,0.053607
OLLI,2023-07-24,2023-07-25,M,crossed,71.730000,2023-08-14,target,0.053607
OLLI,2023-07-24,2023-07-25,J,crossed,71.730000,2023-08-14,target,0.053607
DXJ,2023-07-26,2023-07-27,D,rested,82.830002,2023-07-28,target,0.019904
DXJ,2023-07-26,2023-07-27,G,missed,,,,0.0
DXJ,2023-07-26,2023-07-27,M,crossed,84.060000,2023-08-03,stop_gap,-0.022152
DXJ,2023-07-26,2023-07-27,J,rested,82.830002,2023-07-28,target,0.019904
VUG,2023-07-28,2023-07-31,D,rested,48.643333,2023-08-03,stop_gap,-0.029983
VUG,2023-07-28,2023-07-31,G,missed,,,,0.0
VUG,2023-07-28,2023-07-31,M,crossed,48.70333200109416672365451686,2023-08-02,stop,-0.025927
VUG,2023-07-28,2023-07-31,J,rested,48.643333,2023-08-03,stop_gap,-0.029983
FOR,2023-08-03,2023-08-04,D,rested,30.559999,2023-08-17,stop,-0.05712
FOR,2023-08-03,2023-08-04,G,missed,,,,0.0
FOR,2023-08-03,2023-08-04,M,crossed,30.640000,2023-08-17,stop,-0.056975
FOR,2023-08-03,2023-08-04,J,rested,30.559999,2023-08-17,stop,-0.05712
LNG,2023-08-03,2023-08-04,D,marketable,164.7048701200060762570256722,2023-09-01,time,0.01575
LNG,2023-08-03,2023-08-04,G,crossed,164.480000,2023-09-01,time,0.017139
LNG,2023-08-03,2023-08-04,M,crossed,164.480000,2023-09-01,time,0.017139
LNG,2023-08-03,2023-08-04,J,crossed,164.480000,2023-09-01,time,0.017139
MHO,2023-08-07,2023-08-08,D,marketable,99.19086206896551724137931031,2023-08-18,stop_gap,-0.066953
MHO,2023-08-07,2023-08-08,G,crossed,98.850000,2023-08-18,stop_gap,-0.063735
MHO,2023-08-07,2023-08-08,M,crossed,98.850000,2023-08-18,stop_gap,-0.063735
MHO,2023-08-07,2023-08-08,J,crossed,98.850000,2023-08-18,stop_gap,-0.063735
AVB,2023-08-10,2023-08-11,D,marketable,185.0495421086815327993072094,2023-08-18,stop,-0.040305
AVB,2023-08-10,2023-08-11,G,crossed,184.580000,2023-08-21,stop,-0.040407
AVB,2023-08-10,2023-08-11,M,crossed,184.580000,2023-08-21,stop,-0.040407
AVB,2023-08-10,2023-08-11,J,crossed,184.580000,2023-08-21,stop,-0.040407
TXRH,2023-08-21,2023-08-22,D,rested,103.250000,2023-09-19,stop,-0.037676
TXRH,2023-08-21,2023-08-22,G,crossed,102.850000,2023-08-23,target,0.037143
TXRH,2023-08-21,2023-08-22,M,crossed,102.850000,2023-08-23,target,0.037143
TXRH,2023-08-21,2023-08-22,J,crossed,102.850000,2023-08-23,target,0.037143
DELL,2023-08-28,2023-08-29,D,rested,57.189999,2023-08-30,stop,-0.046823
DELL,2023-08-28,2023-08-29,G,crossed,57.180000,2023-08-30,stop,-0.046832
DELL,2023-08-28,2023-08-29,M,crossed,57.180000,2023-08-30,stop,-0.046832
DELL,2023-08-28,2023-08-29,J,crossed,57.180000,2023-08-30,stop,-0.046832
FBCG,2023-08-28,2023-08-29,D,missed,,,,0.0
FBCG,2023-08-28,2023-08-29,G,missed,,,,0.0
FBCG,2023-08-28,2023-08-29,M,crossed,29.810000,2023-08-31,target,0.033563
FBCG,2023-08-28,2023-08-29,J,missed,,,,0.0
IHG,2023-08-31,2023-09-01,D,rested,75.970001,2023-09-12,target,0.029657
IHG,2023-08-31,2023-09-01,G,missed,,,,0.0
IHG,2023-08-31,2023-09-01,M,crossed,76.810000,2023-09-15,target,0.029324
IHG,2023-08-31,2023-09-01,J,rested,75.970001,2023-09-12,target,0.029657
HRI,2023-09-01,2023-09-05,D,rested,133.809998,2023-09-07,stop,-0.065834
HRI,2023-09-01,2023-09-05,G,crossed,133.600000,2023-09-07,stop,-0.065935
HRI,2023-09-01,2023-09-05,M,crossed,133.600000,2023-09-07,stop,-0.065935
HRI,2023-09-01,2023-09-05,J,crossed,133.600000,2023-09-07,stop,-0.065935
TOL,2023-09-11,2023-09-12,D,marketable,81.89981673793524740378741599,2023-09-18,stop,-0.056909
TOL,2023-09-11,2023-09-12,G,crossed,81.750000,2023-09-19,stop,-0.057012
TOL,2023-09-11,2023-09-12,M,crossed,81.750000,2023-09-19,stop,-0.057012
TOL,2023-09-11,2023-09-12,J,crossed,81.750000,2023-09-19,stop,-0.057012
CBOE,2023-09-13,2023-09-14,D,marketable,151.5133392780474916608870834,2023-09-19,target,0.029931
CBOE,2023-09-13,2023-09-14,G,crossed,150.950000,2023-09-19,target,0.030044
CBOE,2023-09-13,2023-09-14,M,crossed,150.950000,2023-09-19,target,0.030044
CBOE,2023-09-13,2023-09-14,J,crossed,150.950000,2023-09-19,target,0.030044
ACN,2023-09-18,2023-09-19,D,marketable,311.8682466886886244828581509,2023-09-20,target,0.032957
ACN,2023-09-18,2023-09-19,G,crossed,311.100000,2023-09-20,target,0.033039
ACN,2023-09-18,2023-09-19,M,crossed,311.100000,2023-09-20,target,0.033039
ACN,2023-09-18,2023-09-19,J,crossed,311.100000,2023-09-20,target,0.033039
TNET,2023-09-21,2023-09-22,D,rested,116.120003,2023-10-09,target,0.035496
TNET,2023-09-21,2023-09-22,G,crossed,116.010000,2023-10-09,target,0.03553
TNET,2023-09-21,2023-09-22,M,crossed,116.010000,2023-10-09,target,0.03553
TNET,2023-09-21,2023-09-22,J,crossed,116.010000,2023-10-09,target,0.03553
CVX,2023-09-25,2023-09-26,D,marketable,167.5100334608030592734225622,2023-10-04,stop,-0.031356
CVX,2023-09-25,2023-09-26,G,crossed,167.480000,2023-10-04,stop,-0.031361
CVX,2023-09-25,2023-09-26,M,crossed,167.480000,2023-10-04,stop,-0.031361
CVX,2023-09-25,2023-09-26,J,crossed,167.480000,2023-10-04,stop,-0.031361
RH,2023-09-25,2023-09-26,D,marketable,263.1854336185376450635516512,2023-10-06,stop_gap,-0.097852
RH,2023-09-25,2023-09-26,G,crossed,262.570000,2023-10-06,stop,-0.096488
RH,2023-09-25,2023-09-26,M,crossed,262.570000,2023-10-06,stop,-0.096488
RH,2023-09-25,2023-09-26,J,crossed,262.570000,2023-10-06,stop,-0.096488
VRT,2023-09-27,2023-09-28,D,rested,36.180000,2023-10-03,target,0.077729
VRT,2023-09-27,2023-09-28,G,missed,,,,0.0
VRT,2023-09-27,2023-09-28,M,crossed,36.260000,2023-10-03,target,0.077557
VRT,2023-09-27,2023-09-28,J,rested,36.180000,2023-10-03,target,0.077729
VOO,2023-09-28,2023-09-29,D,rested,393.640015,2023-10-17,target,0.021771
VOO,2023-09-28,2023-09-29,G,missed,,,,0.0
VOO,2023-09-28,2023-09-29,M,crossed,396.590000,2023-10-03,stop,-0.02166
VOO,2023-09-28,2023-09-29,J,rested,393.640015,2023-10-17,target,0.021771
DLR,2023-10-02,2023-10-03,D,marketable,117.5400434634395772967445031,2023-10-11,target,0.051599
DLR,2023-10-02,2023-10-03,G,crossed,117.370000,2023-10-11,target,0.051674
DLR,2023-10-02,2023-10-03,M,crossed,117.370000,2023-10-11,target,0.051674
DLR,2023-10-02,2023-10-03,J,crossed,117.370000,2023-10-11,target,0.051674
ASND,2023-10-09,2023-10-10,D,rested,91.029999,2023-11-07,time,0.055346
ASND,2023-10-09,2023-10-10,G,missed,,,,0.0
ASND,2023-10-09,2023-10-10,M,crossed,91.080000,2023-11-07,time,0.054766
ASND,2023-10-09,2023-10-10,J,rested,91.029999,2023-11-07,time,0.055346
QUAL,2023-10-10,2023-10-11,D,rested,134.949997,2023-10-20,stop,-0.024292
QUAL,2023-10-10,2023-10-11,G,missed,,,,0.0
QUAL,2023-10-10,2023-10-11,M,crossed,135.480000,2023-10-20,stop,-0.024197
QUAL,2023-10-10,2023-10-11,J,rested,134.949997,2023-10-20,stop,-0.024292
SMFG,2023-10-11,2023-10-12,D,rested,9.890000,2023-10-20,stop,-0.038434
SMFG,2023-10-11,2023-10-12,G,crossed,9.880000,2023-10-20,stop,-0.038473
SMFG,2023-10-11,2023-10-12,M,crossed,9.880000,2023-10-20,stop,-0.038473
SMFG,2023-10-11,2023-10-12,J,crossed,9.880000,2023-10-20,stop,-0.038473
MEDP,2023-10-12,2023-10-13,D,rested,238.059998,2023-10-24,target,0.054678
MEDP,2023-10-12,2023-10-13,G,missed,,,,0.0
MEDP,2023-10-12,2023-10-13,M,crossed,238.430000,2023-10-24,target,0.054592
MEDP,2023-10-12,2023-10-13,J,rested,238.059998,2023-10-24,target,0.054678
CDLX,2023-10-13,2023-10-16,D,missed,,,,0.0
CDLX,2023-10-13,2023-10-16,G,missed,,,,0.0
CDLX,2023-10-13,2023-10-16,M,crossed,112.7999981821112006446414182,2023-11-03,target,0.22706
CDLX,2023-10-13,2023-10-16,J,missed,,,,0.0
AFL,2023-10-23,2023-10-24,D,missed,,,,0.0
AFL,2023-10-23,2023-10-24,G,missed,,,,0.0
AFL,2023-10-23,2023-10-24,M,crossed,77.670000,2023-11-02,target,0.03282
AFL,2023-10-23,2023-10-24,J,missed,,,,0.0
CHRD,2023-10-26,2023-10-27,D,rested,165.360001,2023-11-02,target,0.043245
CHRD,2023-10-26,2023-10-27,G,missed,,,,0.0
CHRD,2023-10-26,2023-10-27,M,crossed,166.040000,2023-11-02,target,0.043063
CHRD,2023-10-26,2023-10-27,J,rested,165.360001,2023-11-02,target,0.043245
HUBB,2023-10-26,2023-10-27,D,rested,281.850006,2023-10-31,stop_gap,-0.064105
HUBB,2023-10-26,2023-10-27,G,crossed,281.470000,2023-10-31,stop,-0.058852
HUBB,2023-10-26,2023-10-27,M,crossed,281.470000,2023-10-31,stop,-0.058852
HUBB,2023-10-26,2023-10-27,J,crossed,281.470000,2023-10-31,stop,-0.058852
HAL,2023-10-30,2023-10-31,D,marketable,39.36992393509127789046653143,2023-11-16,stop,-0.063426
HAL,2023-10-30,2023-10-31,G,crossed,39.340000,2023-11-16,stop,-0.063474
HAL,2023-10-30,2023-10-31,M,crossed,39.340000,2023-11-16,stop,-0.063474
HAL,2023-10-30,2023-10-31,J,crossed,39.340000,2023-11-16,stop,-0.063474
ACT,2023-11-01,2023-11-02,D,rested,27.650000,2023-12-01,time,0.008679
ACT,2023-11-01,2023-11-02,G,missed,,,,0.0
ACT,2023-11-01,2023-11-02,M,crossed,28.690000,2023-11-02,stop,-0.036523
ACT,2023-11-01,2023-11-02,J,rested,27.650000,2023-12-01,time,0.008679
NWS,2023-11-02,2023-11-03,D,missed,,,,0.0
NWS,2023-11-02,2023-11-03,G,missed,,,,0.0
NWS,2023-11-02,2023-11-03,M,crossed,22.460000,2023-11-10,stop,-0.046287
NWS,2023-11-02,2023-11-03,J,missed,,,,0.0
ROAD,2023-11-02,2023-11-03,D,rested,39.709999,2023-11-14,target,0.066454
ROAD,2023-11-02,2023-11-03,G,missed,,,,0.0
ROAD,2023-11-02,2023-11-03,M,crossed,40.410000,2023-11-15,target,0.065284
ROAD,2023-11-02,2023-11-03,J,rested,39.709999,2023-11-14,target,0.066454
JDST,2023-11-06,2023-11-07,D,missed,,,,0.0
JDST,2023-11-06,2023-11-07,G,missed,,,,0.0
JDST,2023-11-06,2023-11-07,M,crossed,1400.000,2023-11-28,stop_gap,-0.136329
JDST,2023-11-06,2023-11-07,J,missed,,,,0.0
NSIT,2023-11-17,2023-11-20,D,rested,149.070007,2023-12-01,target,0.043566
NSIT,2023-11-17,2023-11-20,G,crossed,149.070000,2023-12-01,target,0.043566
NSIT,2023-11-17,2023-11-20,M,crossed,149.070000,2023-12-01,target,0.043566
NSIT,2023-11-17,2023-11-20,J,crossed,149.070000,2023-12-01,target,0.043566
INTC,2023-11-28,2023-11-29,D,missed,,,,0.0
INTC,2023-11-28,2023-11-29,G,missed,,,,0.0
INTC,2023-11-28,2023-11-29,M,crossed,44.610000,2023-12-04,stop,-0.050698
INTC,2023-11-28,2023-11-29,J,missed,,,,0.0
URNM,2023-11-28,2023-11-29,D,rested,49.049999,2023-12-14,stop,-0.06125
URNM,2023-11-28,2023-11-29,G,missed,,,,0.0
URNM,2023-11-28,2023-11-29,M,crossed,49.110000,2023-12-14,stop,-0.061177
URNM,2023-11-28,2023-11-29,J,rested,49.049999,2023-12-14,stop,-0.06125
AFRM,2023-12-01,2023-12-04,D,marketable,37.08507932203389830508474577,2023-12-06,target,0.121862
AFRM,2023-12-01,2023-12-04,G,crossed,37.060000,2023-12-06,target,0.121945
AFRM,2023-12-01,2023-12-04,M,crossed,37.060000,2023-12-06,target,0.121945
AFRM,2023-12-01,2023-12-04,J,crossed,37.060000,2023-12-06,target,0.121945
TTWO,2023-12-05,2023-12-06,D,rested,156.759995,2023-12-13,target,0.044832
TTWO,2023-12-05,2023-12-06,G,missed,,,,0.0
TTWO,2023-12-05,2023-12-06,M,crossed,157.500000,2023-12-14,target,0.044621
TTWO,2023-12-05,2023-12-06,J,rested,156.759995,2023-12-13,target,0.044832
LII,2023-12-08,2023-12-11,D,missed,,,,0.0
LII,2023-12-08,2023-12-11,G,missed,,,,0.0
LII,2023-12-08,2023-12-11,M,crossed,430.230000,2023-12-13,stop,-0.045745
LII,2023-12-08,2023-12-11,J,missed,,,,0.0
GNTX,2023-12-13,2023-12-14,D,missed,,,,0.0
GNTX,2023-12-13,2023-12-14,G,missed,,,,0.0
GNTX,2023-12-13,2023-12-14,M,crossed,31.310000,2023-12-19,target,0.03315
GNTX,2023-12-13,2023-12-14,J,missed,,,,0.0
JDST,2023-12-14,2023-12-15,D,rested,1122.000000,2024-01-11,target,0.144981
JDST,2023-12-14,2023-12-15,G,missed,,,,0.0
JDST,2023-12-14,2023-12-15,M,crossed,1140.000,2024-01-11,target,0.142677
JDST,2023-12-14,2023-12-15,J,rested,1122.000000,2024-01-11,target,0.144981
PSX,2023-12-14,2023-12-15,D,marketable,128.5525820390050216045778348,2023-12-20,target,0.049198
PSX,2023-12-14,2023-12-15,G,crossed,127.940000,2023-12-20,target,0.049434
PSX,2023-12-14,2023-12-15,M,crossed,127.940000,2023-12-20,target,0.049434
PSX,2023-12-14,2023-12-15,J,crossed,127.940000,2023-12-20,target,0.049434
CGUS,2023-12-18,2023-12-19,D,missed,,,,0.0
CGUS,2023-12-18,2023-12-19,G,missed,,,,0.0
CGUS,2023-12-18,2023-12-19,M,crossed,28.120000,2024-01-19,target,0.016615
CGUS,2023-12-18,2023-12-19,J,missed,,,,0.0
INFY,2023-12-21,2023-12-22,D,missed,,,,0.0
INFY,2023-12-21,2023-12-22,G,missed,,,,0.0
INFY,2023-12-21,2023-12-22,M,crossed,18.670000,2024-01-03,stop_gap,-0.059957
INFY,2023-12-21,2023-12-22,J,missed,,,,0.0
NPO,2023-12-28,2023-12-29,D,rested,158.910004,2024-01-03,stop,-0.046788
NPO,2023-12-28,2023-12-29,G,missed,,,,0.0
NPO,2023-12-28,2023-12-29,M,crossed,159.050000,2024-01-03,stop,-0.046748
NPO,2023-12-28,2023-12-29,J,rested,158.910004,2024-01-03,stop,-0.046788
SNAP,2023-12-28,2023-12-29,D,marketable,17.03500146842878120411160058,2024-01-03,stop_gap,-0.089202
SNAP,2023-12-28,2023-12-29,G,crossed,17.030000,2024-01-03,stop_gap,-0.088935
SNAP,2023-12-28,2023-12-29,M,crossed,17.030000,2024-01-03,stop_gap,-0.088935
SNAP,2023-12-28,2023-12-29,J,crossed,17.030000,2024-01-03,stop_gap,-0.088935
IT,2023-12-29,2024-01-02,D,marketable,448.5210217364607638462483116,2024-01-03,stop,-0.033089
IT,2023-12-29,2024-01-02,G,crossed,446.820000,2024-01-03,stop,-0.033213
IT,2023-12-29,2024-01-02,M,crossed,446.820000,2024-01-03,stop,-0.033213
IT,2023-12-29,2024-01-02,J,crossed,446.820000,2024-01-03,stop,-0.033213
NOW,2024-01-05,2024-01-08,D,missed,,,,0.0
NOW,2024-01-05,2024-01-08,G,missed,,,,0.0
NOW,2024-01-05,2024-01-08,M,crossed,136.8499990172493034211357826,2024-01-10,target,0.037407
NOW,2024-01-05,2024-01-08,J,missed,,,,0.0
SNX,2024-01-09,2024-01-10,D,rested,105.199997,2024-01-29,stop,-0.039002
SNX,2024-01-09,2024-01-10,G,missed,,,,0.0
SNX,2024-01-09,2024-01-10,M,crossed,105.200000,2024-01-29,stop,-0.039002
SNX,2024-01-09,2024-01-10,J,rested,105.199997,2024-01-29,stop,-0.039002
HWKN,2024-01-10,2024-01-11,D,rested,67.080002,2024-01-18,stop,-0.058263
HWKN,2024-01-10,2024-01-11,G,missed,,,,0.0
HWKN,2024-01-10,2024-01-11,M,crossed,67.160000,2024-01-18,stop,-0.058196
HWKN,2024-01-10,2024-01-11,J,rested,67.080002,2024-01-18,stop,-0.058263
PBR.A,2024-01-11,2024-01-12,D,missed,,,,0.0
PBR.A,2024-01-11,2024-01-12,G,missed,,,,0.0
PBR.A,2024-01-11,2024-01-12,M,crossed,15.860000,2024-01-18,stop,-0.041943
PBR.A,2024-01-11,2024-01-12,J,missed,,,,0.0
PGR,2024-01-17,2024-01-18,D,marketable,167.7196273551156689720963511,2024-01-24,target,0.033556
PGR,2024-01-17,2024-01-18,G,crossed,167.470000,2024-01-24,target,0.033606
PGR,2024-01-17,2024-01-18,M,crossed,167.470000,2024-01-24,target,0.033606
PGR,2024-01-17,2024-01-18,J,crossed,167.470000,2024-01-24,target,0.033606
AWI,2024-01-19,2024-01-22,D,missed,,,,0.0
AWI,2024-01-19,2024-01-22,G,missed,,,,0.0
AWI,2024-01-19,2024-01-22,M,crossed,100.350000,2024-01-24,stop,-0.033093
AWI,2024-01-19,2024-01-22,J,missed,,,,0.0
SKM,2024-01-22,2024-01-23,D,rested,20.469999,2024-01-31,target,0.026997
SKM,2024-01-22,2024-01-23,G,missed,,,,0.0
SKM,2024-01-22,2024-01-23,M,crossed,20.470000,2024-01-31,target,0.026997
SKM,2024-01-22,2024-01-23,J,rested,20.469999,2024-01-31,target,0.026997
STEP,2024-01-22,2024-01-23,D,rested,33.950001,2024-02-09,target,0.053492
STEP,2024-01-22,2024-01-23,G,missed,,,,0.0
STEP,2024-01-22,2024-01-23,M,crossed,34.210000,2024-02-06,stop,-0.055447
STEP,2024-01-22,2024-01-23,J,rested,33.950001,2024-02-09,target,0.053492
FND,2024-01-23,2024-01-24,D,rested,108.070000,2024-01-30,stop,-0.056092
FND,2024-01-23,2024-01-24,G,missed,,,,0.0
FND,2024-01-23,2024-01-24,M,crossed,109.260000,2024-01-29,stop,-0.055488
FND,2024-01-23,2024-01-24,J,rested,108.070000,2024-01-30,stop,-0.056092
BTI,2024-02-02,2024-02-05,D,marketable,29.99500751377525463349474037,2024-02-08,target,0.029322
BTI,2024-02-02,2024-02-05,G,crossed,29.970000,2024-02-08,target,0.029347
BTI,2024-02-02,2024-02-05,M,crossed,29.970000,2024-02-08,target,0.029347
BTI,2024-02-02,2024-02-05,J,crossed,29.970000,2024-02-08,target,0.029347
SE,2024-02-09,2024-02-12,D,rested,43.509998,2024-02-27,target,0.072046
SE,2024-02-09,2024-02-12,G,missed,,,,0.0
SE,2024-02-09,2024-02-12,M,crossed,43.720000,2024-02-27,target,0.071699
SE,2024-02-09,2024-02-12,J,rested,43.509998,2024-02-27,target,0.072046
AWI,2024-02-23,2024-02-26,D,rested,122.370003,2024-03-25,time,0.008128
AWI,2024-02-23,2024-02-26,G,crossed,122.170000,2024-03-25,time,0.009779
AWI,2024-02-23,2024-02-26,M,crossed,122.170000,2024-03-25,time,0.009779
AWI,2024-02-23,2024-02-26,J,crossed,122.170000,2024-03-25,time,0.009779
DKNG,2024-02-27,2024-02-28,D,marketable,41.11999270782693242586290715,2024-03-04,target,0.084513
DKNG,2024-02-27,2024-02-28,G,crossed,41.080000,2024-03-04,target,0.084595
DKNG,2024-02-27,2024-02-28,M,crossed,41.080000,2024-03-04,target,0.084595
DKNG,2024-02-27,2024-02-28,J,crossed,41.080000,2024-03-04,target,0.084595
ALSN,2024-02-28,2024-02-29,D,rested,75.589996,2024-03-22,target,0.047438
ALSN,2024-02-28,2024-02-29,G,missed,,,,0.0
ALSN,2024-02-28,2024-02-29,M,crossed,75.610000,2024-03-22,target,0.047425
ALSN,2024-02-28,2024-02-29,J,rested,75.589996,2024-03-22,target,0.047438
EFX,2024-03-05,2024-03-06,D,missed,,,,0.0
EFX,2024-03-05,2024-03-06,G,missed,,,,0.0
EFX,2024-03-05,2024-03-06,M,crossed,262.800000,2024-04-02,stop,-0.048478
EFX,2024-03-05,2024-03-06,J,missed,,,,0.0
MOH,2024-03-05,2024-03-06,D,rested,385.579987,2024-03-11,target,0.043941
MOH,2024-03-05,2024-03-06,G,crossed,385.340000,2024-03-11,target,0.04397
MOH,2024-03-05,2024-03-06,M,crossed,385.340000,2024-03-11,target,0.04397
MOH,2024-03-05,2024-03-06,J,crossed,385.340000,2024-03-11,target,0.04397
NVMI,2024-03-06,2024-03-07,D,rested,184.279999,2024-03-11,stop_gap,-0.080276
NVMI,2024-03-06,2024-03-07,G,missed,,,,0.0
NVMI,2024-03-06,2024-03-07,M,crossed,184.840000,2024-03-11,stop_gap,-0.083062
NVMI,2024-03-06,2024-03-07,J,rested,184.279999,2024-03-11,stop_gap,-0.080276
BKE,2024-03-14,2024-03-15,D,missed,,,,0.0
BKE,2024-03-14,2024-03-15,G,missed,,,,0.0
BKE,2024-03-14,2024-03-15,M,crossed,38.340000,2024-03-15,target,0.051577
BKE,2024-03-14,2024-03-15,J,missed,,,,0.0
IGV,2024-03-14,2024-03-15,D,marketable,84.26490262238797134907950035,2024-04-15,stop,-0.036712
IGV,2024-03-14,2024-03-15,G,crossed,84.230000,2024-04-15,stop,-0.036727
IGV,2024-03-14,2024-03-15,M,crossed,84.230000,2024-04-15,stop,-0.036727
IGV,2024-03-14,2024-03-15,J,crossed,84.230000,2024-04-15,stop,-0.036727
TCOM,2024-03-18,2024-03-19,D,rested,44.250000,2024-04-01,target,0.054154
TCOM,2024-03-18,2024-03-19,G,crossed,44.200000,2024-04-01,target,0.054215
TCOM,2024-03-18,2024-03-19,M,crossed,44.200000,2024-04-01,target,0.054215
TCOM,2024-03-18,2024-03-19,J,crossed,44.200000,2024-04-01,target,0.054215
VOX,2024-03-19,2024-03-20,D,rested,129.679993,2024-04-04,target,0.024872
VOX,2024-03-19,2024-03-20,G,missed,,,,0.0
VOX,2024-03-19,2024-03-20,M,crossed,129.990000,2024-04-04,target,0.024813
VOX,2024-03-19,2024-03-20,J,rested,129.679993,2024-04-04,target,0.024872
COR,2024-03-26,2024-03-27,D,missed,,,,0.0
COR,2024-03-26,2024-03-27,G,missed,,,,0.0
COR,2024-03-26,2024-03-27,M,crossed,243.980000,2024-04-09,stop,-0.024254
COR,2024-03-26,2024-03-27,J,missed,,,,0.0
JGRO,2024-03-28,2024-04-01,D,rested,70.209999,2024-04-15,stop,-0.024068
JGRO,2024-03-28,2024-04-01,G,missed,,,,0.0
JGRO,2024-03-28,2024-04-01,M,crossed,70.430000,2024-04-15,stop,-0.023993
JGRO,2024-03-28,2024-04-01,J,rested,70.209999,2024-04-15,stop,-0.024068
MTH,2024-03-28,2024-04-01,D,rested,87.730003,2024-04-02,stop,-0.054991
MTH,2024-03-28,2024-04-01,G,crossed,87.73000203963963963963963964,2024-04-02,stop,-0.054991
MTH,2024-03-28,2024-04-01,M,crossed,87.73000203963963963963963964,2024-04-02,stop,-0.054991
MTH,2024-03-28,2024-04-01,J,crossed,87.73000203963963963963963964,2024-04-02,stop,-0.054991
SMH,2024-04-02,2024-04-03,D,marketable,222.7649693843220814175171022,2024-04-18,stop_gap,-0.053097
SMH,2024-04-02,2024-04-03,G,crossed,222.730000,2024-04-18,stop_gap,-0.052948
SMH,2024-04-02,2024-04-03,M,crossed,222.730000,2024-04-18,stop_gap,-0.052948
SMH,2024-04-02,2024-04-03,J,crossed,222.730000,2024-04-18,stop_gap,-0.052948
KOLD,2024-04-03,2024-04-04,D,missed,,,,0.0
KOLD,2024-04-03,2024-04-04,G,missed,,,,0.0
KOLD,2024-04-03,2024-04-04,M,crossed,70.03500282570102884809360501,2024-05-02,time,0.002309
KOLD,2024-04-03,2024-04-04,J,missed,,,,0.0
RGA,2024-04-04,2024-04-05,D,missed,,,,0.0
RGA,2024-04-04,2024-04-05,G,missed,,,,0.0
RGA,2024-04-04,2024-04-05,M,crossed,193.500000,2024-04-11,stop,-0.032257
RGA,2024-04-04,2024-04-05,J,missed,,,,0.0
BNY,2024-04-16,2024-04-17,D,missed,,,,0.0
BNY,2024-04-16,2024-04-17,G,missed,,,,0.0
BNY,2024-04-16,2024-04-17,M,crossed,54.140000,2024-04-22,target,0.042167
BNY,2024-04-16,2024-04-17,J,missed,,,,0.0
SAP,2024-04-19,2024-04-22,D,missed,,,,0.0
SAP,2024-04-19,2024-04-22,G,missed,,,,0.0
SAP,2024-04-19,2024-04-22,M,crossed,176.680000,2024-04-23,target,0.03709
SAP,2024-04-19,2024-04-22,J,missed,,,,0.0
SPOT,2024-04-19,2024-04-22,D,rested,275.829987,2024-04-23,target,0.070415
SPOT,2024-04-19,2024-04-22,G,missed,,,,0.0
SPOT,2024-04-19,2024-04-22,M,crossed,280.970000,2024-04-23,target,0.069116
SPOT,2024-04-19,2024-04-22,J,rested,275.829987,2024-04-23,target,0.070415
XMMO,2024-04-19,2024-04-22,D,missed,,,,0.0
XMMO,2024-04-19,2024-04-22,G,missed,,,,0.0
XMMO,2024-04-19,2024-04-22,M,crossed,106.860000,2024-04-24,target,0.03596
XMMO,2024-04-19,2024-04-22,J,missed,,,,0.0
XYL,2024-04-26,2024-04-29,D,rested,132.399994,2024-05-02,target,0.034048
XYL,2024-04-26,2024-04-29,G,missed,,,,0.0
XYL,2024-04-26,2024-04-29,M,crossed,132.460000,2024-05-02,target,0.034033
XYL,2024-04-26,2024-04-29,J,rested,132.399994,2024-05-02,target,0.034048
BV,2024-04-29,2024-04-30,D,marketable,11.34488691796008869179600887,2024-05-02,target,0.062847
BV,2024-04-29,2024-04-30,G,crossed,11.260000,2024-05-02,target,0.063324
BV,2024-04-29,2024-04-30,M,crossed,11.260000,2024-05-02,target,0.063324
BV,2024-04-29,2024-04-30,J,crossed,11.260000,2024-05-02,target,0.063324
SVIX,2024-05-01,2024-05-02,D,rested,39.049999,2024-05-07,target,0.099758
SVIX,2024-05-01,2024-05-02,G,missed,,,,0.0
SVIX,2024-05-01,2024-05-02,M,crossed,40.080000,2024-05-10,target,0.097182
SVIX,2024-05-01,2024-05-02,J,rested,39.049999,2024-05-07,target,0.099758
ONTO,2024-05-06,2024-05-07,D,rested,208.649994,2024-05-10,target,0.075149
ONTO,2024-05-06,2024-05-07,G,crossed,208.140000,2024-05-10,target,0.075335
ONTO,2024-05-06,2024-05-07,M,crossed,208.140000,2024-05-10,target,0.075335
ONTO,2024-05-06,2024-05-07,J,crossed,208.140000,2024-05-10,target,0.075335
TT,2024-05-06,2024-05-07,D,rested,325.739990,2024-06-05,time,-0.00807
TT,2024-05-06,2024-05-07,G,crossed,325.720000,2024-06-05,time,-0.008009
TT,2024-05-06,2024-05-07,M,crossed,325.720000,2024-06-05,time,-0.008009
TT,2024-05-06,2024-05-07,J,crossed,325.720000,2024-06-05,time,-0.008009
REYN,2024-05-07,2024-05-08,D,rested,28.410000,2024-05-09,target,0.023878
REYN,2024-05-07,2024-05-08,G,missed,,,,0.0
REYN,2024-05-07,2024-05-08,M,crossed,28.840000,2024-05-28,stop,-0.024561
REYN,2024-05-07,2024-05-08,J,rested,28.410000,2024-05-09,target,0.023878
CE,2024-05-08,2024-05-09,D,rested,163.270004,2024-05-16,stop,-0.045005
CE,2024-05-08,2024-05-09,G,missed,,,,0.0
CE,2024-05-08,2024-05-09,M,crossed,167.560000,2024-05-09,stop,-0.0439
CE,2024-05-08,2024-05-09,J,rested,163.270004,2024-05-16,stop,-0.045005
CB,2024-05-13,2024-05-14,D,rested,254.539993,2024-05-16,target,0.025997
CB,2024-05-13,2024-05-14,G,crossed,254.440000,2024-05-16,target,0.026007
CB,2024-05-13,2024-05-14,M,crossed,254.440000,2024-05-16,target,0.026007
CB,2024-05-13,2024-05-14,J,crossed,254.440000,2024-05-16,target,0.026007
MDY,2024-05-15,2024-05-16,D,marketable,555.6801513240857503152585122,2024-05-23,stop,-0.023828
MDY,2024-05-15,2024-05-16,G,crossed,555.380000,2024-05-23,stop,-0.023841
MDY,2024-05-15,2024-05-16,M,crossed,555.380000,2024-05-23,stop,-0.023841
MDY,2024-05-15,2024-05-16,J,crossed,555.380000,2024-05-23,stop,-0.023841
CENX,2024-05-16,2024-05-17,D,missed,,,,0.0
CENX,2024-05-16,2024-05-17,G,missed,,,,0.0
CENX,2024-05-16,2024-05-17,M,crossed,17.590000,2024-05-21,target,0.089844
CENX,2024-05-16,2024-05-17,J,missed,,,,0.0
ASML,2024-05-20,2024-05-21,D,marketable,922.3642415826331291937662393,2024-05-28,target,0.051534
ASML,2024-05-20,2024-05-21,G,crossed,920.940000,2024-05-23,target,0.051614
ASML,2024-05-20,2024-05-21,M,crossed,920.940000,2024-05-23,target,0.051614
ASML,2024-05-20,2024-05-21,J,crossed,920.940000,2024-05-23,target,0.051614
RXST,2024-05-23,2024-05-24,D,rested,60.590000,2024-06-21,stop,-0.100375
RXST,2024-05-23,2024-05-24,G,missed,,,,0.0
RXST,2024-05-23,2024-05-24,M,crossed,60.850000,2024-06-21,stop,-0.099956
RXST,2024-05-23,2024-05-24,J,rested,60.590000,2024-06-21,stop,-0.100375
EQH,2024-05-24,2024-05-28,D,rested,40.990002,2024-06-14,stop,-0.034475
EQH,2024-05-24,2024-05-28,G,crossed,40.980000,2024-06-14,stop,-0.034483
EQH,2024-05-24,2024-05-28,M,crossed,40.980000,2024-06-14,stop,-0.034483
EQH,2024-05-24,2024-05-28,J,crossed,40.980000,2024-06-14,stop,-0.034483
JPM,2024-05-30,2024-05-31,D,rested,199.330002,2024-06-12,stop,-0.032653
JPM,2024-05-30,2024-05-31,G,crossed,199.300000,2024-06-12,stop,-0.032658
JPM,2024-05-30,2024-05-31,M,crossed,199.300000,2024-06-12,stop,-0.032658
JPM,2024-05-30,2024-05-31,J,crossed,199.300000,2024-06-12,stop,-0.032658
MOD,2024-06-06,2024-06-07,D,rested,90.519997,2024-06-28,target,0.127972
MOD,2024-06-06,2024-06-07,G,missed,,,,0.0
MOD,2024-06-06,2024-06-07,M,crossed,90.850000,2024-06-28,target,0.127504
MOD,2024-06-06,2024-06-07,J,rested,90.519997,2024-06-28,target,0.127972
COLL,2024-06-07,2024-06-10,D,marketable,33.09043835616438356164383563,2024-07-10,time,-0.051513
COLL,2024-06-07,2024-06-10,G,crossed,32.970000,2024-07-10,time,-0.048048
COLL,2024-06-07,2024-06-10,M,crossed,32.970000,2024-07-10,time,-0.048048
COLL,2024-06-07,2024-06-10,J,crossed,32.970000,2024-07-10,time,-0.048048
DELL,2024-06-07,2024-06-10,D,marketable,129.1250339239328499980614895,2024-06-18,target,0.14605
DELL,2024-06-07,2024-06-10,G,crossed,129.040000,2024-06-18,target,0.146147
DELL,2024-06-07,2024-06-10,M,crossed,129.040000,2024-06-18,target,0.146147
DELL,2024-06-07,2024-06-10,J,crossed,129.040000,2024-06-18,target,0.146147
GKOS,2024-06-07,2024-06-10,D,marketable,113.4378938977947037463466478,2024-07-02,target,0.057822
GKOS,2024-06-07,2024-06-10,G,crossed,112.620000,2024-06-28,target,0.058251
GKOS,2024-06-07,2024-06-10,M,crossed,112.620000,2024-06-28,target,0.058251
GKOS,2024-06-07,2024-06-10,J,crossed,112.620000,2024-06-28,target,0.058251
JCI,2024-06-17,2024-06-18,D,marketable,69.29504227795042277950422782,2024-06-26,stop,-0.04287
JCI,2024-06-17,2024-06-18,G,crossed,69.250000,2024-06-26,stop,-0.042898
JCI,2024-06-17,2024-06-18,M,crossed,69.250000,2024-06-26,stop,-0.042898
JCI,2024-06-17,2024-06-18,J,crossed,69.250000,2024-06-26,stop,-0.042898
SE,2024-06-17,2024-06-18,D,rested,74.919998,2024-06-28,stop,-0.055696
SE,2024-06-17,2024-06-18,G,missed,,,,0.0
SE,2024-06-17,2024-06-18,M,crossed,75.000000,2024-06-28,stop,-0.055637
SE,2024-06-17,2024-06-18,J,rested,74.919998,2024-06-28,stop,-0.055696
TK,2024-06-20,2024-06-21,D,rested,8.780000,2024-07-09,stop,-0.056942
TK,2024-06-20,2024-06-21,G,crossed,8.770000,2024-07-09,stop,-0.057006
TK,2024-06-20,2024-06-21,M,crossed,8.770000,2024-07-09,stop,-0.057006
TK,2024-06-20,2024-06-21,J,crossed,8.770000,2024-07-09,stop,-0.057006
CAVA,2024-06-27,2024-06-28,D,rested,91.570000,2024-07-17,stop,-0.102073
CAVA,2024-06-27,2024-06-28,G,missed,,,,0.0
CAVA,2024-06-27,2024-06-28,M,crossed,91.740000,2024-07-17,stop,-0.101885
CAVA,2024-06-27,2024-06-28,J,rested,91.570000,2024-07-17,stop,-0.102073
HTGC,2024-06-27,2024-06-28,D,missed,,,,0.0
HTGC,2024-06-27,2024-06-28,G,missed,,,,0.0
HTGC,2024-06-27,2024-06-28,M,crossed,20.420000,2024-07-02,target,0.024348
HTGC,2024-06-27,2024-06-28,J,missed,,,,0.0
LLY,2024-07-01,2024-07-02,D,marketable,903.6108981936328051363369223,2024-07-10,target,0.035758
LLY,2024-07-01,2024-07-02,G,crossed,899.990000,2024-07-09,target,0.035904
LLY,2024-07-01,2024-07-02,M,crossed,899.990000,2024-07-09,target,0.035904
LLY,2024-07-01,2024-07-02,J,crossed,899.990000,2024-07-09,target,0.035904
INTU,2024-07-10,2024-07-11,D,rested,632.840027,2024-07-16,target,0.046817
INTU,2024-07-10,2024-07-11,G,missed,,,,0.0
INTU,2024-07-10,2024-07-11,M,crossed,638.590000,2024-07-16,target,0.046391
INTU,2024-07-10,2024-07-11,J,rested,632.840027,2024-07-16,target,0.046817
FIP,2024-07-11,2024-07-12,D,rested,9.110000,2024-07-23,target,0.099879
FIP,2024-07-11,2024-07-12,G,missed,,,,0.0
FIP,2024-07-11,2024-07-12,M,crossed,9.230000,2024-07-23,target,0.098574
FIP,2024-07-11,2024-07-12,J,rested,9.110000,2024-07-23,target,0.099879
HTGC,2024-07-11,2024-07-12,D,missed,,,,0.0
HTGC,2024-07-11,2024-07-12,G,missed,,,,0.0
HTGC,2024-07-11,2024-07-12,M,crossed,21.200000,2024-08-02,stop,-0.028485
HTGC,2024-07-11,2024-07-12,J,missed,,,,0.0
AZZ,2024-07-12,2024-07-15,D,missed,,,,0.0
AZZ,2024-07-12,2024-07-15,G,missed,,,,0.0
AZZ,2024-07-12,2024-07-15,M,crossed,82.050000,2024-07-17,target,0.065195
AZZ,2024-07-12,2024-07-15,J,missed,,,,0.0
IWY,2024-07-15,2024-07-16,D,rested,222.380005,2024-07-17,stop,-0.024357
IWY,2024-07-15,2024-07-16,G,missed,,,,0.0
IWY,2024-07-15,2024-07-16,M,crossed,223.200000,2024-07-17,stop_gap,-0.025057
IWY,2024-07-15,2024-07-16,J,rested,222.380005,2024-07-17,stop,-0.024357
MPWR,2024-07-22,2024-07-23,D,marketable,846.7842129547260672051619634,2024-07-25,stop,-0.082892
MPWR,2024-07-22,2024-07-23,G,crossed,839.930000,2024-07-25,stop,-0.083548
MPWR,2024-07-22,2024-07-23,M,crossed,839.930000,2024-07-25,stop,-0.083548
MPWR,2024-07-22,2024-07-23,J,crossed,839.930000,2024-07-25,stop,-0.083548
LNTH,2024-07-23,2024-07-24,D,rested,115.519997,2024-07-31,stop_gap,-0.210138
LNTH,2024-07-23,2024-07-24,G,crossed,115.490000,2024-07-31,stop_gap,-0.209933
LNTH,2024-07-23,2024-07-24,M,crossed,115.490000,2024-07-31,stop_gap,-0.209933
LNTH,2024-07-23,2024-07-24,J,crossed,115.490000,2024-07-31,stop_gap,-0.209933
EPI,2024-07-25,2024-07-26,D,missed,,,,0.0
EPI,2024-07-25,2024-07-26,G,missed,,,,0.0
EPI,2024-07-25,2024-07-26,M,crossed,49.200000,2024-08-05,stop_gap,-0.045404
EPI,2024-07-25,2024-07-26,J,missed,,,,0.0
VCTR,2024-07-30,2024-07-31,D,rested,52.290001,2024-08-02,stop_gap,-0.08498
VCTR,2024-07-30,2024-07-31,G,missed,,,,0.0
VCTR,2024-07-30,2024-07-31,M,crossed,52.810000,2024-08-01,stop,-0.053443
VCTR,2024-07-30,2024-07-31,J,rested,52.290001,2024-08-02,stop_gap,-0.08498
COPX,2024-08-02,2024-08-05,D,marketable,38.40495111458740711771607354,2024-08-12,target,0.061359
COPX,2024-08-02,2024-08-05,G,crossed,38.330000,2024-08-12,target,0.06148
COPX,2024-08-02,2024-08-05,M,crossed,38.330000,2024-08-12,target,0.06148
COPX,2024-08-02,2024-08-05,J,crossed,38.330000,2024-08-12,target,0.06148
WT,2024-08-12,2024-08-13,D,rested,9.830000,2024-09-11,time,-0.046255
WT,2024-08-12,2024-08-13,G,missed,,,,0.0
WT,2024-08-12,2024-08-13,M,crossed,9.900000,2024-09-11,stop,-0.073814
WT,2024-08-12,2024-08-13,J,rested,9.830000,2024-09-11,time,-0.046255
IAU,2024-08-13,2024-08-14,D,marketable,46.31500053989849908217255154,2024-08-20,target,0.025597
IAU,2024-08-13,2024-08-14,G,crossed,46.310000,2024-08-20,target,0.0256
IAU,2024-08-13,2024-08-14,M,crossed,46.310000,2024-08-20,target,0.0256
IAU,2024-08-13,2024-08-14,J,crossed,46.310000,2024-08-20,target,0.0256
LMB,2024-08-15,2024-08-16,D,rested,59.119999,2024-09-11,target,0.133759
LMB,2024-08-15,2024-08-16,G,missed,,,,0.0
LMB,2024-08-15,2024-08-16,M,crossed,59.250000,2024-09-11,target,0.133456
LMB,2024-08-15,2024-08-16,J,rested,59.119999,2024-09-11,target,0.133759
SNEX,2024-08-19,2024-08-20,D,rested,24.266666,2024-09-06,stop,-0.056477
SNEX,2024-08-19,2024-08-20,G,missed,,,,0.0
SNEX,2024-08-19,2024-08-20,M,crossed,24.29629591190988482470573345,2024-09-06,stop,-0.05641
SNEX,2024-08-19,2024-08-20,J,rested,24.266666,2024-09-06,stop,-0.056477
BCS,2024-08-20,2024-08-21,D,rested,11.820000,2024-08-27,target,0.042901
BCS,2024-08-20,2024-08-21,G,missed,,,,0.0
BCS,2024-08-20,2024-08-21,M,crossed,11.880000,2024-08-27,target,0.042682
BCS,2024-08-20,2024-08-21,J,rested,11.820000,2024-08-27,target,0.042901
GOOGL,2024-08-29,2024-08-30,D,rested,161.779999,2024-09-06,stop,-0.048555
GOOGL,2024-08-29,2024-08-30,G,missed,,,,0.0
GOOGL,2024-08-29,2024-08-30,M,crossed,162.650000,2024-09-06,stop,-0.048295
GOOGL,2024-08-29,2024-08-30,J,rested,161.779999,2024-09-06,stop,-0.048555
LTH,2024-08-29,2024-08-30,D,rested,23.500000,2024-09-20,target,0.077865
LTH,2024-08-29,2024-08-30,G,missed,,,,0.0
LTH,2024-08-29,2024-08-30,M,crossed,23.640000,2024-09-20,target,0.0774
LTH,2024-08-29,2024-08-30,J,rested,23.500000,2024-09-20,target,0.077865
MCO,2024-09-03,2024-09-04,D,rested,481.970001,2024-10-02,time,-0.024825
MCO,2024-09-03,2024-09-04,G,missed,,,,0.0
MCO,2024-09-03,2024-09-04,M,crossed,482.000000,2024-10-02,time,-0.024885
MCO,2024-09-03,2024-09-04,J,rested,481.970001,2024-10-02,time,-0.024825
IAU,2024-09-05,2024-09-06,D,marketable,47.39499947251819812216478533,2024-09-13,target,0.022567
IAU,2024-09-05,2024-09-06,G,crossed,47.390000,2024-09-13,target,0.02257
IAU,2024-09-05,2024-09-06,M,crossed,47.390000,2024-09-13,target,0.02257
IAU,2024-09-05,2024-09-06,J,crossed,47.390000,2024-09-13,target,0.02257
MS,2024-09-06,2024-09-09,D,missed,,,,0.0
MS,2024-09-06,2024-09-09,G,missed,,,,0.0
MS,2024-09-06,2024-09-09,M,crossed,97.900000,2024-09-20,target,0.046521
MS,2024-09-06,2024-09-09,J,missed,,,,0.0
ARGT,2024-09-09,2024-09-10,D,rested,65.690002,2024-09-16,target,0.045433
ARGT,2024-09-09,2024-09-10,G,crossed,65.620000,2024-09-16,target,0.045483
ARGT,2024-09-09,2024-09-10,M,crossed,65.620000,2024-09-16,target,0.045483
ARGT,2024-09-09,2024-09-10,J,crossed,65.620000,2024-09-16,target,0.045483
HEI.A,2024-09-09,2024-09-10,D,rested,198.919998,2024-09-23,target,0.049037
HEI.A,2024-09-09,2024-09-10,G,missed,,,,0.0
HEI.A,2024-09-09,2024-09-10,M,crossed,199.560000,2024-10-08,time,0.00883
HEI.A,2024-09-09,2024-09-10,J,rested,198.919998,2024-09-23,target,0.049037
JEF,2024-09-18,2024-09-19,D,missed,,,,0.0
JEF,2024-09-18,2024-09-19,G,missed,,,,0.0
JEF,2024-09-18,2024-09-19,M,crossed,61.910000,2024-09-26,stop,-0.047261
JEF,2024-09-18,2024-09-19,J,missed,,,,0.0
MTG,2024-09-18,2024-09-19,D,rested,25.420000,2024-10-17,target,0.040903
MTG,2024-09-18,2024-09-19,G,missed,,,,0.0
MTG,2024-09-18,2024-09-19,M,crossed,25.760000,2024-10-17,time,0.024256
MTG,2024-09-18,2024-09-19,J,rested,25.420000,2024-10-17,target,0.040903
REGN,2024-09-23,2024-09-24,D,marketable,1079.907405329983358288175114,2024-09-24,stop,-0.049476
REGN,2024-09-23,2024-09-24,G,crossed,1076.330000,2024-09-24,stop,-0.049636
REGN,2024-09-23,2024-09-24,M,crossed,1076.330000,2024-09-24,stop,-0.049636
REGN,2024-09-23,2024-09-24,J,crossed,1076.330000,2024-09-24,stop,-0.049636
SVXY,2024-09-27,2024-09-30,D,marketable,49.46999595796281325788197253,2024-10-07,stop,-0.060867
SVXY,2024-09-27,2024-09-30,G,crossed,49.460000,2024-10-07,stop,-0.060879
SVXY,2024-09-27,2024-09-30,M,crossed,49.460000,2024-10-07,stop,-0.060879
SVXY,2024-09-27,2024-09-30,J,crossed,49.460000,2024-10-07,stop,-0.060879
GL,2024-10-08,2024-10-09,D,missed,,,,0.0
GL,2024-10-08,2024-10-09,G,missed,,,,0.0
GL,2024-10-08,2024-10-09,M,crossed,105.500000,2024-10-15,target,0.043104
GL,2024-10-08,2024-10-09,J,missed,,,,0.0
SF,2024-10-09,2024-10-10,D,rested,64.446671,2024-10-15,target,0.035227
SF,2024-10-09,2024-10-10,G,crossed,64.15999933069059044439808054,2024-10-15,target,0.03539
SF,2024-10-09,2024-10-10,M,crossed,64.15999933069059044439808054,2024-10-15,target,0.03539
SF,2024-10-09,2024-10-10,J,crossed,64.15999933069059044439808054,2024-10-15,target,0.03539
EUFN,2024-10-15,2024-10-16,D,missed,,,,0.0
EUFN,2024-10-15,2024-10-16,G,missed,,,,0.0
EUFN,2024-10-15,2024-10-16,M,crossed,24.430000,2024-10-31,stop,-0.022243
EUFN,2024-10-15,2024-10-16,J,missed,,,,0.0
FTDR,2024-10-15,2024-10-16,D,rested,51.369999,2024-10-23,stop,-0.040437
FTDR,2024-10-15,2024-10-16,G,missed,,,,0.0
FTDR,2024-10-15,2024-10-16,M,crossed,51.790000,2024-10-23,stop_gap,-0.050324
FTDR,2024-10-15,2024-10-16,J,rested,51.369999,2024-10-23,stop,-0.040437
VST,2024-10-16,2024-10-17,D,rested,135.690002,2024-10-30,stop,-0.101423
VST,2024-10-16,2024-10-17,G,missed,,,,0.0
VST,2024-10-16,2024-10-17,M,crossed,138.750000,2024-10-22,stop,-0.099191
VST,2024-10-16,2024-10-17,J,rested,135.690002,2024-10-30,stop,-0.101423
QQQM,2024-10-21,2024-10-22,D,marketable,202.7999960565879627347562479,2024-11-06,target,0.025717
QQQM,2024-10-21,2024-10-22,G,crossed,202.810000,2024-11-06,target,0.025716
QQQM,2024-10-21,2024-10-22,M,crossed,202.810000,2024-11-06,target,0.025716
QQQM,2024-10-21,2024-10-22,J,crossed,202.810000,2024-11-06,target,0.025716
CTAS,2024-10-31,2024-11-01,D,rested,205.809998,2024-11-06,target,0.027856
CTAS,2024-10-31,2024-11-01,G,missed,,,,0.0
CTAS,2024-10-31,2024-11-01,M,crossed,205.950000,2024-11-06,target,0.027837
CTAS,2024-10-31,2024-11-01,J,rested,205.809998,2024-11-06,target,0.027856
BAM,2024-11-01,2024-11-04,D,missed,,,,0.0
BAM,2024-11-01,2024-11-04,G,missed,,,,0.0
BAM,2024-11-01,2024-11-04,M,crossed,53.990000,2024-11-04,target,0.036893
BAM,2024-11-01,2024-11-04,J,missed,,,,0.0
XPEV,2024-11-01,2024-11-04,D,missed,,,,0.0
XPEV,2024-11-01,2024-11-04,G,missed,,,,0.0
XPEV,2024-11-01,2024-11-04,M,crossed,12.190000,2024-11-07,target,0.12512
XPEV,2024-11-01,2024-11-04,J,missed,,,,0.0
CRS,2024-11-05,2024-11-06,D,missed,,,,0.0
CRS,2024-11-05,2024-11-06,G,missed,,,,0.0
CRS,2024-11-05,2024-11-06,M,crossed,171.670000,2024-11-19,target,0.064365
CRS,2024-11-05,2024-11-06,J,missed,,,,0.0
RDNT,2024-11-07,2024-11-08,D,rested,71.400002,2024-11-11,target,0.060521
RDNT,2024-11-07,2024-11-08,G,missed,,,,0.0
RDNT,2024-11-07,2024-11-08,M,crossed,71.560000,2024-11-11,target,0.060383
RDNT,2024-11-07,2024-11-08,J,rested,71.400002,2024-11-11,target,0.060521
FIS,2024-11-08,2024-11-11,D,rested,88.070000,2024-11-25,stop,-0.043348
FIS,2024-11-08,2024-11-11,G,missed,,,,0.0
FIS,2024-11-08,2024-11-11,M,crossed,88.880000,2024-11-21,stop,-0.042954
FIS,2024-11-08,2024-11-11,J,rested,88.070000,2024-11-25,stop,-0.043348
FLJP,2024-11-12,2024-11-13,D,marketable,28.88001386962552011095700415,2024-12-02,target,0.024964
FLJP,2024-11-12,2024-11-13,G,crossed,28.860000,2024-12-02,target,0.024981
FLJP,2024-11-12,2024-11-13,M,crossed,28.860000,2024-12-02,target,0.024981
FLJP,2024-11-12,2024-11-13,J,crossed,28.860000,2024-12-02,target,0.024981
CDRE,2024-11-15,2024-11-18,D,marketable,32.29344287707332196558673074,2024-12-04,target,0.080973
CDRE,2024-11-15,2024-11-18,G,crossed,32.050000,2024-12-03,target,0.081599
CDRE,2024-11-15,2024-11-18,M,crossed,32.050000,2024-12-03,target,0.081599
CDRE,2024-11-15,2024-11-18,J,crossed,32.050000,2024-12-03,target,0.081599
BOOT,2024-11-18,2024-11-19,D,marketable,133.3251834292809572186477030,2024-11-25,target,0.079717
BOOT,2024-11-18,2024-11-19,G,crossed,132.950000,2024-11-25,target,0.079945
BOOT,2024-11-18,2024-11-19,M,crossed,132.950000,2024-11-25,target,0.079945
BOOT,2024-11-18,2024-11-19,J,crossed,132.950000,2024-11-25,target,0.079945
EWJ,2024-11-25,2024-11-26,D,marketable,68.00500331004045605001838909,2024-11-29,target,0.022139
EWJ,2024-11-25,2024-11-26,G,crossed,67.990000,2024-11-29,target,0.022144
EWJ,2024-11-25,2024-11-26,M,crossed,67.990000,2024-11-29,target,0.022144
EWJ,2024-11-25,2024-11-26,J,crossed,67.990000,2024-11-29,target,0.022144
MCY,2024-11-27,2024-11-29,D,rested,78.849998,2024-12-04,stop,-0.053052
MCY,2024-11-27,2024-11-29,G,missed,,,,0.0
MCY,2024-11-27,2024-11-29,M,crossed,79.710000,2024-12-04,stop,-0.052498
MCY,2024-11-27,2024-11-29,J,rested,78.849998,2024-12-04,stop,-0.053052
INTU,2024-12-06,2024-12-09,D,marketable,644.7532680717050505363916319,2024-12-17,target,0.05032
INTU,2024-12-06,2024-12-09,G,crossed,643.610000,2024-12-17,target,0.05041
INTU,2024-12-06,2024-12-09,M,crossed,643.610000,2024-12-17,target,0.05041
INTU,2024-12-06,2024-12-09,J,crossed,643.610000,2024-12-17,target,0.05041
SCHG,2024-12-11,2024-12-12,D,marketable,28.76500435009570210544631981,2024-12-18,stop,-0.023391
SCHG,2024-12-11,2024-12-12,G,crossed,28.760000,2024-12-18,stop,-0.023395
SCHG,2024-12-11,2024-12-12,M,crossed,28.760000,2024-12-18,stop,-0.023395
SCHG,2024-12-11,2024-12-12,J,crossed,28.760000,2024-12-18,stop,-0.023395
GLD,2024-12-17,2024-12-18,D,marketable,243.5849996920866262958021143,2025-01-16,target,0.022547
GLD,2024-12-17,2024-12-18,G,crossed,243.570000,2025-01-16,target,0.022549
GLD,2024-12-17,2024-12-18,M,crossed,243.570000,2025-01-16,target,0.022549
GLD,2024-12-17,2024-12-18,J,crossed,243.570000,2025-01-16,target,0.022549
WMB,2024-12-20,2024-12-23,D,marketable,53.42967145790554414784394249,2025-01-02,target,0.046328
WMB,2024-12-20,2024-12-23,G,crossed,53.350000,2025-01-02,target,0.046398
WMB,2024-12-20,2024-12-23,M,crossed,53.350000,2025-01-02,target,0.046398
WMB,2024-12-20,2024-12-23,J,crossed,53.350000,2025-01-02,target,0.046398
APP,2024-12-26,2024-12-27,D,marketable,345.8653135193910837259876768,2025-01-29,time,0.058802
APP,2024-12-26,2024-12-27,G,crossed,345.000000,2025-01-29,time,0.061458
APP,2024-12-26,2024-12-27,M,crossed,345.000000,2025-01-29,time,0.061458
APP,2024-12-26,2024-12-27,J,crossed,345.000000,2025-01-29,time,0.061458
EOSE,2024-12-30,2024-12-31,D,marketable,5.135014662756598240469208212,2025-01-06,target,0.148895
EOSE,2024-12-30,2024-12-31,G,missed,,,,0.0
EOSE,2024-12-30,2024-12-31,M,crossed,5.150000,2025-01-06,target,0.148459
EOSE,2024-12-30,2024-12-31,J,rested,5.140000,2025-01-06,target,0.14875
RVLV,2024-12-30,2024-12-31,D,rested,34.180000,2025-01-07,stop,-0.109091
RVLV,2024-12-30,2024-12-31,G,crossed,34.180000,2025-01-07,stop,-0.109091
RVLV,2024-12-30,2024-12-31,M,crossed,34.180000,2025-01-07,stop,-0.109091
RVLV,2024-12-30,2024-12-31,J,crossed,34.180000,2025-01-07,stop,-0.109091
FIS,2025-01-14,2025-01-15,D,rested,78.349998,2025-01-28,target,0.036843
FIS,2025-01-14,2025-01-15,G,missed,,,,0.0
FIS,2025-01-14,2025-01-15,M,crossed,79.970000,2025-02-07,target,0.036089
FIS,2025-01-14,2025-01-15,J,rested,78.349998,2025-01-28,target,0.036843
SPYU,2025-01-16,2025-01-17,D,missed,,,,0.0
SPYU,2025-01-16,2025-01-17,G,missed,,,,0.0
SPYU,2025-01-16,2025-01-17,M,crossed,24.61499900283573020052663561,2025-02-18,time,0.068298
SPYU,2025-01-16,2025-01-17,J,missed,,,,0.0
WKC,2025-01-17,2025-01-21,D,rested,28.070000,2025-02-19,time,-0.02867
WKC,2025-01-17,2025-01-21,G,missed,,,,0.0
WKC,2025-01-17,2025-01-21,M,crossed,28.160000,2025-02-19,time,-0.031775
WKC,2025-01-17,2025-01-21,J,rested,28.070000,2025-02-19,time,-0.02867
AGYS,2025-01-23,2025-01-24,D,marketable,95.49944613448022658134899817,2025-02-20,stop,-0.157444
AGYS,2025-01-23,2025-01-24,G,crossed,95.170000,2025-02-20,stop,-0.157982
AGYS,2025-01-23,2025-01-24,M,crossed,95.170000,2025-02-20,stop,-0.157982
AGYS,2025-01-23,2025-01-24,J,crossed,95.170000,2025-02-20,stop,-0.157982
JETS,2025-01-27,2025-01-28,D,marketable,26.23990871053632559908710536,2025-02-03,stop,-0.043065
JETS,2025-01-27,2025-01-28,G,crossed,26.210000,2025-02-03,stop,-0.043114
JETS,2025-01-27,2025-01-28,M,crossed,26.210000,2025-02-03,stop,-0.043114
JETS,2025-01-27,2025-01-28,J,crossed,26.210000,2025-02-03,stop,-0.043114
BTSG,2025-01-28,2025-01-29,D,missed,,,,0.0
BTSG,2025-01-28,2025-01-29,G,missed,,,,0.0
BTSG,2025-01-28,2025-01-29,M,crossed,23.330000,2025-02-19,stop_gap,-0.110017
BTSG,2025-01-28,2025-01-29,J,missed,,,,0.0
BN,2025-01-31,2025-02-03,D,marketable,39.15003583617747440273037544,2025-03-04,stop_gap,-0.055859
BN,2025-01-31,2025-02-03,G,missed,,,,0.0
BN,2025-01-31,2025-02-03,M,crossed,58.940000,2025-02-03,stop_gap,-0.337802
BN,2025-01-31,2025-02-03,J,rested,40.799999,2025-02-11,stop,-0.049179
BTSG,2025-02-05,2025-02-06,D,rested,23.400000,2025-02-19,stop_gap,-0.113381
BTSG,2025-02-05,2025-02-06,G,missed,,,,0.0
BTSG,2025-02-05,2025-02-06,M,crossed,23.420000,2025-02-19,stop_gap,-0.114138
BTSG,2025-02-05,2025-02-06,J,rested,23.400000,2025-02-19,stop_gap,-0.113381
HWC,2025-02-07,2025-02-10,D,rested,60.290001,2025-02-21,stop,-0.049879
HWC,2025-02-07,2025-02-10,G,missed,,,,0.0
HWC,2025-02-07,2025-02-10,M,crossed,60.480000,2025-02-20,stop,-0.049724
HWC,2025-02-07,2025-02-10,J,rested,60.290001,2025-02-21,stop,-0.049879
RMD,2025-02-10,2025-02-11,D,marketable,237.3342158868059802205680788,2025-03-05,stop,-0.059941
RMD,2025-02-10,2025-02-11,G,crossed,236.780000,2025-03-05,stop,-0.060078
RMD,2025-02-10,2025-02-11,M,crossed,236.780000,2025-03-05,stop,-0.060078
RMD,2025-02-10,2025-02-11,J,crossed,236.780000,2025-03-05,stop,-0.060078
SPOT,2025-02-12,2025-02-13,D,rested,640.590027,2025-02-24,stop,-0.064274
SPOT,2025-02-12,2025-02-13,G,missed,,,,0.0
SPOT,2025-02-12,2025-02-13,M,crossed,647.120000,2025-02-21,stop,-0.063633
SPOT,2025-02-12,2025-02-13,J,rested,640.590027,2025-02-24,stop,-0.064274
RJF,2025-02-13,2025-02-14,D,rested,160.389999,2025-02-20,stop,-0.048772
RJF,2025-02-13,2025-02-14,G,missed,,,,0.0
RJF,2025-02-13,2025-02-14,M,crossed,160.390000,2025-02-20,stop,-0.048772
RJF,2025-02-13,2025-02-14,J,rested,160.389999,2025-02-20,stop,-0.048772
LOGI,2025-02-14,2025-02-18,D,rested,105.059998,2025-02-28,stop_gap,-0.064129
LOGI,2025-02-14,2025-02-18,G,missed,,,,0.0
LOGI,2025-02-14,2025-02-18,M,crossed,105.160000,2025-02-28,stop_gap,-0.065019
LOGI,2025-02-14,2025-02-18,J,rested,105.059998,2025-02-28,stop_gap,-0.064129
ANET,2025-02-18,2025-02-19,D,marketable,104.6248506571087216248506571,2025-02-24,stop_gap,-0.102148
ANET,2025-02-18,2025-02-19,G,crossed,104.680000,2025-02-24,stop_gap,-0.102621
ANET,2025-02-18,2025-02-19,M,crossed,104.680000,2025-02-24,stop_gap,-0.102621
ANET,2025-02-18,2025-02-19,J,crossed,104.680000,2025-02-24,stop_gap,-0.102621
TPR,2025-02-25,2025-02-26,D,missed,,,,0.0
TPR,2025-02-25,2025-02-26,G,missed,,,,0.0
TPR,2025-02-25,2025-02-26,M,crossed,84.640000,2025-03-06,stop,-0.071688
TPR,2025-02-25,2025-02-26,J,missed,,,,0.0
BST,2025-02-26,2025-02-27,D,rested,36.820000,2025-03-03,stop,-0.039134
BST,2025-02-26,2025-02-27,G,missed,,,,0.0
BST,2025-02-26,2025-02-27,M,crossed,37.240000,2025-03-03,stop,-0.038731
BST,2025-02-26,2025-02-27,J,rested,36.820000,2025-03-03,stop,-0.039134
IYG,2025-02-26,2025-02-27,D,missed,,,,0.0
IYG,2025-02-26,2025-02-27,G,missed,,,,0.0
IYG,2025-02-26,2025-02-27,M,crossed,82.000000,2025-03-03,target,0.026928
IYG,2025-02-26,2025-02-27,J,missed,,,,0.0
FNGS,2025-02-27,2025-02-28,D,marketable,54.48469022487379531895364845,2025-03-07,stop,-0.053624
FNGS,2025-02-27,2025-02-28,G,crossed,54.350000,2025-03-07,stop,-0.053755
FNGS,2025-02-27,2025-02-28,M,crossed,54.350000,2025-03-07,stop,-0.053755
FNGS,2025-02-27,2025-02-28,J,crossed,54.350000,2025-03-07,stop,-0.053755
GL,2025-03-03,2025-03-04,D,rested,128.589996,2025-03-10,stop,-0.044572
GL,2025-03-03,2025-03-04,G,crossed,127.270000,2025-03-12,stop,-0.045022
GL,2025-03-03,2025-03-04,M,crossed,127.270000,2025-03-12,stop,-0.045022
GL,2025-03-03,2025-03-04,J,crossed,127.270000,2025-03-12,stop,-0.045022
CLS,2025-03-04,2025-03-05,D,rested,90.220001,2025-04-02,time,-0.087632
CLS,2025-03-04,2025-03-05,G,missed,,,,0.0
CLS,2025-03-04,2025-03-05,M,crossed,91.180000,2025-04-02,time,-0.097238
CLS,2025-03-04,2025-03-05,J,rested,90.220001,2025-04-02,time,-0.087632
EQH,2025-03-11,2025-03-12,D,missed,,,,0.0
EQH,2025-03-11,2025-03-12,G,missed,,,,0.0
EQH,2025-03-11,2025-03-12,M,crossed,51.640000,2025-04-04,stop_gap,-0.092694
EQH,2025-03-11,2025-03-12,J,missed,,,,0.0
SAN,2025-03-14,2025-03-17,D,missed,,,,0.0
SAN,2025-03-14,2025-03-17,G,missed,,,,0.0
SAN,2025-03-14,2025-03-17,M,crossed,6.800000,2025-04-04,stop_gap,-0.109479
SAN,2025-03-14,2025-03-17,J,missed,,,,0.0
DXPE,2025-03-17,2025-03-18,D,rested,84.160004,2025-04-04,stop_gap,-0.14181
DXPE,2025-03-17,2025-03-18,G,crossed,83.660000,2025-04-04,stop_gap,-0.136681
DXPE,2025-03-17,2025-03-18,M,crossed,83.660000,2025-04-04,stop_gap,-0.136681
DXPE,2025-03-17,2025-03-18,J,crossed,83.660000,2025-04-04,stop_gap,-0.136681
IWP,2025-03-18,2025-03-19,D,missed,,,,0.0
IWP,2025-03-18,2025-03-19,G,missed,,,,0.0
IWP,2025-03-18,2025-03-19,M,crossed,118.900000,2025-04-04,stop_gap,-0.082595
IWP,2025-03-18,2025-03-19,J,missed,,,,0.0
EE,2025-03-25,2025-03-26,D,rested,31.709999,2025-03-28,stop,-0.070442
EE,2025-03-25,2025-03-26,G,missed,,,,0.0
EE,2025-03-25,2025-03-26,M,crossed,31.980000,2025-03-27,stop,-0.069859
EE,2025-03-25,2025-03-26,J,rested,31.709999,2025-03-28,stop,-0.070442
WMK,2025-03-27,2025-03-28,D,rested,77.809998,2025-04-09,target,0.053339
WMK,2025-03-27,2025-03-28,G,crossed,77.500000,2025-04-09,target,0.053563
WMK,2025-03-27,2025-03-28,M,crossed,77.500000,2025-04-09,target,0.053563
WMK,2025-03-27,2025-03-28,J,crossed,77.500000,2025-04-09,target,0.053563
TSLZ,2025-03-31,2025-04-01,D,marketable,81.09963099630996309963099630,2025-04-07,target,0.297276
TSLZ,2025-03-31,2025-04-01,G,crossed,81.20000208472400513478818998,2025-04-07,target,0.296907
TSLZ,2025-03-31,2025-04-01,M,crossed,81.20000208472400513478818998,2025-04-07,target,0.296907
TSLZ,2025-03-31,2025-04-01,J,crossed,81.20000208472400513478818998,2025-04-07,target,0.296907
T,2025-04-01,2025-04-02,D,rested,28.480000,2025-04-04,stop,-0.041665
T,2025-04-01,2025-04-02,G,crossed,28.400000,2025-04-04,stop,-0.041782
T,2025-04-01,2025-04-02,M,crossed,28.400000,2025-04-04,stop,-0.041782
T,2025-04-01,2025-04-02,J,crossed,28.400000,2025-04-04,stop,-0.041782
PLTR,2025-04-03,2025-04-04,D,marketable,80.10004127063531765882941468,2025-04-07,stop_gap,-0.168228
PLTR,2025-04-03,2025-04-04,G,crossed,80.000000,2025-04-07,stop_gap,-0.167188
PLTR,2025-04-03,2025-04-04,M,crossed,80.000000,2025-04-07,stop_gap,-0.167188
PLTR,2025-04-03,2025-04-04,J,crossed,80.000000,2025-04-07,stop_gap,-0.167188
WWD,2025-04-09,2025-04-10,D,marketable,171.1888741721854304635761590,2025-04-29,target,0.106325
WWD,2025-04-09,2025-04-10,G,crossed,169.320000,2025-04-29,target,0.107536
WWD,2025-04-09,2025-04-10,M,crossed,169.320000,2025-04-29,target,0.107536
WWD,2025-04-09,2025-04-10,J,crossed,169.320000,2025-04-29,target,0.107536
EWS,2025-04-14,2025-04-15,D,missed,,,,0.0
EWS,2025-04-14,2025-04-15,G,missed,,,,0.0
EWS,2025-04-14,2025-04-15,M,crossed,22.340000,2025-04-22,target,0.055622
EWS,2025-04-14,2025-04-15,J,missed,,,,0.0
ROP,2025-04-15,2025-04-16,D,rested,567.080017,2025-05-15,time,0.011562
ROP,2025-04-15,2025-04-16,G,crossed,562.580000,2025-05-15,time,0.019654
ROP,2025-04-15,2025-04-16,M,crossed,562.580000,2025-05-15,time,0.019654
ROP,2025-04-15,2025-04-16,J,crossed,562.580000,2025-05-15,time,0.019654
APH,2025-04-21,2025-04-22,D,missed,,,,0.0
APH,2025-04-21,2025-04-22,G,missed,,,,0.0
APH,2025-04-21,2025-04-22,M,crossed,32.170000,2025-04-23,target,0.092204
APH,2025-04-21,2025-04-22,J,missed,,,,0.0
SPOT,2025-04-21,2025-04-22,D,missed,,,,0.0
SPOT,2025-04-21,2025-04-22,G,missed,,,,0.0
SPOT,2025-04-21,2025-04-22,M,crossed,573.850000,2025-05-02,target,0.116062
SPOT,2025-04-21,2025-04-22,J,missed,,,,0.0
IDA,2025-04-22,2025-04-23,D,rested,118.019997,2025-05-12,stop,-0.050788
IDA,2025-04-22,2025-04-23,G,crossed,117.610000,2025-05-12,stop,-0.050958
IDA,2025-04-22,2025-04-23,M,crossed,117.610000,2025-05-12,stop,-0.050958
IDA,2025-04-22,2025-04-23,J,crossed,117.610000,2025-05-12,stop,-0.050958
ONB,2025-04-23,2025-04-24,D,rested,20.559999,2025-05-12,target,0.096702
ONB,2025-04-23,2025-04-24,G,missed,,,,0.0
ONB,2025-04-23,2025-04-24,M,crossed,20.610000,2025-05-14,target,0.096467
ONB,2025-04-23,2025-04-24,J,rested,20.559999,2025-05-12,target,0.096702
VERX,2025-04-30,2025-05-01,D,rested,40.029999,2025-05-07,stop,-0.084754
VERX,2025-04-30,2025-05-01,G,missed,,,,0.0
VERX,2025-04-30,2025-05-01,M,crossed,40.420000,2025-05-07,stop,-0.083947
VERX,2025-04-30,2025-05-01,J,rested,40.029999,2025-05-07,stop,-0.084754
PRAX,2025-05-02,2025-05-05,D,rested,40.240002,2025-06-03,time,0.022421
PRAX,2025-05-02,2025-05-05,G,missed,,,,0.0
PRAX,2025-05-02,2025-05-05,M,crossed,40.890000,2025-05-06,stop,-0.140493
PRAX,2025-05-02,2025-05-05,J,rested,40.240002,2025-06-03,time,0.022421
FDMO,2025-05-08,2025-05-09,D,rested,68.059998,2025-05-13,target,0.047279
FDMO,2025-05-08,2025-05-09,G,missed,,,,0.0
FDMO,2025-05-08,2025-05-09,M,crossed,68.270000,2025-05-14,target,0.04713
FDMO,2025-05-08,2025-05-09,J,rested,68.059998,2025-05-13,target,0.047279
SAN,2025-05-14,2025-05-15,D,marketable,7.675003261578604044357469018,2025-05-27,target,0.046136
SAN,2025-05-14,2025-05-15,G,crossed,7.670000,2025-05-21,target,0.046167
SAN,2025-05-14,2025-05-15,M,crossed,7.670000,2025-05-21,target,0.046167
SAN,2025-05-14,2025-05-15,J,crossed,7.670000,2025-05-21,target,0.046167
ARIS,2025-05-29,2025-05-30,D,marketable,6.424809338521400778210116730,2025-06-02,target,0.075601
ARIS,2025-05-29,2025-05-30,G,crossed,6.390000,2025-06-02,target,0.076017
ARIS,2025-05-29,2025-05-30,M,crossed,6.390000,2025-06-02,target,0.076017
ARIS,2025-05-29,2025-05-30,J,crossed,6.390000,2025-06-02,target,0.076017
FA,2025-05-29,2025-05-30,D,rested,17.030001,2025-06-05,target,0.081985
FA,2025-05-29,2025-05-30,G,missed,,,,0.0
FA,2025-05-29,2025-05-30,M,crossed,17.090000,2025-06-05,target,0.081696
FA,2025-05-29,2025-05-30,J,rested,17.030001,2025-06-05,target,0.081985
IAU,2025-05-30,2025-06-02,D,missed,,,,0.0
IAU,2025-05-30,2025-06-02,G,missed,,,,0.0
IAU,2025-05-30,2025-06-02,M,crossed,63.290000,2025-07-01,time,-0.005924
IAU,2025-05-30,2025-06-02,J,missed,,,,0.0
CVSA,2025-06-10,2025-06-11,D,missed,,,,0.0
CVSA,2025-06-10,2025-06-11,G,missed,,,,0.0
CVSA,2025-06-10,2025-06-11,M,crossed,119.980000,2025-06-20,target,0.075504
CVSA,2025-06-10,2025-06-11,J,missed,,,,0.0
BSAC,2025-06-20,2025-06-23,D,marketable,23.68038314176245210727969349,2025-06-26,target,0.045492
BSAC,2025-06-20,2025-06-23,G,crossed,23.590000,2025-06-25,target,0.04567
BSAC,2025-06-20,2025-06-23,M,crossed,23.590000,2025-06-25,target,0.04567
BSAC,2025-06-20,2025-06-23,J,crossed,23.590000,2025-06-25,target,0.04567
VYMI,2025-06-25,2025-06-26,D,missed,,,,0.0
VYMI,2025-06-25,2025-06-26,G,missed,,,,0.0
VYMI,2025-06-25,2025-06-26,M,crossed,79.560000,2025-07-22,target,0.019463
VYMI,2025-06-25,2025-06-26,J,missed,,,,0.0
TIMB,2025-07-01,2025-07-02,D,marketable,20.17000000000000000000000000,2025-07-10,stop_gap,-0.05941
TIMB,2025-07-01,2025-07-02,G,crossed,20.100000,2025-07-10,stop_gap,-0.056134
TIMB,2025-07-01,2025-07-02,M,crossed,20.100000,2025-07-10,stop_gap,-0.056134
TIMB,2025-07-01,2025-07-02,J,crossed,20.100000,2025-07-10,stop_gap,-0.056134
EPP,2025-07-03,2025-07-07,D,marketable,49.08999999999999999999999998,2025-07-18,target,0.01861
EPP,2025-07-03,2025-07-07,G,crossed,49.080000,2025-07-18,target,0.018614
EPP,2025-07-03,2025-07-07,M,crossed,49.080000,2025-07-18,target,0.018614
EPP,2025-07-03,2025-07-07,J,crossed,49.080000,2025-07-18,target,0.018614
FNCL,2025-07-03,2025-07-07,D,marketable,75.33496116311491734714200357,2025-07-15,stop,-0.023168
FNCL,2025-07-03,2025-07-07,G,crossed,75.270000,2025-07-15,stop,-0.023188
FNCL,2025-07-03,2025-07-07,M,crossed,75.270000,2025-07-15,stop,-0.023188
FNCL,2025-07-03,2025-07-07,J,crossed,75.270000,2025-07-15,stop,-0.023188
FNDC,2025-07-14,2025-07-15,D,rested,42.320000,2025-07-23,target,0.016703
FNDC,2025-07-14,2025-07-15,G,missed,,,,0.0
FNDC,2025-07-14,2025-07-15,M,crossed,42.440000,2025-07-23,target,0.016654
FNDC,2025-07-14,2025-07-15,J,rested,42.320000,2025-07-23,target,0.016703
ITA,2025-07-21,2025-07-22,D,marketable,192.8860289250814332247557002,2025-07-24,target,0.028137
ITA,2025-07-21,2025-07-22,G,crossed,192.610000,2025-07-24,target,0.028178
ITA,2025-07-21,2025-07-22,M,crossed,192.610000,2025-07-24,target,0.028178
ITA,2025-07-21,2025-07-22,J,crossed,192.610000,2025-07-24,target,0.028178
JBL,2025-07-21,2025-07-22,D,rested,223.199997,2025-07-24,stop,-0.04462
JBL,2025-07-21,2025-07-22,G,crossed,222.800000,2025-07-24,stop,-0.044698
JBL,2025-07-21,2025-07-22,M,crossed,222.800000,2025-07-24,stop,-0.044698
JBL,2025-07-21,2025-07-22,J,crossed,222.800000,2025-07-24,stop,-0.044698
JGRO,2025-07-24,2025-07-25,D,missed,,,,0.0
JGRO,2025-07-24,2025-07-25,G,missed,,,,0.0
JGRO,2025-07-24,2025-07-25,M,crossed,87.700000,2025-07-31,target,0.018528
JGRO,2025-07-24,2025-07-25,J,missed,,,,0.0
AIR,2025-08-01,2025-08-04,D,rested,72.989998,2025-08-12,target,0.066322
AIR,2025-08-01,2025-08-04,G,missed,,,,0.0
AIR,2025-08-01,2025-08-04,M,crossed,73.280000,2025-08-13,target,0.066055
AIR,2025-08-01,2025-08-04,J,rested,72.989998,2025-08-12,target,0.066322
FAF,2025-08-04,2025-08-05,D,rested,62.000000,2025-08-13,target,0.049806
FAF,2025-08-04,2025-08-05,G,missed,,,,0.0
FAF,2025-08-04,2025-08-05,M,crossed,62.030000,2025-08-13,target,0.049781
FAF,2025-08-04,2025-08-05,J,rested,62.000000,2025-08-13,target,0.049806
GRPN,2025-08-04,2025-08-05,D,rested,30.969999,2025-08-07,target,0.112159
GRPN,2025-08-04,2025-08-05,G,missed,,,,0.0
GRPN,2025-08-04,2025-08-05,M,crossed,31.110000,2025-08-07,target,0.111651
GRPN,2025-08-04,2025-08-05,J,rested,30.969999,2025-08-07,target,0.112159
EFV,2025-08-20,2025-08-21,D,marketable,67.48002225519287833827893172,2025-09-02,stop_gap,-0.020585
EFV,2025-08-20,2025-08-21,G,crossed,67.430000,2025-09-02,stop_gap,-0.019859
EFV,2025-08-20,2025-08-21,M,crossed,67.430000,2025-09-02,stop_gap,-0.019859
EFV,2025-08-20,2025-08-21,J,crossed,67.430000,2025-09-02,stop_gap,-0.019859
SAN,2025-08-20,2025-08-21,D,rested,9.530000,2025-09-10,target,0.034911
SAN,2025-08-20,2025-08-21,G,missed,,,,0.0
SAN,2025-08-20,2025-08-21,M,crossed,9.550000,2025-09-10,target,0.034837
SAN,2025-08-20,2025-08-21,J,rested,9.530000,2025-09-10,target,0.034911
SRAD,2025-08-21,2025-08-22,D,rested,31.170000,2025-09-17,stop,-0.071908
SRAD,2025-08-21,2025-08-22,G,crossed,31.100000,2025-09-17,stop,-0.072068
SRAD,2025-08-21,2025-08-22,M,crossed,31.100000,2025-09-17,stop,-0.072068
SRAD,2025-08-21,2025-08-22,J,crossed,31.100000,2025-09-17,stop,-0.072068
AMLX,2025-08-26,2025-08-27,D,rested,9.160000,2025-09-05,target,0.11044
AMLX,2025-08-26,2025-08-27,G,missed,,,,0.0
AMLX,2025-08-26,2025-08-27,M,crossed,9.220000,2025-09-08,target,0.109711
AMLX,2025-08-26,2025-08-27,J,rested,9.160000,2025-09-05,target,0.11044
EVLV,2025-08-26,2025-08-27,D,rested,8.300000,2025-09-25,time,-0.040336
EVLV,2025-08-26,2025-08-27,G,crossed,8.300000,2025-09-25,time,-0.040336
EVLV,2025-08-26,2025-08-27,M,crossed,8.300000,2025-09-25,time,-0.040336
EVLV,2025-08-26,2025-08-27,J,crossed,8.300000,2025-09-25,time,-0.040336
ODD,2025-08-28,2025-08-29,D,marketable,60.52909314933464760965993102,2025-09-29,time,0.00686
ODD,2025-08-28,2025-08-29,G,crossed,60.410000,2025-09-29,time,0.008845
ODD,2025-08-28,2025-08-29,M,crossed,60.410000,2025-09-29,time,0.008845
ODD,2025-08-28,2025-08-29,J,crossed,60.410000,2025-09-29,time,0.008845
BBW,2025-09-09,2025-09-10,D,marketable,70.42219036127475335368017604,2025-10-01,stop,-0.10172
BBW,2025-09-09,2025-09-10,G,crossed,69.990000,2025-10-01,stop,-0.102336
BBW,2025-09-09,2025-09-10,M,crossed,69.990000,2025-10-01,stop,-0.102336
BBW,2025-09-09,2025-09-10,J,crossed,69.990000,2025-10-01,stop,-0.102336
LINC,2025-09-10,2025-09-11,D,rested,19.000000,2025-09-15,target,0.087145
LINC,2025-09-10,2025-09-11,G,missed,,,,0.0
LINC,2025-09-10,2025-09-11,M,crossed,19.010000,2025-09-15,target,0.087099
LINC,2025-09-10,2025-09-11,J,rested,19.000000,2025-09-15,target,0.087145
CYD,2025-09-24,2025-09-25,D,rested,39.060001,2025-10-10,stop,-0.096218
CYD,2025-09-24,2025-09-25,G,crossed,38.820000,2025-09-30,target,0.094016
CYD,2025-09-24,2025-09-25,M,crossed,38.820000,2025-09-30,target,0.094016
CYD,2025-09-24,2025-09-25,J,crossed,38.820000,2025-09-30,target,0.094016
BLX,2025-09-25,2025-09-26,D,rested,46.840000,2025-10-02,stop,-0.040542
BLX,2025-09-25,2025-09-26,G,missed,,,,0.0
BLX,2025-09-25,2025-09-26,M,crossed,46.920000,2025-10-02,stop,-0.040477
BLX,2025-09-25,2025-09-26,J,rested,46.840000,2025-10-02,stop,-0.040542
VNM,2025-09-26,2025-09-29,D,missed,,,,0.0
VNM,2025-09-26,2025-09-29,G,missed,,,,0.0
VNM,2025-09-26,2025-09-29,M,crossed,17.680000,2025-10-06,target,0.03111
VNM,2025-09-26,2025-09-29,J,missed,,,,0.0
VGT,2025-10-01,2025-10-02,D,missed,,,,0.0
VGT,2025-10-01,2025-10-02,G,missed,,,,0.0
VGT,2025-10-01,2025-10-02,M,crossed,94.91749899821897386509056848,2025-10-10,stop,-0.025552
VGT,2025-10-01,2025-10-02,J,missed,,,,0.0
SLVP,2025-10-06,2025-10-07,D,rested,27.770000,2025-10-15,target,0.059662
SLVP,2025-10-06,2025-10-07,G,missed,,,,0.0
SLVP,2025-10-06,2025-10-07,M,crossed,27.870000,2025-10-15,target,0.059441
SLVP,2025-10-06,2025-10-07,J,rested,27.770000,2025-10-15,target,0.059662
SLVP,2025-10-07,2025-10-08,D,missed,,,,0.0
SLVP,2025-10-07,2025-10-08,G,missed,,,,0.0
SLVP,2025-10-07,2025-10-08,M,crossed,27.880000,2025-10-15,target,0.059957
SLVP,2025-10-07,2025-10-08,J,missed,,,,0.0
ESGU,2025-10-09,2025-10-10,D,rested,146.779999,2025-10-10,stop,-0.014859
ESGU,2025-10-09,2025-10-10,G,missed,,,,0.0
ESGU,2025-10-09,2025-10-10,M,crossed,147.010000,2025-10-10,stop,-0.014836
ESGU,2025-10-09,2025-10-10,J,rested,146.779999,2025-10-10,stop,-0.014859
IRON,2025-10-09,2025-10-10,D,rested,70.750000,2025-10-15,target,0.067666
IRON,2025-10-09,2025-10-10,G,crossed,70.510000,2025-10-15,target,0.067913
IRON,2025-10-09,2025-10-10,M,crossed,70.510000,2025-10-15,target,0.067913
IRON,2025-10-09,2025-10-10,J,crossed,70.510000,2025-10-15,target,0.067913
IWF,2025-10-14,2025-10-15,D,rested,116.267502,2025-10-24,target,0.026515
IWF,2025-10-14,2025-10-15,G,missed,,,,0.0
IWF,2025-10-14,2025-10-15,M,crossed,117.420000,2025-10-27,target,0.026254
IWF,2025-10-14,2025-10-15,J,rested,116.267502,2025-10-24,target,0.026515
ASTS,2025-10-20,2025-10-21,D,marketable,81.68462621686156860344088657,2025-10-22,stop,-0.184165
ASTS,2025-10-20,2025-10-21,G,crossed,81.270000,2025-11-06,stop,-0.185102
ASTS,2025-10-20,2025-10-21,M,crossed,81.270000,2025-11-06,stop,-0.185102
ASTS,2025-10-20,2025-10-21,J,crossed,81.270000,2025-11-06,stop,-0.185102
HAPN,2025-10-20,2025-10-21,D,rested,16.360001,2025-10-23,target,0.089335
HAPN,2025-10-20,2025-10-21,G,crossed,16.350000,2025-10-23,target,0.089389
HAPN,2025-10-20,2025-10-21,M,crossed,16.350000,2025-10-23,target,0.089389
HAPN,2025-10-20,2025-10-21,J,crossed,16.350000,2025-10-23,target,0.089389
GDXJ,2025-10-22,2025-10-23,D,missed,,,,0.0
GDXJ,2025-10-22,2025-10-23,G,missed,,,,0.0
GDXJ,2025-10-22,2025-10-23,M,crossed,97.740000,2025-10-27,stop,-0.092072
GDXJ,2025-10-22,2025-10-23,J,missed,,,,0.0
APP,2025-10-24,2025-10-27,D,missed,,,,0.0
APP,2025-10-24,2025-10-27,G,missed,,,,0.0
APP,2025-10-24,2025-10-27,M,crossed,635.450000,2025-11-13,stop,-0.104715
APP,2025-10-24,2025-10-27,J,missed,,,,0.0
HWM,2025-10-31,2025-11-03,D,missed,,,,0.0
HWM,2025-10-31,2025-11-03,G,missed,,,,0.0
HWM,2025-10-31,2025-11-03,M,crossed,208.960000,2025-11-18,stop,-0.058347
HWM,2025-10-31,2025-11-03,J,missed,,,,0.0
IWY,2025-11-03,2025-11-04,D,marketable,281.8501279181323952670291015,2025-11-07,stop,-0.02651
IWY,2025-11-03,2025-11-04,G,crossed,281.730000,2025-11-07,stop,-0.026522
IWY,2025-11-03,2025-11-04,M,crossed,281.730000,2025-11-07,stop,-0.026522
IWY,2025-11-03,2025-11-04,J,crossed,281.730000,2025-11-07,stop,-0.026522
MAGX,2025-11-04,2025-11-05,D,rested,59.619999,2025-11-07,stop,-0.074401
MAGX,2025-11-04,2025-11-05,G,missed,,,,0.0
MAGX,2025-11-04,2025-11-05,M,crossed,60.080000,2025-11-07,stop,-0.07385
MAGX,2025-11-04,2025-11-05,J,rested,59.619999,2025-11-07,stop,-0.074401
GOOG,2025-11-10,2025-11-11,D,marketable,288.3850221181368722352328909,2025-11-14,stop_gap,-0.057459
GOOG,2025-11-10,2025-11-11,G,crossed,288.210000,2025-11-14,stop_gap,-0.056886
GOOG,2025-11-10,2025-11-11,M,crossed,288.210000,2025-11-14,stop_gap,-0.056886
GOOG,2025-11-10,2025-11-11,J,crossed,288.210000,2025-11-14,stop_gap,-0.056886
CGGR,2025-11-11,2025-11-12,D,rested,44.240002,2025-11-14,stop_gap,-0.040404
CGGR,2025-11-11,2025-11-12,G,missed,,,,0.0
CGGR,2025-11-11,2025-11-12,M,crossed,44.440000,2025-11-13,stop,-0.030646
CGGR,2025-11-11,2025-11-12,J,rested,44.240002,2025-11-14,stop_gap,-0.040404
SLVP,2025-11-11,2025-11-12,D,missed,,,,0.0
SLVP,2025-11-11,2025-11-12,G,missed,,,,0.0
SLVP,2025-11-11,2025-11-12,M,crossed,27.950000,2025-11-21,stop,-0.085422
SLVP,2025-11-11,2025-11-12,J,missed,,,,0.0
MTSI,2025-11-14,2025-11-17,D,marketable,162.2199025923016496465043206,2025-12-02,target,0.084893
MTSI,2025-11-14,2025-11-17,G,crossed,160.650000,2025-11-28,target,0.085738
MTSI,2025-11-14,2025-11-17,M,crossed,160.650000,2025-11-28,target,0.085738
MTSI,2025-11-14,2025-11-17,J,crossed,160.650000,2025-11-28,target,0.085738
SOXL,2025-11-18,2025-11-19,D,rested,34.349998,2025-12-01,target,0.228057
SOXL,2025-11-18,2025-11-19,G,missed,,,,0.0
SOXL,2025-11-18,2025-11-19,M,crossed,34.720000,2025-12-02,target,0.225625
SOXL,2025-11-18,2025-11-19,J,rested,34.349998,2025-12-01,target,0.228057
TFPM,2025-11-18,2025-11-19,D,missed,,,,0.0
TFPM,2025-11-18,2025-11-19,G,missed,,,,0.0
TFPM,2025-11-18,2025-11-19,M,crossed,31.330000,2025-12-01,target,0.07363
TFPM,2025-11-18,2025-11-19,J,missed,,,,0.0
XLG,2025-11-18,2025-11-19,D,rested,57.529999,2025-11-26,target,0.030303
XLG,2025-11-18,2025-11-19,G,missed,,,,0.0
XLG,2025-11-18,2025-11-19,M,crossed,57.590000,2025-11-26,target,0.030271
XLG,2025-11-18,2025-11-19,J,rested,57.529999,2025-11-26,target,0.030303
ASHR,2025-11-19,2025-11-20,D,marketable,32.51999385182908084844758683,2025-11-21,stop_gap,-0.028281
ASHR,2025-11-19,2025-11-20,G,crossed,32.510000,2025-11-21,stop_gap,-0.027983
ASHR,2025-11-19,2025-11-20,M,crossed,32.510000,2025-11-21,stop_gap,-0.027983
ASHR,2025-11-19,2025-11-20,J,crossed,32.510000,2025-11-21,stop_gap,-0.027983
URA,2025-11-21,2025-11-24,D,rested,41.590000,2025-12-04,target,0.125969
URA,2025-11-21,2025-11-24,G,crossed,41.550000,2025-12-04,target,0.126091
URA,2025-11-21,2025-11-24,M,crossed,41.550000,2025-12-04,target,0.126091
URA,2025-11-21,2025-11-24,J,crossed,41.550000,2025-12-04,target,0.126091
CMI,2025-11-28,2025-12-01,D,marketable,495.5406796391439783162749300,2025-12-10,target,0.053045
CMI,2025-11-28,2025-12-01,G,crossed,494.940000,2025-12-10,target,0.05311
CMI,2025-11-28,2025-12-01,M,crossed,494.940000,2025-12-10,target,0.05311
CMI,2025-11-28,2025-12-01,J,crossed,494.940000,2025-12-10,target,0.05311
FLEX,2025-11-28,2025-12-01,D,marketable,58.62892711171662125340599457,2025-12-08,target,0.088181
FLEX,2025-11-28,2025-12-01,G,crossed,58.420000,2025-12-08,target,0.088497
FLEX,2025-11-28,2025-12-01,M,crossed,58.420000,2025-12-08,target,0.088497
FLEX,2025-11-28,2025-12-01,J,crossed,58.420000,2025-12-08,target,0.088497
WDC,2025-12-01,2025-12-02,D,rested,163.539993,2025-12-11,target,0.121616
WDC,2025-12-01,2025-12-02,G,missed,,,,0.0
WDC,2025-12-01,2025-12-02,M,crossed,167.000000,2025-12-11,target,0.11908
WDC,2025-12-01,2025-12-02,J,rested,163.539993,2025-12-11,target,0.121616
XME,2025-12-01,2025-12-02,D,rested,95.809998,2025-12-05,target,0.065512
XME,2025-12-01,2025-12-02,G,missed,,,,0.0
XME,2025-12-01,2025-12-02,M,crossed,96.010000,2025-12-11,target,0.065375
XME,2025-12-01,2025-12-02,J,rested,95.809998,2025-12-05,target,0.065512
PVLA,2025-12-04,2025-12-05,D,missed,,,,0.0
PVLA,2025-12-04,2025-12-05,G,missed,,,,0.0
PVLA,2025-12-04,2025-12-05,J,missed,,,,0.0
SIVR,2025-12-08,2025-12-09,D,missed,,,,0.0
SIVR,2025-12-08,2025-12-09,G,missed,,,,0.0
SIVR,2025-12-08,2025-12-09,M,crossed,56.060000,2025-12-11,target,0.053847
SIVR,2025-12-08,2025-12-09,J,missed,,,,0.0
COF,2025-12-09,2025-12-10,D,marketable,230.6639288738357324301439458,2025-12-11,target,0.047326
COF,2025-12-09,2025-12-10,G,crossed,229.950000,2025-12-11,target,0.047474
COF,2025-12-09,2025-12-10,M,crossed,229.950000,2025-12-11,target,0.047474
COF,2025-12-09,2025-12-10,J,crossed,229.950000,2025-12-11,target,0.047474
HAPN,2025-12-15,2025-12-16,D,marketable,19.06491734452899501443190764,2026-01-08,target,0.084312
HAPN,2025-12-15,2025-12-16,G,crossed,19.020000,2026-01-08,target,0.084512
HAPN,2025-12-15,2025-12-16,M,crossed,19.020000,2026-01-08,target,0.084512
HAPN,2025-12-15,2025-12-16,J,crossed,19.020000,2026-01-08,target,0.084512
PL,2025-12-16,2025-12-17,D,rested,17.879999,2025-12-22,target,0.13143
PL,2025-12-16,2025-12-17,G,missed,,,,0.0
PL,2025-12-16,2025-12-17,M,crossed,18.290000,2025-12-22,target,0.128477
PL,2025-12-16,2025-12-17,J,rested,17.879999,2025-12-22,target,0.13143
HUT,2025-12-18,2025-12-19,D,missed,,,,0.0
HUT,2025-12-18,2025-12-19,G,missed,,,,0.0
HUT,2025-12-18,2025-12-19,M,crossed,40.000000,2025-12-22,target,0.236974
HUT,2025-12-18,2025-12-19,J,missed,,,,0.0
BBVA,2025-12-22,2025-12-23,D,marketable,23.12500974236847802554665511,2026-01-02,target,0.034619
BBVA,2025-12-22,2025-12-23,G,crossed,23.110000,2026-01-02,target,0.034642
BBVA,2025-12-22,2025-12-23,M,crossed,23.110000,2026-01-02,target,0.034642
BBVA,2025-12-22,2025-12-23,J,crossed,23.110000,2026-01-02,target,0.034642
SKE,2025-12-22,2025-12-23,D,rested,24.549999,2026-01-12,target,0.089531
SKE,2025-12-22,2025-12-23,G,missed,,,,0.0
SKE,2025-12-22,2025-12-23,M,crossed,24.800000,2026-01-12,target,0.088618
SKE,2025-12-22,2025-12-23,J,rested,24.549999,2026-01-12,target,0.089531
MUX,2025-12-31,2026-01-02,D,rested,18.510000,2026-01-05,target,0.11222
MUX,2025-12-31,2026-01-02,G,missed,,,,0.0
MUX,2025-12-31,2026-01-02,M,crossed,19.090000,2026-01-12,target,0.108778
MUX,2025-12-31,2026-01-02,J,rested,18.510000,2026-01-05,target,0.11222
EVR,2026-01-05,2026-01-06,D,rested,364.470001,2026-01-16,target,0.055476
EVR,2026-01-05,2026-01-06,G,crossed,363.420000,2026-01-16,target,0.055642
EVR,2026-01-05,2026-01-06,M,crossed,363.420000,2026-01-16,target,0.055642
EVR,2026-01-05,2026-01-06,J,crossed,363.420000,2026-01-16,target,0.055642
STRA,2026-01-06,2026-01-07,D,rested,85.570000,2026-01-08,stop,-0.057479
STRA,2026-01-06,2026-01-07,G,missed,,,,0.0
STRA,2026-01-06,2026-01-07,M,crossed,85.810000,2026-01-07,stop,-0.057331
STRA,2026-01-06,2026-01-07,J,rested,85.570000,2026-01-08,stop,-0.057479
EWP,2026-01-14,2026-01-15,D,marketable,54.50000550863018729342636796,2026-01-26,target,0.017381
EWP,2026-01-14,2026-01-15,G,crossed,54.490000,2026-01-26,target,0.017384
EWP,2026-01-14,2026-01-15,M,crossed,54.490000,2026-01-26,target,0.017384
EWP,2026-01-14,2026-01-15,J,crossed,54.490000,2026-01-26,target,0.017384
STT,2026-01-16,2026-01-20,D,marketable,127.6670298866911445378814798,2026-02-03,target,0.044016
STT,2026-01-16,2026-01-20,G,crossed,127.210000,2026-02-02,target,0.044176
STT,2026-01-16,2026-01-20,M,crossed,127.210000,2026-02-02,target,0.044176
STT,2026-01-16,2026-01-20,J,crossed,127.210000,2026-02-02,target,0.044176
BWA,2026-01-21,2026-01-22,D,rested,48.259998,2026-02-04,target,0.043819
BWA,2026-01-21,2026-01-22,G,missed,,,,0.0
BWA,2026-01-21,2026-01-22,M,crossed,48.470000,2026-02-04,target,0.043628
BWA,2026-01-21,2026-01-22,J,rested,48.259998,2026-02-04,target,0.043819
EMXC,2026-01-22,2026-01-23,D,marketable,78.69001526329178326125667770,2026-01-27,target,0.019971
EMXC,2026-01-22,2026-01-23,G,crossed,78.660000,2026-01-27,target,0.019979
EMXC,2026-01-22,2026-01-23,M,crossed,78.660000,2026-01-27,target,0.019979
EMXC,2026-01-22,2026-01-23,J,crossed,78.660000,2026-01-27,target,0.019979
FDT,2026-01-22,2026-01-23,D,rested,86.730003,2026-01-27,target,0.018701
FDT,2026-01-22,2026-01-23,G,crossed,86.610000,2026-01-27,target,0.018729
FDT,2026-01-22,2026-01-23,M,crossed,86.610000,2026-01-27,target,0.018729
FDT,2026-01-22,2026-01-23,J,crossed,86.610000,2026-01-27,target,0.018729
KROS,2026-01-26,2026-01-27,D,rested,18.770000,2026-02-05,stop,-0.083363
KROS,2026-01-26,2026-01-27,G,crossed,18.750000,2026-02-09,stop,-0.08345
KROS,2026-01-26,2026-01-27,M,crossed,18.750000,2026-02-09,stop,-0.08345
KROS,2026-01-26,2026-01-27,J,crossed,18.750000,2026-02-09,stop,-0.08345
REMX,2026-01-26,2026-01-27,D,marketable,96.20079489593138793013283125,2026-01-29,stop,-0.06162
REMX,2026-01-26,2026-01-27,G,crossed,96.110000,2026-01-29,stop,-0.061678
REMX,2026-01-26,2026-01-27,M,crossed,96.110000,2026-01-29,stop,-0.061678
REMX,2026-01-26,2026-01-27,J,crossed,96.110000,2026-01-29,stop,-0.061678
CM,2026-02-02,2026-02-03,D,rested,94.750000,2026-02-09,target,0.034931
CM,2026-02-02,2026-02-03,G,missed,,,,0.0
CM,2026-02-02,2026-02-03,M,crossed,95.000000,2026-02-10,target,0.034839
CM,2026-02-02,2026-02-03,J,rested,94.750000,2026-02-09,target,0.034931
EWP,2026-02-03,2026-02-04,D,missed,,,,0.0
EWP,2026-02-03,2026-02-04,G,missed,,,,0.0
EWP,2026-02-03,2026-02-04,M,crossed,57.240000,2026-02-05,stop_gap,-0.028028
EWP,2026-02-03,2026-02-04,J,missed,,,,0.0
BIOA,2026-02-04,2026-02-05,D,rested,20.150000,2026-03-06,time,0.005941
BIOA,2026-02-04,2026-02-05,G,crossed,20.080000,2026-02-25,target,0.14223
BIOA,2026-02-04,2026-02-05,M,crossed,20.080000,2026-02-25,target,0.14223
BIOA,2026-02-04,2026-02-05,J,crossed,20.080000,2026-02-25,target,0.14223
CORT,2026-02-05,2026-02-06,D,missed,,,,0.0
CORT,2026-02-05,2026-02-06,G,missed,,,,0.0
CORT,2026-02-05,2026-02-06,M,crossed,39.010000,2026-02-19,stop,-0.171142
CORT,2026-02-05,2026-02-06,J,missed,,,,0.0
MAZE,2026-02-18,2026-02-19,D,rested,45.080002,2026-03-12,target,0.126473
MAZE,2026-02-18,2026-02-19,G,crossed,45.030000,2026-03-10,target,0.126627
MAZE,2026-02-18,2026-02-19,M,crossed,45.030000,2026-03-10,target,0.126627
MAZE,2026-02-18,2026-02-19,J,crossed,45.030000,2026-03-10,target,0.126627
PSLV,2026-02-18,2026-02-19,D,rested,25.420000,2026-02-27,target,0.19138
PSLV,2026-02-18,2026-02-19,G,missed,,,,0.0
PSLV,2026-02-18,2026-02-19,M,crossed,25.650000,2026-02-27,target,0.189662
PSLV,2026-02-18,2026-02-19,J,rested,25.420000,2026-02-27,target,0.19138
GEM,2026-02-26,2026-02-27,D,marketable,47.39501848526460335903665365,2026-03-03,stop_gap,-0.068749
GEM,2026-02-26,2026-02-27,G,crossed,47.370000,2026-03-03,stop_gap,-0.068257
GEM,2026-02-26,2026-02-27,M,crossed,47.370000,2026-03-03,stop_gap,-0.068257
GEM,2026-02-26,2026-02-27,J,crossed,47.370000,2026-03-03,stop_gap,-0.068257
IDVO,2026-02-26,2026-02-27,D,rested,43.180000,2026-03-03,stop_gap,-0.044982
IDVO,2026-02-26,2026-02-27,G,crossed,43.180000,2026-03-03,stop_gap,-0.044982
IDVO,2026-02-26,2026-02-27,M,crossed,43.180000,2026-03-03,stop_gap,-0.044982
IDVO,2026-02-26,2026-02-27,J,crossed,43.180000,2026-03-03,stop_gap,-0.044982
TX,2026-03-05,2026-03-06,D,marketable,39.91516918007857052338106704,2026-03-19,stop_gap,-0.081755
TX,2026-03-05,2026-03-06,G,crossed,39.470000,2026-04-06,time,0.004926
TX,2026-03-05,2026-03-06,M,crossed,39.470000,2026-04-06,time,0.004926
TX,2026-03-05,2026-03-06,J,crossed,39.470000,2026-04-06,time,0.004926
BNO,2026-03-18,2026-03-19,D,rested,52.160000,2026-03-23,stop,-0.092451
BNO,2026-03-18,2026-03-19,G,missed,,,,0.0
BNO,2026-03-18,2026-03-19,M,crossed,53.250000,2026-03-23,stop,-0.090561
BNO,2026-03-18,2026-03-19,J,rested,52.160000,2026-03-23,stop,-0.092451
ENS,2026-03-30,2026-03-31,D,missed,,,,0.0
ENS,2026-03-30,2026-03-31,G,missed,,,,0.0
ENS,2026-03-30,2026-03-31,M,crossed,168.900000,2026-04-08,target,0.076127
ENS,2026-03-30,2026-03-31,J,missed,,,,0.0
DFIV,2026-04-06,2026-04-07,D,marketable,53.18999999999999999999999998,2026-04-08,target,0.033395
DFIV,2026-04-06,2026-04-07,G,crossed,53.140000,2026-04-08,target,0.033427
DFIV,2026-04-06,2026-04-07,M,crossed,53.140000,2026-04-08,target,0.033427
DFIV,2026-04-06,2026-04-07,J,crossed,53.140000,2026-04-08,target,0.033427
DISV,2026-04-08,2026-04-09,D,marketable,40.78478873239436619718309861,2026-05-07,time,0.023885
DISV,2026-04-08,2026-04-09,G,crossed,40.710000,2026-05-07,time,0.025766
DISV,2026-04-08,2026-04-09,M,crossed,40.710000,2026-05-07,time,0.025766
DISV,2026-04-08,2026-04-09,J,crossed,40.710000,2026-05-07,time,0.025766
OILK,2026-04-08,2026-04-09,D,rested,53.700001,2026-04-28,target,0.072513
OILK,2026-04-08,2026-04-09,G,missed,,,,0.0
OILK,2026-04-08,2026-04-09,M,crossed,53.960000,2026-04-29,target,0.07216
OILK,2026-04-08,2026-04-09,J,rested,53.700001,2026-04-28,target,0.072513
SU,2026-04-08,2026-04-09,D,rested,64.540001,2026-04-17,stop,-0.064231
SU,2026-04-08,2026-04-09,G,missed,,,,0.0
SU,2026-04-08,2026-04-09,M,crossed,65.060000,2026-04-17,stop,-0.063719
SU,2026-04-08,2026-04-09,J,rested,64.540001,2026-04-17,stop,-0.064231
E,2026-04-09,2026-04-10,D,rested,55.680000,2026-04-17,stop_gap,-0.064727
E,2026-04-09,2026-04-10,G,missed,,,,0.0
E,2026-04-09,2026-04-10,M,crossed,55.730000,2026-04-17,stop_gap,-0.065566
E,2026-04-09,2026-04-10,J,rested,55.680000,2026-04-17,stop_gap,-0.064727
GLRE,2026-04-09,2026-04-10,D,rested,18.780001,2026-05-01,stop,-0.055856
GLRE,2026-04-09,2026-04-10,G,crossed,18.770000,2026-05-01,stop,-0.055886
GLRE,2026-04-09,2026-04-10,M,crossed,18.770000,2026-05-01,stop,-0.055886
GLRE,2026-04-09,2026-04-10,J,crossed,18.770000,2026-05-01,stop,-0.055886
GNR,2026-04-13,2026-04-14,D,rested,75.720001,2026-04-28,stop,-0.030148
GNR,2026-04-13,2026-04-14,G,missed,,,,0.0
GNR,2026-04-13,2026-04-14,M,crossed,75.740000,2026-04-28,stop,-0.03014
GNR,2026-04-13,2026-04-14,J,rested,75.720001,2026-04-28,stop,-0.030148
GSL,2026-04-13,2026-04-14,D,rested,38.950001,2026-05-05,target,0.057213
GSL,2026-04-13,2026-04-14,G,missed,,,,0.0
GSL,2026-04-13,2026-04-14,M,crossed,39.100000,2026-05-05,target,0.056987
GSL,2026-04-13,2026-04-14,J,rested,38.950001,2026-05-05,target,0.057213
EMEQ,2026-04-14,2026-04-15,D,marketable,51.88014893617021276595744682,2026-04-30,target,0.064991
EMEQ,2026-04-14,2026-04-15,G,crossed,51.890000,2026-04-30,target,0.064978
EMEQ,2026-04-14,2026-04-15,M,crossed,51.890000,2026-04-30,target,0.064978
EMEQ,2026-04-14,2026-04-15,J,crossed,51.890000,2026-04-30,target,0.064978
BNY,2026-04-16,2026-04-17,D,rested,134.839996,2026-05-15,time,0.001224
BNY,2026-04-16,2026-04-17,G,missed,,,,0.0
BNY,2026-04-16,2026-04-17,M,crossed,136.100000,2026-05-07,stop,-0.041039
BNY,2026-04-16,2026-04-17,J,rested,134.839996,2026-05-15,time,0.001224
UCO,2026-04-17,2026-04-20,D,missed,,,,0.0
UCO,2026-04-17,2026-04-20,G,missed,,,,0.0
UCO,2026-04-17,2026-04-20,M,crossed,39.180000,2026-04-23,target,0.140624
UCO,2026-04-17,2026-04-20,J,missed,,,,0.0
EXPD,2026-04-20,2026-04-21,D,rested,149.309998,2026-05-04,stop,-0.047641
EXPD,2026-04-20,2026-04-21,G,missed,,,,0.0
EXPD,2026-04-20,2026-04-21,M,crossed,149.590000,2026-05-04,stop,-0.047554
EXPD,2026-04-20,2026-04-21,J,rested,149.309998,2026-05-04,stop,-0.047641
PICK,2026-04-28,2026-04-29,D,rested,60.779999,2026-05-06,target,0.048582
PICK,2026-04-28,2026-04-29,G,crossed,60.570000,2026-05-06,target,0.048756
PICK,2026-04-28,2026-04-29,M,crossed,60.570000,2026-05-06,target,0.048756
PICK,2026-04-28,2026-04-29,J,crossed,60.570000,2026-05-06,target,0.048756
CSX,2026-05-04,2026-05-05,D,rested,44.720001,2026-05-20,target,0.040852
CSX,2026-05-04,2026-05-05,G,missed,,,,0.0
CSX,2026-05-04,2026-05-05,M,crossed,44.830000,2026-05-20,target,0.040751
CSX,2026-05-04,2026-05-05,J,rested,44.720001,2026-05-20,target,0.040852
DAVE,2026-05-04,2026-05-05,D,rested,279.170013,2026-05-06,stop_gap,-0.128209
DAVE,2026-05-04,2026-05-05,G,missed,,,,0.0
DAVE,2026-05-04,2026-05-05,M,crossed,280.420000,2026-05-06,stop_gap,-0.132095
DAVE,2026-05-04,2026-05-05,J,rested,279.170013,2026-05-06,stop_gap,-0.128209
RIO,2026-05-06,2026-05-07,D,rested,105.510002,2026-05-13,target,0.047667
RIO,2026-05-06,2026-05-07,G,missed,,,,0.0
RIO,2026-05-06,2026-05-07,M,crossed,106.240000,2026-05-13,target,0.047338
RIO,2026-05-06,2026-05-07,J,rested,105.510002,2026-05-13,target,0.047667
ARIS,2026-05-12,2026-05-13,D,marketable,20.33560029828486204325130500,2026-05-15,stop,-0.101772
ARIS,2026-05-12,2026-05-13,G,crossed,20.220000,2026-05-15,stop,-0.10235
ARIS,2026-05-12,2026-05-13,M,crossed,20.220000,2026-05-15,stop,-0.10235
ARIS,2026-05-12,2026-05-13,J,crossed,20.220000,2026-05-15,stop,-0.10235
TYG,2026-05-13,2026-05-14,D,missed,,,,0.0
TYG,2026-05-13,2026-05-14,G,missed,,,,0.0
TYG,2026-05-13,2026-05-14,M,crossed,46.230000,2026-05-29,stop,-0.048872
TYG,2026-05-13,2026-05-14,J,missed,,,,0.0
ACWI,2026-05-14,2026-05-15,D,marketable,154.8551153087298250153637157,2026-05-28,target,0.023251
ACWI,2026-05-14,2026-05-15,G,crossed,154.740000,2026-05-28,target,0.023269
ACWI,2026-05-14,2026-05-15,M,crossed,154.740000,2026-05-28,target,0.023269
ACWI,2026-05-14,2026-05-15,J,crossed,154.740000,2026-05-28,target,0.023269
DNOW,2026-05-19,2026-05-20,D,rested,13.030000,2026-06-10,target,0.064163
DNOW,2026-05-19,2026-05-20,G,crossed,13.030000,2026-06-10,target,0.064163
DNOW,2026-05-19,2026-05-20,M,crossed,13.030000,2026-06-10,target,0.064163
DNOW,2026-05-19,2026-05-20,J,crossed,13.030000,2026-06-10,target,0.064163
IEFA,2026-05-21,2026-05-22,D,rested,97.300003,2026-06-23,time,-0.018858
IEFA,2026-05-21,2026-05-22,G,missed,,,,0.0
IEFA,2026-05-21,2026-05-22,M,crossed,97.390000,2026-06-23,time,-0.019765
IEFA,2026-05-21,2026-05-22,J,rested,97.300003,2026-06-23,time,-0.018858
CHPY,2026-05-22,2026-05-26,D,missed,,,,0.0
CHPY,2026-05-22,2026-05-26,G,missed,,,,0.0
CHPY,2026-05-22,2026-05-26,M,crossed,80.170000,2026-06-02,target,0.053408
CHPY,2026-05-22,2026-05-26,J,missed,,,,0.0
C,2026-05-26,2026-05-27,D,rested,126.860001,2026-06-04,target,0.049055
C,2026-05-26,2026-05-27,G,missed,,,,0.0
C,2026-05-26,2026-05-27,M,crossed,127.240000,2026-06-04,target,0.048908
C,2026-05-26,2026-05-27,J,rested,126.860001,2026-06-04,target,0.049055
BLCR,2026-05-28,2026-05-29,D,rested,50.799999,2026-06-05,stop,-0.027156
BLCR,2026-05-28,2026-05-29,G,missed,,,,0.0
BLCR,2026-05-28,2026-05-29,M,crossed,50.930000,2026-06-05,stop,-0.027087
BLCR,2026-05-28,2026-05-29,J,rested,50.799999,2026-06-05,stop,-0.027156
AKAM,2026-06-02,2026-06-03,D,marketable,158.8514408808042125418860699,2026-06-08,stop,-0.094994
AKAM,2026-06-02,2026-06-03,G,crossed,158.170000,2026-06-08,stop,-0.095401
AKAM,2026-06-02,2026-06-03,M,crossed,158.170000,2026-06-08,stop,-0.095401
AKAM,2026-06-02,2026-06-03,J,crossed,158.170000,2026-06-08,stop,-0.095401
RSPT,2026-06-02,2026-06-03,D,marketable,67.37485192607437096415052329,2026-06-05,stop_gap,-0.042235
RSPT,2026-06-02,2026-06-03,G,crossed,67.270000,2026-06-05,stop,-0.040929
RSPT,2026-06-02,2026-06-03,M,crossed,67.270000,2026-06-05,stop,-0.040929
RSPT,2026-06-02,2026-06-03,J,crossed,67.270000,2026-06-05,stop,-0.040929
DBO,2026-06-23,2026-06-24,D,marketable,17.58997725980670835702103467,2026-07-13,target,0.08944
DBO,2026-06-23,2026-06-24,G,crossed,17.570000,2026-07-13,target,0.089542
DBO,2026-06-23,2026-06-24,M,crossed,17.570000,2026-07-13,target,0.089542
DBO,2026-06-23,2026-06-24,J,crossed,17.570000,2026-07-13,target,0.089542
WRLD,2026-06-24,2026-06-25,D,rested,194.759995,2026-06-26,target,0.074848
WRLD,2026-06-24,2026-06-25,G,missed,,,,0.0
WRLD,2026-06-24,2026-06-25,M,crossed,195.060000,2026-06-26,target,0.074726
WRLD,2026-06-24,2026-06-25,J,rested,194.759995,2026-06-26,target,0.074848
TD,2026-06-26,2026-06-29,D,rested,119.620003,2026-07-14,target,0.030216
TD,2026-06-26,2026-06-29,G,missed,,,,0.0
TD,2026-06-26,2026-06-29,M,crossed,120.000000,2026-07-15,target,0.03012
TD,2026-06-26,2026-06-29,J,rested,119.620003,2026-07-14,target,0.030216
FENY,2026-06-30,2026-07-01,D,marketable,29.52495850973751058425063505,2026-07-08,target,0.044733
FENY,2026-06-30,2026-07-01,G,crossed,29.490000,2026-07-08,target,0.044787
FENY,2026-06-30,2026-07-01,M,crossed,29.490000,2026-07-08,target,0.044787
FENY,2026-06-30,2026-07-01,J,crossed,29.490000,2026-07-08,target,0.044787
PHIN,2026-06-30,2026-07-01,D,rested,82.370003,2026-07-02,stop,-0.067514
PHIN,2026-06-30,2026-07-01,G,missed,,,,0.0
PHIN,2026-06-30,2026-07-01,M,crossed,82.450000,2026-07-02,stop,-0.067449
PHIN,2026-06-30,2026-07-01,J,rested,82.370003,2026-07-02,stop,-0.067514
EEM,2026-07-01,2026-07-02,D,rested,66.480003,2026-07-17,stop_gap,-0.062947
EEM,2026-07-01,2026-07-02,G,missed,,,,0.0
EEM,2026-07-01,2026-07-02,M,crossed,66.510000,2026-07-17,stop_gap,-0.063369
EEM,2026-07-01,2026-07-02,J,rested,66.480003,2026-07-17,stop_gap,-0.062947
QQQE,2026-07-02,2026-07-06,D,missed,,,,0.0
QQQE,2026-07-02,2026-07-06,G,missed,,,,0.0
QQQE,2026-07-02,2026-07-06,M,crossed,120.820000,2026-07-23,stop,-0.036537
QQQE,2026-07-02,2026-07-06,J,missed,,,,0.0
ERX,2026-07-17,2026-07-20,D,marketable,88.93498957805194073573319809,2026-07-23,target,0.07527
ERX,2026-07-17,2026-07-20,G,crossed,88.750000,2026-07-23,target,0.075428
ERX,2026-07-17,2026-07-20,M,crossed,88.750000,2026-07-23,target,0.075428
ERX,2026-07-17,2026-07-20,J,crossed,88.750000,2026-07-23,target,0.075428
EE,2026-07-21,2026-07-22,D,rested,39.490002,2026-08-07,stop,-0.067171
EE,2026-07-21,2026-07-22,G,crossed,39.480000,2026-08-07,stop,-0.067188
EE,2026-07-21,2026-07-22,M,crossed,39.480000,2026-08-07,stop,-0.067188
EE,2026-07-21,2026-07-22,J,crossed,39.480000,2026-08-07,stop,-0.067188
SDCI,2026-07-22,2026-07-23,D,missed,,,,0.0
SDCI,2026-07-22,2026-07-23,G,missed,,,,0.0
SDCI,2026-07-22,2026-07-23,M,crossed,29.310000,2026-07-27,stop,-0.02444
SDCI,2026-07-22,2026-07-23,J,missed,,,,0.0
IHAK,2026-07-23,2026-07-24,D,missed,,,,0.0
IHAK,2026-07-23,2026-07-24,G,missed,,,,0.0
IHAK,2026-07-23,2026-07-24,M,crossed,59.270000,2026-08-04,target,0.059541
IHAK,2026-07-23,2026-07-24,J,missed,,,,0.0
BTSG,2026-07-24,2026-07-27,D,rested,72.910004,2026-07-31,stop,-0.071922
BTSG,2026-07-24,2026-07-27,G,missed,,,,0.0
BTSG,2026-07-24,2026-07-27,M,crossed,72.920000,2026-07-31,stop,-0.071912
BTSG,2026-07-24,2026-07-27,J,rested,72.910004,2026-07-31,stop,-0.071922
FRO,2026-07-24,2026-07-27,D,marketable,38.37534426229508196721311477,2026-08-17,target,0.082064
FRO,2026-07-24,2026-07-27,G,crossed,38.270000,2026-08-14,target,0.082292
FRO,2026-07-24,2026-07-27,M,crossed,38.270000,2026-08-14,target,0.082292
FRO,2026-07-24,2026-07-27,J,crossed,38.270000,2026-08-14,target,0.082292
SOXX,2026-07-27,2026-07-28,D,marketable,496.1898698472821050086634164,2026-08-13,target,0.121923
SOXX,2026-07-27,2026-07-28,G,crossed,495.910000,2026-08-13,target,0.121992
SOXX,2026-07-27,2026-07-28,M,crossed,495.910000,2026-08-13,target,0.121992
SOXX,2026-07-27,2026-07-28,J,crossed,495.910000,2026-08-13,target,0.121992
EMEQ,2026-07-31,2026-08-03,D,marketable,61.74014787130321741956451090,2026-08-17,target,0.086433
EMEQ,2026-07-31,2026-08-03,G,crossed,61.670000,2026-08-17,target,0.086533
EMEQ,2026-07-31,2026-08-03,M,crossed,61.670000,2026-08-17,target,0.086533
EMEQ,2026-07-31,2026-08-03,J,crossed,61.670000,2026-08-17,target,0.086533
BEN,2026-08-03,2026-08-04,D,rested,35.240002,2026-09-01,stop,-0.057416
BEN,2026-08-03,2026-08-04,G,missed,,,,0.0
BEN,2026-08-03,2026-08-04,M,crossed,35.310000,2026-08-12,stop,-0.057302
BEN,2026-08-03,2026-08-04,J,rested,35.240002,2026-09-01,stop,-0.057416
FTNT,2026-08-05,2026-08-06,D,marketable,160.3438792969357598382330067,2026-09-03,time,-0.025181
FTNT,2026-08-05,2026-08-06,G,crossed,160.070000,2026-09-03,time,-0.023513
FTNT,2026-08-05,2026-08-06,M,crossed,160.070000,2026-09-03,time,-0.023513
FTNT,2026-08-05,2026-08-06,J,crossed,160.070000,2026-09-03,time,-0.023513
AXTI,2026-08-10,2026-08-11,D,rested,73.809998,2026-08-17,target,0.302434
AXTI,2026-08-10,2026-08-11,G,missed,,,,0.0
AXTI,2026-08-10,2026-08-11,M,crossed,75.000000,2026-08-17,target,0.297628
AXTI,2026-08-10,2026-08-11,J,rested,73.809998,2026-08-17,target,0.302434
LILAK,2026-08-11,2026-08-12,D,marketable,8.404632569077013521457965905,2026-09-10,time,0.032159
LILAK,2026-08-11,2026-08-12,G,crossed,8.380000,2026-09-10,time,0.035193
LILAK,2026-08-11,2026-08-12,M,crossed,8.380000,2026-09-10,time,0.035193
LILAK,2026-08-11,2026-08-12,J,crossed,8.380000,2026-09-10,time,0.035193
MSBI,2026-08-11,2026-08-12,D,missed,,,,0.0
MSBI,2026-08-11,2026-08-12,G,missed,,,,0.0
MSBI,2026-08-11,2026-08-12,M,crossed,33.490000,2026-09-10,end_of_data,-0.00671
MSBI,2026-08-11,2026-08-12,J,missed,,,,0.0
CORT,2026-08-13,2026-08-14,D,rested,110.510002,2026-08-19,target,0.086352
CORT,2026-08-13,2026-08-14,G,missed,,,,0.0
CORT,2026-08-13,2026-08-14,M,crossed,110.610000,2026-08-19,target,0.086272
CORT,2026-08-13,2026-08-14,J,rested,110.510002,2026-08-19,target,0.086352
MITK,2026-08-14,2026-08-17,D,marketable,19.38029121164846593863754550,2026-09-09,stop,-0.102033
MITK,2026-08-14,2026-08-17,G,crossed,19.300000,2026-09-09,stop,-0.102454
MITK,2026-08-14,2026-08-17,M,crossed,19.300000,2026-09-09,stop,-0.102454
MITK,2026-08-14,2026-08-17,J,crossed,19.300000,2026-09-09,stop,-0.102454
BSTZ,2026-08-17,2026-08-18,D,marketable,31.42908016608112424145640370,2026-09-11,end_of_data,-0.013492
BSTZ,2026-08-17,2026-08-18,G,crossed,31.190000,2026-09-11,end_of_data,-0.00593
BSTZ,2026-08-17,2026-08-18,M,crossed,31.190000,2026-09-11,end_of_data,-0.00593
BSTZ,2026-08-17,2026-08-18,J,crossed,31.190000,2026-09-11,end_of_data,-0.00593
DDS,2026-08-17,2026-08-18,D,rested,579.679993,2026-08-24,target,0.093608
DDS,2026-08-17,2026-08-18,G,crossed,573.730000,2026-08-24,target,0.094622
DDS,2026-08-17,2026-08-18,M,crossed,573.730000,2026-08-24,target,0.094622
DDS,2026-08-17,2026-08-18,J,crossed,573.730000,2026-08-24,target,0.094622
