instrument_id,signal_date,session_date,exit,entry_price,stop_price,exit_date,exit_price,exit_reason,per_dollar,excess_over_spy,levered,pullback,spy_above_200
UNH,2018-09-11,2018-09-12,base,262.8013480065,256.2028487011833552595478408,2018-09-24,269.1735514400747187588701794,target,0.024247,0.017676,False,True,True
UNH,2018-09-11,2018-09-12,wide,262.8013480065,249.6043493958667105190956816,2018-12-07,269.0454030035,time,0.02376,0.112131,False,True,True
FN,2018-09-14,2018-09-17,base,45.8929339995,43.33626067093464244330603059,2018-10-10,43.29985821197105734365365352,stop,-0.056503,-0.018347,False,True,True
FN,2018-09-14,2018-09-17,wide,45.8929339995,40.77958734236928488661206118,2018-12-12,49.1554100000,time,0.071089,0.153622,False,True,True
LLY,2018-09-14,2018-09-17,base,105.7628539995,102.9812916138764399051078209,2018-10-03,108.4532390753600563044124697,target,0.025438,0.017212,False,False,True
LLY,2018-09-14,2018-09-17,wide,105.7628539995,100.1997292282528798102156418,2018-12-12,114.2828260020,time,0.080557,0.16309,False,False,True
RMD,2018-09-14,2018-09-17,base,112.8163820010,109.9050768440645327397289611,2018-09-26,115.6304759007228014677724112,target,0.024944,0.023078,False,False,True
RMD,2018-09-14,2018-09-17,wide,112.8163820010,106.9937716871290654794579223,2018-10-08,106.9038969189118770644551776,stop,-0.052408,-0.047155,False,False,True
OMCL,2018-10-04,2018-10-05,base,67.5037360005,64.06394074141537632711072497,2018-10-10,64.01012703119258741099595196,stop,-0.051754,-0.018678,False,True,True
OMCL,2018-10-04,2018-10-05,wide,67.5037360005,60.62414548233075265422144995,2018-10-23,60.57322120012559482199190393,stop,-0.102669,-0.053297,False,True,True
TPB,2018-10-04,2018-10-05,base,39.1995900000,36.14731344810551620408936323,2018-10-08,42.21637498399089242952207184,target,0.07696,0.07696,False,True,True
TPB,2018-10-04,2018-10-05,wide,39.1995900000,33.09503689621103240817872646,2018-11-14,33.06723706521821514095585633,stop,-0.156439,-0.09522,False,True,True
INTU,2018-10-05,2018-10-08,base,217.4486659980,208.8325034335812171056003110,2018-10-10,208.6570841306970088832316067,stop,-0.040431,-0.007354,False,True,True
INTU,2018-10-05,2018-10-08,wide,217.4486659980,200.2163408691624342112006220,2018-10-11,200.0481591428323377664632135,stop,-0.080021,-0.025647,False,True,True
ICLR,2018-10-10,2018-10-11,base,140.8403890020,133.1879827516119375652612319,2018-10-16,148.3680613043760564622935875,target,0.053448,0.02321,False,True,True
ICLR,2018-10-10,2018-10-11,wide,140.8403890020,125.5355765012238751305224638,2018-10-25,125.4301266169628470754128249,stop,-0.109416,-0.101737,False,True,True
NBIX,2018-10-10,2018-10-11,base,108.1140279990,99.71935940646309713604741274,2018-11-08,108.2558430010,time,0.001312,-0.029294,False,True,True
NBIX,2018-10-10,2018-10-11,wide,108.1140279990,91.32469081392619427209482548,2018-11-14,91.24797807364249626890626583,stop,-0.156002,-0.148764,False,True,True
CNC,2018-10-11,2018-10-12,base,70.4452090020,68.15346073296645105202781304,2018-10-16,72.67585822692588076685589032,target,0.031665,0.015539,False,True,False
CNC,2018-10-11,2018-10-12,wide,70.4452090020,65.86171246393290210405562608,2018-10-23,65.80638862546319846628821935,stop,-0.06585,-0.05737,False,True,False
BKD,2018-10-15,2018-10-16,base,8.6843400000,7.971786535394509156366092044,2018-11-01,9.389000074095222231325255473,target,0.081141,0.105713,False,True,False
BKD,2018-10-15,2018-10-16,wide,8.6843400000,7.259233070789018312732184088,2018-12-20,7.253135315009555537349489053,stop,-0.164803,-0.046294,False,True,False
ENSG,2018-10-15,2018-10-16,base,36.5477337345,34.51999510261558945729736030,2018-10-25,34.49099830672939236215323052,stop,-0.056275,-0.019471,False,False,False
ENSG,2018-10-15,2018-10-16,wide,36.5477337345,32.49225647073117891459472060,2019-01-14,37.5583864125,time,0.027653,0.109679,False,False,False
INTU,2018-10-22,2018-10-23,base,208.9744299975,196.9131758369432060946784603,2018-10-29,196.7477687692401738015589304,stop,-0.058508,-0.022873,False,True,False
INTU,2018-10-22,2018-10-23,wide,208.9744299975,184.8519216763864121893569206,2018-12-24,184.6966460621782476031178608,stop,-0.116176,0.02735,False,True,False
CSCO,2018-10-23,2018-10-24,base,44.0920350000,42.02798686236910564252348909,2018-10-31,46.11731202779528440621623064,target,0.045933,0.025919,False,True,False
CSCO,2018-10-23,2018-10-24,wide,44.0920350000,39.96393872473821128504697817,2019-01-23,45.4372690005,time,0.03051,0.037709,False,True,False
CDXS,2018-10-29,2018-10-30,base,15.2476200000,13.62898694458455317999832877,2018-11-07,16.85208540284889784467286983,target,0.105227,0.055782,False,True,False
CDXS,2018-10-29,2018-10-30,wide,15.2476200000,12.01035388916910635999665753,2019-01-29,16.9815050000,time,0.113715,0.129998,False,True,False
FTC,2018-10-31,2018-11-01,base,63.2416039995,60.31600446992242290391063240,2018-11-20,59.03599520756,stop_gap,-0.066501,-0.032169,False,True,False
FTC,2018-10-31,2018-11-01,wide,63.2416039995,57.39040494034484580782126480,2018-12-18,57.34219700019495613734269494,stop,-0.093284,-0.0259,False,True,False
XRT,2018-11-02,2018-11-05,base,48.5442600000,46.33350159730495704197566423,2018-11-15,46.29458145596322087806040467,stop,-0.046343,-0.044989,False,False,False
XRT,2018-11-02,2018-11-05,wide,48.5442600000,44.12274319460991408395132845,2018-11-20,43.79383020378,stop_gap,-0.097858,-0.06395,False,False,False
ABR,2018-11-06,2018-11-07,base,12.1360650000,11.66322330351043102332496649,2018-11-12,12.59831521486451773873462648,target,0.038089,0.068123,False,False,False
ABR,2018-11-06,2018-11-07,wide,12.1360650000,11.19038160702086204664993298,2018-12-17,11.18098168647096452253074704,stop,-0.078698,0.01258,False,False,False
CNC,2018-11-21,2018-11-23,base,68.1290485005,63.77040755505835206499722934,2018-12-03,72.42679978680705695073736833,target,0.063083,0.002114,False,True,False
CNC,2018-11-21,2018-11-23,wide,68.1290485005,59.41176660961670412999445868,2018-12-17,59.36186072566462609852526333,stop,-0.128685,-0.098714,False,True,False
GBCI,2018-11-26,2018-11-27,base,46.2331039995,44.03224207715841597506808957,2018-12-06,43.79383020378,stop_gap,-0.05276,-0.058125,False,False,False
GBCI,2018-11-26,2018-11-27,wide,46.2331039995,41.83138015481683195013617914,2018-12-17,41.79624179548678581129806475,stop,-0.095967,-0.047383,False,False,False
BFAM,2018-12-06,2018-12-07,base,116.3181320010,110.9171142790913002356191788,2018-12-17,110.8239439030968635434212587,stop,-0.047234,-0.016085,False,False,False
BFAM,2018-12-06,2018-12-07,wide,116.3181320010,105.5160965571826004712383576,2018-12-24,105.4274630360745670868425174,stop,-0.093628,0.017272,False,False,False
ORLY,2018-12-11,2018-12-12,base,23.5871206665,22.20410363581495857076569593,2018-12-20,22.18545218876087400556625275,stop,-0.059425,0.009474,False,True,False
ORLY,2018-12-11,2018-12-12,wide,23.5871206665,20.82108660512991714153139186,2019-03-12,24.3551483340,time,0.032561,-0.02029,False,True,False
MMSI,2018-12-17,2018-12-18,base,53.5767739995,49.34024496354166337117153960,2019-01-17,52.5936890005,time,-0.018349,-0.049241,False,True,False
MMSI,2018-12-17,2018-12-18,wide,53.5767739995,45.10371592758332674234307921,2019-03-18,60.1599040005,time,0.122873,0.016044,False,True,False
XLV,2019-01-24,2019-01-25,base,88.9644579990,85.79972232763769397798415620,2019-02-15,92.05180514767920168495735049,target,0.034703,-0.008904,False,False,False
XLV,2019-01-24,2019-01-25,wide,88.9644579990,82.63498665627538795596831240,2019-04-23,87.2863369990,time,-0.018863,-0.120827,False,False,False
ABT,2019-01-29,2019-01-30,base,71.7158400000,68.24869510442575143520767957,2019-02-12,75.11983118826196619599789488,target,0.047465,0.023098,False,True,False
ABT,2019-01-29,2019-01-30,wide,71.7158400000,64.78155020885150287041535914,2019-04-26,78.5207180010,time,0.094887,-0.001645,False,True,False
NWN,2019-01-29,2019-01-30,base,61.6808270010,59.03996736122809537061487062,2019-02-19,64.26765642399365622949644587,target,0.041939,0.003558,False,False,False
NWN,2019-01-29,2019-01-30,wide,61.6808270010,56.39910772145619074122974125,2019-04-26,66.9165220015,time,0.084884,-0.011648,False,False,False
HCA,2019-01-30,2019-01-31,base,139.4997079965,132.9140288074300309868217760,2019-03-01,138.4007659995,time,-0.007878,-0.04674,False,False,False
HCA,2019-01-30,2019-01-31,wide,139.4997079965,126.3283496183600619736435521,2019-03-08,125.03557419244,stop_gap,-0.103686,-0.120468,False,False,False
TT,2019-02-05,2019-02-06,base,78.2780644725,74.88799168714598988465738265,2019-02-19,81.59953602255741274684572955,target,0.042432,0.023696,False,False,False
TT,2019-02-05,2019-02-06,wide,78.2780644725,71.49791890179197976931476531,2019-05-03,96.6855350490,time,0.235155,0.157095,False,False,False
AU,2019-02-07,2019-02-08,base,13.5067500000,12.58695808501674632279002259,2019-02-19,14.41442361977466774412112103,target,0.067201,0.039916,False,False,False
AU,2019-02-07,2019-02-08,wide,13.5067500000,11.66716617003349264558004518,2019-05-01,11.65736575045066451175775794,stop,-0.136923,-0.215823,False,False,False
ERIE,2019-02-08,2019-02-11,base,158.3291250000,151.5931081522313224375471298,2019-02-15,164.9264871286165518733004098,target,0.041669,0.016726,False,False,False
ERIE,2019-02-08,2019-02-11,wide,158.3291250000,144.8570913044626448750942595,2019-05-08,197.9809619990,time,0.250439,0.187953,False,False,False
UFPI,2019-02-12,2019-02-13,base,31.7158510005,30.10326435734399520313471788,2019-02-21,33.30044175603533375283591528,target,0.049962,0.041125,False,False,True
UFPI,2019-02-12,2019-02-13,wide,31.7158510005,28.49067771418799040626943576,2019-05-10,37.2913459995,time,0.175795,0.128121,False,False,True
ESNT,2019-02-14,2019-02-15,base,44.4121939995,42.50139003144679731672122563,2019-03-07,42.46568886382038200697517980,stop,-0.043828,-0.03532,False,False,True
ESNT,2019-02-14,2019-02-15,wide,44.4121939995,40.59058606339359463344245127,2019-05-14,46.7366180010,time,0.052338,0.030598,False,False,True
CHH,2019-02-20,2019-02-21,base,80.7303470010,77.66785674292950743164461792,2019-03-08,77.60261574326544664540203644,stop,-0.038743,-0.028073,False,False,True
CHH,2019-02-20,2019-02-21,wide,80.7303470010,74.60536648485901486328923585,2019-05-17,84.0279650000,time,0.040847,0.010496,False,False,True
HCSG,2019-02-20,2019-02-21,base,40.3401600000,37.61902091786173906454111708,2019-02-27,37.58742094029073520372690254,stop,-0.068238,-0.074654,False,True,True
HCSG,2019-02-20,2019-02-21,wide,40.3401600000,34.89788183572347812908223416,2019-03-04,34.86856761498147040745380508,stop,-0.135636,-0.142773,False,True,True
KRC,2019-02-26,2019-02-27,base,74.4071880015,71.97597736510974860398653911,2019-03-22,76.77385438303442358484080958,target,0.031807,0.031628,False,False,True
KRC,2019-02-26,2019-02-27,wide,74.4071880015,69.54476672871949720797307822,2019-05-23,75.0624480010,time,0.008806,-0.001724,False,False,True
IHI,2019-03-01,2019-03-04,base,37.9906538340,37.03282736636968905058433017,2019-03-07,37.00171979138193851178183933,stop,-0.026031,-0.010319,False,False,True
IHI,2019-03-01,2019-03-04,wide,37.9906538340,36.07500089873937810116866035,2019-04-17,36.04469789798443702356367868,stop,-0.051222,-0.087192,False,False,True
ALG,2019-03-06,2019-03-07,base,96.4882220010,91.96322995155557198294602916,2019-03-21,100.9283629506420546975196455,target,0.046017,0.010673,False,False,True
ALG,2019-03-06,2019-03-07,wide,96.4882220010,87.43823790211114396589205832,2019-06-03,94.7725900000,time,-0.017781,-0.016181,False,False,True
OHI,2019-03-06,2019-03-07,base,36.0180000000,34.46821053765879791723687253,2019-03-26,37.53623251919283547301360644,target,0.042152,0.019935,False,True,True
OHI,2019-03-06,2019-03-07,wide,36.0180000000,32.91842107531759583447374506,2019-06-03,35.4322759995,time,-0.016262,-0.014662,False,True,True
TX,2019-03-13,2019-03-14,base,28.1640750000,26.52128029273748191352164794,2019-04-11,27.3163350000,time,-0.0301,-0.055175,False,True,True
TX,2019-03-13,2019-03-14,wide,28.1640750000,24.87848558547496382704329589,2019-04-26,24.85758765758316485742857952,stop,-0.117401,-0.16097,False,True,True
VALE,2019-03-13,2019-03-14,base,13.1565750000,12.33526284983428309029676796,2019-03-19,13.96614572495957770749908133,target,0.061534,0.057123,False,False,True
VALE,2019-03-13,2019-03-14,wide,13.1565750000,11.51395069966856618059353592,2019-05-16,11.50427898108084458500183735,stop,-0.125587,-0.148848,False,False,True
NXST,2019-03-19,2019-03-20,base,105.5927710005,101.2105708899027422937243580,2019-03-28,109.8825921353639360098023705,target,0.040626,0.04361,False,False,True
NXST,2019-03-19,2019-03-20,wide,105.5927710005,96.82837077930548458744871600,2019-06-14,99.2303590005,time,-0.060254,-0.087638,False,False,True
FREL,2019-03-25,2019-03-26,base,25.8128989995,25.21701683796916578955649870,2019-04-22,25.19583454382527169029327124,stop,-0.023905,-0.056454,False,False,True
FREL,2019-03-25,2019-03-26,wide,25.8128989995,24.62113467643833157911299741,2019-06-20,27.3363250000,time,0.059018,0.006585,False,False,True
BAND,2019-03-26,2019-03-27,base,65.5327500000,59.92157763769677404695064289,2019-04-10,71.08416146751889124324879565,target,0.084712,0.053816,False,False,True
BAND,2019-03-26,2019-03-27,wide,65.5327500000,54.31040527539354809390128579,2019-06-21,75.2223719990,time,0.147859,0.096545,False,False,True
AD,2019-03-29,2019-04-01,base,46.4532150000,44.02921166708571921324410271,2019-04-22,48.83616146951463279089502234,target,0.051298,0.035764,False,True,True
AD,2019-03-29,2019-04-01,wide,46.4532150000,41.60520833417143842648820542,2019-06-26,43.5781980010,time,-0.061891,-0.078124,False,True,True
FCPT,2019-03-29,2019-04-01,base,29.3446650000,28.38303151465367462721502889,2019-04-16,28.35918976818136554052816827,stop,-0.033583,-0.048732,False,False,True
FCPT,2019-03-29,2019-04-01,wide,29.3446650000,27.42139802930734925443005778,2019-04-17,27.39836405496273108105633653,stop,-0.066326,-0.078991,False,False,True
NOBL,2019-04-04,2019-04-05,base,34.3421635005,33.75181565324310283390240759,2019-05-06,34.2278765005,time,-0.003328,-0.018056,False,False,True
NOBL,2019-04-04,2019-04-05,wide,34.3421635005,33.16146780598620566780481518,2019-05-13,33.13361217302917725504385914,stop,-0.035191,-0.008473,False,False,True
ADC,2019-04-05,2019-04-08,base,67.9639650000,65.75512671207143166348052538,2019-04-17,65.46161520378,stop_gap,-0.036819,-0.039104,False,False,True
ADC,2019-04-05,2019-04-08,wide,67.9639650000,63.54628842414286332696105076,2019-04-22,63.49290954186658332176640348,stop,-0.065786,-0.07091,False,False,True
BKF,2019-04-05,2019-04-08,base,44.2621220010,43.20837584661295574350098083,2019-04-25,42.89723419622,stop_gap,-0.030836,-0.042125,False,False,True
BKF,2019-04-05,2019-04-08,wide,44.2621220010,42.15462969222591148700196166,2019-05-07,42.11921980328444172135288001,stop,-0.048414,-0.045436,False,False,True
MTSI,2019-04-05,2019-04-08,base,17.9489710005,16.55519657186179246255351493,2019-04-11,16.54129020674142855688496998,stop,-0.078427,-0.076418,False,True,True
MTSI,2019-04-05,2019-04-08,wide,17.9489710005,15.16142214322358492510702986,2019-04-24,15.04292200000,stop_gap,-0.161906,-0.173818,False,True,True
UDR,2019-04-10,2019-04-11,base,45.5027400000,44.38342286809244445971920816,2019-04-16,44.34614079288324680637304403,stop,-0.025418,-0.032184,False,False,True
UDR,2019-04-10,2019-04-11,wide,45.5027400000,43.26410573618488891943841631,2019-04-22,43.22776388736649361274608804,stop,-0.049996,-0.057144,False,False,True
EPP,2019-04-23,2019-04-24,base,46.7633720010,46.10315333139614809137942783,2019-05-06,45.77630999622,stop_gap,-0.021108,-0.023127,False,False,True
EPP,2019-04-23,2019-04-24,wide,46.7633720010,45.44293466179229618275885567,2019-05-09,45.17857500756,stop_gap,-0.03389,-0.014829,False,False,True
HON,2019-04-29,2019-04-30,base,171.7140341100,167.5488216217282063237741638,2019-05-07,167.4080806115659546304621935,stop,-0.025076,-0.004363,False,False,True
HON,2019-04-29,2019-04-30,wide,171.7140341100,163.3836091334564126475483276,2019-05-28,163.2463669017843092609243870,stop,-0.049313,-0.002139,False,False,True
SOXL,2019-04-30,2019-05-01,base,12.2354476665,11.05490789832630682380760529,2019-05-07,11.04562177569171272607560690,stop,-0.097244,-0.083948,True,False,True
SOXL,2019-04-30,2019-05-01,wide,12.2354476665,9.874368130152613647615210572,2019-05-13,9.62614211874,stop_gap,-0.213258,-0.175733,True,False,True
CBRE,2019-05-02,2019-05-03,base,51.8359060005,50.18372912296785170386456699,2019-05-07,50.14157479050455870843332075,stop,-0.032686,-0.01194,False,False,True
CBRE,2019-05-02,2019-05-03,wide,51.8359060005,48.53155224543570340772913399,2019-05-09,48.49078574154953741686664152,stop,-0.064533,-0.039467,False,False,True
AOS,2019-05-03,2019-05-06,base,51.9059410005,49.94852136216203358706774381,2019-05-09,49.68149040378,stop_gap,-0.042855,-0.021819,False,True,True
AOS,2019-05-03,2019-05-06,wide,51.9059410005,47.99110172382406717413548762,2019-05-13,47.95078919837605495770921381,stop,-0.076198,-0.035354,False,True,True
PCAR,2019-05-03,2019-05-06,base,46.3098103335,44.70270539113943293246362818,2019-05-13,44.66515511861087580880035873,stop,-0.035514,0.00533,False,False,True
PCAR,2019-05-03,2019-05-06,wide,46.3098103335,43.09560044877886586492725636,2019-07-31,46.7366180010,time,0.009216,-0.006527,False,False,True
SLF,2019-05-10,2019-05-13,base,39.0895350000,37.89992667138181941393930000,2019-05-21,40.24530884822214131436840901,target,0.029567,0.00945,False,True,True
SLF,2019-05-10,2019-05-13,wide,39.0895350000,36.71031834276363882787860000,2019-08-07,39.6101859995,time,0.013319,-0.011996,False,True,True
TNL,2019-05-10,2019-05-13,base,42.2010900000,40.19696861789823300620074817,2019-05-16,44.16807900454080150952446046,target,0.04661,0.022256,False,False,True
TNL,2019-05-10,2019-05-13,wide,42.2010900000,38.19284723579646601240149634,2019-08-07,39.2703559995,time,-0.069447,-0.094762,False,False,True
HEI.A,2019-05-16,2019-05-17,base,86.8333960005,82.68137245966675520465711037,2019-05-29,90.90899178891852486971480160,target,0.046936,0.073419,False,True,True
HEI.A,2019-05-16,2019-05-17,wide,86.8333960005,78.52934891883351040931422074,2019-08-13,109.4952279985,time,0.260981,0.237506,False,True,True
ULTA,2019-05-17,2019-05-20,base,348.0639600075,330.8468898082570206294176462,2019-05-24,330.5689784208180847320889354,stop,-0.050264,-0.046143,False,True,True
ULTA,2019-05-17,2019-05-20,wide,348.0639600075,313.6298196090140412588352924,2019-05-31,313.3663705605424694641778708,stop,-0.099687,-0.069119,False,True,True
BL,2019-05-22,2019-05-23,base,51.0655210005,47.44681022814145132278297217,2019-06-20,54.63829701816934749632816553,target,0.069965,0.021336,False,False,True
BL,2019-05-22,2019-05-23,wide,51.0655210005,43.82809945578290264556594434,2019-08-01,43.79128385224004500734366895,stop,-0.142449,-0.187462,False,False,True
RUN,2019-05-24,2019-05-28,base,15.4977450000,13.89905447906395861084826498,2019-06-17,17.08207451509845511438484756,target,0.10223,0.069319,False,True,True
RUN,2019-05-24,2019-05-28,wide,15.4977450000,12.30036395812791722169652995,2019-08-21,15.6421750000,time,0.009319,-0.034586,False,True,True
EWH,2019-05-31,2019-06-03,base,24.6123000000,23.98247477457225210737127650,2019-06-07,25.22092184023838858439891537,target,0.024728,-0.02291,False,True,False
EWH,2019-05-31,2019-06-03,wide,24.6123000000,23.35264954914450421474255299,2019-08-05,23.33303332352322283120216925,stop,-0.051977,-0.085666,False,True,False
FIVN,2019-06-14,2019-06-17,base,52.8464100000,49.01762627308832759605504019,2019-06-26,48.97645146701893340087435396,stop,-0.07323,-0.077032,False,False,True
FIVN,2019-06-14,2019-06-17,wide,52.8464100000,45.18884254617665519211008039,2019-09-11,55.6021859995,time,0.052147,0.014548,False,False,True
MTG,2019-06-17,2019-06-18,base,13.8369150000,13.26588499596812126049990616,2019-06-25,13.25474165257150803864108624,stop,-0.042074,-0.036465,False,True,True
MTG,2019-06-17,2019-06-18,wide,13.8369150000,12.69485499193624252099981232,2019-08-01,12.68419131374301607728217248,stop,-0.083308,-0.091653,False,True,True
SHOP,2019-06-17,2019-06-18,base,30.4362105000,28.46477305639984550217536305,2019-06-19,32.38042551932753036804646425,target,0.063878,0.061621,False,False,True
SHOP,2019-06-17,2019-06-18,wide,30.4362105000,26.49333561279969100435072611,2019-09-12,35.6451665010,time,0.171143,0.14074,False,False,True
BL,2019-06-18,2019-06-19,base,52.3361560005,48.50628715786156547599673037,2019-07-02,48.46554187664896176099689312,stop,-0.073957,-0.085456,False,True,True
BL,2019-06-18,2019-06-19,wide,52.3361560005,44.67641831522313095199346075,2019-07-31,44.63889012383834352199378624,stop,-0.147074,-0.161985,False,True,True
V,2019-06-24,2019-06-25,base,171.3656389995,166.1110238639846179431097291,2019-07-03,176.4718931215419691359624831,target,0.029797,0.002146,False,False,True
V,2019-06-24,2019-06-25,wide,171.3656389995,160.8564087284692358862194583,2019-09-19,175.8720269965,time,0.026297,-0.009196,False,False,True
FIVN,2019-06-25,2019-06-26,base,49.3946839995,45.33900324296555794846387824,2019-07-09,53.40546644963937312021283142,target,0.081199,0.058064,False,True,True
FIVN,2019-06-25,2019-06-26,wide,49.3946839995,41.28332248643111589692775648,2019-09-20,58.4007850000,time,0.182329,0.155442,False,True,True
PCTY,2019-06-26,2019-06-27,base,94.7473469985,87.49809757894650925937350860,2019-07-09,101.9109192770623258084043651,target,0.075607,0.056087,False,True,True
PCTY,2019-06-26,2019-06-27,wide,94.7473469985,80.24884815939301851874701721,2019-09-23,100.3098209995,time,0.058708,0.03569,False,True,True
BLKB,2019-06-28,2019-07-01,base,82.3911729990,77.59949353149220552404156432,2019-07-26,87.10961887043592792859863059,target,0.057269,0.035791,False,False,True
BLKB,2019-06-28,2019-07-01,wide,82.3911729990,72.80781406398441104808312864,2019-09-25,91.3642989980,time,0.108909,0.10228,False,False,True
XYL,2019-07-09,2019-07-10,base,80.4301939995,77.62504923636735309583657975,2019-07-25,83.16542107807203548076392298,target,0.034007,0.029353,False,True,True
XYL,2019-07-09,2019-07-10,wide,80.4301939995,74.81990447323470619167315950,2019-08-05,74.75705575347718903847215405,stop,-0.070535,-0.021006,False,True,True
PMT,2019-07-17,2019-07-18,base,22.1210560005,21.59976986209314142647200325,2019-08-02,21.49842760000,stop_gap,-0.028146,-0.007365,False,False,True
PMT,2019-07-17,2019-07-18,wide,22.1210560005,21.07848372368628285294400650,2019-10-11,22.3588159995,time,0.010748,0.019281,False,False,True
TRMB,2019-07-24,2019-07-25,base,44.5022400000,43.06860588790747799827483130,2019-07-31,43.03242825896163571675628044,stop,-0.033028,-0.024461,False,False,True
TRMB,2019-07-24,2019-07-25,wide,44.5022400000,41.63497177581495599654966261,2019-08-01,40.68562480000,stop_gap,-0.085762,-0.068562,False,False,True
PODD,2019-07-26,2019-07-29,base,125.1725560005,119.4548823553871954901988222,2019-08-02,119.3545402542086702459870552,stop,-0.04648,-0.017156,False,False,True
PODD,2019-07-26,2019-07-29,wide,125.1725560005,113.7372087102743909803976443,2019-10-22,150.7945600025,time,0.204693,0.212821,False,False,True
ALG,2019-07-31,2019-08-01,base,109.4547020010,104.9848425970699123169697390,2019-08-06,104.8966553292883735906234844,stop,-0.041643,-0.017766,False,False,True
ALG,2019-07-31,2019-08-01,wide,109.4547020010,100.5149831931398246339394780,2019-10-25,121.4992180010,time,0.110041,0.087113,False,False,True
NOW,2019-07-31,2019-08-01,base,54.8273989995,51.67874006029528523675166220,2019-08-05,50.80921144378,stop_gap,-0.073288,-0.035912,False,True,True
NOW,2019-07-31,2019-08-01,wide,54.8273989995,48.53008112109057047350332440,2019-10-18,48.48931585294885439430558161,stop,-0.115601,-0.126217,False,True,True
LHX,2019-08-01,2019-08-02,base,204.5222079990,194.8231589452425434880337553,2019-08-08,214.0413111968331402484961931,target,0.046543,0.043126,False,False,True
LHX,2019-08-01,2019-08-02,wide,204.5222079990,185.1241098914850869760675106,2019-10-28,200.4897010020,time,-0.019717,-0.056215,False,False,True
QCOM,2019-08-02,2019-08-05,base,68.8344030015,64.65900949020130107277878997,2019-08-16,72.94846828372794802012234421,target,0.059768,0.042045,False,True,True
QCOM,2019-08-02,2019-08-05,wide,68.8344030015,60.48361597890260214555757994,2019-10-29,81.6191739980,time,0.185732,0.117414,False,True,True
BNO,2019-08-06,2019-08-07,base,17.0585239995,16.10762874603384899646375564,2019-08-13,17.99429134079365943669327391,target,0.054856,0.038952,False,True,True
BNO,2019-08-06,2019-08-07,wide,17.0585239995,15.15673349256769799292751128,2019-10-31,18.2808559995,time,0.071655,0.018316,False,True,True
FIS,2019-08-07,2019-08-08,base,136.4581939995,129.8264728875217486655769471,2019-09-06,137.6011630010,time,0.008376,-0.006712,False,False,True
FIS,2019-08-07,2019-08-08,wide,136.4581939995,123.1947517755434973311538942,2019-11-01,134.0829190030,time,-0.017407,-0.060047,False,False,True
SMPL,2019-08-08,2019-08-09,base,26.2631250000,24.79307427857864545885959472,2019-08-13,27.70987985381536060332584734,target,0.055087,0.051898,False,True,True
SMPL,2019-08-08,2019-08-09,wide,26.2631250000,23.32302355715729091771918944,2019-10-29,23.30343221736927879334830532,stop,-0.112694,-0.152437,False,True,True
CWEN,2019-08-09,2019-08-12,base,17.3486700000,16.54526605558066023833071551,2019-09-10,17.9410259995,time,0.034144,-0.000778,False,True,True
CWEN,2019-08-09,2019-08-12,wide,17.3486700000,15.74186211116132047666143103,2019-11-05,18.9305309995,time,0.091181,0.025363,False,True,True
SMG,2019-08-09,2019-08-12,base,109.5847639995,104.9296117825715894379296127,2019-08-23,104.8414709086742293028017518,stop,-0.043284,-0.032106,False,False,True
SMG,2019-08-09,2019-08-12,wide,109.5847639995,100.2744595656431788758592255,2019-09-19,100.1902290196080386056035038,stop,-0.085728,-0.130891,False,False,True
BX,2019-08-13,2019-08-14,base,45.8729229990,43.02354341293221819142249708,2019-08-20,48.68137585089632487185829782,target,0.061222,0.039419,False,False,True
BX,2019-08-13,2019-08-14,wide,45.8729229990,40.17416382686443638284499416,2019-11-07,51.3743019990,time,0.119926,0.034403,False,False,True
EGHT,2019-08-14,2019-08-15,base,24.8123989995,23.09467810368755987490794294,2019-08-28,23.07527857408046232461302027,stop,-0.07001,-0.084906,False,True,True
EGHT,2019-08-14,2019-08-15,wide,24.8123989995,21.37695720787511974981588588,2019-09-27,21.35900056382050464922604054,stop,-0.13918,-0.176946,False,True,True
FDS,2019-08-16,2019-08-19,base,277.5687079965,264.9380220982250189460049828,2019-09-10,264.7154741596625099300903386,stop,-0.046306,-0.066147,False,True,True
FDS,2019-08-16,2019-08-19,wide,277.5687079965,252.3073361999500378920099655,2019-09-26,248.85575898866,stop_gap,-0.103444,-0.11942,False,True,True
PAGS,2019-08-20,2019-08-21,base,51.3356560005,46.31019566318078019819451483,2019-09-10,46.27129509882370834282803144,stop,-0.098652,-0.118074,False,False,True
PAGS,2019-08-20,2019-08-21,wide,51.3356560005,41.28473532586156039638902966,2019-10-15,41.25005614818783668565606288,stop,-0.196464,-0.21845,False,False,True
CCOI,2019-08-21,2019-08-22,base,60.0600139995,57.06891133175081293711292591,2019-09-13,57.02097344623214225424575105,stop,-0.0506,-0.080461,False,False,True
CCOI,2019-08-21,2019-08-22,wide,60.0600139995,54.07780866400162587422585182,2019-09-16,54.03238330472386450849150210,stop,-0.10036,-0.12704,False,False,True
EFX,2019-08-28,2019-08-29,base,146.1330279990,140.8972639110359746148208720,2019-09-10,140.7789102093507043961444225,stop,-0.036639,-0.055608,False,False,True
EFX,2019-08-28,2019-08-29,wide,146.1330279990,135.6614998230719492296417440,2019-10-02,135.5475441632205687922888449,stop,-0.072437,-0.056989,False,False,True
LII,2019-09-04,2019-09-05,base,251.7758189970,239.8804415679682482774346531,2019-09-09,239.6789419970511549488816080,stop,-0.048046,-0.049322,False,True,True
LII,2019-09-04,2019-09-05,wide,251.7758189970,227.9850641389364965548693063,2019-10-03,227.7935566850597898977632161,stop,-0.095252,-0.070405,False,True,True
TRMB,2019-09-11,2019-09-12,base,38.8994410005,37.08140102018134517523369724,2019-10-02,37.05025264332439284528650093,stop,-0.047538,-0.003626,False,False,True
TRMB,2019-09-11,2019-09-12,wide,38.8994410005,35.26336103986269035046739449,2019-12-06,40.3698040005,time,0.037799,-0.007274,False,False,True
VMC,2019-09-12,2019-09-13,base,147.6537920010,141.0685767967353224956927350,2019-10-11,147.3662819990,time,-0.001947,0.014028,False,False,True
VMC,2019-09-12,2019-09-13,wide,147.6537920010,134.4833615924706449913854700,2019-11-06,132.99537000000,stop_gap,-0.099276,-0.119236,False,False,True
FIS,2019-09-17,2019-09-18,base,132.9564439995,126.8505844211109571667952549,2019-10-16,131.6941150025,time,-0.009494,-0.000527,False,True,True
FIS,2019-09-17,2019-09-18,wide,132.9564439995,120.7447248427219143335905099,2019-12-12,136.6616310020,time,0.027868,-0.02537,False,True,True
PTF,2019-09-17,2019-09-18,base,24.0787013340,22.75795520518909293366553070,2019-09-27,22.73883852281673409560125165,stop,-0.055645,-0.036715,False,True,True
PTF,2019-09-17,2019-09-18,wide,24.0787013340,21.43720907637818586733106140,2019-12-12,24.8742236665,time,0.033038,-0.0202,False,True,True
ALG,2019-09-19,2019-09-20,base,116.2080770010,108.1816101298645425393690528,2019-10-18,119.4502469990,time,0.0279,0.028939,False,False,True
ALG,2019-09-19,2019-09-20,wide,116.2080770010,100.1551432587290850787381056,2019-12-16,118.9804809995,time,0.023857,-0.047284,False,False,True
EGHT,2019-09-19,2019-09-20,base,23.4317100000,21.83019793240748869063702502,2019-09-27,21.81186056614426640013688992,stop,-0.069131,-0.059475,False,False,True
EGHT,2019-09-19,2019-09-20,wide,23.4317100000,20.22868586481497738127405004,2019-09-30,20.21169376868853280027377984,stop,-0.137421,-0.132359,False,False,True
ECHO,2019-09-25,2019-09-26,base,40.2401110005,38.32120886573143580072478010,2019-10-02,38.28901905028422139465217128,stop,-0.048486,-0.018385,False,False,True
ECHO,2019-09-25,2019-09-26,wide,40.2401110005,36.40230673096287160144956020,2019-10-04,36.37172879330886278930434257,stop,-0.096132,-0.08721,False,False,True
ADAM,2019-10-02,2019-10-03,base,24.1320610005,23.47629408339472400332675933,2019-10-21,24.76700614215448756483603515,target,0.026311,-0.006641,False,True,True
ADAM,2019-10-02,2019-10-03,wide,24.1320610005,22.82052716628944800665351866,2019-12-30,24.8675590005,time,0.030478,-0.075093,False,True,True
ADUS,2019-10-04,2019-10-07,base,81.5807710005,76.43693590652719779927834845,2019-11-01,86.65175742535344504687304536,target,0.062159,0.017598,False,False,True
ADUS,2019-10-04,2019-10-07,wide,81.5807710005,71.29310081255439559855669690,2020-01-02,95.0224650000,time,0.164765,0.056297,False,False,True
BAX,2019-10-08,2019-10-09,base,86.9434520010,83.82800508059600853470505981,2019-10-24,79.19949000000,stop_gap,-0.089069,-0.120311,False,True,True
BAX,2019-10-08,2019-10-09,wide,86.9434520010,80.71255816019201706941011963,2019-10-24,79.19949000000,stop_gap,-0.089069,-0.120311,False,True,True
CB,2019-10-10,2019-10-11,base,155.1775560030,149.9862131913080372152277420,2019-10-22,149.8602247722273384639669507,stop,-0.034266,-0.04348,False,True,True
CB,2019-10-10,2019-10-11,wide,155.1775560030,144.7948703796160744304554841,2020-01-08,152.7935600025,time,-0.015363,-0.110442,False,True,True
DG,2019-10-11,2019-10-14,base,161.2906120035,155.1646912045733569709044041,2019-11-11,156.9215000000,time,-0.027088,-0.068987,False,False,True
DG,2019-10-11,2019-10-14,wide,161.2906120035,149.0387704056467139418088083,2020-01-09,152.5037119990,time,-0.054479,-0.158212,False,False,True
SBUX,2019-10-11,2019-10-14,base,86.6633130015,83.46976377202540371707214635,2019-10-22,83.39964917045690237794980575,stop,-0.037659,-0.047999,False,True,True
SBUX,2019-10-11,2019-10-14,wide,86.6633130015,80.27621454255080743414429270,2020-01-09,90.4847340005,time,0.044095,-0.059639,False,True,True
SIRI,2019-10-23,2019-10-24,base,64.6322979990,62.52142085318214066407497838,2019-10-31,66.68711087769621233408284460,target,0.031792,0.021938,False,False,True
SIRI,2019-10-23,2019-10-24,wide,64.6322979990,60.41054370736428132814995676,2020-01-22,71.9640000000,time,0.113437,0.010331,False,False,True
ESE,2019-10-28,2019-10-29,base,83.5517570010,79.70261546322954105520990439,2019-11-25,87.32748178399789175927647193,target,0.04519,0.011682,False,False,True
ESE,2019-10-28,2019-10-29,wide,83.5517570010,75.85347392545908211041980878,2020-01-27,98.3707880010,time,0.177363,0.110446,False,False,True
CWEN,2019-10-29,2019-10-30,base,18.1590750000,17.04229809162116342756026550,2019-11-07,19.25966019277579834971888512,target,0.060608,0.047325,False,True,True
CWEN,2019-10-29,2019-10-30,wide,18.1590750000,15.92552118324232685512053099,2020-01-28,21.3293300000,time,0.174582,0.099781,False,True,True
WD,2019-10-29,2019-10-30,base,62.8614170010,60.33078081048836407843470682,2019-11-11,65.33712386683076614739117833,target,0.039384,0.025541,False,False,True
WD,2019-10-29,2019-10-30,wide,62.8614170010,57.80014461997672815686941364,2020-01-28,66.3568040005,time,0.055605,-0.019196,False,False,True
CHDN,2019-10-31,2019-11-01,base,64.5872775000,61.60339323681093063297252100,2019-11-05,61.55164638649200945124082408,stop,-0.047,-0.049908,False,True,True
CHDN,2019-10-31,2019-11-01,wide,64.5872775000,58.61950897362186126594504200,2020-01-30,73.2833400000,time,0.13464,0.064281,False,True,True
SHW,2019-11-07,2019-11-08,base,193.8802316700,186.4505644962022246120973977,2019-12-09,192.0939069990,time,-0.009214,-0.025204,False,False,True
SHW,2019-11-07,2019-11-08,wide,193.8802316700,179.0208973224044492241947954,2020-02-06,193.8696766700,time,-5.4e-05,-0.081106,False,False,True
TPR,2019-11-08,2019-11-11,base,26.6933400000,24.78275687584070684963111771,2019-12-03,24.76193936006500065587742757,stop,-0.072355,-0.076247,False,False,True
TPR,2019-11-08,2019-11-11,wide,26.6933400000,22.87217375168141369926223543,2020-02-07,27.9560140005,time,0.047303,-0.030044,False,False,True
NTRA,2019-11-11,2019-11-12,base,39.0295029990,35.45428694803392770425305767,2019-12-02,35.42450534699757920498148510,stop,-0.092366,-0.10091,False,True,True
NTRA,2019-11-11,2019-11-12,wide,39.0295029990,31.87907089706785540850611534,2020-01-03,31.85229247751431840996297020,stop,-0.183892,-0.22729,False,True,True
ABBV,2019-11-14,2019-11-15,base,88.6743119985,85.09542215161449416970549964,2019-12-16,89.3852850000,time,0.008018,-0.01671,False,False,True
ABBV,2019-11-14,2019-11-15,wide,88.6743119985,81.51653230472898833941099928,2020-01-30,81.44805841759301598920589404,stop,-0.081492,-0.132456,False,False,True
MDT,2019-11-15,2019-11-18,base,111.3056250000,107.9402912380447283457113730,2019-12-16,114.5746351565952292260990246,target,0.02937,0.005397,False,False,True
MDT,2019-11-15,2019-11-18,wide,111.3056250000,104.5749574760894566914227459,2020-02-14,117.2713369990,time,0.053598,-0.028384,False,False,True
MKTX,2019-11-19,2019-11-20,base,404.6922349950,383.1302685435435458745641384,2019-12-05,382.8084391179669692960295045,stop,-0.054075,-0.058097,False,False,True
MKTX,2019-11-19,2019-11-20,wide,404.6922349950,361.5683020920870917491282769,2020-01-13,361.2645847183297385920590091,stop,-0.10731,-0.162592,False,False,True
RDNT,2019-11-21,2019-11-22,base,18.4192050000,17.13359625684992270901399269,2019-12-02,19.68826169960583122606157906,target,0.068899,0.066712,False,False,True
RDNT,2019-11-21,2019-11-22,wide,18.4192050000,15.84798751369984541802798539,2020-02-21,23.0934475000,time,0.25377,0.181349,False,False,True
AZTA,2019-11-27,2019-11-29,base,44.7923850000,41.84609419036380337242986408,2019-12-02,41.81094347124389777759702299,stop,-0.066561,-0.058067,False,False,True
AZTA,2019-11-27,2019-11-29,wide,44.7923850000,38.89980338072760674485972816,2020-01-27,38.86712754588779555519404599,stop,-0.132283,-0.161521,False,False,True
SAIA,2019-12-02,2019-12-03,base,86.5532570010,80.48729510543144381049197337,2019-12-11,92.54141875269543860230883989,target,0.069185,0.053452,False,True,True
SAIA,2019-12-02,2019-12-03,wide,86.5532570010,74.42133320986288762098394674,2020-03-02,87.7161219990,time,0.013435,0.014921,False,True,True
YETI,2019-12-03,2019-12-04,base,31.3856860005,28.69924151851412409795151404,2019-12-05,34.04350989288058776629076523,target,0.084683,0.082885,False,True,True
YETI,2019-12-03,2019-12-04,wide,31.3856860005,26.01279703652824819590302808,2020-03-03,29.0954459995,time,-0.072971,-0.036947,False,True,True
ENTG,2019-12-11,2019-12-12,base,49.8048889995,47.51975795312135687158805593,2020-01-09,52.04626442904010506818407804,target,0.045003,0.014984,False,False,True
ENTG,2019-12-11,2019-12-12,wide,49.8048889995,45.23462690674271374317611185,2020-03-11,47.4662569990,time,-0.046956,0.08791,False,False,True
TQQQ,2019-12-16,2019-12-17,base,10.2876412500,9.759705623314858811641319775,2019-12-26,10.80649179210872566976045893,target,0.050434,0.039889,True,False,True
TQQQ,2019-12-16,2019-12-17,wide,10.2876412500,9.231769996629717623282639550,2020-02-28,8.51892627500,stop_gap,-0.171926,-0.098984,True,False,True
BLDR,2019-12-23,2019-12-24,base,25.4427150000,24.36359608876429755931735125,2020-01-08,26.49955557075026445063247533,target,0.041538,0.031514,False,True,True
BLDR,2019-12-23,2019-12-24,wide,25.4427150000,23.28447717752859511863470251,2020-02-26,23.26491821669947109873504936,stop,-0.085596,-0.055306,False,True,True
CBZ,2019-12-24,2019-12-26,base,27.2136010005,26.36029193767999686793375233,2020-01-27,26.8465709995,time,-0.013487,-0.015221,False,False,True
CBZ,2019-12-24,2019-12-26,wide,27.2136010005,25.50698287485999373586750467,2020-02-28,25.10474499622,stop_gap,-0.077493,0.005123,False,False,True
TDG,2019-12-30,2019-12-31,base,560.2800000000,537.3403317642541364886705832,2020-01-06,582.7297637144278369859799001,target,0.040069,0.034538,False,True,True
TDG,2019-12-30,2019-12-31,wide,560.2800000000,514.4006635285082729773411664,2020-03-06,513.9685669711443260280401998,stop,-0.082658,-0.006848,False,True,True
CRH,2020-01-07,2020-01-08,base,39.7098439995,38.78307455251770352146617477,2020-01-15,38.46405519622,stop_gap,-0.031372,-0.042899,False,True,True
CRH,2020-01-07,2020-01-08,wide,39.7098439995,37.85630510553540704293234954,2020-01-27,37.55749499622,stop_gap,-0.054202,-0.051274,False,True,True
INGR,2020-01-08,2020-01-09,base,90.8153819985,87.68654219783792855627316752,2020-02-07,89.8950319990,time,-0.010134,-0.027125,False,False,True
INGR,2020-01-08,2020-01-09,wide,90.8153819985,84.55770239717585711254633504,2020-02-28,82.22799979622,stop_gap,-0.094559,-0.001523,False,False,True
MKTX,2020-01-08,2020-01-09,base,371.8858620060,355.6952046523118388829530017,2020-01-27,353.73778464914,stop_gap,-0.0488,-0.039157,False,True,True
MKTX,2020-01-08,2020-01-09,wide,371.8858620060,339.5045472986236777659060034,2020-02-05,339.2193634788928338765826424,stop,-0.08784,-0.106851,False,True,True
RCL,2020-01-15,2020-01-16,base,134.1170280015,130.1441456009873209445634904,2020-01-21,130.0348245186824915949700571,stop,-0.030438,-0.031586,False,False,True
RCL,2020-01-15,2020-01-16,wide,134.1170280015,126.1712632004746418891269808,2020-01-23,126.0652793393862431899401141,stop,-0.060035,-0.062453,False,False,True
AXSM,2020-01-16,2020-01-17,base,90.3851659980,78.04130021306419238523570129,2020-02-18,92.0339619990,time,0.018242,0.003842,False,True,True
AXSM,2020-01-16,2020-01-17,wide,90.3851659980,65.69743442812838477047140258,2020-03-12,60.76942000000,stop_gap,-0.327662,-0.075093,False,True,True
FICO,2020-01-17,2020-01-21,base,407.7337639995,394.0783890355205315177872370,2020-01-31,393.7473631887306942713122957,stop,-0.034303,-0.005417,False,False,True
FICO,2020-01-17,2020-01-21,wide,407.7337639995,380.4230140715410630355744741,2020-02-27,376.67078797732,stop_gap,-0.076184,0.025808,False,False,True
VGT,2020-01-23,2020-01-24,base,32.5487672505,31.92176683318147169540196481,2020-01-27,31.63745665000,stop_gap,-0.027998,-0.011969,False,False,True
VGT,2020-01-23,2020-01-24,wide,32.5487672505,31.29476641586294339080392962,2020-02-24,31.26847881207361851835565432,stop,-0.039334,-0.02002,False,False,True
RMD,2020-01-27,2020-01-28,base,163.3816530015,158.6934769244115418062938862,2020-01-31,158.5601744037950361111765993,stop,-0.029511,-0.013725,False,False,True
RMD,2020-01-27,2020-01-28,wide,163.3816530015,154.0053008473230836125877724,2020-02-28,153.8759363946113322223531987,stop,-0.058181,0.03552,False,False,True
TAL,2020-01-28,2020-01-29,base,49.8148960005,45.88289818096226711610066083,2020-02-03,53.70174642922890118827686373,target,0.078026,0.08568,False,True,True
TAL,2020-01-28,2020-01-29,wide,49.8148960005,41.95090036142453423220132166,2020-04-24,47.3663040005,time,-0.049154,0.084488,False,True,True
ENTG,2020-01-29,2020-01-30,base,53.3566670010,50.79390848923505625046880955,2020-02-04,55.87245319533422119678158425,target,0.04715,0.042939,False,True,True
ENTG,2020-01-29,2020-01-30,wide,53.3566670010,48.23114997747011250093761910,2020-03-09,48.19063581148903760643683150,stop,-0.096821,0.066296,False,True,True
WD,2020-02-05,2020-02-06,base,76.0380000000,72.79330803235383399724127126,2020-02-11,79.21609450639334322331641141,target,0.041796,0.037964,False,False,True
WD,2020-02-05,2020-02-06,wide,76.0380000000,69.54861606470766799448254253,2020-02-25,69.49019522721331355336717719,stop,-0.086112,-0.022246,False,False,True
TDG,2020-02-07,2020-02-10,base,643.5916550100,613.8929267954421931142546352,2020-02-24,613.3772567369340216720386613,stop,-0.046947,-0.010315,False,True,True
TDG,2020-02-07,2020-02-10,wide,643.5916550100,584.1941985808843862285092703,2020-02-25,583.7034754540764433440773225,stop,-0.093053,-0.027229,False,True,True
VICR,2020-02-07,2020-02-10,base,53.1365560005,50.16158466298447701813910337,2020-02-14,56.06439365505158994255613348,target,0.0551,0.046375,False,True,True
VICR,2020-02-07,2020-02-10,wide,53.1365560005,47.18661332546895403627820674,2020-02-24,45.33797020756,stop_gap,-0.146765,-0.110133,False,True,True
TMO,2020-02-11,2020-02-12,base,334.7372920035,321.5185579694197935118379239,2020-02-24,321.2484823807254808852879800,stop,-0.040297,0.004158,False,False,True
TMO,2020-02-11,2020-02-12,wide,334.7372920035,308.2998239353395870236758478,2020-02-25,308.0408520832339017705759601,stop,-0.079753,-0.006343,False,False,True
EDU,2020-02-12,2020-02-13,base,138.9194310030,129.5194510825816155861464006,2020-02-28,129.00053278110,stop_gap,-0.0714,0.049646,False,False,True
EDU,2020-02-12,2020-02-13,wide,138.9194310030,120.1194711621632311722928013,2020-03-12,118.65976519622,stop_gap,-0.145838,0.118062,False,False,True
AYI,2020-02-14,2020-02-18,base,116.6683060005,110.8377693417320833683337762,2020-02-25,110.7446656154850284183043758,stop,-0.050773,0.020738,False,True,True
AYI,2020-02-14,2020-02-18,wide,116.6683060005,105.0072326829641667366675524,2020-02-26,104.9190266075104768366087517,stop,-0.100707,-0.02578,False,True,True
GPN,2020-02-14,2020-02-18,base,207.1735420035,199.2795125942211328319346969,2020-02-24,196.86303519622,stop_gap,-0.049767,-0.007271,False,False,True
GPN,2020-02-14,2020-02-18,wide,207.1735420035,191.3854831849422656638693938,2020-02-25,191.2247193790669141607117435,stop,-0.076983,-0.005472,False,False,True
AMD,2020-02-21,2020-02-24,base,49.1445589995,44.81700823748927633369590789,2020-02-27,44.77936195056978534157560333,stop,-0.088824,-0.011564,False,False,True
AMD,2020-02-21,2020-02-24,wide,49.1445589995,40.48945747547855266739181577,2020-03-12,40.45544633119915068315120664,stop,-0.176807,0.053669,False,False,True
PAYC,2020-02-26,2020-02-27,base,281.5006649925,258.5714185012017363239854834,2020-03-06,258.3542185096607268654733356,stop,-0.082225,-0.082057,False,True,True
PAYC,2020-02-26,2020-02-27,wide,281.5006649925,235.6421720099034726479709668,2020-03-10,235.4442325854151537309466712,stop,-0.16361,-0.133057,False,True,True
WMS,2020-02-26,2020-02-27,base,43.2616220010,40.32482531799249598705189809,2020-03-04,46.15961201231293770957722550,target,0.066988,0.015393,False,True,True
WMS,2020-02-26,2020-02-27,wide,43.2616220010,37.38802863498499197410379619,2020-03-12,37.35662269093160458084554900,stop,-0.136495,0.02955,False,True,True
XLK,2020-02-26,2020-02-27,base,43.8719229990,41.80002969379933871349361758,2020-03-02,45.90522349850513273102571706,target,0.046346,0.007423,False,True,True
XLK,2020-02-26,2020-02-27,wide,43.8719229990,39.72813638859867742698723516,2020-03-12,38.57363939622,stop_gap,-0.120767,0.045278,False,True,True
UDOW,2020-02-27,2020-02-28,base,21.9109500000,18.88334888824085384273464138,2020-03-03,24.91760272882526847449325572,target,0.137221,0.123787,True,True,False
UDOW,2020-02-27,2020-02-28,wide,21.9109500000,15.85574777648170768546928275,2020-03-11,15.84242894834946305101348855,stop,-0.276963,-0.203041,True,True,False
BBY,2020-03-02,2020-03-03,base,76.5882780015,70.99237410168716306825118911,2020-03-09,67.48394080756,stop_gap,-0.118874,-0.032243,False,True,True
BBY,2020-03-02,2020-03-03,wide,76.5882780015,65.39647020187432613650237821,2020-03-11,65.34153716690475170254771621,stop,-0.146847,-0.060649,False,True,True
APD,2020-03-03,2020-03-04,base,237.3185969985,224.9109306399584674986386635,2020-03-09,214.17734278110,stop_gap,-0.097511,0.025962,False,True,False
APD,2020-03-03,2020-03-04,wide,237.3185969985,212.5032642814169349972773269,2020-03-09,212.3247615394205447718796139,stop,-0.105318,0.018156,False,True,False
ORA,2020-03-09,2020-03-10,base,66.2931320010,60.16884470371883522826849140,2020-03-12,57.89034519622,stop_gap,-0.126752,0.013009,False,True,False
ORA,2020-03-09,2020-03-10,wide,66.2931320010,54.04455740643767045653698280,2020-06-04,69.2953369990,time,0.045287,-0.03425,False,True,False
ALLE,2020-03-18,2020-03-19,base,94.2070840020,78.31540201453963536478019070,2020-03-23,78.24961707684742207107377534,stop,-0.169387,-0.096376,False,True,False
ALLE,2020-03-18,2020-03-19,wide,94.2070840020,62.42372002707927072956038140,2020-06-15,102.5986769990,time,0.089076,-0.187586,False,True,False
ENSG,2020-03-18,2020-03-19,base,35.1675770010,28.43976105918082093387271926,2020-04-17,37.2313750000,time,0.058685,-0.133116,False,True,False
ENSG,2020-03-18,2020-03-19,wide,35.1675770010,21.71194511736164186774543852,2020-06-15,42.7686059995,time,0.216137,-0.060525,False,True,False
MA,2020-03-20,2020-03-23,base,203.4016530015,165.2697015496219525075349269,2020-03-25,241.3307162256372099325714024,target,0.186474,0.079544,False,True,False
MA,2020-03-20,2020-03-23,wide,203.4016530015,127.1377500977439050150698538,2020-06-17,303.6081299950,time,0.492653,0.094761,False,True,False
DIN,2020-03-24,2020-03-25,base,29.7648750000,16.34984177758737595084511800,2020-04-23,30.8345750000,time,0.035938,-0.094902,False,True,False
DIN,2020-03-24,2020-03-25,wide,29.7648750000,2.93480855517475190169023601,2020-06-19,42.7286250000,time,0.435539,0.184921,False,True,False
CMS,2020-03-30,2020-03-31,base,58.7793750000,49.72126760846650721562958827,2020-04-29,57.2313680010,time,-0.026336,-0.163911,False,False,False
CMS,2020-03-30,2020-03-31,wide,58.7793750000,40.66316021693301443125917654,2020-06-25,56.7416150000,time,-0.034668,-0.227102,False,False,False
IXN,2020-04-02,2020-04-03,base,29.1445639995,25.77792604080871150910639016,2020-04-07,32.48389254854640780856125921,target,0.114578,0.046324,False,True,False
IXN,2020-04-02,2020-04-03,wide,29.1445639995,22.41128808211742301821278032,2020-06-30,39.2370396660,time,0.34629,0.103855,False,True,False
GRFS,2020-04-08,2020-04-09,base,19.7798850000,17.18852848643173799588864488,2020-05-08,19.7401250000,time,-0.00201,-0.053196,False,False,False
GRFS,2020-04-08,2020-04-09,wide,19.7798850000,14.59717197286347599177728976,2020-07-07,18.6906509995,time,-0.055068,-0.182961,False,False,False
VUG,2020-04-08,2020-04-09,base,27.9706453335,25.31342457779965276896697264,2020-05-08,30.60213868168541893935895962,target,0.094081,0.042894,False,False,False
VUG,2020-04-08,2020-04-09,wide,27.9706453335,22.65620382209930553793394529,2020-07-07,34.6693246660,time,0.23949,0.111596,False,False,False
FMS,2020-04-13,2020-04-14,base,35.3376600000,32.80068988103100755583831464,2020-04-24,37.84281542966905849050858954,target,0.070892,0.073781,False,False,False
FMS,2020-04-13,2020-04-14,wide,35.3376600000,30.26371976206201511167662928,2020-07-09,42.3388209995,time,0.198122,0.090331,False,False,False
PRDO,2020-04-14,2020-04-15,base,11.3456700000,9.399591900854750286060374091,2020-04-29,13.28058303074196770417991662,target,0.170542,0.114918,False,False,False
PRDO,2020-04-14,2020-04-15,wide,11.3456700000,7.453513801709500572120748183,2020-07-10,16.1119409995,time,0.420096,0.276699,False,False,False
WTW,2020-04-14,2020-04-15,base,185.7428189970,163.2566931729944388630700057,2020-05-13,197.0714130010,time,0.060991,0.047166,False,False,False
WTW,2020-04-14,2020-04-15,wide,185.7428189970,140.7705673489888777261400114,2020-07-10,202.2288369990,time,0.088757,-0.05464,False,False,False
TCMD,2020-04-17,2020-04-20,base,49.2946350000,42.16985414479098467063445350,2020-04-29,56.37202354589063975648887944,target,0.143573,0.102308,False,False,False
TCMD,2020-04-17,2020-04-20,wide,49.2946350000,35.04507328958196934126890700,2020-07-14,35.01563542801872048702224112,stop,-0.289666,-0.422235,False,False,False
TQQQ,2020-04-17,2020-04-20,base,8.0752856250,6.474986823331887476283204979,2020-05-11,9.667456935749711309196872913,target,0.197166,0.158422,True,False,False
TQQQ,2020-04-17,2020-04-20,wide,8.0752856250,4.874688021663774952566409957,2020-07-15,14.2128900000,time,0.760048,0.617074,True,False,False
TAL,2020-04-20,2020-04-21,base,50.9854789995,45.28398701882125675110277317,2020-05-19,56.63935392455539310456815316,target,0.110892,0.041561,False,True,False
TAL,2020-04-20,2020-04-21,wide,50.9854789995,39.58249503814251350220554633,2020-07-16,72.6036790005,time,0.424007,0.249124,False,True,False
EDC,2020-04-28,2020-04-29,base,37.4987400000,31.50200644250299762862532984,2020-05-01,31.47554475709129511061728456,stop,-0.160624,-0.125086,True,False,False
EDC,2020-04-28,2020-04-29,wide,37.4987400000,25.50527288500599525725065968,2020-07-24,55.2723490005,time,0.473979,0.37961,True,False,False
PENN,2020-04-28,2020-04-29,base,18.6193060005,14.67039476373634143347329388,2020-05-04,14.65807163213480290666917631,stop,-0.212749,-0.179871,False,False,False
PENN,2020-04-28,2020-04-29,wide,18.6193060005,10.72148352697268286694658776,2020-07-24,34.7626090005,time,0.86702,0.77265,False,False,False
BKH,2020-04-30,2020-05-01,base,59.7598650000,52.33550822796032068795278552,2020-06-01,60.5597050000,time,0.013384,-0.067099,False,True,False
BKH,2020-04-30,2020-05-01,wide,59.7598650000,44.91115145592064137590557104,2020-07-28,59.8100800000,time,0.00084,-0.134879,False,True,False
PODD,2020-04-30,2020-05-01,base,194.9874439995,174.1939343121125303840616985,2020-05-07,215.5996976857904841414609133,target,0.105711,0.088419,False,False,False
PODD,2020-04-30,2020-05-01,wide,194.9874439995,153.4004246247250607681233970,2020-07-28,196.2818149975,time,0.006638,-0.129081,False,False,False
ARKK,2020-05-01,2020-05-04,base,54.3371560005,49.05972785564416109553544407,2020-05-11,59.56450789467373999978480570,target,0.096202,0.064711,False,False,False
ARKK,2020-05-01,2020-05-04,wide,54.3371560005,43.78229971078832219107088814,2020-07-29,80.0299650000,time,0.472841,0.326316,False,False,False
GEN,2020-05-01,2020-05-04,base,21.1105500000,19.35810948735564333641388094,2020-05-27,19.34184867538626459601129328,stop,-0.083783,-0.154171,False,False,False
GEN,2020-05-01,2020-05-04,wide,21.1105500000,17.60566897471128667282776187,2020-07-29,21.1694100000,time,0.002788,-0.143736,False,False,False
SSO,2020-05-06,2020-05-07,base,13.6418175000,12.17120291200474850957235763,2020-05-27,15.09973764504133547917568315,target,0.106871,0.051775,True,False,False
SSO,2020-05-06,2020-05-07,wide,13.6418175000,10.70058832400949701914471526,2020-08-03,17.6948991245,time,0.297107,0.154205,True,False,False
TQQQ,2020-05-07,2020-05-08,base,9.3534243750,8.043652694773216560662837328,2020-06-02,10.65423897054039294124811945,target,0.139074,0.085593,True,False,False
TQQQ,2020-05-07,2020-05-08,wide,9.3534243750,6.733881014546433121325674656,2020-08-04,15.6721600000,time,0.675553,0.546911,True,False,False
IUSG,2020-05-11,2020-05-12,base,65.6227909980,62.33793538291698332603288242,2020-05-26,68.84976418992802693996098520,target,0.049175,0.005884,False,False,False
IUSG,2020-05-11,2020-05-12,wide,65.6227909980,59.05307976783396665206576484,2020-08-06,79.2503559995,time,0.207665,0.041411,False,False,False
TMO,2020-05-18,2020-05-19,base,342.9513889995,321.4496668898750244971461848,2020-06-17,349.6750809970,time,0.019605,-0.047833,False,False,False
TMO,2020-05-18,2020-05-19,wide,342.9513889995,299.9479447802500489942923695,2020-08-13,416.3917059970,time,0.214142,0.060496,False,False,False
SE,2020-06-02,2020-06-03,base,88.1140350000,79.64835040309089658234966800,2020-06-15,96.49859263244769977077950572,target,0.095156,0.111589,False,False,True
SE,2020-06-02,2020-06-03,wide,88.1140350000,71.18266580618179316469933600,2020-08-27,153.0734190030,time,0.737219,0.621421,False,False,True
WGO,2020-06-02,2020-06-03,base,60.7103400000,53.63742721354933929537038970,2020-06-08,67.72631485411004214963772143,target,0.115565,0.080265,False,False,True
WGO,2020-06-02,2020-06-03,wide,60.7103400000,46.56451442709867859074077940,2020-08-27,58.9904900000,time,-0.028329,-0.144127,False,False,True
TWLO,2020-06-03,2020-06-04,base,193.1465280015,172.9496119072207146106900058,2020-06-17,213.1642356027388307895829738,target,0.10364,0.102676,False,False,True
TWLO,2020-06-03,2020-06-04,wide,193.1465280015,152.7526958129414292213800116,2020-08-28,264.3177869940,time,0.368483,0.24252,False,False,True
GSHD,2020-06-05,2020-06-08,base,68.5642639995,62.35136734976444502517216098,2020-06-24,74.71434783429019710864898364,target,0.089698,0.148826,False,False,True
GSHD,2020-06-05,2020-06-08,wide,68.5642639995,56.13847070002889005034432196,2020-09-01,110.7645900000,time,0.615486,0.52452,False,False,True
LGIH,2020-06-08,2020-06-09,base,87.2235900000,76.75349419470294562433816579,2020-07-07,97.61162310922060484998627827,target,0.119097,0.140949,False,False,True
LGIH,2020-06-08,2020-06-09,wide,87.2235900000,66.28339838940589124867633158,2020-09-02,122.8485489980,time,0.408433,0.293373,False,False,True
EFX,2020-06-19,2020-06-22,base,171.4556799975,160.6086725307034318389044212,2020-07-09,160.4737612457776409561597415,stop,-0.064051,-0.076156,False,False,True
EFX,2020-06-19,2020-06-22,wide,171.4556799975,149.7616650639068636778088423,2020-09-16,159.0404350025,time,-0.072411,-0.163197,False,False,True
ADPT,2020-06-29,2020-06-30,base,48.4041910005,44.28773034449915606121336080,2020-07-13,44.25052865100977677012194158,stop,-0.085812,-0.106826,False,False,True
ADPT,2020-06-29,2020-06-30,wide,48.4041910005,40.17126968849831212242672160,2020-07-16,40.13752582195997354024388315,stop,-0.170784,-0.211094,False,False,True
ATO,2020-07-06,2020-07-07,base,100.1200350000,94.86585324652044420675844596,2020-07-29,105.2857024114066329663752311,target,0.051595,0.015455,False,False,True
ATO,2020-07-06,2020-07-07,wide,100.1200350000,89.61167149304088841351689192,2020-09-30,95.5422010020,time,-0.045723,-0.113,False,False,True
FDIS,2020-07-14,2020-07-15,base,56.0480100000,53.32730602458553488163669396,2020-08-05,58.71934825567511696766388086,target,0.047662,0.015783,False,False,True
FDIS,2020-07-14,2020-07-15,wide,56.0480100000,50.60660204917106976327338792,2020-10-08,63.9380159995,time,0.140772,0.072635,False,False,True
LSCC,2020-07-23,2020-07-24,base,29.6348110005,27.35828011972148361985270899,2020-08-05,31.88453635409824242638796729,target,0.075915,0.040918,False,True,True
LSCC,2020-07-23,2020-07-24,wide,29.6348110005,25.08174923894296723970541797,2020-10-19,33.4432690005,time,0.128513,0.062663,False,True,True
PSLV,2020-07-29,2020-07-30,base,8.4142050000,7.889905849539208321541729279,2020-08-04,8.930995806974404613448365774,target,0.061419,0.042589,False,False,True
PSLV,2020-07-29,2020-07-30,wide,8.4142050000,7.365606699078416643083458559,2020-10-23,8.7056450000,time,0.034637,-0.032717,False,False,True
IWP,2020-07-30,2020-07-31,base,85.4927219985,82.25463788948550852770155602,2020-08-28,87.4512554985,time,0.022909,-0.050777,False,False,True
IWP,2020-07-30,2020-07-31,wide,85.4927219985,79.01655378047101705540311205,2020-10-26,90.1798855010,time,0.054825,0.01541,False,False,True
UGL,2020-08-12,2020-08-13,base,18.5792850000,17.23438619384329006119831677,2020-09-11,18.2508700000,time,-0.017676,-0.009453,True,True,True
UGL,2020-08-12,2020-08-13,wide,18.5792850000,15.88948738768658012239663354,2020-11-06,18.1933977505,time,-0.02077,-0.060345,True,True,True
PPLI,2020-08-13,2020-08-14,base,67.3914438825,62.03365336097386155478619894,2020-08-26,72.68812504712675648891982147,target,0.078596,0.046741,False,True,True
PPLI,2020-08-13,2020-08-14,wide,67.3914438825,56.67586283944772310957239787,2020-11-09,74.3287150510,time,0.10294,0.050333,False,True,True
TAN,2020-08-24,2020-08-25,base,55.1375560005,52.31913058053453057773999539,2020-09-03,52.27518251084688157205469379,stop,-0.051913,-0.055604,False,False,True
TAN,2020-08-24,2020-08-25,wide,55.1375560005,49.50070516056906115547999079,2020-09-04,49.45912456823418314410938760,stop,-0.102987,-0.098482,False,False,True
LRCX,2020-08-28,2020-08-31,base,33.6508159995,31.43964354798881568883830763,2020-09-02,35.83186438071233491634031655,target,0.064814,0.040795,False,True,True
LRCX,2020-08-28,2020-08-31,wide,33.6508159995,29.22847109647763137767661527,2020-09-11,29.20391918075659016731936691,stop,-0.132148,-0.088491,False,True,True
MTH,2020-09-03,2020-09-04,base,46.6733270010,42.65038662540303033521264633,2020-09-14,50.65368251200062821026893229,target,0.085281,0.097279,False,True,True
MTH,2020-09-03,2020-09-04,wide,46.6733270010,38.62744624980606067042529267,2020-12-01,44.3927934995,time,-0.048862,-0.117315,False,True,True
FRHC,2020-09-16,2020-09-17,base,24.2221039995,23.43390325398185027251767261,2020-09-21,24.98929608903233448171124223,target,0.031673,0.058085,False,False,True
FRHC,2020-09-16,2020-09-17,wide,24.2221039995,22.64570250846370054503534521,2020-12-11,45.4772500000,time,0.87751,0.786812,False,False,True
GMAB,2020-09-17,2020-09-18,base,38.6993400000,36.64619262263197505146475565,2020-09-23,34.31977999622,stop_gap,-0.113169,-0.088944,False,False,True
GMAB,2020-09-17,2020-09-18,wide,38.6993400000,34.59304524526395010292951130,2020-09-23,34.31977999622,stop_gap,-0.113169,-0.088944,False,False,True
ROM,2020-09-30,2020-10-01,base,29.2346089995,26.36329882020001964819270901,2020-10-12,32.07895020668978836831177287,target,0.097294,0.051631,True,False,True
ROM,2020-09-30,2020-10-01,wide,29.2346089995,23.49198864090003929638541802,2020-12-28,36.4167834995,time,0.245674,0.141443,True,False,True
FLWS,2020-10-01,2020-10-02,base,26.2531200000,23.71712948921506932851376140,2020-10-12,28.76492765795587132972219016,target,0.095677,0.039991,False,False,True
FLWS,2020-10-01,2020-10-02,wide,26.2531200000,21.18113897843013865702752280,2020-10-29,21.16334682168825734055561968,stop,-0.193873,-0.182311,False,False,True
DOYU,2020-10-07,2020-10-08,base,134.4671939970,120.2501594449330275132766360,2020-10-12,148.5593337970857562298345164,target,0.1048,0.079638,False,True,True
DOYU,2020-10-07,2020-10-08,wide,134.4671939970,106.0331248928660550265532721,2021-01-05,118.9405000000,time,-0.115468,-0.195607,False,True,True
MCHI,2020-11-12,2020-11-13,base,80.5002289995,77.13077944797942598737240448,2020-12-14,78.4907340005,time,-0.024963,-0.043281,False,False,True
MCHI,2020-11-12,2020-11-13,wide,80.5002289995,73.76132989645885197474480895,2021-02-11,96.4617469990,time,0.198279,0.107215,False,False,True
IYJ,2020-11-17,2020-11-18,base,93.2866179990,89.52040352542014810073522556,2020-12-09,96.97130809330288482366939203,target,0.039499,0.009831,False,False,True
IYJ,2020-11-17,2020-11-18,wide,93.2866179990,85.75418905184029620147045112,2021-02-17,100.7396059995,time,0.079893,-0.021459,False,False,True
FCX,2020-11-30,2020-12-01,base,23.6518189995,22.05839405916015400598549328,2020-12-04,25.22403793493038052337953453,target,0.066473,0.05601,False,False,True
FCX,2020-11-30,2020-12-01,wide,23.6518189995,20.46496911882030801197098657,2021-03-01,34.8825519990,time,0.474836,0.410468,False,False,True
BLFS,2020-12-03,2020-12-04,base,38.9094439995,35.17192176155804842056536511,2020-12-14,42.61114278580250034010790980,target,0.095136,0.109169,False,False,True
BLFS,2020-12-03,2020-12-04,wide,38.9094439995,31.43439952361609684113073021,2021-03-04,36.2618590005,time,-0.068045,-0.086566,False,False,True
GPRO,2020-12-07,2020-12-08,base,8.7543750000,7.735792909080612531058111328,2021-01-07,8.6256850000,time,-0.0147,-0.038824,False,False,True
GPRO,2020-12-07,2020-12-08,wide,8.7543750000,6.717210818161225062116222656,2021-03-08,7.9560200000,time,-0.091195,-0.122397,False,False,True
ETN,2020-12-10,2020-12-11,base,115.6577979990,110.0058199091686762540012036,2021-01-04,121.2078758769167054340521574,target,0.047987,0.041189,False,True,True
ETN,2020-12-10,2020-12-11,wide,115.6577979990,104.3538418193373525080024073,2021-03-11,139.1404019965,time,0.203035,0.128697,False,True,True
ARKG,2020-12-15,2020-12-16,base,93.3666600000,85.48780035398379763181559201,2020-12-21,101.1604734095135487581951331,target,0.083475,0.089716,False,False,True
ARKG,2020-12-15,2020-12-16,wide,93.3666600000,77.60894070796759526363118402,2021-03-16,92.2538529985,time,-0.011919,-0.081454,False,False,True
JHMM,2020-12-15,2020-12-16,base,44.5922850000,43.38416651645207426847336364,2021-01-06,45.76193114462174547391215399,target,0.02623,0.017099,False,False,True
JHMM,2020-12-15,2020-12-16,wide,44.5922850000,42.17604803290414853694672728,2021-03-16,49.2653559995,time,0.104796,0.03526,False,False,True
TMO,2020-12-16,2020-12-17,base,465.1724720010,440.9876117784010807134214246,2021-01-06,488.9462720645310961943778494,target,0.051107,0.047588,False,True,True
TMO,2020-12-16,2020-12-17,wide,465.1724720010,416.8027515558021614268428492,2021-03-17,442.3886800075,time,-0.048979,-0.116194,False,True,True
SUSA,2020-12-21,2020-12-22,base,81.3306460005,79.47567370282009923320873373,2021-01-06,83.11574237880942965014716161,target,0.021949,0.004766,False,False,True
SUSA,2020-12-21,2020-12-22,wide,81.3306460005,77.62070140514019846641746745,2021-03-22,86.9065220015,time,0.068558,-0.00047,False,False,True
NTAP,2020-12-22,2020-12-23,base,66.2030829990,62.74228278814092446670624768,2021-01-25,65.6171769990,time,-0.00885,-0.05461,False,False,True
NTAP,2020-12-22,2020-12-23,wide,66.2030829990,59.28148257728184893341249536,2021-03-05,59.23168613191693218030842886,stop,-0.105303,-0.148996,False,False,True
QQEW,2020-12-22,2020-12-23,base,99.8298889995,97.35783361316521415217797897,2021-01-08,102.2160107525506846277098505,target,0.023902,-0.013343,False,False,True
QQEW,2020-12-22,2020-12-23,wide,99.8298889995,94.88577822683042830435595794,2021-03-23,102.2088719990,time,0.02383,-0.035832,False,False,True
SIBN,2020-12-24,2020-12-28,base,29.7448650000,26.76799175452668288584125054,2021-01-26,32.69425198534711952778285611,target,0.099156,0.067934,False,False,True
SIBN,2020-12-24,2020-12-28,wide,29.7448650000,23.79111850905336577168250108,2021-03-25,30.0649600000,time,0.010761,-0.036341,False,False,True
BLFS,2020-12-30,2020-12-31,base,39.9099439995,35.31470684999283249195496849,2021-02-01,39.5702050000,time,-0.008513,-0.014798,False,True,True
BLFS,2020-12-30,2020-12-31,wide,39.9099439995,30.71946970048566498390993697,2021-03-30,35.9420190005,time,-0.099422,-0.155189,False,True,True
EVH,2021-01-04,2021-01-05,base,16.1980960005,15.06233756142812353776374549,2021-01-07,17.31929400184263608600797606,target,0.069218,0.048293,False,False,True
EVH,2021-01-04,2021-01-05,wide,16.1980960005,13.92657912235624707552749099,2021-04-01,20.6596650000,time,0.275438,0.196586,False,False,True
SSO,2021-01-05,2021-01-06,base,22.7988937500,21.81140888860411081951135239,2021-01-20,23.76639805336231663357703715,target,0.042436,0.014756,True,False,True
SSO,2021-01-05,2021-01-06,wide,22.7988937500,20.82392402720822163902270478,2021-04-05,26.8490677505,time,0.177648,0.089815,True,False,True
BLFS,2021-01-15,2021-01-19,base,41.1405589995,36.22262148290843688085441721,2021-01-27,36.19219448086279379387449950,stop,-0.120279,-0.109082,False,True,True
BLFS,2021-01-15,2021-01-19,wide,41.1405589995,31.30468396631687376170883442,2021-04-15,33.6831509995,time,-0.181267,-0.279563,False,True,True
TRMB,2021-01-19,2021-01-20,base,71.4557079990,67.19185031476443141131141276,2021-01-27,67.13540916050002928892591117,stop,-0.060461,-0.035767,False,False,True
TRMB,2021-01-19,2021-01-20,wide,71.4557079990,62.92799263052886282262282552,2021-04-16,81.9290159995,time,0.146571,0.059645,False,False,True
ESGE,2021-01-21,2021-01-22,base,45.5127470010,44.28987258371872574270727384,2021-01-27,44.25266909074840201308339973,stop,-0.027686,-0.005564,False,False,True
ESGE,2021-01-21,2021-01-22,wide,45.5127470010,43.06699816643745148541454768,2021-03-04,43.03082188797764402616679946,stop,-0.054533,-0.038392,False,False,True
JLL,2021-01-21,2021-01-22,base,159.9799439970,150.4761651880386868954794533,2021-01-27,150.3497652092807343984872506,stop,-0.060196,-0.038074,False,False,True
JLL,2021-01-21,2021-01-22,wide,159.9799439970,140.9723863790773737909589066,2021-04-20,176.2918149975,time,0.101962,0.025463,False,False,True
UPRO,2021-02-01,2021-02-02,base,40.4502150000,37.19023287407072884037699609,2021-02-10,43.67348056034349057184892059,target,0.079685,0.057329,True,True,True
UPRO,2021-02-01,2021-02-02,wide,40.4502150000,33.93025074814145768075399219,2021-04-29,53.4582584995,time,0.321582,0.220651,True,True,True
BL,2021-02-02,2021-02-03,base,137.3186250000,125.7624274110478645438013378,2021-02-08,148.7497677379774156624154553,target,0.083245,0.060566,False,False,True
BL,2021-02-02,2021-02-03,wide,137.3186250000,114.2062298220957290876026757,2021-02-23,114.1102965890451686751690895,stop,-0.169011,-0.183807,False,False,True
AEIS,2021-02-03,2021-02-04,base,113.0865139995,103.1982423304408732362516871,2021-02-22,103.1115558068833029027332357,stop,-0.088206,-0.090382,False,True,True
AEIS,2021-02-03,2021-02-04,wide,113.0865139995,93.30997066138174647250337412,2021-05-03,108.3058209995,time,-0.042275,-0.125161,False,True,True
VNET,2021-02-05,2021-02-08,base,41.8909339995,37.44834823756299820249364023,2021-02-22,37.41689162504344528400354557,stop,-0.106802,-0.097891,False,False,True
VNET,2021-02-05,2021-02-08,wide,41.8909339995,33.00576247562599640498728047,2021-03-04,32.97803763514647056800709115,stop,-0.212764,-0.1774,False,False,True
ARKF,2021-02-11,2021-02-12,base,62.5512600000,59.74452839717591880475753267,2021-02-22,59.69434299332229103296153634,stop,-0.045673,-0.031385,False,False,True
ARKF,2021-02-11,2021-02-12,wide,62.5512600000,56.93779679435183760951506534,2021-02-23,56.67495480378,stop_gap,-0.093944,-0.080853,False,False,True
PI,2021-02-11,2021-02-12,base,69.3846729990,60.99281263367149279011854497,2021-03-03,60.94157867105920873617484539,stop,-0.121685,-0.093109,False,False,True
PI,2021-02-11,2021-02-12,wide,69.3846729990,52.60095226834298558023708994,2021-03-05,52.55676746843757747234969078,stop,-0.242531,-0.219583,False,False,True
AGCO,2021-02-22,2021-02-23,base,126.1730560005,117.5826618754317367024790590,2021-03-08,134.6502488274627859563510234,target,0.067187,0.082103,False,False,True
AGCO,2021-02-22,2021-02-23,wide,126.1730560005,108.9922677503634734049581180,2021-05-19,135.0524350025,time,0.070375,0.010091,False,False,True
KBWB,2021-02-24,2021-02-25,base,60.0900310005,57.54855507284562802691774372,2021-03-08,62.57889646233472230062486718,target,0.041419,0.043014,False,False,True
KBWB,2021-02-24,2021-02-25,wide,60.0900310005,55.00707914519125605383548743,2021-05-21,68.2258719990,time,0.135394,0.050101,False,False,True
PNR,2021-03-03,2021-03-04,base,56.2881279990,53.12525131149806806074985977,2021-03-08,59.40106584256527031642117011,target,0.055304,0.041977,False,False,True
PNR,2021-03-03,2021-03-04,wide,56.2881279990,49.96237462399613612149971954,2021-05-28,68.9355159995,time,0.22469,0.109638,False,False,True
AGNT,2021-03-08,2021-03-09,base,45.9729760005,31.20067063008409751838664990,2021-04-07,41.5092340005,time,-0.097095,-0.147254,False,True,True
AGNT,2021-03-08,2021-03-09,wide,45.9729760005,16.42836525966819503677329980,2021-06-03,33.4532659995,time,-0.272328,-0.353945,False,True,True
LYFT,2021-03-11,2021-03-12,base,66.4031880015,60.35516395438273441277898006,2021-03-25,59.68354020000,stop_gap,-0.101195,-0.09013,False,False,True
LYFT,2021-03-11,2021-03-12,wide,66.4031880015,54.30713990726546882555796012,2021-05-04,54.26152190974336583174449143,stop,-0.182848,-0.23756,False,False,True
DVYE,2021-03-16,2021-03-17,base,40.1500660005,39.13376089797507965083643818,2021-03-23,39.10088853882078058392973557,stop,-0.026131,-0.006598,False,False,True
DVYE,2021-03-16,2021-03-17,wide,40.1500660005,38.11745579545015930167287636,2021-03-25,37.84639979244,stop_gap,-0.057376,-0.038346,False,False,True
SNX,2021-03-17,2021-03-18,base,103.6117779990,97.54951319872180456733570926,2021-03-22,109.5819166033268017485008527,target,0.05762,0.054785,False,False,True
SNX,2021-03-17,2021-03-18,wide,103.6117779990,91.48724839844360913467141851,2021-06-14,128.5257010020,time,0.240455,0.154167,False,False,True
BST,2021-03-19,2021-03-22,base,53.3369311380,49.95197402351663140077582172,2021-04-08,56.67424186635128256960082997,target,0.06257,0.021994,False,True,True
BST,2021-03-19,2021-03-22,wide,53.3369311380,46.56701690903326280155164345,2021-06-16,59.0811166640,time,0.107696,0.032503,False,True,True
ENSG,2021-03-23,2021-03-24,base,90.3651600000,83.39838789345978773690596033,2021-03-29,97.25017328357071848479304068,target,0.076191,0.054876,False,False,True
ENSG,2021-03-23,2021-03-24,wide,90.3651600000,76.43161578691957547381192066,2021-06-18,83.3383070015,time,-0.077761,-0.148467,False,False,True
ARKF,2021-03-30,2021-03-31,base,51.1255479990,46.69854128411497796756696396,2021-04-14,55.50589056792535861392579229,target,0.085678,0.047528,False,True,True
ARKF,2021-03-30,2021-03-31,wide,51.1255479990,42.27153456922995593513392792,2021-06-25,53.6731509995,time,0.04983,-0.026571,False,True,True
TPC,2021-04-01,2021-04-05,base,19.4297100000,17.31458835269810986819522373,2021-04-15,17.30004409848184345590593974,stop,-0.109609,-0.133012,False,False,True
TPC,2021-04-01,2021-04-05,wide,19.4297100000,15.19946670539621973639044746,2021-05-12,15.18669915336368691181187948,stop,-0.218377,-0.21604,False,False,True
CPRI,2021-04-05,2021-04-06,base,50.4252020010,45.10589804241484271025174212,2021-04-28,55.69768057457910575762486934,target,0.10456,0.076785,False,True,True
CPRI,2021-04-05,2021-04-06,wide,50.4252020010,39.78659408382968542050348425,2021-06-30,57.1614040005,time,0.133588,0.079565,False,True,True
LPX,2021-04-06,2021-04-07,base,60.1000350000,55.58565079673679133132202244,2021-04-14,64.56014309113246757339628806,target,0.074211,0.062258,False,False,True
LPX,2021-04-06,2021-04-07,wide,60.1000350000,51.07126659347358266264404488,2021-07-01,60.4697500000,time,0.006152,-0.052482,False,False,True
LEVI,2021-04-16,2021-04-19,base,28.2841350000,26.37306557090929246091104071,2021-05-03,30.16984045737027134475612456,target,0.06667,0.059469,False,False,True
LEVI,2021-04-16,2021-04-19,wide,28.2841350000,24.46199614181858492182208142,2021-06-18,24.44144806505945731048775087,stop,-0.13586,-0.135162,False,False,True
ITRI,2021-04-19,2021-04-20,base,87.5837710005,80.35093285931737522010949374,2021-05-18,89.2253620015,time,0.018743,0.019301,False,True,True
ITRI,2021-04-19,2021-04-20,wide,87.5837710005,73.11809471813475044021898748,2021-07-15,94.9225159995,time,0.083791,0.029008,False,True,True
ZWS,2021-04-22,2021-04-23,base,24.5739378285,23.30540548977994647907193810,2021-05-19,23.28582894916853132402951767,stop,-0.052418,-0.038308,False,False,True
ZWS,2021-04-22,2021-04-23,wide,24.5739378285,22.03687315105989295814387621,2021-07-20,24.2653172720,time,-0.012559,-0.046921,False,False,True
COHR,2021-04-23,2021-04-26,base,77.8889229990,70.97658701633774316493213864,2021-04-29,70.91696668324401946067359564,stop,-0.089512,-0.095378,False,False,True
COHR,2021-04-23,2021-04-26,wide,77.8889229990,64.06425103367548632986427728,2021-05-04,64.01043706280719892134719129,stop,-0.178183,-0.173418,False,False,True
FNDA,2021-04-23,2021-04-26,base,26.2331089995,25.28547513567088624371958304,2021-05-24,26.6416734995,time,0.015574,0.011839,False,False,True
FNDA,2021-04-23,2021-04-26,wide,26.2331089995,24.33784127184177248743916607,2021-07-21,26.4167850000,time,0.007002,-0.033562,False,False,True
KBWB,2021-04-23,2021-04-26,base,64.0920279990,61.18431476342222305457698372,2021-05-05,66.94346145194073161278886095,target,0.04449,0.048944,False,False,True
KBWB,2021-04-23,2021-04-26,wide,64.0920279990,58.27660152784444610915396744,2021-07-21,63.2383650000,time,-0.013319,-0.053884,False,False,True
ITRI,2021-04-27,2021-04-28,base,93.2566039995,87.00605121182682014785525766,2021-05-04,86.93296612880888561893105924,stop,-0.067809,-0.063545,False,False,True
ITRI,2021-04-27,2021-04-28,wide,93.2566039995,80.75549842415364029571051532,2021-07-23,95.1823879985,time,0.02065,-0.033351,False,False,True
IWC,2021-04-29,2021-04-30,base,146.9834590020,139.9903869032513182913151240,2021-05-11,136.92047879244,stop_gap,-0.068463,-0.061059,False,False,True
IWC,2021-04-29,2021-04-30,wide,146.9834590020,132.9973148045026365826302481,2021-07-27,141.9489939980,time,-0.034252,-0.086277,False,False,True
SBGI,2021-04-29,2021-04-30,base,32.4862360005,30.05829210295128628701991909,2021-05-06,34.88485198693435279346117764,target,0.073835,0.069593,False,False,True
SBGI,2021-04-29,2021-04-30,wide,32.4862360005,27.63034820540257257403983818,2021-07-15,27.60713871291003441307764472,stop,-0.15019,-0.192006,False,False,True
RRR,2021-05-04,2021-05-05,base,37.9489650000,34.73146593692318471522965064,2021-05-14,41.13188423326383075993114227,target,0.083874,0.081877,False,False,True
RRR,2021-05-04,2021-05-05,wide,37.9489650000,31.51396687384636943045930129,2021-07-30,39.3803019990,time,0.037717,-0.017027,False,False,True
EDC,2021-05-06,2021-05-07,base,105.0024719985,97.78062883433325210845714510,2021-05-11,93.16649141134,stop_gap,-0.112721,-0.093982,True,False,True
EDC,2021-05-06,2021-05-07,wide,105.0024719985,90.55878567016650421691429020,2021-05-12,90.48271629020356435337208220,stop,-0.13828,-0.098694,True,False,True
CALX,2021-05-10,2021-05-11,base,43.3916839995,38.32280065198030566939021893,2021-05-13,38.29060949943264221262793115,stop,-0.117559,-0.108071,False,True,True
CALX,2021-05-10,2021-05-11,wide,43.3916839995,33.25391730446061133878043786,2021-08-05,44.7875959995,time,0.03217,-0.034342,False,True,True
MEDP,2021-05-10,2021-05-11,base,158.6993049975,145.8066553976910080356403444,2021-06-07,171.4478173554472524111095935,target,0.080331,0.061066,False,True,True
MEDP,2021-05-10,2021-05-11,wide,158.6993049975,132.9140057978820160712806888,2021-08-05,180.0599190030,time,0.134598,0.068086,False,True,True
MTDR,2021-05-11,2021-05-12,base,28.2541200000,24.89409602416767487656528147,2021-06-01,31.58758809489262597033103337,target,0.117982,0.082807,False,False,True
MTDR,2021-05-11,2021-05-12,wide,28.2541200000,21.53407204833534975313056293,2021-08-06,29.3853000000,time,0.040036,-0.051427,False,False,True
LQDT,2021-05-13,2021-05-14,base,27.2035960005,23.18547968600224707976528122,2021-06-10,23.16600388306600519221827838,stop,-0.148421,-0.165297,False,False,True
LQDT,2021-05-13,2021-05-14,wide,27.2035960005,19.16736337150449415953056244,2021-07-27,19.15126278627243038443655677,stop,-0.296003,-0.349846,False,False,True
BANR,2021-05-17,2021-05-18,base,57.5687710005,54.06259477175139071866150984,2021-06-16,57.6911409995,time,0.002126,-0.022562,False,False,True
BANR,2021-05-17,2021-05-18,wide,57.5687710005,50.55641854300278143732301968,2021-07-19,50.01024499622,stop_gap,-0.131296,-0.162926,False,False,True
HBAN,2021-05-17,2021-05-18,base,15.7278600000,14.84726840056289336721803439,2021-06-10,14.83479669510642053678957124,stop,-0.056782,-0.085112,False,False,True
HBAN,2021-05-17,2021-05-18,wide,15.7278600000,13.96667680112578673443606877,2021-06-17,13.95494479261284107357914247,stop,-0.112725,-0.137073,False,False,True
BLDR,2021-05-18,2021-05-19,base,44.6423089995,40.64682051426923256136271672,2021-06-17,43.0084840005,time,-0.036598,-0.063639,False,True,True
BLDR,2021-05-18,2021-05-19,wide,44.6423089995,36.65133202903846512272543344,2021-08-13,51.7341180010,time,0.158858,0.073525,False,True,True
SLYG,2021-05-18,2021-05-19,base,84.5722639995,81.26589934237671349510263060,2021-05-27,87.80481060855172294423325561,target,0.038222,0.017704,False,True,True
SLYG,2021-05-18,2021-05-19,wide,84.5722639995,77.95953468525342699020526119,2021-08-13,88.8155709995,time,0.050174,-0.03516,False,True,True
CPRI,2021-05-19,2021-05-20,base,53.6368060005,48.73408932848006033242206591,2021-06-18,52.2438650000,time,-0.02597,-0.025103,False,True,True
CPRI,2021-05-19,2021-05-20,wide,53.6368060005,43.83137265646012066484413183,2021-08-16,57.8210730010,time,0.078011,0.001701,False,True,True
KIDS,2021-05-20,2021-05-21,base,56.0480100000,50.26013953938322089204455667,2021-06-08,61.78393832102986101350476076,target,0.10234,0.08465,False,True,True
KIDS,2021-05-20,2021-05-21,wide,56.0480100000,44.47226907876644178408911335,2021-08-17,64.8475570015,time,0.157,0.08687,False,True,True
BYD,2021-06-03,2021-06-04,base,62.4612150000,57.54840619910692663098593591,2021-06-18,57.50006553789967681261590772,stop,-0.079428,-0.061254,False,False,True
BYD,2021-06-03,2021-06-04,wide,62.4612150000,52.63559739821385326197187182,2021-07-19,50.84706979622,stop_gap,-0.185942,-0.19155,False,False,True
AKR,2021-06-09,2021-06-10,base,22.6313110005,21.42513095782454523876043005,2021-06-17,21.40713384781997262075987129,stop,-0.054092,-0.050221,False,False,True
AKR,2021-06-09,2021-06-10,wide,22.6313110005,20.21895091514909047752086009,2021-07-19,20.20196699638036524151974257,stop,-0.107344,-0.110555,False,False,True
PSA,2021-06-18,2021-06-21,base,303.7017629940,296.1857641024509447154770660,2021-07-09,310.9563389655651940780839347,target,0.023887,-0.010946,False,False,True
PSA,2021-06-18,2021-06-21,wide,303.7017629940,288.6697652109018894309541321,2021-09-15,319.3502549950,time,0.051526,-0.012676,False,False,True
MTZ,2021-06-21,2021-06-22,base,103.2015770010,95.54200382666892493655050292,2021-07-21,101.1993750000,time,-0.019401,-0.046439,False,True,True
MTZ,2021-06-21,2021-06-22,wide,103.2015770010,87.88243065233784987310100584,2021-08-19,87.80860941058988607920760100,stop,-0.149154,-0.188742,False,True,True
SE,2021-06-21,2021-06-22,base,281.0104299975,259.7929993700964252122041638,2021-07-08,253.84681620756,stop_gap,-0.096664,-0.115123,False,False,True
SE,2021-06-21,2021-06-22,wide,281.0104299975,238.5755687426928504244083276,2021-09-16,342.7385489980,time,0.219665,0.1628,False,False,True
EME,2021-06-22,2021-06-23,base,121.9509439995,116.0625659505748965932820648,2021-07-19,115.9650733951764136801437079,stop,-0.049084,-0.054692,False,True,True
EME,2021-06-22,2021-06-23,wide,121.9509439995,110.1741879016497931865641296,2021-09-17,115.4122659995,time,-0.053617,-0.098104,False,True,True
DAC,2021-06-23,2021-06-24,base,75.8379030015,68.13498489604633496252088644,2021-07-08,68.07775150873365604115236890,stop,-0.102326,-0.116016,False,False,True
DAC,2021-06-23,2021-06-24,wide,75.8379030015,60.43206679059266992504177288,2021-07-19,59.35478959244,stop_gap,-0.217347,-0.217041,False,False,True
FREL,2021-06-23,2021-06-24,base,30.5852850000,29.85976017747492739038376825,2021-07-09,31.28450874227415154862415412,target,0.022861,-0.00165,False,True,True
FREL,2021-06-23,2021-06-24,wide,30.5852850000,29.13423535494985478076753650,2021-09-20,31.3543159995,time,0.025144,0.004113,False,True,True
OMF,2021-06-23,2021-06-24,base,60.5802739995,57.40732226525562416423237425,2021-07-08,57.35910011455280943993441906,stop,-0.053172,-0.066863,False,False,True
OMF,2021-06-23,2021-06-24,wide,60.5802739995,54.23437053101124832846474850,2021-09-20,53.75603020378,stop_gap,-0.112648,-0.133678,False,False,True
YETI,2021-06-25,2021-06-28,base,92.2360970010,85.78988460138025528831444223,2021-07-19,85.35612960000,stop_gap,-0.074591,-0.068742,False,False,True
YETI,2021-06-25,2021-06-28,wide,92.2360970010,79.34367220176051057662888446,2021-09-22,97.9410030010,time,0.061851,0.037545,False,False,True
DNOW,2021-06-28,2021-06-29,base,9.4147050000,8.495837200031799518345859882,2021-07-28,9.8350800000,time,0.044651,0.018628,False,True,True
DNOW,2021-06-28,2021-06-29,wide,9.4147050000,7.576969400063599036691719763,2021-08-05,7.570604745767545613500898718,stop,-0.195874,-0.228748,False,True,True
UCO,2021-06-28,2021-06-29,base,19.6098000000,18.38714123206232484386824374,2021-07-07,18.37169603342739249099939442,stop,-0.063137,-0.078942,True,False,True
UCO,2021-06-28,2021-06-29,wide,19.6098000000,17.16448246412464968773648749,2021-07-19,17.15006429885478498199878884,stop,-0.125434,-0.119051,True,False,True
BHF,2021-07-02,2021-07-06,base,43.6918329990,40.88946496212950700981823945,2021-07-19,40.47641959622,stop_gap,-0.073593,-0.055207,False,True,True
BHF,2021-07-02,2021-07-06,wide,43.6918329990,38.08709692525901401963647889,2021-09-29,45.9770000000,time,0.052302,0.048791,False,True,True
EVH,2021-07-07,2021-07-08,base,22.0110000000,20.79586940561123595591455735,2021-08-04,23.20662064468947748228841088,target,0.054319,0.035615,False,False,True
EVH,2021-07-07,2021-07-08,wide,22.0110000000,19.58073881122247191182911470,2021-10-01,31.9540140005,time,0.451729,0.444025,False,False,True
RS,2021-07-07,2021-07-08,base,148.4741939970,140.4052770130856141377485986,2021-07-26,156.4116147676904177781271102,target,0.05346,0.030022,False,True,True
RS,2021-07-07,2021-07-08,wide,148.4741939970,132.3363600291712282754971973,2021-10-01,143.1883650025,time,-0.035601,-0.043305,False,True,True
MO,2021-07-15,2021-07-16,base,47.3336560005,45.76079696168342112980922128,2021-07-29,48.86543356668355294393981847,target,0.032361,0.010777,False,False,True
MO,2021-07-15,2021-07-16,wide,47.3336560005,44.18793792286684225961844257,2021-10-11,46.6866440005,time,-0.013669,-0.021436,False,False,True
CFG,2021-07-28,2021-07-29,base,42.8714229990,39.77281866093977154466506697,2021-08-26,43.6781509995,time,0.018817,0.006086,False,True,True
CFG,2021-07-28,2021-07-29,wide,42.8714229990,36.67421432287954308933013394,2021-10-22,50.2548590005,time,0.172223,0.143924,False,True,True
SAH,2021-08-03,2021-08-04,base,51.0054900000,46.64221020146302123504055423,2021-09-01,51.2443650000,time,0.004683,-0.024521,False,False,True
SAH,2021-08-03,2021-08-04,wide,51.0054900000,42.27893040292604247008110846,2021-10-28,48.9755000000,time,-0.039799,-0.083856,False,False,True
WCC,2021-08-06,2021-08-09,base,113.5367430015,105.9593673736894512928263340,2021-08-30,121.0123827696619278462596401,target,0.065843,0.042999,False,False,True
WCC,2021-08-06,2021-08-09,wide,113.5367430015,98.38199174587890258565266790,2021-11-02,133.3732819990,time,0.174715,0.129999,False,False,True
DBC,2021-08-12,2021-08-13,base,19.0795350000,18.47234586947483641316702229,2021-08-19,18.21090259622,stop_gap,-0.045527,-0.031937,False,False,True
DBC,2021-08-12,2021-08-13,wide,19.0795350000,17.86515673894967282633404457,2021-11-08,21.2993440005,time,0.116345,0.064744,False,False,True
DT,2021-08-18,2021-08-19,base,62.0510100000,58.38746423113431111658678733,2021-08-24,65.65935554201984170475114557,target,0.058151,0.039714,False,True,True
DT,2021-08-18,2021-08-19,wide,62.0510100000,54.72391846226862223317357466,2021-11-12,74.1229239980,time,0.194548,0.132233,False,True,True
DHR,2021-08-19,2021-08-20,base,285.1957185960,276.0613328669243968774665397,2021-09-02,294.0828670374425396159105322,target,0.031162,0.00899,False,False,True
DHR,2021-08-19,2021-08-20,wide,285.1957185960,266.9269471378487937549330795,2021-09-28,266.7027285022530007681789357,stop,-0.064843,-0.0431,False,False,True
ODFL,2021-08-19,2021-08-20,base,141.3256325025,135.9521371549917253494738753,2021-08-30,146.5759005826142676998196828,target,0.03715,0.017144,False,False,True
ODFL,2021-08-19,2021-08-20,wide,141.3256325025,130.5786418074834506989477507,2021-11-15,179.7500760020,time,0.271886,0.217596,False,False,True
HIW,2021-08-23,2021-08-24,base,45.7428610005,43.97530820450361159219005617,2021-09-10,43.93836894561182855845261652,stop,-0.039449,-0.033801,False,True,True
HIW,2021-08-23,2021-08-24,wide,45.7428610005,42.20775540850722318438011233,2021-11-17,46.1269269990,time,0.008396,-0.036629,False,True,True
BMO,2021-08-25,2021-08-26,base,100.6502979990,97.40534289747272624619853789,2021-09-20,97.32352240943884915615173112,stop,-0.033053,-0.00567,False,False,True
BMO,2021-08-25,2021-08-26,wide,100.6502979990,94.16038779594545249239707579,2021-11-19,108.8755350000,time,0.081721,0.031011,False,False,True
ELME,2021-08-27,2021-08-30,base,24.8624250000,23.78492104499938931236327307,2021-09-28,24.8275800000,time,-0.001402,0.039529,False,False,True
ELME,2021-08-27,2021-08-30,wide,24.8624250000,22.70741708999877862472654613,2021-11-23,25.5872000000,time,0.029151,-0.00614,False,False,True
TQQQ,2021-09-02,2021-09-03,base,37.8814302495,35.85761292799005760798049056,2021-09-13,35.82749253313054595958978695,stop,-0.05422,-0.039874,True,False,True
TQQQ,2021-09-02,2021-09-03,wide,37.8814302495,33.83379560648011521596098112,2021-09-20,33.80537521817067191917957390,stop,-0.1076,-0.065577,True,False,True
BRO,2021-09-03,2021-09-07,base,58.1590660005,56.74546912090414006755232165,2021-09-14,56.69780292684258058989557770,stop,-0.025125,-0.008978,False,False,True
BRO,2021-09-03,2021-09-07,wide,58.1590660005,55.33187224130828013510464330,2021-12-01,63.6581540005,time,0.094553,0.096679,False,False,True
MCO,2021-09-09,2021-09-10,base,382.7212639995,372.4424501691264698013979921,2021-09-17,372.1295985109844035667648178,stop,-0.027675,-0.018605,False,False,True
MCO,2021-09-09,2021-09-10,wide,382.7212639995,362.1636363387529396027959841,2021-09-28,361.8594188842283871335296355,stop,-0.054509,-0.028198,False,False,True
NET,2021-09-13,2021-09-14,base,126.8233820010,117.6546602178103481311368703,2021-09-22,135.8778704170109325612932847,target,0.071394,0.085601,False,False,True
NET,2021-09-13,2021-09-14,wide,126.8233820010,108.4859384346206962622737407,2021-12-08,160.3597819990,time,0.264434,0.207361,False,False,True
PRU,2021-09-14,2021-09-15,base,104.3721600000,100.5093079997299605323286824,2021-09-20,99.97067500756,stop_gap,-0.042171,-0.01127,False,True,True
PRU,2021-09-14,2021-09-15,wide,104.3721600000,96.64645599945992106465736477,2021-12-09,106.4767340005,time,0.020164,-0.021075,False,True,True
THC,2021-09-23,2021-09-24,base,71.4256939995,67.25309515052548606870790823,2021-09-28,67.19660255059904466041019359,stop,-0.05921,-0.036255,False,True,True
THC,2021-09-23,2021-09-24,wide,71.4256939995,63.08049630155097213741581645,2021-10-06,63.02750868465766932082038716,stop,-0.117579,-0.097282,False,True,True
ARWR,2021-09-30,2021-10-01,base,62.6312979990,57.68976358200510602748460847,2021-10-15,67.51607123676545826157847860,target,0.077993,0.05121,False,True,True
ARWR,2021-09-30,2021-10-01,wide,62.6312979990,52.74822916501021205496921694,2021-12-28,66.0269680010,time,0.054217,-0.043955,False,True,True
MMSI,2021-09-30,2021-10-01,base,72.5562569985,69.05097165647608977728327465,2021-10-18,68.99296884028464986187035670,stop,-0.049111,-0.078933,False,True,True
MMSI,2021-09-30,2021-10-01,wide,72.5562569985,65.54568631445217955456654929,2021-11-01,65.49062793794803972374071339,stop,-0.097381,-0.156796,False,True,True
VICR,2021-09-30,2021-10-01,base,137.9589439995,129.9254370783844695781852967,2021-10-05,145.8698172618422133762603789,target,0.057342,0.059967,False,False,True
VICR,2021-09-30,2021-10-01,wide,137.9589439995,121.8919301572689391563705934,2021-12-06,121.7895409359368332474792421,stop,-0.117204,-0.17374,False,False,True
AMRC,2021-10-01,2021-10-04,base,57.9789760005,52.57996878415415505214451962,2021-10-15,63.32474571094369443809928178,target,0.092202,0.052005,False,True,True
AMRC,2021-10-01,2021-10-04,wide,57.9789760005,47.18096156780831010428903924,2021-12-29,78.8605519990,time,0.360158,0.246216,False,True,True
CRL,2021-10-04,2021-10-05,base,401.5606649925,376.6490784529693175108606924,2021-10-26,426.1140148407437767158484306,target,0.061145,0.008363,False,True,True
CRL,2021-10-04,2021-10-05,wide,401.5606649925,351.7374919134386350217213848,2021-12-06,351.4420324202313465683031388,stop,-0.12481,-0.184126,False,True,True
LEGN,2021-10-11,2021-10-12,base,56.9384550000,51.48414421385754854784687996,2021-10-13,51.44089753271790820706668858,stop,-0.096553,-0.10015,False,False,True
LEGN,2021-10-11,2021-10-12,wide,56.9384550000,46.02983342771509709569375992,2021-12-03,45.99116836763581641413337716,stop,-0.192265,-0.237927,False,False,True
INMD,2021-10-13,2021-10-14,base,85.2225900000,72.54205163428721724915824055,2021-11-01,97.82088973788558401333105237,target,0.147828,0.10819,False,False,True
INMD,2021-10-13,2021-10-14,wide,85.2225900000,59.86151326857443449831648110,2022-01-05,59.81122959742883197333789526,stop,-0.298176,-0.356662,False,False,True
CLDX,2021-10-18,2021-10-19,base,45.7028400000,40.96030813166250539506592908,2021-11-16,44.8475640005,time,-0.018714,-0.060077,False,True,True
CLDX,2021-10-18,2021-10-19,wide,45.7028400000,36.21777626332501079013185816,2021-12-01,36.18735333126381778106814740,stop,-0.208203,-0.207893,False,True,True
IWF,2021-10-18,2021-10-19,base,72.5212435005,70.59084855179376933455336937,2021-10-29,74.38909907290889743168765546,target,0.025756,0.00665,False,False,True
IWF,2021-10-18,2021-10-19,wide,72.5212435005,68.66045360308753866910673873,2022-01-13,71.8565557490,time,-0.009165,-0.039988,False,False,True
CAR,2021-10-22,2021-10-25,base,176.7383189970,162.1481653541126910770025691,2021-10-28,162.0119608952152364164978869,stop,-0.083323,-0.089404,False,False,True
CAR,2021-10-22,2021-10-25,wide,176.7383189970,147.5580117112253821540051381,2022-01-20,186.0069559970,time,0.052443,0.07176,False,False,True
CMRE,2021-10-25,2021-10-26,base,14.6073000000,13.42789195996009885102493720,2021-10-27,13.41661253071373236799007625,stop,-0.081513,-0.077083,False,False,True
CMRE,2021-10-25,2021-10-26,wide,14.6073000000,12.24848391992019770204987440,2021-11-16,12.23819519342746473598015251,stop,-0.162186,-0.191399,False,False,True
ROM,2021-10-26,2021-10-27,base,56.7933814995,53.86010968117967615362795667,2021-11-02,59.67648292903335477434109081,target,0.050765,0.033229,True,False,True
ROM,2021-10-26,2021-10-27,wide,56.7933814995,50.92683786285935230725591334,2022-01-20,50.88405931905455045131781837,stop,-0.104049,-0.08821,True,False,True
RPD,2021-10-27,2021-10-28,base,128.5742499975,122.4598984600480054952658185,2021-11-02,122.3570321453415651706497952,stop,-0.048355,-0.056166,False,False,True
RPD,2021-10-27,2021-10-28,wide,128.5742499975,116.3455469225960109905316370,2021-12-03,116.2478166631810303412995904,stop,-0.09587,-0.085179,False,False,True
ASAN,2021-11-05,2021-11-08,base,135.5077220010,120.2202850168263907460888970,2021-11-22,120.1192999774122565778621823,stop,-0.113561,-0.110661,False,False,True
ASAN,2021-11-05,2021-11-08,wide,135.5077220010,104.9328480326527814921777939,2021-11-23,102.61066000000,stop_gap,-0.242769,-0.241191,False,False,True
PSI,2021-11-05,2021-11-08,base,49.9416263340,48.12273057231398204020246191,2021-11-22,51.71704325712564170471130816,target,0.03555,0.03845,False,False,True
PSI,2021-11-05,2021-11-08,wide,49.9416263340,46.30383481062796408040492382,2022-01-10,46.26493958938703659057738368,stop,-0.07362,-0.066327,False,False,True
VCTR,2021-11-18,2021-11-19,base,33.8569200000,30.32328049397371311961149274,2021-12-20,33.8130869990,time,-0.001295,0.028371,False,True,True
VCTR,2021-11-18,2021-11-19,wide,33.8569200000,26.78964098794742623922298548,2022-02-16,34.9825000000,time,0.033245,0.080783,False,True,True
EVH,2021-11-19,2021-11-22,base,28.5542710005,26.15032966960858738259807342,2021-11-29,26.12836339268611616919669104,stop,-0.084958,-0.078606,False,True,True
EVH,2021-11-19,2021-11-22,wide,28.5542710005,23.74638833871717476519614685,2022-01-07,23.72644137251265233839338209,stop,-0.169076,-0.16591,False,True,True
FLNA,2021-11-24,2021-11-26,base,55.9879789995,39.40871075697970692859293849,2021-12-20,39.37560743994384397477292042,stop,-0.296713,-0.28802,False,True,True
FLNA,2021-11-24,2021-11-26,wide,55.9879789995,22.82944251445941385718587697,2022-02-23,38.3108369990,time,-0.315731,-0.235072,False,True,True
NOW,2021-11-24,2021-11-26,base,129.9749590020,122.9800269861579793470093949,2021-12-01,122.8767237634896066443579070,stop,-0.054612,-0.036158,False,True,True
NOW,2021-11-24,2021-11-26,wide,129.9749590020,115.9850949703159586940187898,2022-01-04,115.8876674905408932887158140,stop,-0.108385,-0.148867,False,True,True
WAT,2021-11-24,2021-11-26,base,338.5992079965,320.7810028069304931585998162,2021-12-22,356.1180225589932084556534076,target,0.051739,0.03274,False,True,True
WAT,2021-11-24,2021-11-26,wide,338.5992079965,302.9627976173609863171996325,2022-02-23,306.3867389955,time,-0.095135,-0.014476,False,True,True
CBOE,2021-12-06,2021-12-07,base,131.0354860005,124.1928217238397609653915756,2022-01-05,124.0884997535917355661806467,stop,-0.053016,-0.05323,False,False,True
CBOE,2021-12-06,2021-12-07,wide,131.0354860005,117.3501574471795219307831513,2022-01-14,117.2515833149238911323612935,stop,-0.105192,-0.09759,False,False,True
GPI,2021-12-06,2021-12-07,base,204.1420129965,186.9513496055123945243680523,2021-12-20,186.7943104718437641129675831,stop,-0.084979,-0.056577,False,False,True
GPI,2021-12-06,2021-12-07,wide,204.1420129965,169.7606862145247890487361045,2022-01-21,169.6180872381045882259351662,stop,-0.169117,-0.104412,False,False,True
GLOB,2021-12-09,2021-12-10,base,272.5061799975,241.2907040102688221113776901,2021-12-27,303.4665297937040036991958672,target,0.113613,0.099763,False,True,True
GLOB,2021-12-09,2021-12-10,wide,272.5061799975,210.0752280230376442227553803,2022-03-09,231.5741569990,time,-0.150206,-0.058159,False,True,True
STX,2021-12-09,2021-12-10,base,103.9619590020,96.59895220280463294074071845,2021-12-23,111.2314528299223629509295038,target,0.069925,0.070222,False,True,True
STX,2021-12-09,2021-12-10,wide,103.9619590020,89.23594540360926588148143690,2022-03-09,89.16098720947023409814099249,stop,-0.142369,-0.050323,False,True,True
BOOT,2021-12-13,2021-12-14,base,119.4496939995,107.6307341892404849558396473,2021-12-20,107.5403243725215229484767420,stop,-0.099702,-0.081617,False,True,True
BOOT,2021-12-13,2021-12-14,wide,119.4496939995,95.81177437898096991167929464,2022-01-21,95.13901000000,stop_gap,-0.203522,-0.148749,False,True,True
ACLS,2022-01-03,2022-01-04,base,75.0174930015,68.89953005866803609460554466,2022-01-06,68.84165445341875494428607600,stop,-0.082325,-0.062202,False,False,True
ACLS,2022-01-03,2022-01-04,wide,75.0174930015,62.78156711583607218921108932,2022-01-19,62.72883059945876988857215200,stop,-0.163811,-0.109785,False,False,True
KEYS,2022-01-03,2022-01-04,base,197.4586810005,188.8009871225590840096809332,2022-01-07,188.6423942933761343791128012,stop,-0.044649,-0.020651,False,False,True
KEYS,2022-01-03,2022-01-04,wide,197.4586810005,180.1432932446181680193618664,2022-01-19,179.9919728782926887582256024,stop,-0.088458,-0.034432,False,False,True
AON,2022-01-07,2022-01-10,base,282.1410000000,270.6690298922460682506415302,2022-01-14,270.4416679071365815533109913,stop,-0.041466,-0.039769,False,True,True
AON,2022-01-07,2022-01-10,wide,282.1410000000,259.1970597844921365012830604,2022-04-06,330.2947610045,time,0.170673,0.211467,False,True,True
AFG,2022-01-11,2022-01-12,base,136.8383890020,130.4521981867217323961477024,2022-01-19,130.3426183402448861409349383,stop,-0.04747,-0.006559,False,True,True
AFG,2022-01-11,2022-01-12,wide,136.8383890020,124.0660073714434647922954049,2022-01-24,123.9617919252514522818698768,stop,-0.094101,-0.027904,False,True,True
INDA,2022-01-13,2022-01-14,base,48.0440100000,46.96651185659127735560249825,2022-01-20,46.92705998663174068262379215,stop,-0.023248,0.01542,False,False,True
INDA,2022-01-13,2022-01-14,wide,48.0440100000,45.88901371318255471120499650,2022-01-24,44.39156419622,stop_gap,-0.076023,-0.022485,False,False,True
GD,2022-01-20,2022-01-21,base,206.6432629965,199.6551078329536572563816606,2022-02-02,213.4519677687919038157137000,target,0.032949,-0.011277,False,True,True
GD,2022-01-20,2022-01-21,wide,206.6432629965,192.6669526694073145127633211,2022-04-19,246.4667010020,time,0.192716,0.176596,False,True,True
CALM,2022-01-24,2022-01-25,base,39.7398610005,37.44858737863459949554827828,2022-02-07,41.99582846928261356802798227,target,0.056768,0.02733,False,False,False
CALM,2022-01-24,2022-01-25,wide,39.7398610005,35.15731375676919899109655655,2022-04-21,56.3618040005,time,0.418269,0.410006,False,False,False
CF,2022-01-24,2022-01-25,base,71.4957289995,65.90010365385824896192454870,2022-02-11,77.02659760749183196720346792,target,0.077359,0.063573,False,True,False
CF,2022-01-24,2022-01-25,wide,71.4957289995,60.30447830821649792384909740,2022-04-21,99.3103209995,time,0.389039,0.380776,False,True,False
DBC,2022-01-27,2022-01-28,base,22.3511700000,21.80167573596466568799701859,2022-02-04,22.88142770605354463118089891,target,0.023724,0.008451,False,False,False
DBC,2022-01-27,2022-01-28,wide,22.3511700000,21.25218147192933137599403718,2022-04-26,27.3063400000,time,0.221696,0.280187,False,False,False
ICLR,2022-02-01,2022-02-02,base,276.0379439970,256.2171174452527463162231515,2022-02-14,256.0018950665987340093175241,stop,-0.072584,-0.032506,False,False,True
ICLR,2022-02-01,2022-02-02,wide,276.0379439970,236.3962908935054926324463030,2022-02-16,236.1977180091549480186350481,stop,-0.144329,-0.120824,False,False,True
ON,2022-02-02,2022-02-03,base,56.2381039995,49.65446477861503922266019904,2022-02-07,62.76897295607983741028683553,target,0.116129,0.114651,False,False,True
ON,2022-02-02,2022-02-03,wide,56.2381039995,43.07082555773007844532039809,2022-05-02,55.5921890005,time,-0.011485,0.060436,False,False,True
CPT,2022-02-04,2022-02-07,base,162.2810969985,153.1229410316158457854799379,2022-03-04,171.2952439928932315249798652,target,0.055547,0.089285,False,False,True
CPT,2022-02-04,2022-02-07,wide,162.2810969985,143.9647850647316915709598757,2022-05-04,152.7135980035,time,-0.058956,-0.018264,False,False,True
FSK,2022-02-10,2022-02-11,base,21.9609760005,21.17716671745677227839203933,2022-02-24,20.64167740378,stop_gap,-0.060075,-0.032467,False,False,True
FSK,2022-02-10,2022-02-11,wide,21.9609760005,20.39335743441354455678407865,2022-05-02,20.37622701416863717935638002,stop,-0.072162,-0.013178,False,False,True
ACAD,2022-02-14,2022-02-15,base,27.2936410005,24.73757482479783124967835067,2022-02-23,24.71679526194500107142862086,stop,-0.094412,-0.040276,False,False,False
ACAD,2022-02-14,2022-02-15,wide,27.2936410005,22.18150864909566249935670133,2022-03-14,22.16287618183042214285724170,stop,-0.187984,-0.122752,False,False,False
AMTX,2022-02-15,2022-02-16,base,10.8654300000,8.899394730127633256173471170,2022-02-28,12.82068683904567395576171455,target,0.179952,0.202276,False,False,True
AMTX,2022-02-15,2022-02-16,wide,10.8654300000,6.933359460255266512346942340,2022-05-12,6.38577020000,stop_gap,-0.412286,-0.29079,False,False,True
FCFS,2022-02-15,2022-02-16,base,76.6983340020,71.29103249086654595868629759,2022-02-22,71.23114802357421806008100110,stop,-0.071282,-0.033149,False,False,True
FCFS,2022-02-15,2022-02-16,wide,76.6983340020,65.88373097973309191737259518,2022-03-07,65.82838864571011612016200220,stop,-0.141723,-0.080886,False,False,True
CNI,2022-02-16,2022-02-17,base,126.2330829990,120.9626267981964324103272257,2022-02-23,120.8610181916859474071025508,stop,-0.042557,-0.007985,False,False,True
CNI,2022-02-16,2022-02-17,wide,126.2330829990,115.6921705973928648206544515,2022-04-27,115.5949891740910548142051018,stop,-0.084273,-0.038994,False,False,True
IMO,2022-02-16,2022-02-17,base,44.2020900000,41.40470280886560725698137156,2022-03-07,46.95999763029383985311449279,target,0.062393,0.102731,False,False,True
IMO,2022-02-16,2022-02-17,wide,44.2020900000,38.60731561773121451396274313,2022-05-16,50.6846440005,time,0.146657,0.231245,False,False,True
SUN,2022-02-16,2022-02-17,base,42.1510660005,39.92920439472988523215158060,2022-03-14,39.89566386303831212855657327,stop,-0.053508,-0.00761,False,True,True
SUN,2022-02-16,2022-02-17,wide,42.1510660005,37.70734278895977046430316120,2022-05-16,39.8900450000,time,-0.053641,0.030947,False,True,True
OTTR,2022-02-18,2022-02-22,base,61.2005829990,57.34171148368410700789537139,2022-03-22,62.4387659995,time,0.020232,-0.026373,False,True,False
OTTR,2022-02-18,2022-02-22,wide,61.2005829990,53.48283996836821401579074278,2022-05-18,64.2378620015,time,0.049628,0.137414,False,True,False
PBR,2022-02-23,2022-02-24,base,13.9569750000,13.01207967853396548783511861,2022-03-01,14.88935275039600304317466289,target,0.066804,0.062881,False,False,False
PBR,2022-02-23,2022-02-24,wide,13.9569750000,12.06718435706793097567023721,2022-05-20,15.4122900000,time,0.104272,0.194559,False,False,False
FLO,2022-02-28,2022-03-01,base,27.3136489995,26.03000335954155454842706166,2022-03-07,26.00813815671953964260638293,stop,-0.047797,-0.023261,False,True,False
FLO,2022-02-28,2022-03-01,wide,27.3136489995,24.74635771958310909685412332,2022-03-08,24.72557077909865928521276586,stop,-0.094754,-0.062822,False,True,False
ARCC,2022-03-01,2022-03-02,base,22.1210560005,21.31555152972093856826056857,2022-03-07,21.29764646643597297986322969,stop,-0.037223,0.004934,False,True,False
ARCC,2022-03-01,2022-03-02,wide,22.1210560005,20.51004705894187713652113715,2022-03-08,20.49281861941236595972645939,stop,-0.073606,-0.024187,False,True,False
ALNY,2022-03-03,2022-03-04,base,164.5222220010,152.5368133170088623682629885,2022-03-14,152.4086823938225749238736476,stop,-0.073629,-0.038527,False,False,False
ALNY,2022-03-03,2022-03-04,wide,164.5222220010,140.5514046330177247365259770,2022-04-28,140.4333414531259898477472952,stop,-0.146417,-0.136329,False,False,False
XOM,2022-03-04,2022-03-07,base,87.1635630015,82.16313715235448586220308241,2022-03-09,82.09412011714650809407883182,stop,-0.05816,-0.077186,False,False,False
XOM,2022-03-04,2022-03-07,wide,87.1635630015,77.16271130320897172440616482,2022-03-15,77.09789462571427618815766364,stop,-0.11548,-0.13155,False,False,False
MAA,2022-03-08,2022-03-09,base,211.8058469985,200.7211120596727098019513171,2022-04-06,217.1613689980,time,0.025285,-0.019426,False,True,False
MAA,2022-03-08,2022-03-09,wide,211.8058469985,189.6363771208454196039026342,2022-05-02,189.4770825640639094514353560,stop,-0.105421,-0.075169,False,True,False
CLH,2022-03-16,2022-03-17,base,110.5252360005,102.9654203588940964721159795,2022-04-14,107.8060709995,time,-0.024602,-0.017166,False,False,False
CLH,2022-03-16,2022-03-17,wide,110.5252360005,95.40560471728819294423195908,2022-05-04,95.32546400932567086215880423,stop,-0.137523,-0.110294,False,False,False
TW,2022-03-21,2022-03-22,base,89.4246869985,84.00497172330277169098692545,2022-04-18,83.93440754705519736276649643,stop,-0.061396,-0.03555,False,False,False
TW,2022-03-21,2022-03-22,wide,89.4246869985,78.58525644810554338197385090,2022-04-25,78.51924483268913472553299287,stop,-0.121951,-0.075064,False,False,False
HUN,2022-03-22,2022-03-23,base,39.8399100000,36.95095046843433922914355632,2022-03-25,36.91991167004085438419107573,stop,-0.073293,-0.093325,False,False,True
HUN,2022-03-22,2022-03-23,wide,39.8399100000,34.06199093686867845828711263,2022-04-07,34.03337886448170876838215146,stop,-0.145747,-0.156945,False,False,True
HSIC,2022-03-25,2022-03-28,base,88.5542570010,84.80906532648235563563866090,2022-04-14,92.22191713863020954309527558,target,0.041417,0.081162,False,False,True
HSIC,2022-03-25,2022-03-28,wide,88.5542570010,81.06387365196471127127732180,2022-04-29,80.99577999809706091380944885,stop,-0.085354,0.010959,False,False,True
LXU,2022-03-25,2022-03-28,base,23.0115000000,19.66677862689778764893173813,2022-03-29,19.65025853285119350730663547,stop,-0.146068,-0.158439,False,False,True
LXU,2022-03-25,2022-03-28,wide,23.0115000000,16.32205725379557529786347626,2022-06-13,16.30834672570238701461327094,stop,-0.291296,-0.113827,False,False,True
AVA,2022-03-30,2022-03-31,base,45.1725770010,43.30502737838961594323566150,2022-04-25,43.26865115539176866584334354,stop,-0.042148,0.009066,False,False,True
AVA,2022-03-30,2022-03-31,wide,45.1725770010,41.43747775577923188647132299,2022-04-29,41.40267027446437733168668708,stop,-0.083456,0.004313,False,False,True
CLH,2022-04-05,2022-04-06,base,109.9749579990,103.7138485958935731716988172,2022-04-25,103.6267289630730225702345902,stop,-0.057724,-0.01739,False,False,True
CLH,2022-04-05,2022-04-06,wide,109.9749579990,97.45273919278714634339763448,2022-05-04,97.37087889186520514046918047,stop,-0.114609,-0.075506,False,False,True
SITM,2022-04-05,2022-04-06,base,205.2325700025,171.2920040865055698614221182,2022-04-21,171.1481188030729051827385236,stop,-0.166077,-0.147131,False,True,True
SITM,2022-04-05,2022-04-06,wide,205.2325700025,137.3514381705111397228442364,2022-07-05,137.2360629624479103654770472,stop,-0.331314,-0.18673,False,True,True
CNOB,2022-04-06,2022-04-07,base,31.0255050000,29.38741734413027794660513839,2022-04-25,29.36273191356120851312999007,stop,-0.053594,-0.008448,False,True,False
CNOB,2022-04-06,2022-04-07,wide,31.0255050000,27.74932968826055589321027679,2022-04-29,27.72602025132241702625998016,stop,-0.106347,-0.024412,False,True,False
SFM,2022-04-14,2022-04-18,base,31.5057450000,29.29881364932366074399733405,2022-04-28,29.27420264585822886897237629,stop,-0.07083,-0.047632,False,True,False
SFM,2022-04-14,2022-04-18,wide,31.5057450000,27.09188229864732148799466810,2022-05-05,26.89794000000,stop_gap,-0.146253,-0.091089,False,True,False
ARCO,2022-04-20,2022-04-21,base,7.7638800000,7.158223314686212647149173631,2022-05-02,7.152210407101876228525568325,stop,-0.078784,-0.024956,False,True,False
ARCO,2022-04-20,2022-04-21,wide,7.7638800000,6.552566629372425294298347262,2022-05-09,6.547062473403752457051136650,stop,-0.156728,-0.065667,False,True,False
GUNR,2022-04-22,2022-04-25,base,44.5222500000,42.69142659292339579520098915,2022-05-04,46.31413682541465985726697968,target,0.040247,0.038964,False,True,False
GUNR,2022-04-22,2022-04-25,wide,44.5222500000,40.86060318584679159040197829,2022-06-17,40.82628027917068028546604063,stop,-0.083014,0.06319,False,True,False
PTEN,2022-04-28,2022-04-29,base,16.4482210005,14.45492791145841942541111549,2022-05-09,14.44278577201279435309377015,stop,-0.121924,-0.088356,False,False,False
PTEN,2022-04-28,2022-04-29,wide,16.4482210005,12.46163482241683885082223099,2022-07-06,12.45116704916600870618754032,stop,-0.243008,-0.173227,False,False,False
SPHD,2022-05-03,2022-05-04,base,47.9039410005,46.41889061581608642876200952,2022-05-10,46.37989874769880091616184943,stop,-0.031815,0.038036,False,True,False
SPHD,2022-05-03,2022-05-04,wide,47.9039410005,44.93384023113217285752401904,2022-06-13,44.51110960000,stop_gap,-0.070826,0.055171,False,True,False
RIO,2022-05-04,2022-05-05,base,69.0044860005,64.47693375063215220147010791,2022-05-10,64.42277312628162119362087302,stop,-0.066397,-0.030825,False,True,False
RIO,2022-05-04,2022-05-05,wide,69.0044860005,59.94938150076430440294021582,2022-07-01,59.39463540378,stop_gap,-0.139264,-0.060557,False,True,False
AZO,2022-05-06,2022-05-09,base,1952.6358640170,1817.470823105559875900246296,2022-05-18,1815.944147614151205604490089,stop,-0.070004,-0.054156,False,True,False
AZO,2022-05-06,2022-05-09,wide,1952.6358640170,1682.305782194119751800492593,2022-08-04,2163.0478180585,time,0.107758,0.067574,False,True,False
CVBF,2022-05-06,2022-05-09,base,23.7518700000,22.64282788858659384847718947,2022-05-27,24.84002894523981889035553137,target,0.045814,0.002892,False,False,False
CVBF,2022-05-06,2022-05-09,wide,23.7518700000,21.53378577717318769695437894,2022-08-04,25.9470190005,time,0.09242,0.052236,False,False,False
EEFT,2022-05-13,2022-05-16,base,111.0855139995,99.54530991275554645220136868,2022-05-31,122.5227124830520082068184804,target,0.102959,0.070866,False,True,False
EEFT,2022-05-13,2022-05-16,wide,111.0855139995,88.00510582601109290440273737,2022-08-11,100.7995730010,time,-0.092595,-0.142334,False,True,False
COP,2022-05-16,2022-05-17,base,107.0735069985,97.69580315498631864042176857,2022-05-31,116.3533918249063898672361857,target,0.086668,0.075378,False,False,False
COP,2022-05-16,2022-05-17,wide,107.0735069985,88.31809931147263728084353713,2022-06-23,88.24391210805100026552762856,stop,-0.175857,-0.101748,False,False,False
CBU,2022-05-19,2022-05-20,base,63.9919789995,60.71903098089628037772260688,2022-06-02,67.20842447940851249779468011,target,0.050263,-0.020984,False,True,False
CBU,2022-05-19,2022-05-20,wide,63.9919789995,57.44608296229256075544521375,2022-08-17,72.1638970015,time,0.127702,0.032689,False,True,False
CHD,2022-05-19,2022-05-20,base,88.7943750000,83.42792854167178682932672283,2022-06-14,83.35784908169678252839008838,stop,-0.061226,-0.020777,False,True,False
CHD,2022-05-19,2022-05-20,wide,88.7943750000,78.06148208334357365865344565,2022-08-17,88.2058750000,time,-0.006628,-0.101641,False,True,False
DXJ,2022-05-27,2022-05-31,base,64.5022360005,62.58704795226042304830887762,2022-06-07,66.36163341253863570705170184,target,0.028827,0.022022,False,False,False
DXJ,2022-05-27,2022-05-31,wide,64.5022360005,60.67185990402084609661775525,2022-08-25,66.1069290005,time,0.024878,0.008943,False,False,False
XLB,2022-05-31,2022-06-01,base,42.6062914995,40.47510087889679353439846744,2022-06-13,39.63959479622,stop_gap,-0.06963,0.01482,False,False,False
XLB,2022-05-31,2022-06-01,wide,42.6062914995,38.34391025829358706879693489,2022-06-15,38.31170137367662045565914546,stop,-0.100797,-0.026601,False,False,False
TDY,2022-06-01,2022-06-02,base,414.4271110005,390.7709439861333452888644686,2022-06-10,384.24206595464,stop_gap,-0.072836,-0.006734,False,False,False
TDY,2022-06-01,2022-06-02,wide,414.4271110005,367.1147769717666905777289372,2022-06-13,366.8064005591104065576436449,stop,-0.114907,-0.013348,False,False,False
GSG,2022-06-03,2022-06-06,base,25.9529710005,24.83127397159572186713140580,2022-06-17,24.81041570145958146076301542,stop,-0.044024,0.067513,False,False,False
GSG,2022-06-03,2022-06-06,wide,25.9529710005,23.70957694269144373426281159,2022-06-22,23.52075519622,stop_gap,-0.093716,-0.002893,False,False,False
RWL,2022-06-06,2022-06-07,base,77.2085829990,74.17312310145426996566774418,2022-06-10,73.29190540000,stop_gap,-0.050729,0.011666,False,False,False
RWL,2022-06-06,2022-06-07,wide,77.2085829990,71.13766320390853993133548836,2022-06-13,71.07790756681725675779316655,stop,-0.079404,0.01859,False,False,False
NWN,2022-06-07,2022-06-08,base,54.7273510005,52.32368062741699873422676112,2022-06-13,52.27972873568996845529001064,stop,-0.044724,0.043355,False,False,False
NWN,2022-06-07,2022-06-08,wide,54.7273510005,49.92001025433399746845352224,2022-06-16,49.87807744572035691058002128,stop,-0.088608,0.019777,False,False,False
VAW,2022-06-07,2022-06-08,base,188.9744450025,180.1618147640809204621147581,2022-06-10,180.0104788396790924889265817,stop,-0.047435,0.004654,False,False,False
VAW,2022-06-07,2022-06-08,wide,188.9744450025,171.3491845256618409242295163,2022-06-13,171.2052512106602849778531635,stop,-0.09403,-0.00595,False,False,False
MOG.A,2022-06-08,2022-06-09,base,82.5412500000,78.07672010729487540025063046,2022-06-13,78.01113566240474770491441993,stop,-0.054883,0.01098,False,False,False
MOG.A,2022-06-08,2022-06-09,wide,82.5412500000,73.61219021458975080050126092,2022-06-17,73.55035597480949540982883986,stop,-0.108926,-0.020295,False,False,False
DNOW,2022-06-10,2022-06-13,base,10.4552250000,9.525361715578663382250601914,2022-06-17,9.517360411737577305009511408,stop,-0.089703,-0.06533,False,True,False
DNOW,2022-06-10,2022-06-13,wide,10.4552250000,8.595498431157326764501203828,2022-09-08,11.3243350000,time,0.083127,0.015447,False,True,False
CFR,2022-06-14,2022-06-15,base,119.3696529990,111.9021814033655713534158956,2022-07-15,119.6401470015,time,0.002266,-0.013372,False,True,False
CFR,2022-06-14,2022-06-15,wide,119.3696529990,104.4347098077311427068317912,2022-09-12,142.0889239980,time,0.190327,0.106545,False,True,False
RLY,2022-06-14,2022-06-15,base,29.9249550000,28.83404498542497319499538796,2022-06-17,28.80982438763721621751159183,stop,-0.037264,-0.002085,False,True,False
RLY,2022-06-14,2022-06-15,wide,29.9249550000,27.74313497084994638999077592,2022-06-30,27.71983073747443243502318367,stop,-0.073688,-0.068546,False,True,False
WES,2022-06-14,2022-06-15,base,24.6423139995,22.32532067551641368725157599,2022-06-23,22.30656740614897989975428467,stop,-0.094786,-0.09178,False,True,False
WES,2022-06-14,2022-06-15,wide,24.6423139995,20.00832735153282737450315198,2022-09-12,28.5257309995,time,0.157591,0.07381,False,True,False
BBT,2022-06-21,2022-06-22,base,24.7923910005,23.48624068722654184239402733,2022-07-20,26.07661853906988845275358365,target,0.051799,-0.002636,False,True,False
BBT,2022-06-21,2022-06-22,wide,24.7923910005,22.18009037395308368478805466,2022-09-16,29.4952450000,time,0.189689,0.159854,False,True,False
WHD,2022-06-21,2022-06-22,base,36.8484170010,31.21147868321343658755650369,2022-06-28,42.44966762031878269917704377,target,0.152008,0.135287,False,True,False
WHD,2022-06-21,2022-06-22,wide,36.8484170010,25.57454036542687317511300738,2022-09-16,41.5692050000,time,0.128114,0.098279,False,True,False
CBU,2022-06-22,2022-06-23,base,62.2010829990,59.34440985706856363170989814,2022-07-19,65.00310762577305396174073817,target,0.045048,0.007461,False,True,False
CBU,2022-06-22,2022-06-23,wide,62.2010829990,56.48773671513712726341979628,2022-09-19,65.2173750000,time,0.048493,0.020746,False,True,False
VEA,2022-06-22,2022-06-23,base,40.4001910005,38.76466377492565157951897983,2022-07-22,41.3892950000,time,0.024483,-0.020563,False,True,False
VEA,2022-06-22,2022-06-23,wide,40.4001910005,37.12913654935130315903795967,2022-09-19,39.5702050000,time,-0.020544,-0.048291,False,True,False
BTI,2022-06-28,2022-06-29,base,43.8519170010,42.01358148036454592412020380,2022-07-05,41.82131560000,stop_gap,-0.046306,-0.050565,False,False,False
BTI,2022-06-28,2022-06-29,wide,43.8519170010,40.17524595972909184824040761,2022-07-11,40.14149875312291941108788567,stop,-0.084612,-0.09484,False,False,False
INVX,2022-06-30,2022-07-01,base,25.3126489995,22.43226987492308681900194899,2022-08-01,24.0279809995,time,-0.050752,-0.12821,False,True,False
INVX,2022-06-30,2022-07-01,wide,25.3126489995,19.55189075034617363800389799,2022-09-26,19.53546716211588285214797472,stop,-0.228233,-0.183825,False,True,False
ARW,2022-07-05,2022-07-06,base,108.9644590020,101.3230681990360656548510150,2022-07-19,116.5079008911277646402990599,target,0.069228,0.045693,False,True,False
ARW,2022-07-05,2022-07-06,wide,108.9644590020,93.68167739607213130970202996,2022-09-23,92.53887480378,stop_gap,-0.150743,-0.110821,False,True,False
FTGC,2022-07-07,2022-07-08,base,26.2731300000,25.19571421321756255308616889,2022-07-14,25.17454981327845980054157651,stop,-0.041814,-0.01413,False,True,False
FTGC,2022-07-07,2022-07-08,wide,26.2731300000,24.11829842643512510617233779,2022-10-03,25.6471700000,time,-0.023825,0.032933,False,True,False
PTEN,2022-07-07,2022-07-08,base,14.2071000000,11.92170573522869384299918697,2022-07-29,16.47864056958889825982893235,target,0.159888,0.099888,False,True,False
PTEN,2022-07-07,2022-07-08,wide,14.2071000000,9.636311470457387685998373932,2022-10-03,12.5937000000,time,-0.113563,-0.056805,False,True,False
ERX,2022-07-13,2022-07-14,base,41.4707260005,33.02505928646502102909932366,2022-07-26,49.87446294465476958856511977,target,0.202643,0.168296,True,True,False
ERX,2022-07-13,2022-07-14,wide,41.4707260005,24.57939257243004205819864732,2022-10-07,59.2403650000,time,0.428486,0.468496,True,True,False
AMN,2022-07-18,2022-07-19,base,122.8313819985,111.7077784430519938933528511,2022-07-22,111.6139439091598302184824347,stop,-0.091324,-0.098513,False,False,False
AMN,2022-07-18,2022-07-19,wide,122.8313819985,100.5841748876039877867057022,2022-08-24,100.4996841806984004369648694,stop,-0.181808,-0.236362,False,False,False
AQN,2022-07-19,2022-07-20,base,13.3266600000,12.73665025482343136534979203,2022-07-28,13.90497974259062031699710180,target,0.043396,0.014771,False,True,False
AQN,2022-07-19,2022-07-20,wide,13.3266600000,12.14664050964686273069958406,2022-09-26,12.13643733161875936600579641,stop,-0.089311,-0.012153,False,True,False
VGK,2022-07-21,2022-07-22,base,53.3766729990,51.18345434272643015379973921,2022-08-01,55.52321294628314004752945257,target,0.040215,0.000528,False,False,False
VGK,2022-07-21,2022-07-22,wide,53.3766729990,48.99023568645286030759947842,2022-09-21,48.94908388847623990494109486,stop,-0.08295,-0.03815,False,False,False
MWA,2022-07-22,2022-07-25,base,12.5162550000,11.88576682743580243362626630,2022-08-05,11.13773960000,stop_gap,-0.110138,-0.155389,False,False,False
MWA,2022-07-22,2022-07-25,wide,12.5162550000,11.25527865487160486725253260,2022-08-05,11.13773960000,stop_gap,-0.110138,-0.155389,False,False,False
MET,2022-07-25,2022-07-26,base,61.2806250000,57.89545520045442225822522482,2022-08-04,64.61147553191395945647168437,target,0.054354,-0.005202,False,False,False
MET,2022-07-25,2022-07-26,wide,61.2806250000,54.51028540090884451645044964,2022-10-19,67.3063260020,time,0.09833,0.155609,False,False,False
CP,2022-07-26,2022-07-27,base,76.9984789995,73.40803933213650110483070403,2022-08-08,80.52122397518333355609735376,target,0.045751,0.015953,False,False,False
CP,2022-07-26,2022-07-27,wide,76.9984789995,69.81759966477300220966140806,2022-09-23,69.75895288105459288780529248,stop,-0.094022,-0.011511,False,False,False
TPL,2022-08-01,2022-08-02,base,202.5756792210,185.8630928412957783173696793,2022-08-04,185.7069678433090898635830888,stop,-0.083271,-0.098244,False,False,False
TPL,2022-08-01,2022-08-02,wide,202.5756792210,169.1505064615915566347393586,2022-10-26,238.9582351130,time,0.1796,0.243414,False,False,False
CVSA,2022-08-02,2022-08-03,base,39.9299550000,37.79108693961612925003625703,2022-08-05,37.75934242658685170146622657,stop,-0.054361,-0.051996,False,False,False
CVSA,2022-08-02,2022-08-03,wide,39.9299550000,35.65221887923225850007251407,2022-08-12,35.62227101537370340293245316,stop,-0.107881,-0.138403,False,False,False
AON,2022-08-04,2022-08-05,base,287.6737639995,273.6323997460287131054658592,2022-08-11,301.4616875452387910135427321,target,0.047929,0.03216,False,False,False
AON,2022-08-04,2022-08-05,wide,287.6737639995,259.5910354925574262109317184,2022-10-31,281.3492450050,time,-0.021985,0.043945,False,False,False
GWW,2022-08-05,2022-08-08,base,562.5711229890,535.2305544176011804489387253,2022-09-06,561.1193239880,time,-0.002581,0.051246,False,False,False
GWW,2022-08-05,2022-08-08,wide,562.5711229890,507.8899858462023608978774506,2022-09-22,507.4633582580915509147232335,stop,-0.097957,-0.004081,False,False,False
IMXI,2022-08-08,2022-08-09,base,25.1225560005,23.16002981585111594500708777,2022-08-30,23.14057539080580100761328182,stop,-0.078892,-0.046949,False,False,False
IMXI,2022-08-08,2022-08-09,wide,25.1225560005,21.19750363120223189001417554,2022-11-02,25.6371750000,time,0.020484,0.109168,False,False,False
BXMT,2022-08-09,2022-08-10,base,30.4051939995,29.19639739404866341940555413,2022-08-30,29.17187242023766254213325346,stop,-0.040563,0.011296,False,False,False
BXMT,2022-08-09,2022-08-10,wide,30.4051939995,27.98760078859732683881110827,2022-09-22,27.96409120393490508426650694,stop,-0.080286,0.028693,False,False,False
HXL,2022-08-09,2022-08-10,base,64.3521600000,61.04591722975206441192064539,2022-08-22,60.50044060000,stop_gap,-0.059854,-0.044044,False,False,False
HXL,2022-08-09,2022-08-10,wide,64.3521600000,57.73967445950412882384129078,2022-09-01,57.69117313295814535562926410,stop,-0.103508,-0.047388,False,False,False
ENTA,2022-08-10,2022-08-11,base,66.5232429990,57.98538646907309660539049161,2022-08-30,57.93667874443907520424196360,stop,-0.129076,-0.077218,False,False,False
ENTA,2022-08-10,2022-08-11,wide,66.5232429990,49.44752993914619321078098323,2022-10-07,49.40599401399731040848392720,stop,-0.257312,-0.121119,False,False,False
EG,2022-08-11,2022-08-12,base,275.6877629940,263.2842574111228359113920196,2022-09-12,282.6885720065,time,0.025394,0.06316,False,False,False
EG,2022-08-11,2022-08-12,wide,275.6877629940,250.8807518282456718227840392,2022-09-26,250.6700119967099454584529006,stop,-0.090747,0.056268,False,False,False
SVXY,2022-08-15,2022-08-16,base,27.9839839995,26.86489488292295538844527059,2022-08-22,26.84232837122130010591897656,stop,-0.040797,-0.002747,True,False,False
SVXY,2022-08-15,2022-08-16,wide,27.9839839995,25.74580576634591077689054117,2022-09-16,25.72417928950218021183795312,stop,-0.080754,0.021969,True,False,False
TTMI,2022-08-19,2022-08-22,base,16.3881889995,15.22358176318580197230254935,2022-09-01,15.21079395450472589864581521,stop,-0.071844,-0.030886,False,False,False
TTMI,2022-08-19,2022-08-22,wide,16.3881889995,14.05897452687160394460509870,2022-09-22,14.04716498826903179729163042,stop,-0.142848,-0.048183,False,False,False
ARQT,2022-08-22,2022-08-23,base,25.4927400000,22.66684873901578443390172554,2022-09-06,22.64780858607501117497724809,stop,-0.111598,-0.059239,False,False,False
ARQT,2022-08-22,2022-08-23,wide,25.4927400000,19.84095747803156886780345108,2022-09-14,19.82429107375002234995449618,stop,-0.222355,-0.179309,False,False,False
DOX,2022-08-22,2022-08-23,base,87.8639100000,84.91681583566617484167774728,2022-09-01,84.53923019622,stop_gap,-0.037839,0.000793,False,False,False
DOX,2022-08-22,2022-08-23,wide,87.8639100000,81.96972167133234968335549456,2022-09-13,81.90086710512843050962147594,stop,-0.067867,-0.021183,False,False,False
