arm,instrument_id,signal_date,entry_date,exit_date,entry_price,stop_price,exit_price,shares,initial_risk_per_share,costs,mfe,mae,exit_reason,gross_r,net_r,holding_days
ranked,DXJ,2024-07-10,2024-07-11,2024-07-18,116.3000270050,113.9616807901160040826811064,113.6767765881407140724744036,427,2.3383462148839959173188936,4.270,0.2009839227435852374801222337,-1.073419320468128806838418434,stop,-1.121840042403397459498757770,-1.126116569094076621632930234,7
ranked,CRL,2026-06-09,2026-06-10,2026-06-25,188.9612300125,171.9143220424902892897930260,205.4931176375534364334314566,58,17.0469079700097107102069740,0.580,1.462949411786247457650507905,-0.5890353857817113591226257244,target,0.9697880491956465406273634638,0.9692014325483581993660399538,15
ranked,GRND,2024-12-30,2024-12-31,2025-01-07,18.3758250000,17.08706132630416255316039193,17.04434367298840214677749095,775,1.28876367369583744683960807,7.750,0.03815594821894833344637787661,-1.067554143619282361895775045,stop,-1.033146227029550995416901551,-1.040905601540257534125645578,7
ranked,BV,2024-05-10,2024-05-13,2024-05-16,12.6615750000,11.78317527079777656384346110,13.50612479237921787756614755,1138,0.87839972920222343615653890,11.380,1.056950462454275012231081473,-0.2180954679642165338806790352,target,0.9614640855436640354956249655,0.9500797468792132181196271038,3
ranked,CRK,2025-01-30,2025-01-31,2025-02-06,19.4785750000,17.61291146767283066973227268,17.56887918900364859305794200,536,1.86566353232716933026772732,5.360,0.06508408289920225775564913208,-1.189161368895183438338392203,stop,-1.023601403954258361496041656,-1.028961427252524967034905081,6
ranked,REGN,2020-05-20,2020-05-21,2020-05-26,578.9537850250,536.4247402068920522773551720,535.0836783563748221466617841,23,42.5290448181079477226448280,0.230,0,-1.051135411486271963469676314,stop,-1.031532846699304071628625345,-1.031767980125008055843655396,5
ranked,LITE,2019-02-12,2019-02-13,2019-02-22,44.9320500000,40.40187578475594730187175570,49.33856865470594256638292369,220,4.53017421524405269812824430,2.200,1.293096186077783409671447858,-0.05784589897628971257547600756,target,0.9727040165205989824545613397,0.9704965958950632218965241559,9
ranked,GRBK,2021-01-07,2021-01-08,2021-01-11,24.1803010025,21.89048916358053413015292614,21.83576294067158279482754382,436,2.28981183891946586984707386,4.360,0,-1.161798955391620048430120096,stop,-1.023899877701207086468736853,-1.028267048763052446384659073,3
ranked,EDU,2019-10-29,2019-10-30,2019-11-27,120.5405979950,111.9782745340752985525449943,123.9493519950,116,8.5623234609247014474550057,1.160,0.4951227344244898791536419987,-0.5069419550439677083158421852,time,0.3981108650655748885742630468,0.3969429577743312996013589797,28
ranked,ADBE,2020-09-14,2020-09-15,2020-09-18,494.9743399750,454.8604688208731278209100357,453.7233176488209450013577606,24,40.1138711541268721790899643,0.240,0.2623945214501475844093835621,-1.058345897654216844616773363,stop,-1.028348078590644670869315682,-1.028597368916217529740376724,3
ranked,CPT,2021-06-02,2021-06-03,2021-06-10,129.8939320175,125.6305017734631055668022047,133.8219688558830521971148008,234,4.2634302440368944331977953,2.340,1.293810773664030325540014764,-0.3644802256758942081243732355,target,0.9213324983742973506008117626,0.9189869692046840707662424269,7
ranked,MAT,2023-09-21,2023-09-22,2023-10-06,21.5337000000,20.54315049707040462301462582,20.49179262082772861145708926,1009,0.99054950292959537698537418,10.090,0.7736099990294636696637809894,-1.578619741239870298299911649,stop,-1.051847864332658537409806614,-1.061943270943256537272311733,14
ranked,BMI,2024-05-10,2024-05-13,2024-06-03,197.7431250000,189.1197200342650296812853142,188.6469207341793671070821009,115,8.6234049657349703187146858,1.150,0.5875721968448865343548232217,-1.131005680326268243934022712,stop,-1.054827449477825378479854639,-1.055987084220683323674760497,21
ranked,MOH,2019-06-07,2019-06-10,2019-06-19,155.0666929825,144.3400101344998498457500683,143.9791601091636002211356931,93,10.7266828480001501542499317,0.930,0.06556649688129104597088206374,-1.097888335972906276365411119,stop,-1.033640411527924068009474426,-1.034572666181268682306958855,9
ranked,CYRX,2022-01-19,2022-01-20,2022-01-27,43.4483500000,36.86965263797830875644602943,36.77747850638336298455491436,152,6.57869736202169124355397057,1.520,0.2388998784277588667943362862,-1.112431321472281153593652636,stop,-1.014011000434076793433785672,-1.015531058197750377671970613,7
ranked,IR,2020-03-24,2020-03-25,2020-04-23,22.7567510025,17.77498812394386879265516506,27.66916759635349087932647285,200,4.98176287855613120734483494,2.000,1.070554566227315164588907028,-0.2482556943493963826857276350,target,0.9860799708068925545161357040,0.9840726492535033436374832920,29
ranked,JAZZ,2018-11-13,2018-11-14,2018-12-10,151.4877760025,138.8662718567909617631316831,138.5191061771489843587238539,79,12.6215041457090382368683169,0.790,0.2339044509606784905504770034,-1.199363390269647254978483568,stop,-1.027505888017317184667813082,-1.028298186612203731765738897,26
ranked,PRLB,2018-06-22,2018-06-25,2018-06-25,125.6633729950,118.3376139568158361698381165,118.0417699219237965794135212,136,7.3257590381841638301618835,1.360,0,-1.011959710435350743481103734,stop,-1.040384079431224434941478520,-1.041749125694400284686350428,0
ranked,CSCO,2026-06-09,2026-06-10,2026-07-10,120.0193010025,110.7991459143447239701282743,121.0067230050,108,9.2201550881552760298717257,1.080,0.3113502940083793482549481720,-0.9424243865119749147117734270,time,0.1070938604675421583887964532,0.1060092800126161283362222859,30
ranked,DFEM,2025-11-14,2025-11-17,2025-11-20,32.9120770050,32.19021363647522046487817244,32.10973810238403241371597701,1385,0.72186336852477953512182756,13.850,0.09409397672970905850706531488,-1.360474915089541718529762649,stop,-1.111483055658649276464862302,-1.125336092723594521960451140,3
ranked,UAL,2018-11-13,2018-11-14,2018-12-07,93.2625739975,88.57754384412251774022154493,88.35609998451221144587099107,213,4.68503015337748225977845507,2.130,0.9791663772308664719118637717,-1.206517954516260052780480554,stop,-1.047266261338929768721395810,-1.049400719319481058457801342,23
ranked,INTR,2025-05-27,2025-05-28,2025-06-24,7.1578500000,6.628648632321300662557784569,7.667833739259502589098609892,1889,0.529201367678699337442215431,18.890,1.137846643596716629192040210,-0.8084824154493983389517801274,target,0.9636856032638513737263877555,0.9447892046323356944240205677,27
ranked,STX,2026-08-06,2026-08-07,2026-09-04,864.8366929825,705.8652164344327909068854770,847.1568289275,6,158.9714765480672090931145230,0.060,0.9382393637917897322997393160,-0.6481458637728978836224798853,end_of_data,-0.1112140645536134924494226735,-0.1112769689199636179241003818,28
ranked,ITT,2021-08-26,2021-08-27,2021-09-01,97.5131719925,94.06976039804608012125318546,93.83458599705096492095005250,290,3.44341159445391987874681454,2.900,0.3504748051158802362323654844,-1.209025955307043403352516923,stop,-1.068296918490341201814288892,-1.071201015118262868970871267,5
ranked,ERIE,2022-10-06,2022-10-07,2022-10-24,231.2667270050,221.7656691600529317821362979,240.1658653878222005473190428,105,9.5010578449470682178637021,1.050,1.184423585104769315417620062,-0.6701078036679893511659371546,target,0.9366471110956359984294096065,0.9355945967163747161335519099,17
ranked,IGM,2020-08-14,2020-08-17,2020-08-24,50.9754518275,49.23008732285420408169657627,52.58901429131543142850766517,572,1.74536450464579591830342373,5.720,1.051098018561058802119681420,-0.08906553736266532868007131625,target,0.9244845185750397842840504792,0.9187550563490221886607329394,7
ranked,AXP,2025-01-30,2025-01-31,2025-02-10,321.7122790100,308.3433079381775635394505632,307.5724496683321196306019368,74,13.3689710718224364605494368,0.740,0.1150216409130415126141677211,-1.174530853993350151489425851,stop,-1.057660254158988299713983809,-1.058408254879932100530633699,10
ranked,AMT,2025-07-24,2025-07-25,2025-07-29,231.1965449875,222.9830977396795242889591207,218.4525000000,121,8.2134472478204757110408793,1.210,0.04303406375365639405594397906,-2.361559209215969050790616365,stop_gap,-1.551607334043786045070848863,-1.552824849625036488334062312,4
ranked,TLN,2024-11-29,2024-12-02,2024-12-20,216.5400000000,193.0572117006884336062752186,190.1833539900,42,23.4827882993115663937247814,0.420,0.6110858223944680375309043420,-1.176606272126978008786393424,stop_gap,-1.122381451216876366852808852,-1.122807295025223996728971843,18
ranked,IUSG,2017-11-30,2017-12-01,2017-12-01,53.7139520050,53.04177064561002149957455703,52.90916621899599644582562064,1487,0.67218135938997850042544297,14.870,0,-1.404311487983927730113987570,stop,-1.197274775269529800688148652,-1.212151712661955040889995435,0
ranked,TRMB,2021-04-06,2021-04-07,2021-05-05,82.9669020050,77.70251915840522931082052649,80.9072259975,189,5.26438284659477068917947351,1.890,0.3311113659082583874644720946,-0.8333170540280207123581121020,time,-0.3912473821755359326812515857,-0.3931469400708110512495356879,28
ranked,AVGO,2025-07-24,2025-07-25,2025-07-31,288.7901820175,272.8222473534354137808949781,303.9962213898606747535572593,62,15.9679346640645862191050219,0.620,1.137268555047899595033214290,-0.09520285807037738561661503951,target,0.9522859212707992456998342228,0.9516596662033543158942898749,6
ranked,ZTS,2019-08-05,2019-08-06,2019-08-08,117.8839709900,113.9195935065594273276185158,121.5437276022569712407005305,252,3.9643774834405726723814842,2.520,1.628509151050115418921661889,-0.1018994764467806042544732522,target,0.9231604779171459041171245090,0.9206380137870849900270137244,2
ranked,EUFN,2023-03-02,2023-03-03,2023-03-09,19.9698000000,19.42059962957253255833639370,19.37204813049860122694055272,1820,0.54920037042746744166360630,18.200,0.5466128869620768602722590756,-1.001091822957194729439333910,stop,-1.088403980929840793506536962,-1.106612271634773400444320409,6
ranked,MGK,2024-10-03,2024-10-04,2024-10-22,64.2341819925,62.36708222203908920036983771,65.93602855855350852263108688,535,1.86709977046091079963016229,5.350,1.030376114836695909930297170,-0.4714166893624109635806807162,target,0.9114920332475816226630575625,0.9061361330658085791344411699,18
ranked,CNX,2023-10-19,2023-10-20,2023-10-25,23.1176489975,22.01665611688452309368769421,21.8053509975,908,1.10099288061547690631230579,9.080,0.02029986105587340793589998294,-1.551008210466710979054617561,stop_gap,-1.191922330384551925104512888,-1.201005041250411294890220958,5
ranked,YINN,2025-01-30,2025-01-31,2025-02-03,33.2529229950,30.06041803501423184926753454,29.5060500000,313,3.19250495998576815073246546,3.130,0.01161407905852252452649035885,-1.247585530773225626945407039,stop_gap,-1.173646726305071476945210178,-1.176779062863773199037995472,3
ranked,ZETA,2022-10-06,2022-10-07,2022-10-26,7.1779000000,6.253894848689069590811197062,8.081650388432653083165830931,1082,0.924005151310930409188802938,10.820,1.062872862350007079120534122,-0.9284580272987181276626679801,target,0.9780793831619434991008571385,0.9672569326747221664552962574,19
ranked,MNST,2022-12-02,2022-12-05,2022-12-16,25.7592375000,24.62350980285230592812162736,24.56195102834517516330132329,880,1.13572769714769407187837264,8.800,0.03589020511023007081487081395,-1.016297747161394486517411065,stop,-1.054202054472856131015914273,-1.063006981943687692861006042,11
ranked,EPRT,2019-09-03,2019-09-04,2019-09-10,22.7367000000,21.82723576512724746680638883,21.77266767571442934813937286,1099,0.90946423487275253319361117,10.990,0.5424072559258143331980113659,-1.359811582005786713695480754,stop,-1.060000258746241955957952689,-1.070995743358563349292597152,6
ranked,APPF,2019-07-08,2019-07-09,2019-07-30,104.0494760025,97.51706220310539715570661493,93.6951750000,153,6.53241379939460284429338507,1.530,0.7119146368117388852849056352,-2.390307546644868913540483372,stop_gap,-1.585065080148412198126782228,-1.586595907849640610622053206,21
ranked,AXON,2020-06-18,2020-06-19,2020-07-20,93.0119489975,80.21674268431897196021251632,92.0093980050,78,12.79520631318102803978748368,0.780,0.7337164225971771366042019386,-0.4112437790142847651955830493,time,-0.07835364025879117484252302327,-0.07913518295183071292709105608,31
ranked,BR,2023-10-19,2023-10-20,2023-10-25,176.6505320175,170.8719670475896196589571637,170.4447871299706456098097708,173,5.7785649699103803410428363,1.730,0,-1.187239228636102013883030472,stop,-1.073924913857220017501285386,-1.075655447311818363882431131,5
ranked,CRM,2020-05-20,2020-05-21,2020-06-19,177.3723179825,164.4285270158514651043759413,189.8403186767756635583849986,77,12.9437909666485348956240587,0.770,1.072149732119265860939944773,-0.8013354054639564106243749017,target,0.9632418142722784471846512946,0.9624692430815224792376144618,29
ranked,HEI.A,2024-08-07,2024-08-08,2024-08-15,179.8284550125,170.8172272682305825336609720,188.3675835498774939226731804,110,9.0112277442694174663390280,1.100,2.238490199110532173242884373,-0.1729454694440586396755891309,target,0.9476098906508994416173321494,0.9465001639539619038410166482,7
ranked,EXI,2025-05-27,2025-05-28,2025-06-26,161.5829429825,156.9803525880111810192269974,162.4927440150,217,4.6025903944888189807730026,2.170,0.3817530709671471697211549411,-0.9153428007724997361710656501,time,0.1976715185408207345637249688,0.1954988290023438617694118346,29
ranked,VOOV,2023-02-01,2023-02-02,2023-02-10,153.2622050125,148.7992513741183295437196810,148.3681549875,224,4.4629536383816704562803190,2.240,0.3490517970213288694184288808,-1.064812766960137627443849169,stop_gap,-1.096594412926648983948920273,-1.098835081508549409014454662,8
ranked,UMH,2021-06-02,2021-06-03,2021-06-09,21.9848250000,21.00842020284790506634640806,22.90382672265921469631945796,1024,0.97640479715209493365359194,10.240,1.213815216247227076268816861,-0.4965409852697381123058022103,target,0.9412097578173424937097230542,0.9309681039160433009637672513,6
ranked,HESM,2022-04-14,2022-04-18,2022-04-22,34.0649500000,31.72915163872964303453156011,31.64982875963281892694523121,428,2.33579836127035696546843989,4.280,0,-1.153759264791295547231496287,stop,-1.033959643268900676090404270,-1.038240834730376553916780563,4
ranked,DTM,2024-12-30,2024-12-31,2025-01-08,100.7211760025,95.55085667330917536392307136,105.6267665933615975744867363,193,5.17031932919082463607692864,1.930,1.019051563750239662654255271,-0.3696440936848492284575103330,target,0.9487983775325811156264273289,0.9468642610180475656388064854,8
ranked,BALL,2019-02-12,2019-02-13,2019-03-14,55.2277250000,52.87300733012401480197533557,57.1268250000,424,2.35471766987598519802466443,4.240,0.9182731448708581110789507519,-0.6402992678436080139096154990,time,0.8065085782025065457708113647,0.8022617845728793194753513502,29
ranked,GRPN,2025-05-27,2025-05-28,2025-06-02,28.5913000000,25.78558488610584136349975659,31.31852257610942323990899280,356,2.80571511389415863650024341,3.560,1.375300357791622768829112292,-0.1323373845624181105737444345,target,0.9720240528355736658072083072,0.9684598991014760439162426369,5
ranked,TUG,2025-10-17,2025-10-20,2025-10-28,40.0899770050,39.07019807571426759120666323,41.00698154445001807777135343,980,1.01977892928573240879333677,9.800,1.372871075087418521031800993,-0.5883383033028844621400115829,target,0.8992189513979280118620739167,0.8894129045059764969462148539,8
ranked,NMAX,2026-08-06,2026-08-07,2026-08-14,8.6716250000,7.797944197931863814302536901,9.521442537562965845233219441,1144,0.873680802068136185697463099,11.440,3.340321766361077962473008128,-0.1151736420919461926496240006,target,0.9726865184073149589357690500,0.9612406906217799335792846773,7
ranked,GLPI,2020-01-27,2020-01-28,2020-01-30,46.1851750000,44.91217198006274828874577510,47.33953257488740858197608934,785,1.27300301993725171125422490,7.850,1.079986440305355521464357761,-0.2043797193920439227600516318,target,0.9067987717297863544258553110,0.8989433308208614757760162931,2
ranked,UPRO,2019-07-08,2019-07-09,2019-07-15,27.7892989975,26.38580114225834446763011712,29.11981486060980139353895817,712,1.40349785524165553236988288,7.120,1.076382124032449130307729042,-0.04937663227712440190401257170,target,0.9479999261421827870912273949,0.9408748707225019419506467517,6
ranked,YANG,2023-10-19,2023-10-20,2023-10-24,251.4270030075,228.4053582586656129860877429,227.8343448630189489536225235,43,23.0216447488343870139122571,0.430,0.5113887005443466983519075677,-1.156607197183344442357423354,stop,-1.024803327558756422612502257,-1.025237701388649975799093785,4
ranked,GLD,2026-04-13,2026-04-14,2026-04-28,440.4183070175,418.5403586340842648565819340,417.4940077374990541944404792,45,21.8779483834157351434180660,0.450,0.3785412067604029833091967073,-1.006415804243814116200645655,stop,-1.047826737601153769324423263,-1.048283818851403923334070994,14
ranked,GOF,2021-06-30,2021-07-01,2021-07-19,21.6640260025,20.89327187929154455425473869,20.84103869959331569286910184,1297,0.77075412320845544574526131,12.970,0.5137474916795307725151584908,-1.108040783414690685461778721,stop,-1.067768926724381673606211662,-1.080743232925135445270027160,18
ranked,AGM,2023-01-03,2023-01-04,2023-01-06,113.8338780075,107.9867176579272731281820920,119.3818357611800450546383632,171,5.8471603495727268718179080,1.710,1.370942391392732515729248085,-0.1580038774834541370149452904,target,0.9488294183834815421715377292,0.9471191865098626262609183335,2
ranked,BN,2024-10-31,2024-11-01,2024-11-06,35.7892510025,34.26147746199589642513717505,37.22373198164659331592566789,654,1.52777354050410357486282495,6.540,1.630312301833787316739853296,-0.2504199689004709418257336430,target,0.9389356086591685041453058741,0.9323901359599225126136400806,5
ranked,CSW,2024-09-05,2024-09-06,2024-09-09,293.1811370300,272.4810860123994023391731687,313.0964850774815961666747642,48,20.7000510176005976608268313,0.480,1.097768404081643083632548974,-0.4155134701207603106751044534,target,0.9620917373850048284497186087,0.9616086467881991820881760645,3
ranked,CIEN,2019-02-12,2019-02-13,2019-02-19,39.0975000000,37.18280359371264583389183057,40.90966591527163578069289901,522,1.91469640628735416610816943,5.220,1.834495008433650455508270865,-0.1188183146178930375474874256,target,0.9464507842188268069644431293,0.9412280241158869061487329818,6
ranked,DGP,2026-02-12,2026-02-13,2026-03-02,213.8533070175,187.6535917727752062130751674,239.4528897065692318024575205,38,26.1997152447247937869248326,0.380,1.151794655042136548429282944,-0.6730342621204783712735354364,target,0.9770939283099118324897057650,0.9767122447722629468069030135,17
ranked,ETD,2022-05-13,2022-05-16,2022-05-19,24.1903239975,22.20486563444701183225355939,22.14935347036089430267292549,503,1.98545836305298816774644061,5.030,0.2617405694173858869291547433,-1.052816838871283429042430692,stop,-1.027959369543644272240611351,-1.032995989895945822225770677,3
ranked,FDS,2022-12-02,2022-12-05,2022-12-09,468.6988239975,447.2624967326973829751185313,446.1443404908656395176807350,46,21.4363272648026170248814687,0.460,0,-1.013177897930360976312414695,stop,-1.052161745247643255641541962,-1.052628243070543146824378422,4
ranked,TEAM,2018-09-18,2018-09-19,2018-10-04,92.6410290100,86.66660982769742836247755179,86.44994330312818479157135791,167,5.97441918230257163752244821,1.670,0.9326376037532296328613008124,-1.208658246041747911502694795,stop,-1.036265705160269518750006054,-1.037939508034634612927191556,15
ranked,AMG,2017-10-04,2017-10-05,2017-10-25,195.8283459900,189.9220779722779623881756262,189.4472727773472674822051871,169,5.9062680177220376118243738,1.690,0.4354099750102176274942844654,-1.379611112389495359259434199,stop,-1.080390052314933791563243215,-1.082083168843001011880436953,20
ranked,LHX,2017-12-29,2018-01-02,2018-01-08,142.3950929825,138.5769594105916138910643056,145.8476934880223651436633552,261,3.8181335719083861089356944,2.610,1.109157638867856309533107712,-0.4072924514588756891921714607,target,0.9042639395658126236229321157,0.9016448588522477017053232154,6
ranked,FSLR,2023-01-03,2023-01-04,2023-01-09,147.0166189850,133.0933022228855004276940262,160.5375859077467133233752089,71,13.9233167621144995723059738,0.710,1.101274019472308303415638404,-0.3739497616808714613242682891,target,0.9711024430283318227780170802,0.9703842233561909064917430404,5
ranked,NJR,2022-04-14,2022-04-18,2022-04-28,46.0147520050,43.93384767642203850030158205,43.82401305723098340405082809,480,2.08090432857796149969841795,4.800,0.7137512160470066919683500686,-1.093154535631394373833197989,stop,-1.052782157104797487630170231,-1.057587760064369277471020009,10
ranked,LDOS,2018-12-13,2018-12-14,2018-12-19,57.9043979950,54.51946078339907288702779592,54.38316213144057520481022643,295,3.38493721160092711297220408,2.950,0.02233483230970880000214231039,-1.115056723080212013598606676,stop,-1.040266227536325374501572584,-1.043220492083900375984951538,5
ranked,FDN,2024-02-14,2024-02-15,2024-02-20,202.7656449875,195.8200386938458078753243357,195.3304885971111933556360249,143,6.9456062936541921246756643,1.430,0.1230058221527142007642210310,-1.122384952141966248281020052,stop,-1.070483421610275948353508805,-1.071923180729524678987362702,5
ranked,PPL,2025-02-28,2025-03-03,2025-03-06,35.2378770050,33.99738878873046044183226320,33.91239531675863429072768254,806,1.24048821626953955816773680,8.060,0.5418213459707365037969850599,-1.199428568112013853823925871,stop,-1.068516146189137470479126650,-1.076577488383965018431075311,3
ranked,LPX,2020-12-08,2020-12-09,2020-12-14,37.8944989975,35.33804852305414873459929483,40.34982209826598663723720341,391,2.55645047444585126540070517,3.910,1.120889698878731303511378828,-0.05652329233224137108359104044,target,0.9604422715437953112191112934,0.9565305978775305074730790041,5
ranked,RGEN,2018-10-16,2018-10-17,2018-10-24,56.8618010025,53.76237002397485086463166181,53.62796409891491373747008266,322,3.09943097852514913536833819,3.220,0.4737001751846195694111587674,-1.375027555712165134077109624,stop,-1.043364709842286472521151766,-1.046591108516522624369367349,7
ranked,STN,2025-08-21,2025-08-22,2025-09-22,108.7712500000,104.3539310666234186726198988,111.7100230050,226,4.4173189333765813273801012,2.260,0.8056361910186330785820925895,-0.4417272172169085664253390417,time,0.6652843159671093527554315048,0.6630204993510073229467174034,31
ranked,PAVE,2023-01-03,2023-01-04,2023-01-09,26.6765260025,25.65917817876095005178497967,27.62463914167345232334448278,982,1.01734782373904994821502033,9.820,1.055169109768839918250112338,-0.2718106787545741196736629477,target,0.9319459058641911006245423850,0.9221164259492028484917736792,5
ranked,QLD,2017-11-01,2017-11-02,2017-11-16,8.7543312500,8.451129155498380436700636493,9.034889511140365514391115098,3298,0.303202094501619563299363507,32.980,1.020503339558385637221821183,-0.5007592386509354694291656127,target,0.9253176881958079739553424570,0.8923363856872048063314728246,14
ranked,OILU,2026-06-09,2026-06-10,2026-06-15,42.6062500000,36.73187919805463259174816800,36.64004950005949601026879758,170,5.87437080194536740825183200,1.700,0.4006810396137281910142601077,-1.030961647500086445308443590,stop,-1.015632261069513366483003625,-1.017334571042300304219415876,5
ranked,TVTX,2024-10-31,2024-11-01,2024-11-11,17.9948760025,15.86349528988383665201593419,20.07594107332837293961410565,469,2.13138071261616334798406581,4.690,1.095592159428782644919266254,-0.5183855685471689736006923776,target,0.9763929355792891305284461871,0.9717011412223225144765323689,10
ranked,MTH,2020-07-17,2020-07-20,2020-07-23,41.5887135025,37.77271862409924976574233441,45.29119660994849835867202143,262,3.81599487840075023425766559,2.620,1.942163638491570707739242121,-0.1962040113674836008210667375,target,0.9702536888624379766714758226,0.9676331402719244297247107383,3
ranked,QTEC,2020-03-24,2020-03-25,2020-04-23,82.9268010025,70.69611301135810392384127290,92.1690019950,81,12.23068799114189607615872710,0.810,0.9846706911518236188335003685,-0.3006209466845145250549254640,time,0.7556566727230459429367222711,0.7548390572293596905351553591,29
ranked,PI,2024-10-31,2024-11-01,2024-11-11,189.7030709900,170.1205030552098061284762891,208.7624248274782183868449016,51,19.5825679347901938715237109,0.510,1.110524732119766032851667274,-0.03590290059716484515162031553,target,0.9732816401273686601244556174,0.9727709818708366299072563511,10
ranked,IPGP,2017-11-01,2017-11-02,2017-11-06,208.1490800125,197.9294185237906555447276652,217.8228196474563210941341540,97,10.2196614887093444552723348,0.970,1.098952739276921925360310100,-0.2181170105255133973164679037,target,0.9465812195094567064401963348,0.9456027135177418170477340738,4
ranked,CSTM,2023-04-28,2023-05-01,2023-05-18,14.8269750000,13.66938607702251072104159591,15.94460251317004555576100808,863,1.15758892297748927895840409,8.630,1.099721131337013938937869207,-0.9130832016613501762407292118,target,0.9654787558741862448748388422,0.9568401106681846821487504369,17
ranked,BXP,2024-12-30,2024-12-31,2025-01-08,73.8140719925,69.61960664747666164102598215,69.44555763085796998692341719,238,4.19446534502333835897401785,2.380,0.3113462384543157287002792055,-1.207322406062654709164115127,stop,-1.041494923024026851434966614,-1.043879017104542936651668073,8
ranked,FVD,2022-08-10,2022-08-11,2022-08-26,41.4333270050,40.49262914512399797016120186,40.39139757226118797523579886,1063,0.94069785987600202983879814,10.630,0.9850920625270152269457290262,-1.236663815896576827487395117,stop,-1.107613270084566602477758848,-1.118243675899796317939297499,15
ranked,AMG,2023-02-01,2023-02-02,2023-02-06,178.3748179825,171.1016520571924305030716443,170.2632769950,137,7.2731659253075694969283557,1.370,0.3100695131473481509812317331,-1.493823060559497079363515119,stop_gap,-1.115269618595560513693228347,-1.116644535667808816271004391,4
ranked,IYE,2026-07-09,2026-07-10,2026-07-17,58.7264520050,56.38137792169578230433112925,60.91884727308345715142969857,426,2.34507408330421769566887075,4.260,1.246677030723356805129141163,-0.3652136242080909785981109457,target,0.9348938200683043870360538781,0.9306295624607536846061159862,7
ranked,UI,2018-07-23,2018-07-24,2018-07-27,88.4104770050,84.51353751060747286521576795,84.30225366683095418305272853,256,3.89693949439252713478423205,2.560,0.005009827591137217366785196718,-1.344767865280112589526310269,stop,-1.054217891779059962086484334,-1.056784008090177809203069261,3
ranked,CPNG,2024-01-17,2024-01-18,2024-01-31,15.1979000000,14.18026636759630895463337879,14.14481570167731818224679534,982,1.01763363240369104536662121,9.820,0.01189033028656818226784086255,-1.275409890821226757473607893,stop,-1.034836374103767474646367492,-1.044663093348865145942103742,13
ranked,ANF,2020-12-08,2020-12-09,2020-12-18,22.1251750000,19.84760525528777750162426057,19.79798624214955805787019992,439,2.27756974471222249837573943,4.390,0.05041558014483919555974761183,-1.007729842446603968376605486,stop,-1.021785946732660408199839731,-1.026176591639678844564720864,9
ranked,WSFS,2023-02-01,2023-02-02,2023-03-03,49.0322750000,45.79663077630552333733847097,49.2166500000,309,3.23564422369447666266152903,3.090,0.8461143471682589040780795388,-0.3221222507615274407510514004,time,0.05698247002863608851853123121,0.05389189538301514812430580850,29
ranked,MAX,2024-09-05,2024-09-06,2024-10-04,17.2430010025,15.64713254220523539549627046,18.0148490025,626,1.59586846029476460450372954,6.260,0.7939244549428460864706436583,-0.3778519455097336911595198665,time,0.4836538970495324848512308048,0.4773877164407917420514667217,28
ranked,CVS,2025-11-14,2025-11-17,2025-12-16,78.1047790100,74.13418069214990762487076847,78.0942759975,251,3.97059831785009237512923153,2.510,0.7493135169641019854004911727,-0.9985346521142831849780709195,time,-0.002645196431173357262857187149,-0.005163708554407864755690492974,29
ranked,BRK.B,2023-01-03,2023-01-04,2023-02-02,312.7800000000,301.4308048792044498394322331,311.0803350375,88,11.3491951207955501605677669,0.880,0.7524768857266211925640638140,-0.7859601412311192411188114579,time,-0.1497608371703506091401452951,-0.1506419569232110238828545971,29
ranked,ROP,2020-06-18,2020-06-19,2020-06-24,407.8771349625,385.6926833206265020114669089,384.7284516123249357564382416,45,22.1844516418734979885330911,0.450,0,-1.141210852140852996266441728,stop,-1.043464302109751673467690588,-1.043915068266221587930383831,5
ranked,H,2023-02-01,2023-02-02,2023-02-14,110.8564520050,105.7128605507315904187408165,115.7100433506202385573060355,194,5.1435914542684095812591835,1.940,1.122473479150219725729941436,-0.3823112746188538929143513422,target,0.9436191402006637945970552123,0.9416749733497562444676568678,12
ranked,PZZA,2020-10-12,2020-10-13,2020-11-03,80.4606520050,74.02441380188094696882352826,73.83935276737624460140146944,155,6.43623820311905303117647174,1.550,0.7767498400816296787815518181,-1.140518541007798963617701029,stop,-1.028752980959439987010604759,-1.030306683554715891996634943,21
ranked,ZS,2020-08-14,2020-08-17,2020-08-20,124.9515989975,114.1896810163514218305412678,135.3742331862019567240350854,92,10.7619179811485781694587322,0.920,1.122327825175537972370542131,-0.2603250649565902297861532336,target,0.9684736686303558885282127414,0.9675444662319063940813007593,3
ranked,IXN,2026-06-09,2026-06-10,2026-06-15,134.7359939850,126.0660266005974219583077006,143.0474464659790715965880687,115,8.6699673844025780416922994,1.150,1.206925303297556023992717871,-0.2359861224715533680661471466,target,0.9586486445071891521444952185,0.9574952376307122955254007544,5
ranked,TRGP,2022-05-13,2022-05-16,2022-06-07,71.7589520050,64.98200689974253983287461016,78.33955736748181651670757637,147,6.77694510525746016712538984,1.470,1.275065661708900825107182362,-0.6284471747743631583324022489,target,0.9710282819579981551217227983,0.9695526908406609144116519126,22
ranked,EFX,2024-04-12,2024-04-15,2024-04-17,250.6751280075,237.7169769923228534038353138,237.1226845498420462703257255,77,12.9581510151771465961646862,0.770,0,-1.009799314128545637164168628,stop,-1.045862441469060372585227361,-1.046634156506822131013681005,2
ranked,INSM,2025-08-21,2025-08-22,2025-09-02,132.6307530075,125.2270212100718811206450731,139.6843985929157985821565396,135,7.4037317974281188793549269,1.350,1.875979758927085517157289082,-0.6227601341666191948975678254,target,0.9527148981633921480111234301,0.9513642279509090643829856696,11
ranked,BRX,2024-11-29,2024-12-02,2024-12-10,30.1752500000,29.21556869905661012080466752,29.14252977730896859550265585,1042,0.95968130094338987919533248,10.420,0,-1.214205172961618746308165754,stop,-1.076107476175520459288855351,-1.086527602096667155245157996,8
ranked,RMD,2018-07-23,2018-07-24,2018-07-27,110.0043280075,106.9704954926984768482610827,106.7030692539667306561404300,329,3.0338325148015231517389173,3.290,0,-1.346260872204806472269094994,stop,-1.088147990183051198326527778,-1.091444151045990005487224856,3
ranked,SITE,2018-03-28,2018-03-29,2018-04-17,74.5058000000,69.96033825062325144165181191,78.85363359500330668695231762,219,4.54546174937674855834818809,2.190,1.146021303713370688842128584,-0.3070752933277648017304693921,target,0.9565218749447094840217502549,0.9543218784314023043939494799,19
ranked,OSW,2025-07-24,2025-07-25,2025-07-29,22.3657739975,21.39632180634859497717006436,21.34283100183272348972713920,1031,0.96945219115140502282993564,10.310,0.3447586230147596961917982126,-1.052940007580610640049298770,stop,-1.055176320198256703329928587,-1.065491424017995495864855451,4
ranked,OUNZ,2024-10-03,2024-10-04,2024-10-18,25.6640000000,25.11745610111840427574109232,26.14501753913439173494826041,1829,0.54654389888159572425890768,18.290,1.103296553550284950396573301,-0.9496035013144243602915780152,target,0.8801077829588950540340893137,0.8618109910260545075930184463,14
ranked,TPL,2018-08-20,2018-08-21,2018-08-24,89.8418194375,85.43258454361894079380790818,94.01542669555260655817661159,226,4.40923489388105920619209182,2.260,1.004548786603946764034078786,-0.2987761979585605352773251244,target,0.9465604256748838127546429015,0.9442924585012869701692004833,3
ranked,STC,2024-01-17,2024-01-18,2024-01-22,57.6136760025,55.29464353758614891748326504,59.78287669624531645481044312,431,2.31903246491385108251673496,4.310,1.240312949912433251759341479,-0.4155500266081006265483350414,target,0.9353903951602934221008182033,0.9310782519922711984593919623,4
ranked,FELE,2022-08-10,2022-08-11,2022-08-26,95.0370030075,90.60608963196071891073075686,90.37957440788081711345392997,225,4.43091337553928108926924314,2.250,0.2602170015024655931088641687,-1.285741002961183864580734124,stop,-1.051121564535739294219184660,-1.053378435558134967241499675,15
ranked,BV,2024-08-07,2024-08-08,2024-08-21,14.4460250000,13.23330256250869744539898284,15.61960056889757429821451462,824,1.21272243749130255460101716,8.240,1.198934690288871371694839167,-0.1533945396316905702777093526,target,0.9677198447200256313600853908,0.9594739347814856195187893633,13
ranked,VONG,2017-09-06,2017-09-07,2017-10-04,31.7642114975,31.28426266571263805125402249,32.16354992846414354387411257,2083,0.47994883178736194874597751,20.830,1.095511578894617348005898984,-0.2588036250394114897770127267,target,0.8320437607421195010146102454,0.8112082063294557117065325516,27
ranked,ZIM,2024-07-10,2024-07-11,2024-08-08,18.5462500000,15.78752530626230786074449965,18.7729500000,362,2.75872469373769213925550035,3.620,0.6719590411497074664572908543,-0.7344879337179202988046314732,time,0.08217565185631216865589633806,0.07855078851902446822996354855,28
ranked,URBN,2018-03-28,2018-03-29,2018-04-16,36.7416270050,33.97748139567859816891016418,39.40700818278559832651211123,361,2.76414560932140183108983582,3.610,1.102826849902591159432032539,-0.2683024376498275511988337220,target,0.9642694541116992069054979691,0.9606516996901240708814418639,18
ranked,KALU,2026-04-13,2026-04-14,2026-04-21,143.9590060150,132.1507712231755562528792257,155.3778227048073826377529724,84,11.8082347918244437471207743,0.840,1.135731904169558016472357036,-0.5215854125177330383640358085,target,0.9670214804428957619352568018,0.9661746138132684779512692800,7
ranked,MTDR,2022-11-03,2022-11-04,2022-11-21,70.2953030075,64.14603285501779773399289869,63.98566777288025323965791644,162,6.14927015248220226600710131,1.620,0.5666844854902617160192586506,-1.306708732621949390672733700,stop,-1.026078717987826871039490473,-1.027704927237385279156548790,17
ranked,CAH,2023-01-03,2023-01-04,2023-02-02,76.9017739975,73.76555927274441964651409110,76.0892990025,318,3.13621472475558035348590890,3.180,0.7041058078930157732339992921,-0.9698867151824431817510855275,time,-0.2590622984410992188712784788,-0.2622508556279096168807738785,29
ranked,CVNA,2021-08-26,2021-08-27,2021-08-31,69.3449269925,65.10027452936242817430596088,64.93752384303902210387019598,235,4.24465246313757182569403912,2.350,0.1053261748476650456536651295,-1.111734831881112856492171113,stop,-1.038342523383670296847140720,-1.040698428863999816531991413,4
ranked,AMG,2025-09-19,2025-09-22,2025-10-01,242.9759199875,233.6137079060094761315542762,233.0296736362444524412253905,106,9.3622120814905238684457238,1.060,0.7662798011896609018516237763,-1.290925785733305488628971321,stop,-1.062382080717834124310463835,-1.063450204352821031830678973,9
ranked,BWFG,2026-07-09,2026-07-10,2026-07-16,57.7740760025,54.37839604618941375027886733,61.01683156891355978409682984,294,3.39567995631058624972113267,2.940,1.038355511374789013197813677,-0.2485734855345703531748583826,target,0.9549650167670161848799050083,0.9520200984800569444627500569,6
ranked,AGQ,2025-12-15,2025-12-16,2025-12-19,131.9991729950,117.0745078167501524977042851,146.5565285778167228835399756,67,14.9246651782498475022957149,0.670,1.098237435094144134769954286,-0.2103345004734047542202157776,target,0.9753890897352648372895463794,0.9747190579536089718414341112,3
ranked,FFIV,2018-02-28,2018-03-01,2018-03-29,149.1820229950,142.1295908209329754190476212,141.7742668438806429805000021,141,7.0524321740670245809523788,1.410,0.6704043212759392120738481911,-1.008448691098664531313383620,stop,-1.050383182465606442974606988,-1.051801133004254893428933313,28
ranked,IXN,2025-12-15,2025-12-16,2026-01-02,102.6459739975,98.59047049765325845521650293,106.4347238036033746909215384,246,4.05550349984674154478349707,2.460,1.221555844468439926555093299,-0.5168214002476405825872874627,target,0.9342242723367277231361350873,0.9317584872621055701996544504,17
ranked,NN,2025-09-19,2025-09-22,2025-09-29,16.8520239975,14.92713079861330745620448281,14.88981297161677418756397160,519,1.92489319888669254379551719,5.190,0.3158486937621457158235288817,-1.247873907440302311606852371,stop,-1.019386959763854387089500134,-1.024582053188146049736000619,7
ranked,EW,2019-09-03,2019-09-04,2019-09-10,73.3629500000,70.12920203730686013320277589,69.95387903221359298286976895,309,3.23374796269313986679722411,3.090,0.8350626057298106823506043384,-1.230652186228416371419091701,stop,-1.054216657301657519749755098,-1.057309044251836459923221683,6
ranked,BF.B,2018-03-28,2018-03-29,2018-04-16,53.5735989975,51.01587734793049406354697916,55.99099234545183217161188829,390,2.55772164956950593645302084,3.900,1.026852160766615772811093948,-0.3259138841946714539376650699,target,0.9451354287745530726329278779,0.9412256991909280853807675188,18
ranked,OVV,2021-06-02,2021-06-03,2021-06-25,29.8043250000,27.27657546523418244598403626,32.25124434842890301013092383,395,2.52774953476581755401596374,3.950,1.398744199680986723230581744,-0.5753437909878738900669082411,target,0.9680228657051644844196304039,0.9640667775475114571384731093,22
ranked,TWST,2020-08-14,2020-08-17,2020-09-15,67.1474530075,58.21567653192281689958218183,61.5657009975,111,8.93177647557718310041781817,1.110,0.5421704188121286808977369307,-0.8785994621515522463195027040,time,-0.6249318962764683237952572760,-0.6260514943796389236725442952,29
ranked,PTC,2023-08-23,2023-08-24,2023-09-13,144.4301820175,139.1930078234417352928224840,138.8450253038831309545904278,190,5.2371741940582647071775160,1.900,0.7102708148833852363082357092,-1.304172014222678498037792097,stop,-1.066444709811906049552983509,-1.068354136466330740589926895,20
ranked,PI,2019-06-07,2019-06-10,2019-06-28,26.5662500000,24.08752600782260127977752496,28.97236155719695522342191885,403,2.47872399217739872022247504,4.030,1.002027255893943696162995738,-0.5996028620735725785585630496,target,0.9707057198745802396717722015,0.9666713860675250835502679927,18
ranked,SANM,2025-11-14,2025-11-17,2025-12-16,159.3674260025,140.9653402922732748176659113,146.4728960100,54,18.4020857102267251823340887,0.540,0.9581834513302435695637048590,-0.9084531104650544964170716546,time,-0.7007102453247475577519947648,-0.7012536619872643846969393382,29
ranked,AHR,2026-08-06,2026-08-07,2026-08-11,55.9394989975,52.96823238939722143407367615,52.83581180842372838048849196,336,2.97126660810277856592632385,3.360,0.4915422259709519795883872218,-1.214800781477077239039065216,stop,-1.044567047807953730527002507,-1.047932615869981401569660203,4
ranked,VIV,2023-10-19,2023-10-20,2023-11-01,9.0525750000,8.681982335414185857857023744,9.399609745424349606787618815,2698,0.370592664585814142142976256,26.980,1.369225698428526426726502279,-0.5736082235669192593218430743,target,0.9364317715576113828771559020,0.9094479670854524150153733277,12
ranked,OILU,2026-03-13,2026-03-16,2026-03-19,44.6613739975,39.73540062920896087199656360,49.46337899737656153018342781,203,4.92597336829103912800343640,2.030,1.183243912770506420531646213,-0.2357653829344420135195021889,target,0.9748337314991441445851480793,0.9728036758629584204121776732,3
ranked,CWI,2025-05-27,2025-05-28,2025-06-26,31.9296250000,31.20230832140091316409830605,32.3588990025,1374,0.72731667859908683590169395,13.740,0.7292201809830267484932029719,-0.8381837209813785772872894632,time,0.5902160848653182035511508554,0.5764669157698680731055935134,29
ranked,HRB,2017-09-06,2017-09-07,2017-10-05,26.0650000000,24.72175513496689239857002268,24.65995074712947516757359762,744,1.34324486503310760142997732,7.440,0.8896367528421902889384516807,-1.060864654758890379855717643,stop,-1.046011259336467970462721222,-1.053455918356067889198607847,28
ranked,BKU,2021-01-07,2021-01-08,2021-01-22,39.1877250000,36.42808546730638976557594955,36.2790740025,362,2.75963953269361023442405045,3.620,0.4066748525321263444637542971,-1.100768040177682170413934803,stop_gap,-1.053996713353697925127622384,-1.057620375024553635705624180,14
ranked,NVS,2023-08-23,2023-08-24,2023-09-05,102.1948520050,99.95593507024663896510021418,99.2911509975,446,2.23891693475336103489978582,4.460,0.6276007712429004449490419465,-1.882539249033956470628183176,stop_gap,-1.296922169120075703749724160,-1.301388614411000085204827279,12
ranked,AAMI,2026-08-06,2026-08-07,2026-09-04,92.2901479950,85.40118710910122296900047017,93.3460519950,145,6.88896088589877703099952983,1.450,0.9043234688343298435810301713,-0.5196936162503572285208431579,end_of_data,0.1532747851945802046219231090,0.1518231874622619237495907463,28
ranked,ARKF,2020-12-08,2020-12-09,2020-12-10,48.4107260025,46.60702416211441994716355035,46.49050660170913389729564147,554,1.80370184038558005283644965,5.540,0.03286296890805893656573973067,-1.009438456918567353929291659,stop,-1.064599124864438745535398567,-1.070143278435775283603702953,1
ranked,CASH,2022-01-19,2022-01-20,2022-01-25,59.6287000000,55.72291507376847460230142371,55.58360778608405341579567015,256,3.90578492623152539769857629,2.560,0.3229309918037287426648863109,-1.036590103261615963359869371,stop,-1.035666912109989384114594768,-1.038227216937026658723271112,5
ranked,KEX,2026-03-13,2026-03-16,2026-03-24,126.3150000000,117.6304563608073210231777665,134.6620447800946972793801779,115,8.6845436391926789768222335,1.150,1.340888765581990637587172626,-0.2757775306916001631431010401,target,0.9611379856996888994169725018,0.9599865147168187382933362751,8
ranked,PCVX,2024-02-14,2024-02-15,2024-02-27,74.3253489975,68.87156578237529171990969742,79.57968438209314650939007682,183,5.45378321512470828009030258,1.830,1.343040732199787611139241776,-0.4227069369216365056626591069,target,0.9634294538920353619532091392,0.9615958643257563993599374838,12
ranked,HQY,2018-05-24,2018-05-25,2018-06-05,75.9895030075,72.74710526267056883263688063,79.03382100044860758944471157,308,3.24239774482943116736311937,3.080,1.215303396624861914238081433,-0.7091976951831265916995486326,target,0.9389094838236005139006162451,0.9358253464700180471980025102,11
ranked,IVW,2020-05-20,2020-05-21,2020-06-05,49.3856572525,47.05644087164920294858004272,51.58558644926742005879140739,429,2.32921638085079705141995728,4.290,1.083773396174523206009448743,-0.4220978611445624404923409139,target,0.9444932702919803308875055184,0.9401999808912131586950556548,15
ranked,SMH,2026-08-06,2026-08-07,2026-09-04,585.0389670425,531.5490728605234330458367419,565.5924849750,18,53.4898941819765669541632581,0.180,0.2866154101061167111815419147,-0.8407001122401229611066848990,end_of_data,-0.3635543192764904913946264703,-0.3637412704782629096034473787,28
ranked,KEX,2024-05-10,2024-05-13,2024-05-21,115.7887500000,110.8739271006022077917102874,120.4018139671492977277689883,203,4.9148228993977922082897126,2.030,1.263779006311917681632215335,-0.3985388772075598526965970656,target,0.9386022775539951465248169922,0.9365676162437726990599231056,8
ranked,SGHC,2025-02-28,2025-03-03,2025-03-04,7.5187500000,6.856319583601417255697412206,6.839178784642413712558168675,1509,0.662430416398582744302587794,15.090,0.01698291582255924493235300961,-1.205787023401706390197063683,stop,-1.025875621853526071741139821,-1.040971547029134289458786940,1
ranked,HUBB,2024-05-10,2024-05-13,2024-05-30,408.4184939850,386.9187184519677408410958467,385.9514216558378214889931071,46,21.4997755330322591589041533,0.460,0.3414694262142641172438348547,-1.082731256855911845409246279,stop,-1.044991018378018150618225035,-1.045456139513103305257425035,17
ranked,IYW,2019-10-01,2019-10-02,2019-10-11,50.3179822525,48.70100025741990706375517624,51.80512683696114270390421170,618,1.61698199508009293624482376,6.180,1.176277010682353652538454129,-0.7903497109976778504487603177,target,0.9197038612588144008247236181,0.9135195004988143017587260884,9
ranked,CQP,2018-11-13,2018-11-14,2018-11-15,34.6263510025,32.42422033535200108160429795,36.73641046547387892109971279,454,2.20213066714799891839570205,4.540,1.018853254700717003502114685,-0.2935116485785539416739045929,target,0.9581899450619965620836159630,0.9536488884620487041598726701,1
ranked,AMCX,2019-03-13,2019-03-14,2019-04-11,59.0973760025,54.93418236070952157375364384,59.4908990025,240,4.16319364179047842624635616,2.400,0.4546091679478142391703961534,-0.8568847162645469456828096415,time,0.09452430846592959940626188374,0.09212230633477259970341702121,28
ranked,GRPN,2024-03-14,2024-03-15,2024-03-15,16.2204500000,14.13484806290753334491510021,14.09951094275026451155281246,479,2.08560193709246665508489979,4.790,0.4361086283166769488313402304,-1.874974284619024785423890746,stop,-1.016943367537590725223905783,-1.021738146360025546754481269,0
ranked,DSGN,2026-07-09,2026-07-10,2026-07-15,15.4585500000,13.49994169285310189308734326,13.46619183862096913835462490,510,1.95860830714689810691265674,5.100,0.04669131631184342466108520953,-1.112294884102422009791221249,stop,-1.017231548599574827017348792,-1.022337214680694939063394195,5
ranked,AON,2025-07-24,2025-07-25,2025-07-29,369.4312850250,357.3492587661827241050746461,356.4558856192672672948119595,82,12.0820262588172758949253539,0.820,0.9575144704355637979834953507,-1.440262225245604858619668848,stop,-1.073942327866030493449297766,-1.074770003604005500304355577,4
ranked,DBO,2018-07-23,2018-07-24,2018-08-21,12.1302500000,11.64257886556204322689131069,11.8702500000,2050,0.48767113443795677310868931,20.500,0.6351616450643286496535182791,-0.9847825021538138304958907297,time,-0.5331461750338190440998054966,-0.5536517971505043919497980157,28
ranked,PAA,2026-05-11,2026-05-12,2026-05-18,22.2655239975,21.20108220354505728778582786,23.27164087697630535543363671,939,1.06444179395494271221417214,9.390,1.056398770591300611241432499,-0.6346274651524953109217791789,target,0.9452061025695631214702513286,0.9358115071517668009047220606,6
ranked,GNRC,2024-07-10,2024-07-11,2024-07-12,146.0642469925,137.2449758442442234507906616,154.4963093454038871078363151,113,8.8192711482557765492093384,1.130,1.178755005118083042799271092,-0.2068472509614116837601115691,target,0.9560951479047710973257674399,0.9549612673570596528214544433,1
ranked,PK,2024-04-12,2024-04-15,2024-04-16,17.2931250000,16.46950643843150750265126329,16.42833267233542873389463513,1214,0.82361856156849249734873671,12.140,0,-1.302940523773951334910330354,stop,-1.049991304248495545207462142,-1.062132847028876892177998038,1
ranked,CARR,2023-07-26,2023-07-27,2023-07-27,53.7740989975,51.69148209990286856005219405,55.71707410535938861134793644,480,2.08261689759713143994780595,4.800,1.611387099745493950448657280,-0.06439014187137396584077698054,target,0.9329488827739475992446210793,0.9281472315381693162628650968,0
ranked,BBY,2020-01-27,2020-01-28,2020-01-31,88.6210020050,85.08166776263952979350223416,84.86896359323293096901847857,282,3.53933424236047020649776584,2.820,0.4178740671899980585981515002,-1.155867947151441720887962158,stop,-1.060097225873965809263352489,-1.062922615994038433656078795,3
ranked,IEP,2018-08-20,2018-08-21,2018-09-04,78.1548989975,75.05617639176137085713176428,74.86853595078196742998893487,322,3.09872260573862914286823572,3.220,0.1759105514932232342007528226,-2.225077193012084132684030426,stop,-1.060554126604267755845794557,-1.063781262838237412232505547,14
ranked,CTAS,2022-04-14,2022-04-18,2022-05-02,103.1898342575,98.64775018049788589632734778,98.40113080504664118158652941,220,4.54208407700211410367265222,2.200,0.7375836038489167473405655641,-1.472304815175020238838915474,stop,-1.054296523637673280846400263,-1.056498156154920791392781868,14
ranked,MCHI,2017-09-06,2017-09-07,2017-09-15,61.9143979950,60.53238812914282543479369018,63.13816684120503162879329405,723,1.38200986585717456520630982,7.230,1.328211939978800735873793639,-0.2926172996233828572732238153,target,0.8854993560020673971974538524,0.8782635176429847553375491852,8
ranked,CORN,2022-05-13,2022-05-16,2022-05-24,29.7040739975,28.50932218784165167424695240,28.43804888237204754506133502,836,1.19475180965834832575304760,8.360,0.2811688584895818749578375475,-1.133351702465478170447772301,stop,-1.059655323300983716667599523,-1.068025262496020051234298653,8
ranked,OSK,2024-04-12,2024-04-15,2024-04-16,123.5982260025,118.7423153936307327601109629,118.4454596051466559282106855,205,4.8559106088692672398890371,2.050,0.05390852892181969958077355543,-1.039603775505973337202689379,stop,-1.061132877516705724372522478,-1.063192223498432634696751343,1
ranked,OPY,2021-11-19,2021-11-22,2021-11-30,52.9520500000,50.50818757291479857319209033,50.38191710398251157675911010,409,2.44386242708520142680790967,4.090,0.5270149357532135648013493345,-1.633500705995683041432282734,stop,-1.051668403070826692966894905,-1.055760286431023451579027573,8
ranked,GCO,2026-01-14,2026-01-15,2026-01-27,35.7792239975,31.92234369819923003405769664,31.84253783895373195897255240,259,3.85688029930076996594230336,2.590,0.8221092583751804495288135212,-1.161359609296678851859040068,stop,-1.020691816455897377631946983,-1.023284585539711812322797853,12
ranked,HCA,2021-04-06,2021-04-07,2021-04-16,186.7657530075,177.3126976420393991081323425,195.7282613520281993896379884,105,9.4530553654606008918676575,1.050,1.104854842029278950951856006,-0.1645759965803602536284391598,target,0.9481070403200267770018058026,0.9470491812878520776646555566,9
ranked,CVI,2019-10-29,2019-10-30,2019-11-18,47.9395500000,44.99435429968226787571848590,44.88186841393306220602918969,339,2.94519570031773212428151410,3.390,0.01713027083210706937369118143,-1.032036003472397100227231490,stop,-1.038193008952535997462614814,-1.041588369063553810309219742,19
ranked,EVR,2026-04-13,2026-04-14,2026-04-29,351.6268750000,323.6609166483634190613105680,322.8517643567425105136572916,35,27.9659583516365809386894320,0.350,0.7302847534565118843022792873,-1.326143217896541681991679497,stop,-1.028933472668693886465492799,-1.029291050259072254290369584,15
ranked,CPF,2024-09-05,2024-09-06,2024-09-11,27.3983250000,25.90238820308967019891474924,25.83763223258194602341746237,668,1.49593679691032980108525076,6.680,0.05459789489013806516795324970,-1.162031045422702811546768690,stop,-1.043287905372385736282300663,-1.049972679769709037802711223,5
ranked,BBY,2020-08-14,2020-08-17,2020-08-24,111.2674729950,106.3027120803083915222926841,115.9416533249173794565130476,201,4.9647609146916084777073159,2.010,1.654164248009942736701938302,-0.2794648158976220469222559466,target,0.9414713840671864960974716944,0.9394571883844884178008287608,7
ranked,SPXL,2020-04-22,2020-04-23,2020-05-21,32.4509239975,25.35445963752950046965705883,36.8476490025,140,7.09646435997049953034294117,1.400,0.8016773866421066418798143146,-0.2636417098144599931818323944,time,0.6195655726534611209372186163,0.6181564202230751293053921481,28
ranked,LBRT,2026-05-11,2026-05-12,2026-05-27,33.4634510025,30.37214273377590994688883270,30.29621237694147017202161062,323,3.09130826872409005311116730,3.230,0.3281943789833507845718216030,-1.107443743846678380087206721,stop,-1.024562531534837628203702906,-1.027797407881908446510730910,15
ranked,TPL,2017-11-01,2017-11-02,2017-12-01,45.3263663325,42.64635382411131269194269473,44.8886072250,373,2.68001250838868730805730527,3.730,0.5726632479125030500587260498,-0.3825569206452766974681952678,time,-0.1633421881912018914278037315,-0.1670735140595323839333834979,29
ranked,DVA,2023-03-30,2023-03-31,2023-04-11,80.0596510025,76.10154146527414088012572457,83.80771613837654447207458974,252,3.95810953722585911987427543,2.520,1.240579612898116664853901960,-0.2222401866918836175283636439,target,0.9469331509464668420625485927,0.9444066923161660868772174233,11
ranked,ITW,2022-12-02,2022-12-05,2022-12-15,226.1138780075,216.4577254252140016289906354,215.9165811116509666249181588,103,9.6561525822859983710093646,1.030,0.5774685046639878114921947722,-1.014262246173143854513522404,stop,-1.056041400438902805112889102,-1.057077009592215562642091758,10
ranked,BOH,2019-08-05,2019-08-06,2019-09-04,81.1022520050,78.02571407959931000702293485,81.1167000000,325,3.07653792540068999297706515,3.250,0.8573747696142762516358522698,-0.6410631212170519310148546265,time,0.004696186216562984569048141201,0.001445779349338165783432461516,29
ranked,FHLC,2018-11-13,2018-11-14,2018-11-15,44.5611260025,43.04703555882894980342453637,42.93941796993187742891597503,660,1.51409044367105019657546363,6.600,0,-1.024461919685028107274886917,stop,-1.071077384674685435254770862,-1.077682009941161649923423825,1
ranked,SMH,2025-06-25,2025-06-26,2025-07-15,277.7726869675,265.4246278789882056600814487,289.3954441908717648540687549,80,12.3480590885117943399185513,0.800,1.249372465900576053633312670,-0.4545396914015292861281109146,target,0.9412618728221972009385333695,0.9404520289488953916712738591,19
ranked,ASTH,2021-06-02,2021-06-03,2021-06-07,35.2779739975,32.86759372201253906790628649,37.59413338730499227976347923,414,2.41038027548746093209371351,4.140,1.764047376980835864730701603,-0.3476526115077559427628553824,target,0.9609103647915414581973726789,0.9567616418279096471806859265,4
ranked,LPG,2023-07-26,2023-07-27,2023-07-31,27.7892989975,26.04942619268302234344164545,29.45534887281118521241695866,574,1.73987280481697765655835455,5.740,1.322338619311897063032635471,-0.1806448130172722810096448585,target,0.9575699273525008654470345358,0.9518223807661560495998365231,4
ranked,BLDR,2021-09-24,2021-09-27,2021-10-14,54.1149500000,51.25910475412535113618938250,56.82836825775996224165109096,350,2.85584524587464886381061750,3.500,1.293855472504194036270007003,-0.9751746891828042895543480895,target,0.9501279040520747649605853793,0.9466263137560160798808124424,17
ranked,TPR,2026-01-14,2026-01-15,2026-01-26,133.8738429825,127.3943004353815340168655261,127.0758146842930801818233623,154,6.4795425471184659831344739,1.540,0.3235040131702179837591306944,-1.215185011170518040115804480,stop,-1.049152505562308322496335365,-1.050695824388796640826368567,11
ranked,REMX,2021-05-04,2021-05-05,2021-05-10,81.5533729950,77.47829714703644476625274993,85.41437772085614634566288194,245,4.07507584796355523374725007,2.450,1.258044560707241378431030097,-0.06217552861663103273043036675,target,0.9474681870732818326361331666,0.9450142450184370577948805404,5
ranked,CABO,2019-06-07,2019-06-10,2019-06-13,1187.0101741225,1145.323984960774042613947912,1142.460674998372107507413042,23,41.686189161725957386052088,0.230,0,-1.193444762472506258649942710,stop,-1.068687256378687502675536506,-1.068927143981778395626318840,3
ranked,CNO,2022-12-02,2022-12-05,2022-12-15,23.0374500000,21.99968887240179774426342745,21.94468965022079324990276888,963,1.03776112759820225573657255,9.630,0.002458176484124090034640864246,-1.346601797693333493923524258,stop,-1.052997959470976595421929811,-1.062634088377774282739220538,10
ranked,NOG,2021-10-22,2021-10-25,2021-11-17,25.3432010025,22.82059759223649651083304701,22.7529740025,396,2.52260341026350348916695299,3.960,0.2682938565556381423727368090,-1.848566835170057979496023140,stop_gap,-1.026807063473141327464373123,-1.030771222071878586119558067,23
ranked,BZH,2017-11-01,2017-11-02,2017-11-15,21.4134010025,20.29142724586474377231428373,22.47903632223741808711650198,891,1.12197375663525622768571627,8.910,1.628022925400572647462324376,-0.9834472472948458266394374607,target,0.9497863149074053881888711928,0.9408734504657365338980304667,13
ranked,BNY,2025-08-21,2025-08-22,2025-08-28,102.4053770050,98.82647291058906987915018021,105.7193203966624027955476953,279,3.57890409441093012084981979,2.790,1.088217480061039785831050706,-0.1942991448376477866385789650,target,0.9259659673020272581524653057,0.9231718158701359404706732426,6
ranked,CX,2025-04-28,2025-04-29,2025-05-13,6.1653750000,5.600845555491572121426352841,6.713079683397156808877213041,1771,0.564529444508427878573647159,17.710,1.230449548304525895488327290,-0.5055095049089855352528074866,target,0.9701968404395248647007509595,0.9524829725495910745911475433,14
ranked,INMD,2021-02-05,2021-02-08,2021-02-11,34.6363739975,32.01544452145202174896408953,31.93540591014839169459167931,381,2.62092947604797825103591047,3.810,0.7110553792199347246058258512,-1.307312931848333874044800327,stop,-1.030538254476163128295083644,-1.034353694796624823101286188,3
ranked,FN,2025-09-19,2025-09-22,2025-10-16,384.0878300125,352.8406437061696365841245750,414.2966787780332875073357364,32,31.2471863063303634158754250,0.320,1.533327497643955216036808216,-0.9497759485143650544383985782,target,0.9667702067438078659583635535,0.9664501779289902546427919936,24
ranked,ANDE,2024-01-17,2024-01-18,2024-02-15,51.9294989975,49.05682046053157185565764133,54.4435519950,348,2.87267853696842814434235867,3.480,0.9644316155972480452167287328,-0.3862245577505053869481168871,time,0.8751598778445673405818563049,0.8716788061300297581632825838,28
ranked,FTV,2023-01-03,2023-01-04,2023-01-17,49.0295782750,46.92519086808495469790312867,51.00613076771025768884162915,475,2.10438740691504530209687133,4.750,1.044844555605518529686390369,-0.4484303944697081475610421561,target,0.9392531461722682966659937619,0.9345011694368345711076838285,13
ranked,EWP,2023-03-30,2023-03-31,2023-04-19,28.0098510025,26.96133248313484405091437324,28.98572359806049305921291269,953,1.04851851936515594908562676,9.530,1.116002222076618514561442821,-0.2764395641533313238378513510,target,0.9307156502599041864070415284,0.9211783842838538286442777072,19
ranked,PKX,2023-04-28,2023-05-01,2023-05-30,71.3278770050,66.77013980114068318670311222,68.0394740025,219,4.55773720385931681329688778,2.190,0.2549776222323570072237166876,-0.8288924604518754154941297601,time,-0.7214990367841977893243243098,-0.7236931079982055614429556980,29
ranked,SF,2021-02-05,2021-02-08,2021-02-12,37.0256673350,34.85658686104514844430927931,39.09676093943246442680149389,461,2.16908047395485155569072069,4.610,1.005495965312625177683067419,-0.1870231832663871030606338934,target,0.9548256181829302281797678962,0.9502153696835893293378448782,4
ranked,PRI,2021-10-22,2021-10-25,2021-11-03,170.9863979950,164.5225653205267617377540600,177.0066050927995551665903252,154,6.4638326744732382622459400,1.540,1.072676282661516268705446583,-0.9385143923909468266430722383,target,0.9313680289983936207064785707,0.9298209592483532644792874024,9
ranked,APO,2024-02-14,2024-02-15,2024-03-11,113.2524260025,107.8735576828987524277455860,107.6038737886915055466762220,185,5.3788683196012475722544140,1.850,0.3304734178046911320660480409,-1.130800689121705347879507426,stop,-1.050137664315835007546121978,-1.051996791441806615539486807,25
ranked,ALGN,2018-03-28,2018-03-29,2018-04-13,246.5949459900,227.0361760317364378946014547,265.4883316583929032001350489,51,19.5587699582635621053985453,0.510,1.054005188158070373348989981,-0.4307504003563612299008568940,target,0.9659802589175841979766536858,0.9654689793217129346456846160,15
ranked,ZLAB,2019-11-26,2019-11-27,2019-12-04,38.2253260025,35.50359525532996703662691482,40.84468910779585788096465247,367,2.72173074717003296337308518,3.670,1.012103787402269807913100328,-0.03869853864476329582943240385,target,0.9623887697265375628028908772,0.9587146370040418954805978685,7
ranked,PTC,2023-10-19,2023-10-20,2023-10-23,142.2747979950,136.8922273860492828295769759,136.5499968175841596225030335,185,5.3825706089507171704230241,1.850,0,-1.251224644187786797113620364,stop,-1.063581250173667098658685205,-1.065439098537675723970209343,3
ranked,AEIS,2026-04-13,2026-04-14,2026-05-05,386.1128689850,349.5943051032213428008996971,348.7203193404632894438974479,27,36.5185638817786571991003029,0.270,0.3101746566943120878797328228,-1.401283663581668664561647546,stop,-1.023932643287600317012391216,-1.024206476618844473932781837,21
ranked,SAH,2025-08-21,2025-08-22,2025-08-26,79.0972520050,74.09475582374135231803210223,83.88949881579300106276297803,199,5.00249618125864768196789777,1.990,1.195952935939016870860989779,-0.1213901986122481172795360708,target,0.9579711082532506697422017850,0.9559721062275291906837057267,4
ranked,IE,2025-07-24,2025-07-25,2025-07-28,11.5889000000,10.40835858931473115604238366,12.73751780715855567184772230,847,1.18054141068526884395761634,8.470,1.407066270581547260918893577,-0.4056613310345572110372994607,target,0.9729585059551765500992370036,0.9644878162279984918190678773,3
ranked,FTI,2026-08-06,2026-08-07,2026-08-10,68.7414250000,63.85062477015040013568951086,73.44814466677497586464971292,204,4.89080022984959986431048914,2.040,1.171296256395277693829352312,-0.2006671615843488189929023258,target,0.9623618724087029865953845321,0.9603172172336729657074197878,3
ranked,FXN,2022-11-03,2022-11-04,2022-11-21,19.1678010025,18.03526496396635765296653765,17.99017680155644175883412131,882,1.13253603853364234703346235,8.820,0.2668330077083221324393149477,-1.154753542495020021020958022,stop,-1.039811680048869840689159749,-1.048641421142978915069750737,17
ranked,AER,2024-03-14,2024-03-15,2024-03-26,84.2400739975,80.76975317360322170465476514,87.49111883434328634960687177,288,3.47032082389677829534523486,2.880,1.034465740971152158002898537,-0.06917919399464168801321454035,target,0.9368139148566472362679396202,0.9339323368967250381959383182,11
ranked,EYPT,2025-11-14,2025-11-17,2025-11-18,11.7192250000,9.952040985055106405437507870,13.45269299240753136057608590,565,1.767184014944893594562492130,5.650,1.601856386239591776452765247,-0.09575969370981265496912301364,target,0.9809210459962124507101415181,0.9752623257297144359387352240,1
ranked,GFS,2026-07-09,2026-07-10,2026-07-16,68.1700000000,57.78007591822049314619989933,57.63562572842494191333439958,96,10.38992408177950685380010067,0.960,0.1636203485818768820375623482,-1.070267781792631842493557570,stop,-1.013902910999019629742566080,-1.014865381939258422744917030,6
ranked,ANET,2017-09-06,2017-09-07,2017-09-18,10.8395312500,10.26670473602658203858521649,11.38382686956348441651124655,1745,0.57282651397341796141478351,17.450,1.306842004933344486564600328,-0.1803010989899688385763307904,target,0.9501927831307446738329962311,0.9327354906415495064065436281,11
ranked,BCO,2019-12-26,2019-12-27,2020-01-08,91.3478030075,88.31609735186564355846909757,94.14355989147652055042707517,329,3.03170565563435644153090243,3.290,1.095817130639241211046620195,-0.4544643062361235856497560717,target,0.9221729288859786135085187988,0.9188744556382821473263140521,12
ranked,WRLD,2021-11-19,2021-11-22,2021-11-26,222.7855709900,200.2499385717538493585081184,199.7493137253244647351118481,44,22.5356324182461506414918816,0.440,0.4221950302267339912055804231,-1.071883208852938935105436480,stop,-1.022214812397456829741320752,-1.022658554104563457109196158,4
ranked,IT,2024-03-14,2024-03-15,2024-03-21,467.0045959900,449.2830968516990173491385117,483.5142798904802301942343346,56,17.7214991383009826508614883,0.560,1.102356683119356183856044297,-0.1740588065336626443032988555,target,0.9316189207039662956695021881,0.9310546343576499573164099315,6
ranked,CCS,2017-12-29,2018-01-02,2018-01-03,31.5787500000,30.12935488871350722206365839,32.94557474850827654599150076,689,1.44939511128649277793634161,6.890,1.463542262204240118810411517,-0.3648080470829497155504576781,target,0.9430311568355393260252036648,0.9361317269132706264756906108,1
ranked,ULS,2026-01-14,2026-01-15,2026-01-20,77.9844760025,73.08946409202074952981138431,72.90674043179069765598685585,204,4.89501191047925047018861569,2.040,0.3096057834416221640434145240,-1.087734228205116432432224042,stop,-1.037328542518737641288183855,-1.039371438467283135461682844,5
ranked,NVDA,2024-10-03,2024-10-04,2024-10-14,125.2523520050,114.6121960314182965922651264,135.5527767086352491492155364,93,10.6401559735817034077348736,0.930,1.348443954263790147605692926,-0.3216447215151080163037688254,target,0.9680708374209956747368998762,0.9671310015741501151276226573,10
ranked,ATEN,2025-04-28,2025-04-29,2025-05-12,16.4811010025,15.10923119941107891866722229,17.80833837857494877862944577,728,1.37186980308892108133277771,7.280,1.034281091620492944789353332,-0.4090045580394124852889560986,target,0.9674659891824447838791429081,0.9601766677195159685757171030,13
ranked,QQQ,2017-09-06,2017-09-07,2017-09-25,145.7634939850,142.6196059164484347355567448,142.2630569016573136487178529,318,3.1438880685515652644432552,3.180,0.2628916796585514065411057629,-1.165273032982952836924652109,stop,-1.113410212773697245012668734,-1.116590987591996404350363824,18
ranked,SVXY,2023-12-15,2023-12-18,2023-12-20,50.9871510025,49.42554273431260892385754446,49.30197887747682740154790060,640,1.56160826818739107614245554,6.400,0,-1.592685600587217774226953659,stop,-1.079126026259585615294644377,-1.085529680878811806705702274,2
ranked,RPV,2021-10-22,2021-10-25,2021-10-27,81.4831989975,79.11444415543721950803749302,78.91665804504862645926739929,422,2.36875484206278049196250698,4.220,0,-1.052536528148623511691515242,stop,-1.083497923413786105966439438,-1.087719550668083013136241400,2
ranked,MTRN,2025-12-15,2025-12-16,2026-01-08,126.5956989975,117.6690591539386260590244305,135.1835329939587205061231306,112,8.9266398435613739409755695,1.120,1.091597417759425746290147045,-0.6201326696845288730992319649,target,0.9620455341494450403155701516,0.9609252917989918827828339699,23
ranked,HIMX,2021-04-06,2021-04-07,2021-04-15,14.9974000000,12.58553184043244271415986815,12.55406801083136160737446848,414,2.41186815956755728584013185,4.140,0.4986180505884798210220514940,-1.379594480237508331083022666,stop,-1.013045418538433917957402570,-1.017191582150375699321479695,8
ranked,CME,2019-01-14,2019-01-15,2019-01-22,177.9337300125,169.2588164921445028430689729,186.1421219240233584140386995,115,8.6749135203554971569310271,1.150,1.038197322240386299967418843,-0.05115036725827973324438439581,target,0.9462217568235745674225046395,0.9450690075798460603836010258,7
ranked,EME,2024-09-05,2024-09-06,2024-09-11,355.2759900375,330.0871159906396007861655559,379.5137019241494982157998580,39,25.1888740468603992138344441,0.390,1.182824484614610897297805213,-0.1884161645602238238346178665,target,0.9622387980327585901991719409,0.9618417973577226044746948582,5
ranked,AR,2018-06-22,2018-06-25,2018-07-09,20.8720500000,19.66116083620583592218987920,22.02773181588467866761559550,825,1.21088916379416407781012080,8.250,1.360942065776162784421477987,-0.3815791022129773443016741429,target,0.9544075960375263836211894952,0.9461492018764404114471461202,14
ranked,PNR,2020-11-09,2020-11-10,2020-12-09,52.9019250000,49.37122850749920432579018176,52.4684980050,283,3.53069649250079567420981824,2.830,0.5149340941260728545110275478,-0.8134162780912986634026505500,time,-0.1227596299825259826771745870,-0.1255919323402166009709699374,29
ranked,WAT,2023-03-30,2023-03-31,2023-04-25,307.7374260025,292.0874372511728222224538489,291.3572186580448901668977143,63,15.6499887513271777775461511,0.630,0.3522414031788050350751476272,-1.045842988296843371668875487,stop,-1.046659368561271763117866726,-1.047298346656329624579390169,25
ranked,NRG,2019-01-14,2019-01-15,2019-02-11,39.7992510025,37.49256370345385467750251876,42.00067345579227995919123754,433,2.30668729904614532249748124,4.330,1.118812245841551342456804479,-0.09504929540760172174956682586,target,0.9543653594497207407994687065,0.9500301381112518589741310142,27
ranked,USA,2018-06-22,2018-06-25,2018-06-27,6.5764000000,6.452572299185329306189667306,6.436440868437365982924193138,8075,0.123827700814670693810332694,80.750,0,-1.424560085016944085731541759,stop,-1.130273199307049760280681846,-1.211030573741116885322152468,2
ranked,L,2021-06-30,2021-07-01,2021-07-08,55.2277250000,53.20601461234512485323691730,53.07299957581426204110382501,494,2.02171038765487514676308270,4.940,0.1247829568173864968329326820,-1.314592345287834812388488801,stop,-1.065793319034758662826306381,-1.070739625914845333992015733,7
ranked,IGM,2026-06-09,2026-06-10,2026-06-15,155.0366189850,146.1078831059787395695827688,163.5554414768612072793411881,111,8.9287358790212604304172312,1.110,1.162917030550375392439242587,-0.2740167273565035741421643684,target,0.9540905462190705376639083628,0.9529705668473550235380482056,5
ranked,COGT,2024-10-31,2024-11-01,2024-11-05,11.6089500000,10.48293626687830071524865100,10.45672892621110496346052937,888,1.12601373312169928475134900,8.880,0.5249047881160428642158658174,-1.988386050845806904383914680,stop,-1.023274441417814634161825463,-1.032155327774570287054404192,4
ranked,DOCS,2024-12-30,2024-12-31,2025-01-13,53.9244760025,49.09782976654055779619966904,48.97508519212420640170916987,207,4.82664623595944220380033096,2.070,0.6672384591823774427217209572,-1.018197266227260297850987019,stop,-1.025430613394012745732493769,-1.027502445368251520032208395,13
ranked,CHAT,2025-12-15,2025-12-16,2026-01-07,58.4056479950,55.27110937454331485759413626,61.38633614891804342954984908,319,3.13453862045668514240586374,3.190,1.022272619034804963863700873,-0.4835317660814714181282999891,target,0.9509176675844477102383871026,0.9477274054084649958624355651,22
ranked,OZK,2023-02-01,2023-02-02,2023-02-03,46.8167510025,44.47297153526898229784484505,49.03762914355669015789976706,426,2.34377946723101770215515495,4.260,1.153371737953513999005983134,-0.2418107208565870770601940987,target,0.9475627601091986127599024976,0.9432961470853145116098530260,1
ranked,CNC,2018-08-20,2018-08-21,2018-09-19,71.8792469925,69.48688296507523974927469050,71.3561664900,417,2.39236402742476025072530950,4.170,0.9366283650034825995336219077,-0.5472607753216084350787917659,time,-0.2186458651374496392660249124,-0.2228258310144505630247158591,29
ranked,SCHC,2025-05-27,2025-05-28,2025-06-10,40.2604000000,39.26816278618346266862476163,41.14950562078199598804680027,1007,0.99223721381653733137523837,10.070,1.047732321993135572717270291,-0.2825937145830990743449374130,target,0.8960615550410003390446066451,0.8859833198561537244103364093,13
ranked,STM,2026-05-11,2026-05-12,2026-05-13,58.5860989975,54.24444579423390513917315738,62.77043282026417962367477551,230,4.34165320326609486082684262,2.300,1.184779336735232168491767832,-0.6877797137859021562161870153,target,0.9637650975016685790749696139,0.9614618274034310456466777699,1
ranked,ANET,2023-03-30,2023-03-31,2023-04-21,40.7378406250,38.47151442788096909794514831,38.37533564181126667520028544,441,2.26632619711903090205485169,4.410,0.6297241662803068081209298491,-1.016111285271901817550216841,stop,-1.042438191903692214382936633,-1.046850619387746393004038903,21
ranked,AVGX,2025-09-19,2025-09-22,2025-10-20,52.0397750000,44.50462805927524507291447820,52.1991769950,132,7.53514694072475492708552180,1.320,0.6065211516048313195857616233,-0.8506501665359013026197185048,time,0.02115446404083902283616892827,0.01982734990774181644071767132,28
ranked,QTWO,2024-05-10,2024-05-13,2024-05-31,63.1173989975,59.45635345873910563931805858,59.30771257509225787521976343,273,3.66104553876089436068194142,2.730,0.2875132230276106469934878365,-1.149234270088872662579525019,stop,-1.040600665048585076360470653,-1.043332125199551832069451936,18
ranked,EPAC,2024-07-10,2024-07-11,2024-07-16,38.6864750000,36.93338089323875642318812521,40.33847018399434046786984510,570,1.75309410676124357681187479,5.700,1.827354269029148341761524469,-0.1462984782224983552342005205,target,0.9423311490370140651397892801,0.9366269486969225024052459320,5
ranked,RPD,2021-02-05,2021-02-08,2021-02-12,92.4806250000,85.89971429759832616967646141,85.68496501185433035425227026,151,6.58091070240167383032353859,1.510,0.06524613680646054970814514771,-1.076085563266432632722708762,stop,-1.032632153125193451908761437,-1.034151699651839155348103956,4
ranked,BSX,2024-07-10,2024-07-11,2024-07-18,77.2727020050,75.32546919262587876178699197,75.13715551964431406488252449,513,1.94723281237412123821300803,5.130,0.8767831890211476097903070813,-1.603660325132214654509663641,stop,-1.096708350324051569615650021,-1.101843843078925455282133260,7
ranked,AME,2024-02-14,2024-02-15,2024-02-29,174.6455320175,168.8589856692224557653083691,179.9809981698631003741049018,172,5.7865463482775442346916309,1.720,1.053214234482735099890736655,-0.5695151855961483337743853973,target,0.9220467324090966771961816967,0.9203185858777936563612858442,14
ranked,GTLB,2023-11-16,2023-11-17,2023-12-01,46.5059739975,41.82095866843176644021289597,51.06301185325181297588763627,213,4.68501532906823355978710403,2.130,1.356244655823506826180317588,-0.3555962746084189814048813288,target,0.9726836596409017442605660370,0.9705491949065059183653009380,14
ranked,RPG,2019-04-10,2019-04-11,2019-05-07,23.6790510025,23.26457552741284080235715745,23.20641408859430870035126456,2412,0.41447547508715919764284255,24.120,0.5668586240249632554328056475,-1.286085750641592962464632869,stop,-1.140325404793375174526780427,-1.164452284671845958613986658,26
ranked,DBJP,2026-07-09,2026-07-10,2026-07-17,115.1772239975,111.1926665045000280869104830,109.9943220075,250,3.9845574929999719130895170,2.500,0.1939419882527983006898133748,-1.454923666601500048756049769,stop_gap,-1.300747196923439280882295203,-1.303256885895820252494845984,7
ranked,HWM,2025-09-19,2025-09-22,2025-10-20,192.9812500000,183.4070255045294520537131894,192.0387039900,104,9.5742244954705479462868106,1.040,0.5743280829273839896610527947,-0.9558213309421924345328425909,time,-0.09844619900503767571604627019,-0.09949067002247944151075846966,28
ranked,EMBJ,2026-03-13,2026-03-16,2026-04-01,57.3029000000,50.97097511134422893333136008,63.47573782643413163900196832,157,6.33192488865577106666863992,1.570,1.000817146671069777255268023,-0.4774063263788562401715243776,target,0.9748754028168182143205112868,0.9732961042344999172933459103,16
ranked,WHD,2022-05-13,2022-05-16,2022-05-31,47.6287729950,41.09641090035594567620484641,54.02573225191994418798566571,153,6.53236209464405432379515359,1.530,1.417745353184473208297484329,-0.3473126507883247455435716985,target,0.9792719944543294365925960822,0.9777411546363409183345347572,15
ranked,SPXL,2021-10-22,2021-10-25,2021-11-03,126.5154969925,119.1997334353698162426042026,133.4966823982561082980023079,136,7.3157635571301837573957974,1.360,1.203498437141101285517257121,-0.2577311278277070202176754878,target,0.9542661338408094682417236067,0.9528992225236368853295140460,9
ranked,CPRT,2018-07-23,2018-07-24,2018-07-30,14.6966500000,14.15069668433854166751990752,14.11531994262769531335110775,1831,0.54595331566145833248009248,18.310,0,-1.340132899666627954964979358,stop,-1.064798107633040209575398293,-1.083114692060930976403321199,6
ranked,OHI,2022-08-10,2022-08-11,2022-09-06,33.5235989975,31.99773715245164523361066470,31.91774280957051612052663804,655,1.52586184504835476638933530,6.550,0.1221604715426205305871224150,-1.090267774175374544789098642,stop,-1.052425678734101960348865540,-1.058979352012224396564343725,26
ranked,AHCO,2024-09-05,2024-09-06,2024-09-25,11.4285000000,10.44797567698182922766444336,10.42185573778937465459528225,1019,0.98052432301817077233555664,10.190,0.2768926722432449503767017646,-1.314092847828438742395507270,stop,-1.026638746820735956863537167,-1.036837371949400595919769276,19
ranked,ATI,2026-02-12,2026-02-13,2026-02-19,139.4878489975,129.7056771922890945079756060,148.8968457507041282282943330,102,9.7821718052109054920243940,1.020,1.457973882129389292711444596,-0.03555958783249976743094035061,target,0.9618515131979189831504822970,0.9608292453213035817825136124,6
ranked,COF,2025-06-25,2025-06-26,2025-07-03,210.0237500000,199.9475283043594921124541826,219.5497217664014066178269529,99,10.0762216956405078875458174,0.990,1.183603076653216976850182117,-0.1264114703382409507586853996,target,0.9453912442719310443927292434,0.9443988087835052076841232736,7
ranked,META,2023-04-28,2023-05-01,2023-05-22,239.2165449875,225.1174942279029463815063029,252.6823067577293109844474629,70,14.0990507595970536184936971,0.700,1.018044566066248943280529712,-0.6643382698033277172138792185,target,0.9550828633667645699205766518,0.9543735957592844620316712471,21
ranked,AGI,2026-03-13,2026-03-16,2026-03-19,45.4333000000,40.13583235189697206226014619,38.9224500000,188,5.29746764810302793773985381,1.880,0.3221726140434576222595261986,-1.450372236393235098342834701,stop_gap,-1.229049506764137120774334637,-1.230937201161587741078556566,3
ranked,TECL,2019-06-07,2019-06-10,2019-07-01,14.9984025000,13.49411712011983614672652688,16.46143116018046344364028944,664,1.50428537988016385327347312,6.640,1.280738698765708133534893832,-0.4110938710640556151992968858,target,0.9725738744446302796352530433,0.9659261996524996589602186299,21
ranked,TER,2026-01-14,2026-01-15,2026-01-20,236.7504040100,221.5578866559100225908437529,219.8689480050,65,15.1925173540899774091562471,0.650,0.1428067475213989884804968317,-1.081479561751283635952079489,stop_gap,-1.111169111184549243743530588,-1.111827329948887722522596974,5
ranked,HACK,2018-02-28,2018-03-01,2018-03-06,34.1852479950,33.10878142833398948041607399,35.17356027526184549328496619,928,1.07646656666601051958392601,9.280,1.045785386987574987107521599,-0.5436768898569818396947579811,target,0.9181077340124059963803304357,0.9088180818210038958182491326,5
ranked,LMAT,2022-11-03,2022-11-04,2022-12-05,45.3029739975,40.78323779968227209065218070,45.8949730050,221,4.51973619781772790934781930,2.210,0.4772457745523909413534722397,-0.4320995544923526284901101638,time,0.1309808762258814818875731936,0.1287683577154364879086335719,31
ranked,MEDP,2023-09-21,2023-09-22,2023-10-20,241.4220570175,227.0640217040776338745898442,228.6768750000,69,14.3580353134223661254101558,0.690,0.6440951551257656406722390344,-0.9299357276979296874788060869,time,-0.8876689421139243515295852022,-0.8883654162332386890123528038,28
ranked,NTR,2022-04-14,2022-04-18,2022-04-22,112.5707260025,104.5328195426918662795680623,104.2714874938351366138691421,124,8.0379064598081337204319377,1.240,0.5821508400101106819573715472,-1.098635328322891564608646842,stop,-1.032512452112184409387282147,-1.033756557159935699317932060,4
ranked,OXM,2022-11-03,2022-11-04,2022-11-09,102.0645229950,94.42850060767781797768036842,94.19242935615862343273616750,130,7.63602238732218202231963158,1.300,0.1748919708796622404578244073,-1.213265169361152604243308322,stop,-1.030915473992210302697796508,-1.032225056323530159279576499,5
ranked,SNDX,2022-01-19,2022-01-20,2022-02-17,16.8219510025,14.51756970008823687856190756,15.7704750000,433,2.30438130241176312143809244,4.330,0.2899038439518757596209110280,-0.9815871184741190128497554099,time,-0.4562942779476323158509738548,-0.4606338375463558474976314194,28
ranked,DFIV,2022-09-08,2022-09-09,2022-09-20,28.7917989975,27.89636389168851575793766604,27.82662298195929446854282187,1116,0.89543510581148424206233396,11.160,0.8914113343553062384961002394,-1.174623365416091932878390665,stop,-1.077884940267132912634801898,-1.089052695401032362209799146,11
ranked,TAL,2017-09-06,2017-09-07,2017-09-20,31.8594510025,29.28613195240042745917068767,34.34668812746807360947723905,388,2.57331905009957254082931233,3.880,1.099959990344172126247168972,-0.2057463502162754801596047393,target,0.9665482890167979522421100336,0.9626622570847633069746359251,13
ranked,EAT,2024-12-30,2024-12-31,2025-01-06,132.4703489975,123.0568676949746233728178610,141.5291207242753131856141837,106,9.4134813025253766271821390,1.060,1.062269279678429911931358100,-0.1115794426890952535656441842,target,0.9623189801572235900900316914,0.9612566739095533178145427144,6
ranked,BSTZ,2020-12-08,2020-12-09,2020-12-18,33.9847520050,32.52341640405564744124978156,35.35747238692949167735334289,684,1.46133560094435255875021844,6.840,1.461161278504505472868470259,-0.2701309711095118234545515593,target,0.9393601175817550374651151072,0.9325170625069743071315338614,9
ranked,FSS,2025-02-28,2025-03-03,2025-03-21,82.0145229950,75.12278625550140068862147046,74.7127519950,145,6.89173673949859931137852954,1.450,0.1604065922402642408259912595,-1.129544016152647488900918000,stop_gap,-1.059496506613691729322810344,-1.060947519671501528793819240,18
ranked,RS,2018-05-24,2018-05-25,2018-06-25,93.8540530075,89.72736153090431717481955014,89.50304312707705638188250126,242,4.12669147659568282518044986,2.420,0.8616953830126124165338734942,-1.176257792720757163502469547,stop,-1.054357929372590854668832190,-1.056781178131727437219846842,31
ranked,IQV,2019-01-14,2019-01-15,2019-02-01,121.8739250000,114.6476937899112331453898691,128.7774058195635449374736056,138,7.2262312100887668546101309,1.380,1.124524633069439178018054904,-0.09187721520355897228425963586,target,0.9553362768029591930378952755,0.9539524295789679805792137411,17
ranked,FICO,2024-08-07,2024-08-08,2024-08-14,1688.1398791350,1582.671314496488588016390631,1789.124422664077633453650346,9,105.468564638511411983609369,0.090,1.180732527192546272719820426,-0.1432640160296891009006320204,target,0.9574847621677364073065275749,0.9573899471862841183352308837,6
ranked,CRM,2019-02-12,2019-02-13,2019-03-04,163.8486020050,155.4974951287683483552595684,155.1087513909464274843714195,119,8.3511068762316516447404316,1.190,0.2755792769878283147036795985,-1.009279863126756930239445911,stop,-1.046549965601366768425247223,-1.047747411658303402180696084,19
ranked,OVV,2021-05-04,2021-05-05,2021-06-01,25.9747750000,23.48805407888350690526115496,28.39034218131370186200199793,402,2.48672092111649309473884504,4.020,1.296979477114758567191116147,-0.7137005141707491262094643812,target,0.9713865198146784884515754690,0.9673651598321074730647743080,27
ranked,LII,2019-07-08,2019-07-09,2019-07-22,288.2387889725,277.0427800768072419636973833,264.0382619700,89,11.1960088956927580363026167,0.890,0.9156120831097019569927712703,-2.254266605862529434228366545,stop_gap,-2.161531598265363973219639880,-2.162424773690032233591429542,13
ranked,IYF,2025-03-28,2025-03-31,2025-04-04,110.8965530075,106.8101702813625515840664181,103.7000990025,244,4.0863827261374484159335819,2.440,0.8230871207893971454381496853,-2.818276402216915688100500896,stop_gap,-1.761081740819286662282850060,-1.763528892902237113464512062,4
ranked,UPRO,2017-12-29,2018-01-02,2018-01-04,23.6356096700,22.91853591683905259272999533,24.29180171460304503875182966,1394,0.71707375316094740727000467,13.940,1.516891847184734692257811337,-0.2356001307470540897120069821,target,0.9150970060059673502435743501,0.9011514391017001162930272809,2
ranked,EUFN,2023-03-30,2023-03-31,2023-04-14,18.7667989975,17.86049635039908258250613528,19.62391889048941512395013006,1103,0.90630264710091741749386472,11.030,1.228287268122747103662004615,-0.1288741656814275552013850430,target,0.9457325273529453121521392202,0.9346986855871863590240196879,14
ranked,PKG,2019-05-09,2019-05-10,2019-05-20,97.7136760025,92.90888420842338945088311088,92.67661199790233097725590310,208,4.80479179407661054911688912,2.080,0.2406612080310181308767049179,-1.247436987777296634172877794,stop,-1.048341784717374370156676822,-1.050423040353118688500992786,10
ranked,DHC,2026-05-11,2026-05-12,2026-05-20,8.3809000000,7.728091916890422450475467250,9.011123812901803605650721418,1531,0.652808083109577549524532750,15.310,1.162822611485006302689660809,-0.2617921015713181097742893325,target,0.9654044262132963729343572048,0.9500859884384971857035620421,8
ranked,DFIN,2025-06-25,2025-06-26,2025-07-08,61.5234239975,58.97280248714957435164697636,63.91386039408079958423214108,392,2.55062151035042564835302364,3.920,1.184642249051240445239495751,-0.4718159839147061760383920370,target,0.9371976151225908474040508148,0.9332770020643930763724955625,12
ranked,UI,2018-09-18,2018-09-19,2018-10-05,97.2224530075,91.20956674794260655791125641,90.98154283107275004151647827,166,6.01288625955739344208874359,1.660,0.6831243458116494149891125592,-1.086408544169077887433722177,stop,-1.037922539530398714224735970,-1.039585634351809172215734875,16
ranked,RXO,2024-02-14,2024-02-15,2024-03-05,21.8946000000,20.11242497798791272006762795,20.06214391554294293826745888,561,1.78217502201208727993237205,5.610,0.01986336895241252343119878047,-1.012582926879198863953144611,stop,-1.028213313408579889513892996,-1.033824434581577777488807905,19
ranked,TECL,2020-11-09,2020-11-10,2020-12-01,31.9055650000,27.10337021604458116928619550,36.61599038449553028363701999,208,4.80219478395541883071380450,2.080,1.017542023977460388917609795,-0.3616188176710412648117329169,target,0.9808901130444565306949053459,0.9788077318729532560398293860,21
ranked,LSTR,2023-07-26,2023-07-27,2023-08-15,201.6729229950,194.4940777466640878268743763,194.0078425522974276073071904,139,7.1788452483359121731256237,1.390,0.3157999548082637469478687901,-1.021463305216086758773488756,stop,-1.067731672371593700401133246,-1.069124654063505508066379868,19
ranked,PTCT,2017-09-06,2017-09-07,2017-09-15,21.2229250000,19.24474106692094851939307622,19.19662921425364614809459353,505,1.97818393307905148060692378,5.050,0.1147901346294706104553485089,-1.022616737590882370592997177,stop,-1.024321223048463483100350513,-1.029376364702776163016120938,8
ranked,SUSA,2021-03-08,2021-03-09,2021-03-31,85.0520959900,82.15015302730355742240505056,87.73415385531470147115096207,344,2.90194296269644257759494944,3.440,1.084756334106241989815029543,-0.1351136101019965977926779423,target,0.9242283186787974913354117086,0.9207823515703646820400043237,22
ranked,KWEB,2020-06-18,2020-06-19,2020-07-06,62.1550000000,58.99572223323140237800934757,65.15099207235167612793567580,316,3.15927776676859762199065243,3.160,1.821620137531112892377219801,-0.3782513245811501499397168167,target,0.9483154991515877652623238420,0.9451502187494696904662381750,17
ranked,PR,2021-06-30,2021-07-01,2021-07-14,7.0375500000,6.162860540460121521703556599,6.147453389108971217899297708,1143,0.874689459539878478296443401,11.430,0.3000493456707014184395906622,-1.060433494291709280524451586,stop,-1.017614424391549292887593267,-1.029047053298796441618383539,13
ranked,BAR,2025-04-28,2025-04-29,2025-05-14,32.8118250000,31.56901836869038812959770740,31.3414500000,804,1.24280663130961187040229260,8.040,0.7709767359306087020321585441,-1.260714225791468206697977696,stop_gap,-1.183108428099218587680262081,-1.191154732124376922034969296,15
ranked,CIBR,2018-05-24,2018-05-25,2018-06-12,26.6163739975,25.89706022803305875603690476,27.26734854754952389085318750,1390,0.71931376946694124396309524,13.900,1.228429150125716229018508042,-0.6483596134210162124308775048,target,0.9049938673243232866098460776,0.8910917283350882314879987772,18
ranked,MS,2025-03-28,2025-03-31,2025-04-04,113.9942739975,105.8515791953805212689770067,101.2861509975,122,8.1426948021194787310229933,1.220,0.7805430704397339764663169936,-2.048987024929046288278028870,stop_gap,-1.560677798791154078313529114,-1.561905893450602333636768848,4
ranked,ES,2026-03-13,2026-03-16,2026-03-19,73.6236020050,70.25407374511234997295242978,70.07843856074956909802004871,296,3.36952825988765002704757022,2.960,0.07609225245332976150941112964,-1.244566503543682109676276402,stop,-1.052124561901919489481361102,-1.055092336388052877596422051,3
ranked,DGRO,2019-01-14,2019-01-15,2019-01-31,33.8945260025,32.63979487447036858146517069,35.06138398770330733998849224,796,1.25473112802963141853482931,7.960,1.120138782009087686340714416,-0.06736503192738506647166524580,target,0.9299665554927964708621555937,0.9219967205404242344375940864,16
ranked,CNC,2026-05-11,2026-05-12,2026-05-20,56.5209510025,52.59978110807410044874379297,60.29101559468358480237806651,255,3.92116989442589955125620703,2.550,1.081066903917112980553697095,-0.1889619737092475953281773969,target,0.9614642297297250488344389664,0.9589139704272104086188849583,8
ranked,DELL,2023-09-21,2023-09-22,2023-10-05,68.9018280075,65.08151916155797082503090587,64.91881536365407589796832861,261,3.82030884594202917496909413,2.610,0.5439808864425865899712445035,-1.199334449717819072771931975,stop,-1.042589173929411637053977075,-1.045206763345152749577114342,13
ranked,PLXS,2023-01-03,2023-01-04,2023-01-09,104.8314250000,100.2711456611402214649091814,109.1182250780126290887530916,219,4.5602793388597785350908186,2.190,1.304431934533058953197284158,-0.6011537443856341491262742148,target,0.9400301515486706227103001576,0.9378373034231651503850045756,5
ranked,SBLK,2019-10-01,2019-10-02,2019-10-09,10.0350250000,9.205095823170740280448740145,10.83779179138718657025238171,1204,0.829929176829259719551259855,12.040,1.259113463141905403590399818,-0.2349899310024164227232400053,target,0.9672714417080178969050342123,0.9552222207874991724992790524,7
ranked,AEHR,2022-12-02,2022-12-05,2022-12-06,26.6965739975,22.95393707161415086648942057,22.89655222893511548932319702,267,3.74263692588584913351057943,2.670,0.2627628653204803571581006070,-1.246867673757978367511335080,stop,-1.015332730322338945901312136,-1.018004643253789834166371008,1
ranked,AIA,2024-08-07,2024-08-08,2024-08-15,63.7790489975,60.91588567146134254583747596,66.47560679272981081052711773,349,2.86316332603865745416252404,3.490,1.020182109744081835468138812,-0.1323874869633903088038579432,target,0.9418106786666080701910987214,0.9383180382331908312429427492,7
ranked,LAUR,2023-09-21,2023-09-22,2023-09-26,14.1954000000,13.52538781235224340433979010,13.49157434282136279582894062,1492,0.67001218764775659566020990,14.920,0.2008918680607088232697701650,-1.605045430256212990670957173,stop,-1.050466946951504198176888852,-1.065392048590487023085489904,4
ranked,CELC,2026-03-13,2026-03-16,2026-03-20,116.6308459900,105.1220476770171477110539331,104.8592425578246048417762983,86,11.5087983129828522889460669,0.860,0.2301850234886418889554595355,-1.149628625872654433708451281,stop,-1.022835148557263142630846831,-1.023704049004386209670887147,4
ranked,MTUM,2018-02-28,2018-03-01,2018-03-02,110.3953030075,106.4501903909087516122552646,106.1840649149314797332246264,253,3.9451126165912483877447354,2.530,0.006259641967163301068882697343,-1.088766132920011117695296013,stop,-1.067457003599358856530656377,-1.069991785485671760277795680,1
ranked,FTNT,2018-08-20,2018-08-21,2018-08-29,15.4926350000,14.73359424109861217821225744,16.21104656950413435223327320,1317,0.75904075890138782178774256,13.170,1.474710003215287633385791192,-0.3143902316199632509440783669,target,0.9464729806393283742924339263,0.9332984575551218140249091136,8
ranked,ASC,2022-11-03,2022-11-04,2022-12-02,14.3558000000,13.01778728965391929673672509,15.65457817857021550150511672,747,1.33801271034608070326327491,7.470,1.370839743013785584799521102,-0.8189757776789491685062407137,target,0.9706770111580501494952502936,0.9632032406006587535424647422,28
ranked,CFG,2021-06-30,2021-07-01,2021-07-08,46.4658729950,43.91489646681114727322362699,43.5508500000,392,2.55097652818885272677637301,3.920,0.04473933951914074755361148700,-1.374326245756995354450574423,stop_gap,-1.142708669714657739811781237,-1.146628737143541462013127993,7
ranked,BWET,2026-08-06,2026-08-07,2026-08-10,284.9806639725,252.2000251041237862641955164,316.9668995837740232014649724,30,32.7806388683762137358044836,0.300,1.068293274213257575379278809,-0.02167971696200206566061186422,target,0.9757660837455929291752366064,0.9754610256275936764906964615,3
ranked,STRA,2020-04-22,2020-04-23,2020-04-29,146.7760290100,126.5515007617569383931298038,166.5830558650974539528530207,49,20.2245282482430616068701962,0.490,1.394048436825677613545404741,-0.3350401515836911995985575736,target,0.9793566807580850893688988250,0.9788622316477149270079815455,6
ranked,PPLT,2017-11-01,2017-11-02,2017-11-03,8.9312725000,8.751397664466464451053749995,8.729519170305298289926115620,5559,0.179874835533535548946250005,55.590,0,-1.024448469700724525201527912,stop,-1.121631767424672213461150785,-1.177225980869474043642080001,1
ranked,XLG,2018-12-13,2018-12-14,2018-12-17,18.9642925000,18.21946779626519373443791795,18.17391912677453075010182316,1342,0.74482470373480626556208205,13.420,0,-1.038220800307033923521078857,stop,-1.061153542923947539686070818,-1.074579520808215574401538495,3
ranked,ROK,2021-11-19,2021-11-22,2021-11-30,349.3712500000,335.7772809340870751291653069,334.9378377317518574413423936,73,13.5939690659129248708346931,0.730,0.2985693861976894664700548767,-1.217543082505791669511035926,stop,-1.061751148488349420012843979,-1.062486768817593448192184368,8
ranked,DY,2024-04-12,2024-04-15,2024-05-07,139.8487500000,132.7134257110404309457687532,146.6166141032371701315956687,140,7.1353242889595690542312468,1.400,1.264307638260884817026085172,-0.9598372439213473185361223223,target,0.9485012634547013977685239897,0.9470997854566413907328808106,22
ranked,CAT,2021-03-08,2021-03-09,2021-03-17,221.9334550125,209.8824358470153922065288036,233.3995129925396462739875184,82,12.0510191654846077934711964,0.820,1.026182749996705680438264583,-0.4807440709324461253199796862,target,0.9514596087341432364589470288,0.9506298033987869491994517973,8
ranked,PAYC,2020-11-09,2020-11-10,2020-12-03,401.1804429825,366.9150456563676963917233669,434.3572257078607228492559415,29,34.2653973261323036082766331,0.290,1.045356534949105220204580536,-0.8327775601404628674843811422,target,0.9682299145575249103976668941,0.9679380749531327103733845640,23
ranked,CRUS,2019-10-01,2019-10-02,2019-10-07,52.7314979950,49.88459357980320220317824755,55.43945640417130580232969807,351,2.84690441519679779682175245,3.510,1.063787034378057633293196612,-0.4009611242677045530989289796,target,0.9511940038155839938970095512,0.9476814166185499373185840325,5
ranked,DFAE,2026-02-12,2026-02-13,2026-02-24,36.2203260025,35.24004806302482203084194271,37.10760243212024002423516215,1020,0.98027793947517796915805729,10.200,1.111598000546040156862466717,-0.4542834073552832785628097523,target,0.9051274071262593425430622937,0.8949262186701018894409737811,11
ranked,NWE,2025-12-15,2025-12-16,2025-12-18,67.1173719925,64.43427852729101496256346415,64.27319283097278742515705549,372,2.68309346520898503743653585,3.720,0.06806732969541742987898416728,-1.094770655807627377420347185,stop,-1.060037303361581047015743816,-1.063764344603217817260193361,2
ranked,AOD,2026-01-14,2026-01-15,2026-02-10,10.0350250000,9.795997091374046614944047933,10.24836777635438850159331219,4183,0.239027908625953385055952067,41.830,1.066716441045391372595702682,-0.9832533838874129124200608799,target,0.8925433752936412534681616829,0.8507072564174615741821256919,26
ranked,BLKB,2019-02-12,2019-02-13,2019-03-14,77.7538979950,71.88361424417564707746345966,77.2164789900,170,5.87028375082435292253654034,1.700,0.3706979248991863608349638597,-0.7229456317855227450636570596,time,-0.09154906778135405437921888532,-0.09325256294861845088821876495,29
ranked,LGIH,2019-06-07,2019-06-10,2019-06-11,74.6962770050,69.87693351155330086602661888,69.70224117777441761386155233,207,4.81934349344669913397338112,2.070,0.06094626693436548440302435704,-1.221386069078518761786767171,stop,-1.036248159944695444539803109,-1.038323131362192020989948403,1
ranked,QDEL,2020-08-14,2020-08-17,2020-08-27,244.5699070175,210.0068064411547763712405333,167.5899700125,28,34.5631005763452236287594667,0.280,0.1981908702712904384246394528,-3.169562371162825857254124075,stop_gap,-2.227228915269384191713920278,-2.227518241164146189407466445,10
ranked,NAMS,2025-10-17,2025-10-20,2025-11-17,36.6814750000,32.07271966842366389822696865,38.4636009975,216,4.60875533157633610177303135,2.160,0.9348569602904806889586647042,-0.5091344259313138724916825914,time,0.3866827091666109525517532030,0.3845129259430394612068952858,28
ranked,KRYS,2026-07-09,2026-07-10,2026-07-14,375.9375000000,350.3840989274973680613628042,349.5081386801786246412093972,39,25.5534010725026319386371958,0.390,0,-1.797705904965902207629524350,stop,-1.034279595300577897207114248,-1.034670932640434420136666253,4
ranked,BIPC,2021-04-06,2021-04-07,2021-05-05,49.4232489975,46.20582413462479685081097708,47.8068493350,310,3.21742486287520314918902292,3.100,0.2455640881055271514720805784,-0.8878476170372033911289736260,time,-0.5023892495986771381617202470,-0.5054973252884583288835521396,28
ranked,COMT,2022-03-17,2022-03-18,2022-04-18,39.8894760025,36.70896197595592955210727424,42.96231505397146027177299395,314,3.18051402654407044789272576,3.140,1.132057889841256985808234669,-0.2639438139539259403107481326,target,0.9661454173212343198267428578,0.9630012714641365139781454970,31
ranked,CDE,2024-08-07,2024-08-08,2024-08-16,5.3132500000,4.519193344161128726308432311,6.092038389199274095507338770,1259,0.794056655838871273691567689,12.590,1.028578998732974066240239063,-0.1174349453711047831979213868,target,0.9807718170645302281681942145,0.9681782572392106803721704733,8
ranked,KSA,2022-03-17,2022-03-18,2022-03-29,47.1175000000,45.91346180577421851693577699,48.20073434874021702935656245,830,1.20403819422578148306422301,8.300,1.123304066670146463721848919,-0.2636967843068790133080498674,target,0.8996677629788617050848498124,0.8913623786082021161919628650,11
ranked,BOIL,2025-05-27,2025-05-28,2025-06-26,112.2198520050,92.08916530160283970104315732,91.85894238834883260179054943,49,20.13068670339716029895684268,0.490,0.7520930218662147995673498069,-1.080929494637056232902750862,stop,-1.011436416285548558057137656,-1.011933170328137301286059459,29
ranked,IWL,2025-12-15,2025-12-16,2026-01-07,169.4926820175,165.8360320190814034378982384,172.7164586858788000706965072,273,3.6566499984185965621017616,2.730,1.035734069199380147889525034,-0.6789512309282255098943395154,target,0.8816202452444169820591843023,0.8788855016938106257350354428,22
ranked,CAKE,2021-03-08,2021-03-09,2021-04-07,59.1475000000,52.94458608611466008021997753,59.4310519950,161,6.20291391388533991978002247,1.610,0.6533221412163080309873456301,-0.8298519166092606983952284357,time,0.04571270840391054036038082981,0.04410056286411595911046295038,29
ranked,QTEC,2021-03-08,2021-03-09,2021-03-16,136.6708270050,127.3996124857816126947906781,145.5771864204078413369462986,107,9.2712145192183873052093219,1.070,1.001937769398429072262699317,-0.04323306338874267696044329793,target,0.9606464608219091025768259913,0.9595678534852682658823243048,7
ranked,META,2024-02-14,2024-02-15,2024-03-01,476.4681989975,449.4198266947724280878985013,502.2577798719770029823212450,36,27.0483723027275719121014987,0.360,1.027115446784147848958215379,-0.5426644469848503119246117987,target,0.9534614721299280641618759180,0.9530917641161489283724022869,15
ranked,IBB,2026-02-12,2026-02-13,2026-03-13,171.7984199875,165.0043040018671189755703302,164.5917932418624511781314044,147,6.7941159856328810244296698,1.470,0.9554698545369771546001904634,-1.033014597092755499013038162,stop,-1.060715884285311014806481093,-1.062187746117099935403790928,28
ranked,SPSC,2020-03-24,2020-03-25,2020-04-02,40.4308270050,33.58804777358526210256587384,47.15542222082370105269054084,146,6.84277923141473789743412616,1.460,1.209913649850177806618219644,-0.3157820721556803952582116554,target,0.9827286528478864259094693488,0.9812672583381686968159354976,8
ranked,PGR,2018-03-28,2018-03-29,2018-04-27,60.9219250000,58.52736117772506603066665287,60.8275500000,417,2.39456382227493396933334713,4.170,0.7759550957529932921120496685,-0.7316267721507616377334739303,time,-0.03941218819147608865043840421,-0.04358831409255964771273651326,29
ranked,AS,2025-08-21,2025-08-22,2025-08-22,38.0950000000,35.05744796239247252613574150,41.02972065751350865517959785,329,3.03755203760752747386425850,3.290,1.140721527434027077395358241,-0.09382522388800761761125024302,target,0.9661466276722580588624821653,0.9628545030020659663424645426,0
ranked,ONDS,2025-11-14,2025-11-17,2025-12-08,7.5287750000,5.658434337789451956201531873,9.375617873055021673688971957,534,1.870340662210548043798468127,5.340,1.187604506964385397216159351,-0.8548041714018099307518442150,target,0.9874366260487784998492655067,0.9820900064719036429697681151,21
ranked,TROW,2021-08-26,2021-08-27,2021-09-15,219.3870959900,212.0824257253818225154386624,211.5522196610683679591500657,136,7.3046702646181774845613376,1.360,0.7081636573051244810671115928,-1.007177151532186636420386917,stop,-1.072584530869466832045581974,-1.073953518056806041823242370,19
ranked,GNRC,2021-09-24,2021-09-27,2021-09-29,442.0022439850,413.5234534616863315947458796,412.4896448280321157657590149,35,28.4787905233136684052541204,0.350,0.2541451333431784834551890223,-1.645513314430858579858870877,stop,-1.036301002067061320740322616,-1.036652140574569695201367017,2
ranked,AIN,2025-07-24,2025-07-25,2025-07-31,72.5810020050,69.54979297097155272065714081,67.1117990025,329,3.03120903402844727934285919,3.290,0.1118352417119441033041748806,-7.251563240357415995623198393,stop_gap,-1.804297539728390979673265544,-1.807596553385232090828698955,6
ranked,NHC,2026-05-11,2026-05-12,2026-06-02,191.1867820175,176.7528005522070865940866512,176.3109185508265688776014346,69,14.4339814652929134059133488,0.690,0.9611496326123671094459970364,-1.000194024927482457563507078,stop,-1.030614006429413858443895669,-1.031306815965302857647289998,21
ranked,LRN,2020-08-14,2020-08-17,2020-08-26,46.3856750000,39.64772064173109356089394113,39.54860134012676582699170628,148,6.73795435826890643910605887,1.480,0.06742773486472884296147057854,-1.302424079087205027737985710,stop,-1.014710592612235079913810663,-1.016194722582294593322966456,9
ranked,NVST,2021-01-07,2021-01-08,2021-02-04,35.3882489975,32.83932348457755297397499659,37.84233157414639090845994090,392,2.54892551292244702602500341,3.920,1.220808919964181535656521111,-0.6427214091563157250713559351,target,0.9627910129993109040822869515,0.9588677912537940677439124735,27
ranked,KYIV,2026-07-09,2026-07-10,2026-07-16,15.6289750000,14.43455440916264131196464608,14.39846802313973470868473446,837,1.19442059083735868803535392,8.370,0,-1.062418891414434098914214403,stop,-1.030212461422494346167335420,-1.038584721643652636117210039,6
ranked,BBVA,2026-06-09,2026-06-10,2026-06-15,22.4359489975,21.30485275517763649663665413,23.50812762672280759460493751,884,1.13109624232236350336334587,8.840,1.382774466024831845185155632,-0.3765806847925184169706718010,target,0.9479110522208203631660535234,0.9390700715634467437582352950,5
ranked,LKFN,2022-03-17,2022-03-18,2022-03-30,78.2050270050,73.70346202726171485011260526,73.51920337219356056298732375,222,4.50156497773828514988739474,2.220,0.1854852699292846350240196079,-1.042976171224549266591315619,stop,-1.040932132709263057115883657,-1.043153582371647867495804766,12
ranked,HUM,2022-08-10,2022-08-11,2022-09-09,485.5608810150,464.8647740974952431984460677,477.3037500000,48,20.6961069175047568015539323,0.480,0.9387808568270813005554933756,-0.5015865088240267133571351484,time,-0.3989702530970268011363106305,-0.3994534357574112044000589054,29
ranked,CI,2017-11-30,2017-12-01,2017-12-01,212.1490449875,205.0753102316023493698858882,204.5626219560233434964611735,141,7.0737347558976506301141118,1.410,0,-1.277831909086468620582114691,stop,-1.072477735350701058145332459,-1.073891415725366309347687131,0
ranked,KHC,2022-07-13,2022-07-14,2022-07-27,38.6964979950,36.81460477118042441926726605,36.72256825925247335821909788,531,1.88189322381957558073273395,5.310,0.2250398692336237923127024687,-1.804830875636138409631832304,stop,-1.048906341105341563863660654,-1.054220138866780731931578284,13
ranked,ACA,2026-04-13,2026-04-14,2026-04-30,114.8163239975,106.9878031640920569591352590,122.3382327188306731832625791,127,7.8285208334079430408647410,1.270,1.805407854595600899232502867,-0.6369430577767696044851105513,target,0.9608339661345968156474473677,0.9595565856162586202118744957,16
ranked,LECO,2023-09-21,2023-09-22,2023-09-28,177.1116729950,169.7363607673945652279420469,184.0257677595489211851278082,135,7.3753122276054347720579531,1.350,1.095320273325271252952049363,-0.1114095199826919548072161807,target,0.9374646863992823156184026629,0.9361088115981355266569990670,6
ranked,AIR,2022-05-13,2022-05-16,2022-05-26,45.4333000000,42.31093746837835443272714467,48.43427337529259145335467319,320,3.12236253162164556727285533,3.200,1.068645926348288284945920123,-0.4430302330336900329229407054,target,0.9611226578913599618362203124,0.9579199548423945520452714104,10
ranked,CLM,2021-07-29,2021-07-30,2021-08-06,11.7616137075,11.48995583924234923017254591,12.00318839681825664290288545,3681,0.27165786825765076982745409,36.810,1.341283780355727452864604600,-0.2528942303075190403700961371,target,0.8892607855154702051090897033,0.8524497773744668478481624941,7
ranked,DSGX,2023-01-03,2023-01-04,2023-01-05,70.6361489975,66.84750111907443587744357689,66.68038236627674978774996795,263,3.78864787842556412255642311,2.630,0.01157431461226822065669890901,-1.102279792556353601375535194,stop,-1.044110394568295187535381399,-1.046749858651760148377884123,1
ranked,JHMM,2022-10-06,2022-10-07,2022-10-13,44.4909510025,42.35129343942792492942560391,42.1842759975,467,2.13965756307207507057439609,4.670,0,-1.182877132388470914961200122,stop_gap,-1.078058024242030962699175432,-1.082731669302150868765869797,6
ranked,IGV,2024-10-31,2024-11-01,2024-11-06,91.7688510025,89.09982267150497244081633484,94.20178463516128999028570600,374,2.66902833099502755918366516,3.740,2.237198806830920948609946274,-0.1082221567847936524093900659,target,0.9115428279302976732056067103,0.9077961460821241289759079066,5
ranked,EG,2023-02-01,2023-02-02,2023-02-02,356.0880120300,340.6070403028085337566657634,339.7555227020515124222740990,64,15.4809717271914662433342366,0.640,0,-1.103807456736443539975619210,stop,-1.055004144168894644060338667,-1.055650098452399700522998250,0
ranked,DOCU,2020-06-18,2020-06-19,2020-06-26,163.4776820175,147.4234934070477348099235721,179.0830409513823845271012368,62,16.0541886104522651900764279,0.620,1.057251935575823644967014550,-0.2166214750483132418744293318,target,0.9720428302257726740215959620,0.9714199398236075104497530129,7
ranked,PARR,2025-03-28,2025-03-31,2025-04-04,14.0149500000,12.38399616306900841560686497,12.35303617266133589456784781,613,1.63095383693099158439313503,6.130,0.7020738258016367157040638333,-1.210917167169068976620881942,stop,-1.018982750894979801075840943,-1.025114132282706421884574743,4
ranked,TTWO,2024-02-14,2024-02-15,2024-02-27,156.1093010025,148.2991848917733111797325502,147.9284369295438779017832188,128,7.8101161107266888202674498,1.280,0.1691001745398016616242919953,-1.165066674233266817971609654,stop,-1.047470224126403825868484249,-1.048750614822038382112732954,12
ranked,STX,2019-11-26,2019-11-27,2019-12-09,59.7690489975,57.75646178125860449100674823,57.61207062680545797977923136,496,2.01258721624139550899325177,4.960,0.3035654790856629671960194261,-1.862800760754871187756049651,stop,-1.071744048301570757950458310,-1.076712777069845201362173282,12
ranked,CCOI,2020-05-20,2020-05-21,2020-06-19,76.4907530075,69.26339672364222748038161257,78.7127289900,138,7.22735628385777251961838743,1.380,0.7484408931909864681099091665,-0.4968277287671435565340215683,time,0.3074396633057596705967719119,0.3060560315035839705693897666,29
ranked,CORT,2024-11-29,2024-12-02,2024-12-04,57.5435020050,52.96099744583135333265132508,61.97069154775822505068030323,218,4.58250455916864666734867492,2.180,1.020511585884467883199300370,-0.2124388513814401413450158828,target,0.9661069586718319142206738314,0.9639247458947617720657532990,2
ranked,CTVA,2022-11-03,2022-11-04,2022-12-05,67.1474530075,63.75512706894744490135263379,64.1991009975,294,3.39232593855255509864736621,2.940,0.2807940657100991712907632529,-0.9985641323561516503489426717,time,-0.8691240356632738993422991840,-0.8720718656127353067654321470,31
ranked,GS,2025-07-24,2025-07-25,2025-08-01,722.5619100250,695.2043262609616525725044932,693.4663154453092484410732320,36,27.3575837640383474274955068,0.360,0.5599213405365022300070472520,-1.042194452219096731915878884,stop,-1.063529397575564632107029341,-1.063894926932479004045767792,7
ranked,UUUU,2025-11-14,2025-11-17,2025-12-16,15.1778500000,11.09095940409476521167271564,14.0448000000,244,4.08689059590523478832728436,2.440,0.3553187847638855316814655690,-0.7579968015546633260907993001,time,-0.2772401103996356446009910573,-0.2796869583798627806020588925,29
ranked,ASTS,2024-09-05,2024-09-06,2024-10-04,28.7817739975,20.34662765590783972480399510,26.0447259975,118,8.43514634159216027519600490,1.180,0.2546756055561823978707593399,-0.8419265902338237238452559163,time,-0.3244813888413669919384406621,-0.3256669047287075390970525705,28
ranked,DFIC,2023-04-28,2023-05-01,2023-05-02,24.7417000000,24.24865543370232284693278705,24.18803379511806703981545508,2028,0.49304456629767715306721295,20.280,0,-1.200094353423538856040943099,stop,-1.122953669359891715880125921,-1.143235811550588671365015952,1
ranked,EDC,2021-02-05,2021-02-08,2021-02-11,117.3827209900,107.6121522523094570425040980,126.8354065033713166001021622,102,9.7705687376905429574959020,1.020,1.233016453128970927356898773,-0.03712414289669452888570534374,target,0.9674652281915818121276576810,0.9664417463177555309135117586,3
ranked,AXS,2025-08-21,2025-08-22,2025-09-08,99.9392270050,96.53331225611609119380190546,96.29197897547580096581740070,293,3.40591474888390880619809454,2.930,0.03252459417438455062329770667,-1.089053684099252110288637587,stop,-1.070857111358812849320528868,-1.073793180150105091888361159,17
ranked,CX,2023-10-19,2023-10-20,2023-11-02,5.9448250000,5.420716807317053021993528979,6.452760859701239610561454843,1908,0.524108192682946978006471021,19.080,1.059275561326412078893852903,-0.1618463538334991752009205610,target,0.9691431402762089085112345239,0.9500631103518352951660036885,13
ranked,NFLX,2025-05-27,2025-05-28,2025-06-24,121.3295675000,115.6343980219270857475973612,126.7071751356277319667716322,175,5.6951694780729142524026388,1.750,1.216370562223207161564107085,-0.6499489636351449517331946788,target,0.9442401418135433058911923128,0.9424842678156752530240688002,27
ranked,TQQQ,2021-07-29,2021-07-30,2021-08-23,32.6689707550,30.49384504334354171882948001,34.75698622548981713546759369,459,2.17512571165645828117051999,4.590,1.382002074128750572174789969,-0.3707701815477297918400154729,target,0.9599516291404129050797826666,0.9553541937156877106823667835,24
ranked,LAUR,2022-05-13,2022-05-16,2022-05-19,11.5889000000,10.78641200326783167042354142,12.36040952674033790875251743,1246,0.80248799673216832957645858,12.460,1.110421593380425439845488218,-0.1917785694324402145575363446,target,0.9613969677827224431045186287,0.9489357222055658339714753315,3
ranked,APPF,2018-06-22,2018-06-25,2018-07-24,62.7063739975,58.29057322570889762842102853,66.95436933236787461565002404,226,4.41580077179110237157897147,2.260,1.051592733115196626450644628,-0.8382110490910300289859676883,target,0.9619988659825420894911460784,0.9597342710615298630572281126,29
ranked,NVO,2021-11-19,2021-11-22,2021-11-23,56.5760885025,54.89639806317024104278246767,54.1293365025,595,1.67969043932975895721753233,5.950,0,-1.453297849021549390851876567,stop_gap,-1.456668409076805219828432270,-1.462621887030749081812926131,1
ranked,SPT,2021-07-29,2021-07-30,2021-08-04,90.1247520050,81.92218846735153881385258461,98.08149725379184003318204685,121,8.20256353764846118614741539,1.210,1.535525928837955557164692717,-0.4223981916259908353614118089,target,0.9700315288350581705946100804,0.9688123977726651039006834846,5
ranked,GCT,2024-05-10,2024-05-13,2024-05-22,37.1927479950,30.14583153820049269339018409,26.2542000000,141,7.04691645679950730660981591,1.410,0.2107663705260607316580883126,-1.699005383191055214372948889,stop_gap,-1.552246015978448541517554403,-1.553665076366251363917217471,9
ranked,ORI,2024-08-07,2024-08-08,2024-08-16,33.6238510025,32.31382603224519349176453400,34.84654128282291949196487734,763,1.31002497025480650823546600,7.630,1.012308946479132448973189440,-0.1479750439125561062814335741,target,0.9333335685083163142717242779,0.9257001262251093390443749339,8
ranked,ODFL,2022-04-14,2022-04-18,2022-04-21,132.0041905075,121.8462691351261153135665168,141.8067066001741999747173995,98,10.1579213723738846864334832,0.980,1.012589300058367134903805906,-0.1333143325152089799608326774,target,0.9650120072137723929406816422,0.9640275538366083776217244510,3
ranked,RRR,2021-05-04,2021-05-05,2021-05-14,36.8518979950,33.63439893192318471522965064,39.96922356543162324655842349,310,3.21749906307681528477034936,3.100,1.457064295309190332848005597,-0.09693771121155838611919379903,target,0.9688660382858360216787969241,0.9657580342727945242408625253,9
ranked,ABR,2018-12-13,2018-12-14,2018-12-17,11.5387750000,11.02515721330873205609407806,10.99759432027546022595384286,1946,0.51361778669126794390592194,19.460,0.1970823492155376599003259479,-1.341026377682706364019234426,stop,-1.053664210522833182554121608,-1.073133941243064119565761613,3
ranked,FDN,2018-06-22,2018-06-25,2018-06-25,141.3625199875,137.1558606735853578240242966,136.8129710219013944294642359,237,4.2066593139146421759757034,2.370,0,-1.174928041154009483207233514,stop,-1.081511153173199661024091233,-1.083888336409056756911633268,0
ranked,EWQ,2023-02-01,2023-02-02,2023-02-06,37.5135479950,36.49106718207902642729910819,36.39983951412382886123086042,978,1.02248081292097357270089181,9.780,0.01608930435868382426183947548,-1.079284795425586163464500082,stop,-1.089221887396187700459130097,-1.099002022019381738915649607,4
ranked,ESNT,2019-10-29,2019-10-30,2019-11-08,52.5310020050,50.25811600479574724431324266,50.13247071478375787620245955,439,2.27288600020425275568675734,4.390,0.5363216610469926000673385025,-1.153160345377842893003821020,stop,-1.055280066840439099067914223,-1.059679759565503774831120368,9
ranked,VMI,2026-01-14,2026-01-15,2026-02-03,434.0423909775,411.6880067113786495947543601,455.2557833055122970292325258,44,22.3543842661213504052456399,0.440,1.303887894003591996572677156,-0.1253624767355865588145714426,target,0.9489589189965631809297461457,0.9485115794554264894770520908,19
ranked,HOOD,2025-11-14,2025-11-17,2025-11-21,120.7962405075,103.1509883251750497671297167,102.8931108543621121427118924,56,17.6452521823249502328702833,0.560,0.1039235072161140979339179363,-1.059562216187979160903848550,stop,-1.014614552863758477399892505,-1.015181277549621391109161448,4
ranked,BJRI,2026-07-09,2026-07-10,2026-07-17,60.1299500000,55.78325886572101393765871084,64.31544953144328859718543594,230,4.34669113427898606234128916,2.300,1.815184644194594568976286516,-0.03449750519825540400684484682,target,0.9629162510387489574831380417,0.9606156504920163530145255144,7
ranked,IEV,2023-05-26,2023-05-30,2023-05-31,50.5761260025,49.54680287879454720428403564,49.4161509975,971,1.02932312370545279571596436,9.710,0,-1.443789581982872255911226859,stop_gap,-1.126929900131082697319931090,-1.136645022399006760884731188,1
ranked,SPXL,2019-07-08,2019-07-09,2019-07-15,52.6112000000,49.94624725235501822115097946,55.13796236577586932440189799,375,2.66495274764498177884902054,3.750,1.068986683729189239227599784,-0.06048850214790919828820841961,target,0.9481452787516659468579117927,0.9443928670029634612166728011,6
ranked,CRF,2022-03-17,2022-03-18,2022-04-11,13.4354659025,12.93132864264540378131877297,12.89900032103879027186547604,1983,0.50413725985459621868122703,19.830,0.9642276741064573363755823417,-1.369404639322069971009283136,stop,-1.064126031104976602715152975,-1.083961898826565382271851487,24
ranked_3x,ANET,2023-06-27,2023-06-28,2023-07-13,39.0204750000,36.00412907170624232819120423,41.72154477133155448927022980,331,3.01634592829375767180879577,9.930,1.052440626992580637355089947,-0.1729662354394220003322455036,target,0.8954774536949268364273434129,0.8855316448543042490731242152,15
ranked_3x,PFE,2018-12-13,2018-12-14,2018-12-18,42.1352942400,40.21137441134502668037022823,39.90978910325993898026745152,519,1.92391982865497331962977177,15.570,0,-1.169044160001404832826579623,stop,-1.156755652493029418489202411,-1.172348817838683776353651245,4
ranked_3x,SCHF,2025-04-28,2025-04-29,2025-05-21,20.6940510075,19.88813286264563280868074676,21.33871938371170943738435884,1240,0.80591814485436719131925324,37.200,1.074486283785657233709067550,-0.4393138555826640566342768303,target,0.7999179325193177436292157662,0.7626933084163064799230157353,22
ranked_3x,HDB,2017-11-01,2017-11-02,2017-11-22,23.4848239925,22.44914265241628427311737292,24.33660154258933785893100738,965,1.03568134008371572688262708,28.950,1.026065611468969955089282539,-0.3691511835765007027521719527,target,0.8224320716452102538041708575,0.7934656329937471951638638438,20
ranked_3x,IWV,2021-04-06,2021-04-07,2021-04-29,245.0038429475,238.7725143298688509354238876,249.3509077783926654465917916,160,6.2313286176311490645761124,4.800,1.133973906063425547299193034,-0.3921868188086399000725089897,target,0.6976144410989529979168806777,0.6928000585104442001416997014,22
ranked_3x,AMRC,2021-10-22,2021-10-25,2021-10-28,72.7918750000,67.69904607972541655096067839,77.30056864087252407317152670,196,5.09282892027458344903932161,5.880,1.542978789002070692435766280,-0.4127122730615258995587678053,target,0.8853023950840733695972197852,0.8794117593549661509466338391,3
ranked_3x,TREX,2024-06-10,2024-06-11,2024-06-12,81.8996760075,77.38253510115908978159936259,85.76869078698710339176263263,221,4.51714090634091021840063741,6.630,1.224297427768268182624671281,-0.4338306127995960972224777730,target,0.8565185057778464351702291986,0.8498771366857537632635859029,1
ranked_3x,PRMB,2024-06-10,2024-06-11,2024-06-17,22.8702510075,21.96821209750998852332429847,23.59399774310883639060063377,1108,0.90203890999001147667570153,33.240,3.037285822327041302773596220,-0.7652120100979273033919306909,target,0.8023453618168762098757849959,0.7690873729787536967380436928,6
ranked_3x,GGAL,2024-09-05,2024-09-06,2024-09-16,41.6802739925,37.84116137096600197808720065,45.17799121442874303674845335,260,3.83911262153399802191279935,7.800,1.367432145140447011490529899,-0.4298584478203189546810232538,target,0.9110743983673906163861070569,0.9032600925739823286213449077,10
ranked_3x,SRRK,2024-03-14,2024-03-15,2024-03-21,14.8304000000,12.63877078331064957247939244,16.89436399756418029931420300,456,2.19162921668935042752060756,13.680,1.090329961748593779802066295,-0.9218712657298814038305568187,target,0.9417487145393965309912565943,0.9280602677110969655017907932,6
ranked_3x,NDAQ,2024-06-10,2024-06-11,2024-07-10,59.4122760075,57.32997185966288310344623308,61.03337080417208851982961367,480,2.08230414783711689655376692,14.400,1.079440769896513053763140856,-0.5437615867384660152839542832,target,0.7785100934250718593443949809,0.7641029761789380942740849857,29
ranked_3x,ILMN,2018-09-18,2018-09-19,2018-09-27,343.1086325550,329.7659070113411535511763442,353.7779729129189051004574784,74,13.3427255436588464488236558,2.220,1.114316666137680774271336127,-0.4721154260715312705055694796,target,0.7996372497513843928515306081,0.7973888335712091547986546301,8
ranked_3x,AUB,2021-03-08,2021-03-09,2021-03-23,39.6048260075,36.89697759707611530256641236,36.62025026509804443779716427,369,2.70784841042388469743358764,11.070,0.8254428068778441794523696049,-1.024733879791162677904401835,stop,-1.102194543428947768035694780,-1.113273450167048303349422079,14
ranked_3x,FRPT,2021-01-07,2021-01-08,2021-01-27,147.8808489925,137.2356177033665214512603604,136.2063505705912725403759077,93,10.6452312891334785487396396,2.790,0.5222200304069217512159320469,-1.467591691356449586568995779,stop,-1.096688094867972682552118395,-1.099506258154910715717322287,19
ranked_3x,BAI,2026-06-09,2026-06-10,2026-06-15,46.5263500000,42.08332385898373595045860492,50.58710581995864206916983462,225,4.44302614101626404954139508,6.750,1.269101468466772919408713233,-0.2647636909313637707480527930,target,0.9139617213752912174131743775,0.9072095666393440577854085525,5
ranked_3x,KORU,2026-01-14,2026-01-15,2026-01-21,13.5674987500,12.41212466501461684286548042,14.61245128872299278345601068,865,1.15537408498538315713451958,25.950,1.309966416651233416985674845,-0.4773334949839878992011591963,target,0.9044278838366126791888442141,0.8784622676869484469924253176,6
ranked_3x,SHW,2022-01-19,2022-01-20,2022-01-24,307.6099070525,292.4948922692898892706794264,285.0956250000,66,15.1150147832101107293205736,1.980,0,-1.502473757268591494640238737,stop_gap,-1.489530931687149880149585259,-1.491515713073756544914983403,4
ranked_3x,AVAV,2025-09-19,2025-09-22,2025-09-24,280.3570139175,256.4860708557732042688735498,301.9462473018825947631430018,41,23.8709430617267957311264502,1.230,1.120733731102315392871751203,-0.2059831446451579439669921086,target,0.9044147660423791906097108432,0.9031580079862594825534999415,2
ranked_3x,H,2023-05-26,2023-05-30,2023-06-06,111.4697989925,105.2696735639402308050819618,116.7873999879018209259561529,161,6.2001254285597691949180382,4.830,1.085493847672588404093787568,-0.8273708413817694286524467780,target,0.8576602290829864079338669447,0.8528216172926812692595626989,7
ranked_3x,AIR,2018-09-18,2018-09-19,2018-09-26,45.0554010075,42.74703044914995531439796303,47.00854327910616935046002169,433,2.30837055835004468560203697,12.990,2.800503138075329220823004212,-0.6001649096106325676442677911,target,0.8461129711350234616427026100,0.8331167908244224129227127094,7
ranked_3x,FISV,2018-06-22,2018-06-25,2018-06-26,76.1065510075,74.04813879992163604167358143,73.49277775892222377136102957,485,2.05841220757836395832641857,14.550,0,-1.028245460120952287742275551,stop,-1.269800693444570732325013520,-1.284375033748981260362435360,1
ranked_3x,IMVT,2023-02-01,2023-02-02,2023-02-03,18.3768000000,16.36008904503821459640026294,16.23738837720042798692726097,495,2.01671095496178540359973706,14.850,0.3536451261125392189696865978,-1.520693876559079187796178993,stop,-1.060841970206936105431458251,-1.075717676577345775326425438,1
ranked_3x,LSCC,2019-03-13,2019-03-14,2019-03-22,13.0975000000,12.18932529717858647099508681,12.09790535744974707246262366,1101,0.90817470282141352900491319,33.030,0.02477496887999585060154616234,-1.076334759119819731689394386,stop,-1.100663384968581884417916953,-1.133696676808576351886645169,8
ranked_3x,CVSA,2024-10-03,2024-10-04,2024-10-30,73.6583260075,69.56308698780322200329708817,77.17041328949280216172763999,244,4.09523901969677799670291183,7.320,2.832966754003779211505724301,-0.6271502090957723250962303566,target,0.8576025147984759420214389753,0.8502769350568028230334823972,26
ranked_3x,IBKR,2024-12-30,2024-12-31,2025-01-06,45.2392687500,43.09849313106169623449967251,47.02469403617126648725907503,467,2.14077561893830376550032749,14.010,1.070046869805096496946388183,-0.8603282537912157592133884502,target,0.8340086043472086448905063901,0.8199949918347127301452448538,6
ranked_3x,NU,2024-07-10,2024-07-11,2024-07-24,13.4299750000,12.57732792874875378030774797,12.48299796928313812695543986,1172,0.85264707125124621969225203,35.160,0.2463211416322483846714789155,-1.067235237980265320040133442,stop,-1.110631892897008272822104930,-1.145816438779486318484023118,13
ranked_3x,ATEN,2024-12-30,2024-12-31,2025-01-13,18.6488250000,17.76241244293750813131603785,17.62919434961547682033116757,1128,0.88641255706249186868396215,33.840,0.1367027114344649250138001450,-1.171941881602612678048573731,stop,-1.150289041215195091100916944,-1.184133327107779764097937817,13
ranked_3x,HCSG,2018-12-13,2018-12-14,2018-12-21,42.7683760075,39.48245032067815792161905830,39.18633194327307173720691536,304,3.28592568682184207838094170,9.120,0.1678747619619884053340863031,-1.277684405443959633332687133,stop,-1.090117186335851932804801657,-1.099247033708942130943749700,7
ranked_3x,CHRD,2018-09-18,2018-09-19,2018-09-25,12.7751000000,11.78978426774126238625004875,13.65721261426679708164682662,1014,0.98531573225873761374995125,30.420,1.435986408901117903985281134,-0.1675605032932182952491129516,target,0.8952588346931620361763956948,0.8648117414236493235327046679,6
ranked_3x,KEX,2024-04-12,2024-04-15,2024-04-17,99.2991979850,95.82344807388715321475868263,95.10477221333299956564799251,287,3.47574991111284678524131737,8.610,0,-1.222526100457991742919075578,stop,-1.206768576259289007284075905,-1.215399807149659587039330951,2
ranked_3x,LNTH,2022-06-13,2022-06-14,2022-07-14,62.3441010075,53.73392530114601638559521167,67.4006789700,116,8.61017570635398361440478833,3.480,0.7823186450805132986908807600,-0.3674839068806706554342164708,time,0.5872793000923821972801195015,0.5837950506388128425846605595,30
ranked_3x,ULTA,2023-03-30,2023-03-31,2023-04-06,542.7906250000,522.2369628944442717964796914,518.3201856727359397580060937,48,20.5536621055557282035203086,1.440,0.4996371423866188710242720837,-1.073319435081932622757713915,stop,-1.190563472416412507832799799,-1.192023066324589624987929733,6
ranked_3x,B,2026-04-13,2026-04-14,2026-04-23,43.8766239925,40.13244976164839239841042695,39.83145638843602945542234875,267,3.74417423085160760158957305,8.010,0.06233070180789068155302894434,-1.195623311440236609753012739,stop,-1.080389788149335771778421882,-1.088402235794747972235190822,9
ranked_3x,AJG,2022-08-10,2022-08-11,2022-09-01,187.7677699625,180.1429491071510372238491140,178.7918769888474044446702456,131,7.6248208553489627761508860,3.930,0.5550596030765767886334411328,-1.115799980603036389782781286,stop,-1.177193949069089136887607617,-1.181128467737675875695990084,21
ranked_3x,PICK,2022-05-13,2022-05-16,2022-05-23,41.5694479850,38.41549978438260913734068288,44.38797071422526043118937224,317,3.15394820061739086265931712,9.510,1.049653578442395937800123027,-0.1107966785667548829875785947,target,0.8936490233649143919800114354,0.8841371360123803688588007664,7
ranked_3x,RYAM,2024-11-29,2024-12-02,2024-12-09,8.9264500000,8.244122765633646352768500170,8.182291844891394005122736419,1465,0.682327234366353647231499830,43.950,0,-1.093976559052628548027885516,stop,-1.090617694308614134595855569,-1.134584867959332677620621549,7
ranked_3x,BAP,2019-03-13,2019-03-14,2019-04-11,243.8855320525,234.2558962411778614118520558,239.1925000000,103,9.6296358113221385881479442,3.090,0.8935408478670820225908937232,-0.7814969537738678739186398282,time,-0.4873530156750187390446895629,-0.4904683982904990883921098120,28
ranked_3x,RSPT,2021-02-05,2021-02-08,2021-02-12,26.4750850000,25.73035089530707143122828965,27.01567046140773160450592252,1342,0.74473410469292856877171035,40.260,1.060665806792479535157954444,-0.2646380751976744673301213191,target,0.7258771392383429741649027678,0.6855943056592769162715895295,4
ranked_3x,URBN,2023-07-26,2023-07-27,2023-08-01,35.2121260075,33.61156323809970548288439184,36.53659361107354230823724110,624,1.60056276940029451711560816,18.720,1.073293734767840524920956509,-0.3074699830012861255221137291,target,0.8275011945141016316909154890,0.8087577871491780278733155230,5
ranked_3x,PCTY,2021-10-22,2021-10-25,2021-11-05,297.0613810450,281.7150753646267057968244535,310.0646290749329944966517299,65,15.3463056803732942031755465,1.950,1.136013729825296472260051149,-1.118274808441229648206228372,target,0.8473210621995569721965872249,0.8453661943228947982711120273,11
ranked_3x,TQQQ,2024-04-12,2024-04-15,2024-04-15,30.3257500000,27.82226050748758698391135264,27.61359355368143008153201750,399,2.50348949251241301608864736,11.970,0,-1.040847588053969011073712858,stop,-1.083350441226236651365293481,-1.095333715008581576238088843,0
ranked_3x,TECX,2020-06-18,2020-06-19,2020-06-24,268.3979939550,232.2160140049676822183627765,230.4743938999304246017250557,27,36.1819799500323177816372235,0.810,0.05754292738748091479824958512,-1.189486949427198453259550952,stop,-1.048135013822970790733962730,-1.048964155844535953973991578,5
ranked_3x,URTY,2026-05-11,2026-05-12,2026-05-18,76.2879010075,69.66624425282659461068244201,69.14374742093039515110232369,151,6.62165675467340538931755799,4.530,0.09696953742684140810980102807,-1.299961826234008791737942090,stop,-1.078907266150187234742652340,-1.083437854356654857012428804,6
ranked_3x,UCO,2022-05-13,2022-05-16,2022-05-31,43.7909875000,38.08623163540867285966845189,49.12452528935689218677906150,175,5.70475586459132714033154811,5.250,1.186556210409349974815328991,-0.5448942205036294711465326216,target,0.9349283152433328564454812508,0.9296695450676964067258197567,15
ranked_3x,BF.B,2019-10-29,2019-10-30,2019-11-21,65.2658489925,63.32902255940125100137792819,66.69865535990675838113240627,516,1.93682643309874899862207181,15.480,1.153511212631251776629037846,-0.7310159383950399173980685093,target,0.7397701430140006873291504951,0.7242808872462535050479316928,22
ranked_3x,ANAB,2026-02-12,2026-02-13,2026-03-04,36.6864340050,32.12824959807108395234994800,40.93528377383944917729267661,219,4.55818440692891604765005200,6.570,1.120379637830576478646929103,-0.3619351166425346815910843878,target,0.9321364362487735392120643464,0.9255548683871493212833438410,19
ranked_3x,IXC,2022-05-13,2022-05-16,2022-05-26,37.8215510075,35.35290125849946619542793070,39.98802425082677980103777878,405,2.46864974900053380457206930,12.150,1.170051763588345079980415964,-0.1140502040088875805441991923,target,0.8775944194610457626017193137,0.8654420272425279654877342403,10
ranked_3x,CPT,2021-07-29,2021-07-30,2021-07-30,152.7873689550,148.2075555834892905505087595,147.0959989166131208713799438,218,4.5798133715107094494912405,6.540,0,-1.250568634658305769866849100,stop,-1.242707852199992296486213361,-1.249258337463566283566295112,0
ranked_3x,TTI,2025-11-14,2025-11-17,2025-12-03,7.7577500000,6.819361503643365512719411528,8.630917457633959728625984058,1065,0.938388496356634487280588472,31.950,1.078711007146974287973593847,-0.7542185382151356407145577134,target,0.9304967622941878998577884831,0.8985270609215929592411346768,16
ranked_3x,FELG,2025-09-19,2025-09-22,2025-09-25,41.3578739925,40.53213119314366879230042798,40.1565490075,1211,0.82574279935633120769957202,36.330,0.1600110925617445852436014361,-1.311391384029145283968841996,stop_gap,-1.454841611620998866887481948,-1.491172536968922073534702774,3
ranked_3x,XSW,2026-08-06,2026-08-07,2026-08-27,194.8908020150,184.5577470216518407939276854,203.6846780807855480120267722,96,10.3330549933481592060723146,2.880,1.510608236871702075878466125,-0.1404037833858373553559619221,target,0.8510431882387688644788683596,0.8481398842285499779973439865,20
ranked_3x,WSFS,2026-07-09,2026-07-10,2026-07-24,77.9301229850,74.71076011299075228292317748,80.54086471308167835919874635,310,3.21936287200924771707682252,9.300,1.357374172695449842935110562,-0.2702786295280044901077599573,target,0.8109498158100702991329749937,0.8016312017883845125752739771,14
ranked_3x,PMT,2019-10-29,2019-10-30,2019-11-27,22.9206250000,22.45252890406160559502600921,22.8175750000,2136,0.46809609593839440497399079,64.080,0.9172796007606727735026472354,-0.9626783985382915382414064934,time,-0.2201471041825614656406353365,-0.2842365086025211354050124359,28
ranked_3x,GDDY,2025-02-28,2025-03-03,2025-03-07,182.0149540300,170.2921771841164534166856723,169.0149858552355800160605298,85,11.7227768458835465833143277,2.550,0,-1.007863340344043356153407617,stop,-1.108949555695872447782353085,-1.111508676320141133817904603,4
ranked_3x,STVN,2023-03-02,2023-03-03,2023-03-10,24.5830000000,22.47304141513182676889130897,22.30449360451833806812462415,473,2.10995858486817323110869103,14.190,0.5388726623139088021088812207,-1.077272803504820163520187022,stop,-1.079882046890517186573444396,-1.094100335446107177473406873,7
ranked_3x,PAG,2022-01-19,2022-01-20,2022-02-17,101.7373530225,95.45406774940065264278635155,99.0911960300,159,6.28328527309934735721364845,4.770,0.6752279728033475021539513244,-0.9688165916263262159857674818,time,-0.4211422651505259180273933188,-0.4259168374795015116932788849,28
ranked_3x,MTH,2018-01-30,2018-01-31,2018-02-01,24.6081864925,23.35991691862995089172151213,22.9515625000,801,1.24826957387004910827848787,24.030,0.7144398342860210526503130094,-1.488609937626699045714378754,stop_gap,-1.327136403208096265777421233,-1.351169673447144121395945143,1
ranked_3x,IGM,2023-05-26,2023-05-30,2023-05-31,63.8251229850,61.98283672289988376524277405,61.51796544747813463700345324,542,1.84228626210011623475722595,16.260,0,-1.051297523541294284662830269,stop,-1.252333898908749724139758201,-1.268618013173273125223166749,1
ranked_3x,USPH,2018-09-18,2018-09-19,2018-09-21,122.2601229850,115.4065966829158120598335139,114.5410472077939434693847625,145,6.8535263020841879401664861,4.350,0,-1.254845842261474276211733308,stop,-1.126292573628651739697756387,-1.130669882283741728349390374,2
ranked_3x,XYL,2023-01-03,2023-01-04,2023-01-12,111.1675459700,105.9407014016157520014795890,115.5214326093463661385315079,191,5.2268445683842479985204110,5.730,1.045076232616686364283673261,-0.8298589929833797083540848371,target,0.8329856727865669834793318745,0.8272460722288113946061607409,8
ranked_3x,CF,2019-01-14,2019-01-15,2019-02-13,43.2116739925,39.72866952101916297289813736,42.3201990075,287,3.48300447148083702710186264,8.610,0.4617639801123203268434932393,-0.7182520186189671516667266840,time,-0.2559499972794981130018182790,-0.2645632506490079073681229582,29
ranked_3x,QXO,2025-04-28,2025-04-29,2025-05-13,13.5508750000,11.81911846027062838703460551,15.16801180318140132586815403,577,1.73175653972937161296539449,17.310,1.356498414244248777522688721,-0.4566894836866579053576359035,target,0.9338130193717170180819046514,0.9164895681176000752518378557,14
ranked_3x,RMD,2021-11-19,2021-11-22,2021-12-20,262.9877239925,249.9531811402055070979189502,248.0785322816539657946845581,76,13.0345428522944929020810498,2.280,0.4436108786494294264913898581,-1.354686711501483993810824453,stop,-1.143821603856367210762596480,-1.146123180546854598942848731,28
ranked_3x,NET,2022-01-19,2022-01-20,2022-01-28,96.5789510075,77.14080992017897816598789674,76.56225384577763582974298751,51,19.43814108732102183401210326,1.530,0.3102688660097179857246245949,-1.027307596842437294074316562,stop,-1.029763961059975994754851267,-1.031307318517113097000773122,8
ranked_3x,SMH,2017-11-01,2017-11-02,2017-11-16,51.0349114925,49.76403520319575516192827313,51.91349437344071300178618892,786,1.27087628930424483807172687,23.580,1.101672538297566598929275115,-0.5349942384024057943282260797,target,0.6913205386983046439024909956,0.6677147792294394021080278988,14
ranked_3x,TECL,2026-08-06,2026-08-07,2026-09-04,213.0358719775,177.6679666319879039639005694,203.7801069475,28,35.3679053455120960360994306,0.840,0.3049130254435161333503419147,-0.9179470669902043910722080636,end_of_data,-0.2616995532978172953235491106,-0.2625477799515285465543624400,28
ranked_3x,CSX,2026-04-13,2026-04-14,2026-04-23,42.6575500000,40.97940773852711824040819645,44.00317456951183514639486502,595,1.67814226147288175959180355,17.850,2.319498822813539355407971901,-0.5288884145143987384015424378,target,0.8018536928632018767677816727,0.7839767817760158453869622562,9
ranked_3x,RIO,2026-01-14,2026-01-15,2026-01-23,86.5543290300,83.04796411001121827602216861,89.38523874536386586104799765,285,3.50636491998878172397783139,8.550,1.108177003439913446175479260,-0.6571846007424043240338621018,target,0.8073631182041722808925805695,0.7988072488966228595666617343,8
ranked_3x,UI,2017-11-30,2017-12-01,2017-12-12,66.9383020150,63.10866631479159083725661291,62.5275000000,261,3.82963570020840916274338709,7.830,0.2328419867590730879409847665,-1.255550499160620361797831939,stop_gap,-1.151754986710606365909457550,-1.159588629999018210660390840,11
ranked_3x,GRPN,2024-03-14,2024-03-15,2024-03-15,16.3013500000,14.21574806290753334491510021,14.10912995243572684482823696,479,2.08560193709246665508489979,14.370,0.3973188676431792426489845523,-1.913764045292522491606246424,stop,-1.051121025817823408468085018,-1.065505362285127873059811474,0
ranked_3x,WEX,2018-05-24,2018-05-25,2018-05-29,180.3425000000,173.1547101387506353450928185,171.8560498127100055800046224,139,7.1877898612493646549071815,4.170,0,-1.228820704347185081002142626,stop,-1.180675889405439531710394362,-1.184849634127963385637458572,4
ranked_3x,FDS,2018-02-28,2018-03-01,2018-03-13,205.3587270150,196.4430116249196121216816408,212.6673840870422849692309715,112,8.9157153900803878783183592,3.360,1.067920808193738462530405868,-0.4956108199591327351367889513,target,0.8197499305747115163980630598,0.8163850856141626459329694838,12
ranked_3x,UTHR,2018-11-13,2018-11-14,2018-12-14,114.2404239925,105.3809538823850387344119077,107.0808240075,112,8.8594701101149612655880923,3.360,0.9176145871544127672144303769,-0.8477280129796096930173384076,time,-0.8081295942096808314747464761,-0.8115158012431859896465465441,30
ranked_3x,RIO,2019-04-10,2019-04-11,2019-04-16,62.4650000000,60.46427028196758778405691881,60.01078825485283087567649192,499,2.00072971803241221594308119,14.970,0.4023531978080803622407408245,-1.357004884532842463954796694,stop,-1.226658315227469625720818716,-1.241652844338329763444076138,5
ranked_3x,HEFA,2025-04-28,2025-04-29,2025-05-19,36.1088000000,34.41754113880555861550990735,37.51655841973548307410641696,591,1.69125886119444138449009265,17.730,1.035442320617451098527907966,-0.2594528904286708247289963124,target,0.8323731227881119090847173348,0.8146348565248311475068988896,20
ranked_3x,FLR,2018-01-30,2018-01-31,2018-02-02,61.3970489925,59.31822313704547157502624042,58.87333646351763053821354362,481,2.07882585545452842497375958,14.430,0.001420517015531507634766279285,-1.340683725472820395469290846,stop,-1.214008630093052229834667822,-1.228439853334424027584246304,2
ranked_3x,VIG,2019-09-03,2019-09-04,2019-10-02,119.6003239925,116.5813276262848428703693279,115.7069676690877065488415579,331,3.0189963662151571296306721,9.930,0.5331821613015091839312565994,-1.348237791224263112206936056,stop,-1.289619413584555020234694333,-1.299556490798599592221339717,28
ranked_3x,RES,2017-12-29,2018-01-02,2018-01-10,25.7516989925,24.36453521205569674810009196,24.18180119796527902248934127,720,1.38716378044430325189990804,21.600,0.6908340752618700683187426604,-1.197911173810899366179083378,stop,-1.131732111713505610705030216,-1.153358973965049631536692665,8
ranked_3x,VSAT,2023-07-26,2023-07-27,2023-08-24,30.5171760075,26.41483641827963134487786311,26.6783990075,243,4.10233958922036865512213689,7.290,0.3200183612175062146285198589,-0.9573015402770062454287974289,time,-0.9357531029579007744048565432,-0.9430660031572968381074747719,28
ranked_3x,ROM,2021-09-24,2021-09-27,2021-09-28,54.8634145150,52.08058524397993405684101354,51.68998085465008455141470594,359,2.78282927102006594315898646,10.770,0,-1.578757834967562670509849025,stop,-1.140362325995899373652668021,-1.151142721441791491120535252,1
ranked_3x,TTWO,2025-05-27,2025-05-28,2025-06-20,228.0375459700,213.8656276458709991281292070,240.3928933119230333653317621,70,14.1719183241290008718707930,2.100,1.004977075386534458908653910,-0.4175546905266044687986820826,target,0.8718189774553606125571485021,0.8697021151284784270262716194,23
ranked_3x,MRK,2019-04-10,2019-04-11,2019-04-11,77.8024566150,75.81562541296909720201197657,75.24700822237182897299688675,503,1.98683120203090279798802343,15.090,0,-1.031110047449383581051819240,stop,-1.286193004225038370632523378,-1.301292424834768348919406210,0
ranked_3x,SXI,2023-05-26,2023-05-30,2023-06-01,141.9567439550,135.7536804767366378801074789,134.7355278731611130960066728,161,6.2030634782633621198925211,4.830,0,-1.036059840032341691311896679,stop,-1.164137060203125862638928892,-1.168973380209381696816396559,2
ranked_3x,FTNT,2022-12-02,2022-12-05,2022-12-21,53.1154010075,48.60829367528904730282142440,48.24373147272437944805026372,221,4.50710733221095269717857560,6.630,0.7975399136405027605208953754,-1.347959913020248487097662137,stop,-1.080886070753019449056607052,-1.087542224642588251183407567,16
ranked_3x,NVDA,2017-11-01,2017-11-02,2017-11-10,5.1886250000,4.959020541935359141544732865,5.377592737129156052016852631,4355,0.229604458064640858455267135,130.650,1.211322298984713470709790660,-0.7812348310305904856038425155,target,0.8230142337913826804864290973,0.6923547498559529128593056104,8
ranked_3x,REGN,2020-04-22,2020-04-23,2020-04-30,563.1219679475,512.5415493538118893144498450,508.6974877336583001445914712,19,50.5804185936881106855501550,0.570,0.2150640970349237239408006727,-1.095917501054791783878718572,stop,-1.075999007660116250880870596,-1.076592122561773938538086112,7
ranked_3x,BNY,2021-06-02,2021-06-03,2021-06-10,52.4403739925,50.54940064876319021092432662,50.17028014389746628434239417,528,1.89097334373680978907567338,15.840,0.02095534959879119421415749878,-1.375151057053676953766074847,stop,-1.200489608233467953560446641,-1.216354453763609637060222009,7
ranked_3x,UNM,2017-11-30,2017-12-01,2017-12-01,57.1454010075,55.68936329262153632660493186,55.27169306792687480415539487,686,1.45603771487846367339506814,20.580,0,-1.425375858257376901699248649,stop,-1.286853987658914935717566882,-1.307457849559912546682144512,0
ranked_3x,KDP,2022-10-06,2022-10-07,2022-10-26,37.4790010075,35.97332394859271937765571283,38.69229298090922601767670502,664,1.50567705890728062234428717,19.920,1.116440595648017824530099018,-0.7763949118998875927260970301,target,0.8058115558257571643327076291,0.7858869645446945525501470453,19
ranked_3x,GLTR,2025-11-14,2025-11-17,2025-11-28,176.6550459700,168.8544567123553109023253049,183.0722179634373539294421349,128,7.8005892576446890976746951,3.840,1.260796935354800204857792190,-0.4941989435249398273793919028,target,0.8226522101709731155463806536,0.8188063468638390332455076863,11
ranked_3x,BKLC,2024-11-29,2024-12-02,2024-12-18,38.7450940175,38.07011571897208322045647302,37.78458985107979259630304947,1481,0.67497829852791677954352698,44.430,0.2052999078669915011078993941,-2.032303883682957579581751805,stop,-1.423014885834113096070098883,-1.467460759228010387941095322,16
ranked_3x,EQX,2025-11-14,2025-11-17,2025-12-01,12.7650250000,11.57591145373285128922645205,13.84948250717014509544274634,840,1.18911354626714871077354795,25.200,1.223579534996838985380372725,-0.8325739817764879235046674391,target,0.9119881869771489652604593254,0.8867593094707277761943852129,14
ranked_3x,CAE,2025-05-27,2025-05-28,2025-06-02,25.2781750000,23.81229226280099414895810617,26.54347730417001330715907963,682,1.46588273719900585104189383,20.460,1.324678946496373903948368667,-0.1488359160412029477789126524,target,0.8631674772210909314794747613,0.8427019930191801418721514097,5
ranked_3x,FBCG,2025-08-21,2025-08-22,2025-08-28,50.5261270150,49.17324510261651928251864732,51.48991636042810461210024253,739,1.35288191238348071748135268,22.170,1.044342430826671304723873163,-0.3999802274292032188889923812,target,0.7123972436959553391944377804,0.6902223593062700704744155663,6
ranked_3x,DE,2021-03-08,2021-03-09,2021-03-17,357.3804010075,335.9140871991672185527427605,376.0053644547140355864028102,46,21.4663138083327814472572395,1.380,1.090527614639308576818246136,-0.2967622230989255944406467679,target,0.8676367826125884687892091826,0.8662392441125990287244943789,8
ranked_3x,GRPN,2023-11-16,2023-11-17,2023-12-01,9.4604250000,6.898085038201078501426188382,11.93259422458542958733450803,390,2.562339961798921498573811618,11.700,1.073071895608117471451838333,-0.09383025031198699547159405772,target,0.9648092218215312601133090811,0.9531011735347074694752813314,14
ranked_3x,CHRW,2018-02-28,2018-03-01,2018-03-02,93.4053239925,88.97277567366586670575455686,87.8759509925,225,4.43254831883413329424544314,6.750,0,-1.185620914761347925963843066,stop_gap,-1.247447879249370021437458634,-1.254215994979215177595873659,1
ranked_3x,BOTZ,2018-01-30,2018-01-31,2018-02-02,26.7995000000,26.16065579820919425883177644,25.96445087972262530189053812,1565,0.63884420179080574116822356,46.950,0,-1.353226651469378517401873979,stop,-1.307124832528131340308844534,-1.354084638872000642394158743,2
ranked_3x,ARES,2020-08-14,2020-08-17,2020-09-08,40.8440510075,38.46321146928790031331018663,38.17473738326824106096036023,420,2.38083953821209968668981337,12.600,0.1159036499818984743996777243,-1.089553061374313474229014217,stop,-1.121164858609618832615720241,-1.133765455801703693432347967,22
ranked_3x,PNR,2020-11-09,2020-11-10,2020-12-09,53.1657750000,49.63507850749920432579018176,52.2054980150,283,3.53069649250079567420981824,8.490,0.4402037964184058908292372275,-0.8881465757989656270844408704,time,-0.2719794768651538497951643292,-0.2804763839382257046765503804,29
ranked_3x,XPRO,2023-09-21,2023-09-22,2023-10-04,23.3740010075,21.69236553797200050036763235,21.52967279643721049661487511,594,1.68163546952799949963236765,17.820,0.9907022197668154225155948620,-1.370095391807289668125534968,stop,-1.096746735236534057641717181,-1.114586511182994311107455325,12
ranked_3x,TPB,2024-12-30,2024-12-31,2025-01-07,60.5406750000,56.35995534491638403723775794,55.93725567982951115695847476,239,4.18071965508361596276224206,7.170,0.2557755812925019193900374893,-1.380306616106882759491590580,stop,-1.101106914588947420889432627,-1.108282712651254946921438885,7
ranked_3x,CPRT,2023-10-19,2023-10-20,2023-10-27,44.6624770150,42.64268897876719892110601550,42.32286881142644492919772038,495,2.01978803623280107889398450,14.850,0.01362617487889101041639998317,-1.090450074705830194415735579,stop,-1.158343430896474262688335298,-1.173196474612860646609843849,7
ranked_3x,HLT,2023-06-27,2023-06-28,2023-07-07,142.4000459700,136.2641247151424897565323124,147.4219474706710789166416799,162,6.1359212548575102434676876,4.860,1.135925436540149624017863410,-0.2786939236950346145428719867,target,0.8184429512838816008413242597,0.8135537099207773302322555587,9
ranked_3x,CNI,2021-10-22,2021-10-25,2021-11-04,136.5565429475,130.8091870997846262279569062,129.8281181965362415312472294,173,5.7473558477153737720430938,5.190,0,-1.024217936642979077274022424,stop,-1.170699175280467192517067710,-1.175918966919421525383515371,10
ranked_3x,DPZ,2022-07-13,2022-07-14,2022-07-21,403.0000000000,381.7013471944934657115220214,421.1164129094652352813143938,46,21.2986528055065342884779786,1.380,1.100539184992012416955680617,-0.3028366187711374765886599944,target,0.8505896159207513066659062307,0.8491810761284014437047737863,7
ranked_3x,SQM,2021-01-07,2021-01-08,2021-01-11,59.6641510075,55.00485502054203163389857245,54.59231860788796639664433316,214,4.65929598695796836610142755,6.420,0,-1.104061862972262277963287931,stop,-1.088540503502849633253545508,-1.094979244480880276406063545,3
ranked_3x,AM,2023-11-16,2023-11-17,2023-12-13,12.9866750000,12.49984478735785222319269264,12.40609595145266833151874745,2054,0.48683021264214777680730736,61.620,0.9722588855591939272598253395,-1.143468473287200717176069869,stop,-1.192569880567571617735651903,-1.254193007524262723884270211,26
ranked_3x,SCHG,2023-07-26,2023-07-27,2023-07-27,19.5933562500,19.12865187754614492895296108,18.98518698846454884198581387,2151,0.46470437245385507104703892,64.530,0,-1.260707419012235040419789725,stop,-1.308722916300603743525115034,-1.373280088081850510479625960,0
ranked_3x,NOVT,2019-07-08,2019-07-09,2019-07-11,90.8865739925,86.08259366096860443571115590,85.43697420851133990244332223,208,4.80398033153139556428884410,6.240,0.2900563514704917598953372434,-1.085886209454375237943395800,stop,-1.134392609440900081141014217,-1.140637431011690465277894376,2
ranked_3x,VUG,2023-09-21,2023-09-22,2023-09-27,46.0645805100,44.79949278341117668491550000,44.46349658753559285977863375,790,1.26508772658882331508450000,23.700,0,-1.199850000989971145141712159,stop,-1.265591222500879374626509820,-1.289304992992426123729990136,5
ranked_3x,HCA,2025-12-15,2025-12-16,2026-01-15,481.5245520150,457.3329139807605977815540805,480.1714880900,41,24.1916380342394022184459195,1.230,0.2928876901585457161615095556,-0.8484151418746747412942088555,time,-0.05593105861971620059030564004,-0.05717115653939984452287827825,30
ranked_3x,NMRK,2025-10-17,2025-10-20,2025-10-23,18.4876250000,17.37346544012028361723342107,19.45477117568061850989582959,897,1.11415955987971638276657893,26.910,1.070201291571494196502786788,-0.2671287046463355812893975595,target,0.8680499728288744392832382851,0.8411238474512500963583332815,3
ranked_3x,CDE,2020-09-14,2020-09-15,2020-09-21,8.5033000000,7.448557563296126776467166800,7.392693381571405825643663049,948,1.054742436703873223532833200,28.440,0.1390860885985069310983858885,-1.121885266793546363794955841,stop,-1.052964761614503271329698606,-1.081407724518083420838570976,6
ranked_3x,KEX,2021-06-30,2021-07-01,2021-07-08,61.5280250000,57.65980748970294339376049310,57.22735893353017131830728940,258,3.86821751029705660623950690,7.740,0.1607916303424819003982909441,-1.087846014035764021697777008,stop,-1.111795304949013206232950196,-1.119550815056741397165973006,7
ranked_3x,TME,2021-04-06,2021-04-07,2021-05-05,20.3515010075,15.91205943559517614525971382,16.0388000000,225,4.43944157190482385474028618,6.750,0.004167189093573820548638741519,-0.9464030417900666073637529987,time,-0.9714512371990868458859376999,-0.9782088438741822339764551553,28
ranked_3x,HOOD,2025-06-25,2025-06-26,2025-06-30,84.0355790300,76.25290501472254262116940119,91.12961614743787644848936932,128,7.78267401527745737883059881,3.840,1.311171321061197735655192614,-0.2718321525284363543367016531,target,0.9115166719706131006341542436,0.9076619557199889916487843712,4
ranked_3x,NOC,2022-03-17,2022-03-18,2022-04-06,431.2503090675,398.7766939045621485762065684,460.2459947987095675381149809,30,32.4736151629378514237934316,0.900,1.083023979807434426063460809,-0.2124895251999943127320723735,target,0.8928998383987242052593926227,0.8919760114749439724164585582,19
ranked_3x,POOL,2020-08-14,2020-08-17,2020-08-27,323.5888429475,307.1988110470937355810733672,337.4290332865469674357846831,61,16.3900319004062644189266328,1.830,1.132465828333129688923788683,-0.2311682472934103664764102431,target,0.8444272972222773203115539731,0.8425969164040888955897885307,10
ranked_3x,IRDM,2023-02-01,2023-02-02,2023-02-07,61.5582479850,58.38155222266557291795527802,57.94369058099558112107061343,314,3.17669576233442708204472198,9.420,0,-1.003636867843171394911409816,stop,-1.137835560730003533938586669,-1.147279335722782255656690594,5
ranked_3x,CM,2026-03-13,2026-03-16,2026-03-27,96.9718750000,92.64419112773763121952657331,91.94935969427959898538012401,231,4.32768387226236878047342669,6.930,0.3646587982349568706709335641,-1.070290514907367333426954649,stop,-1.160555034509671228948600505,-1.167487148981405274678812508,11
ranked_3x,PALL,2019-12-26,2019-12-27,2020-01-06,36.2438039925,34.93967231940572620924993894,37.26632614810231673731943560,766,1.30413167309427379075006106,22.980,1.536805714368321686839472026,-0.4047167961557864973701733470,target,0.7840635855244657422893213580,0.7610597733949589824079905998,10
ranked_3x,ARKQ,2024-12-30,2024-12-31,2025-01-07,79.6227239925,74.99498249817442465697649722,83.61858699567438352795082651,216,4.62774149432557534302350278,6.480,1.127390545452310313606922956,-0.8649404893095346054561041416,target,0.8634585592289487359475403820,0.8569759153654604070982786947,7
ranked_3x,AAP,2018-06-22,2018-06-25,2018-07-24,138.9745520150,132.5200057371845682317790975,138.9400799625,154,6.4545462778154317682209025,4.620,0.9645054380347595771377625975,-0.8760561581896046847208374237,time,-0.005340739846963683186089669058,-0.009988626578074646061963975403,29
ranked_3x,PIPR,2021-06-30,2021-07-01,2021-07-08,32.9125062500,31.33317818081683695540202726,30.8741937500,633,1.57932806918316304459797274,18.990,0,-1.486394939598675224576209854,stop_gap,-1.290620067972467662721519259,-1.309615487977581711662319837,7
ranked_3x,Z,2018-11-13,2018-11-14,2018-11-29,31.0410739925,26.00599663030151112983602112,35.80558021953825020363774904,198,5.03507736219848887016397888,5.940,1.223204047218611059483373955,-0.9257206309268728884090260609,target,0.9462627650586687403757533944,0.9403045646494299511004120404,15
ranked_3x,CRF,2025-05-27,2025-05-28,2025-06-04,7.3144500000,6.990739345022732648536737480,7.580874450064937846327288051,3089,0.323710654977267351463262520,92.670,1.036573850260085102914932656,-0.1682057700690258794627271140,target,0.8230326866554564264413024323,0.7303573312455248124122516807,7
ranked_3x,STM,2017-11-30,2017-12-01,2017-12-06,22.5075500000,21.19668228294106164957882645,21.03770716581900368720698525,762,1.31086771705893835042117355,22.860,0.1315540826551962598809899699,-1.127153396770673114473162360,stop,-1.121274721356884426460613620,-1.144160325761963509072557367,5
ranked_3x,BAX,2017-10-04,2017-10-05,2017-10-09,63.2105520150,61.89631512790497705596729582,61.43209276444568972804754110,760,1.31423688709502294403270418,22.800,0,-1.598304716315670099125994893,stop,-1.353225790584374895414229822,-1.376052725587174674106479221,4
ranked_3x,PAYC,2020-01-27,2020-01-28,2020-02-04,315.3273610825,300.2077070595052797987315821,327.9686624922035097997589048,66,15.1196540229947202012684179,1.980,1.498885416493892600582080883,-0.2858766527280549117356256665,target,0.8360840393885991868115357314,0.8340998670024867459348952146,7
ranked_3x,FLO,2017-10-04,2017-10-05,2017-11-02,18.9913750000,18.28920754963442002771390935,18.5895250000,1424,0.70216745036557997228609065,42.720,0.2116646106603484076353064523,-0.9846312295450872044707963301,time,-0.5722993849839932151486159561,-0.6150242364199016298666910555,28
ranked_3x,APPS,2021-03-08,2021-03-09,2021-03-11,66.5756020150,46.71566833033032858402704506,85.78726918192214888035315778,50,19.85993368466967141597295494,1.500,1.032450576651613221993658109,-0.1014909740889965801395043158,target,0.9673580723863174824418685763,0.9658474933241548694128480276,2
ranked_3x,GSG,2022-02-16,2022-02-17,2022-02-24,19.8477510075,19.17731173700749904377521903,20.36430385090755719905309511,1491,0.67043927049250095622478097,44.730,2.360018367267908840442041186,-0.4142821277398706909594911212,target,0.7704692522383128834084167671,0.7257224700607680522567791493,7
ranked_3x,OMCL,2018-09-18,2018-09-19,2018-10-08,69.4671219775,65.66739095886790715562043378,65.17488552667639785195328053,263,3.79973101863209284437956622,7.890,0.9297705561726418721275031970,-1.191431697480988521239391347,stop,-1.129615867485486321682448962,-1.137511163192707205831676647,19
ranked_3x,AGO,2021-06-30,2021-07-01,2021-07-08,48.2391010075,45.86345719160190869521315367,45.4862769850,420,2.37564381589809130478684633,12.600,0.01300657627764745824912222852,-1.380300357130921266185916406,stop_gap,-1.158769679224542769614558151,-1.171397834926688195471846762,7
ranked_3x,ROL,2022-05-13,2022-05-16,2022-05-26,34.2247760075,32.24649160766153114104586769,35.93153745428343034251197632,505,1.97828439983846885895413231,15.150,1.079331663675023507843645358,-0.2804338989607858241651591164,target,0.8627482716452654912843604652,0.8475836168552618072883708197,10
ranked_3x,RSP,2021-07-29,2021-07-30,2021-08-27,153.6639040300,150.4573253155973734242138496,155.3857980150,311,3.2065787144026265757861504,9.330,0.9780202668700878330912039921,-0.7621528263201515836273903380,time,0.5369879046679764115420847546,0.5276321387030704522787085354,28
ranked_3x,ATKR,2023-08-23,2023-08-24,2023-08-30,145.0397070525,135.8936060329121588683263408,153.0294145115471823231861068,109,9.1461010195878411316736592,3.270,1.080273542391427065247409428,-0.4788601222663257272966248083,target,0.8735643135731765186733859130,0.8702842273445474895323974226,6
ranked_3x,DT,2021-10-22,2021-10-25,2021-10-27,79.5925000000,75.31014870889492213587846222,72.4723470225,233,4.28235129110507786412153778,6.990,0.1250476580733320925437020374,-2.654500116235576432880641939,stop_gap,-1.662673726064779722933317417,-1.669679223269624489442830172,2
ranked_3x,AVPT,2024-09-05,2024-09-06,2024-10-04,11.7776750000,11.05155309321121073810873315,11.8008250000,1377,0.72612190678878926189126685,41.310,0.4301274993633369976556760948,-0.6027569143803682716687682215,time,0.03188169890422236931314784790,-0.009433677645525841459829924756,28
ranked_3x,AMR,2022-08-10,2022-08-11,2022-08-22,141.3623229850,122.4950230820937355611799286,159.0279007162469674555289209,53,18.8672999029062644388200714,1.590,1.360431866090506424087928545,-0.09393643998455740161121438297,target,0.9363066163232934476584317486,0.9347165636843687392766223775,11
ranked_3x,BAH,2022-08-10,2022-08-11,2022-09-09,96.8207479850,93.10814404173120476833308486,96.7786769850,269,3.71260394326879523166691514,8.070,0.6731803481304044750810289556,-0.6466485576390996014040277322,time,-0.01133193861852072835925430641,-0.01941252045768836998359480681,29
ranked_3x,XOM,2022-10-06,2022-10-07,2022-10-27,102.9564270150,96.59264839615860898040558363,108.5003040915875805869474583,157,6.36377861884139101959441637,4.710,1.040824230652748303909102155,-0.9752738721338425607597891063,target,0.8711612091868959117393658058,0.8664470288552328515200402953,20
ranked_3x,BEN,2021-04-06,2021-04-07,2021-04-20,30.7388250000,28.98300313890005215033808035,28.76563061535830175921054475,569,1.75582186109994784966191965,17.070,0.3309988404153474528700477997,-1.013101635997196796488175932,stop,-1.123801012140021843695549709,-1.140887027905428861523400931,13
ranked_3x,CGON,2025-04-28,2025-04-29,2025-05-06,28.4719500000,23.97674237257409613580674441,23.79691680477979041478819383,222,4.49520762742590386419325559,6.660,0.3910942821136638532367179847,-1.565434031804572660446503717,stop,-1.040003840244700655041792778,-1.046677614291747050535152774,7
ranked_3x,PARR,2026-08-06,2026-08-07,2026-08-12,68.0062500000,58.93256917353513352299233433,76.50183134526637997843010818,110,9.07368082646486647700766567,3.300,1.186260262605422547282844981,-0.3335192253152059563874055916,target,0.9362883164776564212911958242,0.9329820507434132551875624567,5
ranked_3x,CSCO,2019-07-08,2019-07-09,2019-08-02,56.7927739925,54.53217326957868806413267851,53.8133509925,442,2.26060072292131193586732149,13.260,0.6490416430566946387876671583,-1.863563056396775366906329986,stop_gap,-1.317978433692515974443437293,-1.331249242507100368547028196,24
ranked_3x,TNC,2019-08-05,2019-08-06,2019-08-14,70.6459030225,65.69891715230064420821817478,65.20617527365838937665653847,202,4.94698587019935579178182522,6.060,0.2636138472429974926850193553,-1.119045448633333534980938599,stop,-1.099604464530722038361130288,-1.105668763234447878380624267,8
ranked_3x,EFX,2023-12-15,2023-12-18,2023-12-20,253.3157179475,242.6626389826249133907940929,240.8426691902552265403631372,93,10.6530789648750866092059071,2.790,0,-1.481798736266580983202301874,stop,-1.170839791798260365951115736,-1.173655879062694884953948695,2
ranked_3x,BTI,2022-01-19,2022-01-20,2022-02-09,42.9194979850,41.58888834385236510502746606,43.91823181895152763326023994,751,1.33060964114763489497253394,22.530,1.142710054083619946641665879,-0.5933347847375194851543430813,target,0.7505836445692153944991310043,0.7280375881810132475908305344,20
ranked_3x,LMB,2024-08-07,2024-08-08,2024-09-06,61.2156979850,52.28944140791596322706391931,60.4730250000,112,8.92625657708403677293608069,3.360,0.5432628978478383188882611045,-0.4868445072659585907271319244,time,-0.08320094527717585470584828985,-0.08656181662799693734045556413,29
ranked_3x,EME,2022-08-10,2022-08-11,2022-09-09,119.3686030225,114.3231061588457213040106751,121.1544750000,198,5.0454968636542786959893249,5.940,0.9714393071587582031322718572,-0.8836788809875091451571449891,time,0.3539536394056054880097989502,0.3480077433302144038018639117,29
ranked_3x,ETHE,2021-04-06,2021-04-07,2021-04-13,17.8732645975,15.49427147018343831634555565,20.10036579188043747102703602,420,2.37899312731656168365444435,12.600,1.331512632856166347022779761,-0.5159151505765073323436569404,target,0.9361528492066498302768210528,0.9235424722973902526411906410,6
ranked_3x,LITE,2019-04-10,2019-04-11,2019-05-01,60.2484989925,56.77514162016770469991717016,63.24394244209605308533220862,287,3.47335737233229530008282984,8.610,1.062804546662938386588007840,-0.4746131237837648828060254619,target,0.8624057730013160592792498484,0.8537685966949069222618932974,20
ranked_3x,CLB,2021-06-02,2021-06-03,2021-06-17,46.0226000000,42.06697802948588250527152164,41.75147569426473838648198523,252,3.95562197051411749472847836,7.560,0.9726407196337693487810672131,-1.408779464149786242406370218,stop,-1.079760487117563930653952599,-1.087344629440471713408855851,14
ranked_3x,KOMP,2021-04-06,2021-04-07,2021-04-19,69.5981020150,64.77819797273578050448092807,64.29236148794026215069732111,207,4.81990404226421949551907193,6.210,0,-1.003775173235032430986573300,stop,-1.100797957912724265018584432,-1.107022148215464621437114816,12
ranked_3x,AVB,2021-10-22,2021-10-25,2021-11-15,234.3747300375,226.5484062921805693089154307,240.3845458794482849609014350,127,7.8263237453194306910845693,3.810,1.417686173426645989825621238,-0.4657019254640149711963666175,target,0.7678976793596716812666606687,0.7640644620054903340533687033,21
ranked_3x,EUFN,2024-07-10,2024-07-11,2024-08-01,23.3135489925,22.70061205343982166271346784,22.53035746303902300024311683,1631,0.61293693906017833728653216,48.930,0.3041928061733185617484302629,-1.572019780660337169560475656,stop,-1.277768526501032130476621269,-1.326713202679301410423810119,21
ranked_3x,MTUM,2025-04-28,2025-04-29,2025-05-12,208.6129479850,195.0646081543701748292477334,220.4950781570126014819716246,73,13.5483398306298251707522666,2.190,1.174096325738570183263708127,-0.3545046880313397057983437420,target,0.8770174294823717770367718820,0.8748031360430991231963113068,13
ranked_3x,AAAU,2025-04-28,2025-04-29,2025-05-01,33.0258489925,31.78145289661673481730053449,31.54309199989210930617078048,803,1.24439609588326518269946551,24.090,0,-1.097599869541963044088553253,stop,-1.191547448206544170563299916,-1.215655527699276886638174934,2
ranked_3x,ATRC,2020-03-24,2020-03-25,2020-04-06,28.8850250000,23.48690370041333942461554952,34.02602270233976062106906710,185,5.39812129958666057538445048,5.550,1.030909772336185860093211728,-0.1028181786212360227606075640,target,0.9523679474808044495967652107,0.9468104584332172586002907692,12
ranked_3x,PM,2025-09-19,2025-09-22,2025-10-03,163.3963429475,156.0114230792712559915592001,154.6315029775,135,7.3849198682287440084407999,4.050,0.2523591434644764324147232264,-1.658291378378525119962327660,stop_gap,-1.186856475952829349271231386,-1.190918808454102031432721773,11
ranked_3x,SH,2023-01-03,2023-01-04,2023-01-11,64.4800000000,62.17327036069012436720760123,61.70697083298494843445354422,433,2.30672963930987563279239877,12.990,0.1213848364491343829279694152,-1.075115157726920770785080641,stop,-1.202147455756749550303090725,-1.215152881051833269304523153,7
ranked_3x,SKWD,2024-10-31,2024-11-01,2024-11-07,44.7027739925,41.90901976572368754770220101,47.14030425763174010890556550,357,2.79375422677631245229779899,10.710,1.076410007250354851935205783,-0.5880162888900863653783287515,target,0.8724927346040686166260740675,0.8617544958168232809249821453,6
ranked_3x,DHR,2020-08-14,2020-08-17,2020-09-04,183.0202395450,175.5876307893005391789742683,174.2707235583807851351319613,134,7.4326087556994608210257317,4.020,0.4929847077165541604762497225,-1.662317222808975128212411886,stop,-1.177179678657231272539872133,-1.181215946539217587148918989,18
ranked_3x,KIE,2024-08-07,2024-08-08,2024-08-19,52.4806750000,50.64685161287895376659264964,53.90713964921763838665679523,545,1.83382338712104623340735036,16.350,1.073890764961658528466816339,-0.3002879142383035161082848079,target,0.7778637022712814357801403745,0.7615044387725769267988927344,11
ranked_3x,COR,2022-08-10,2022-08-11,2022-08-16,145.8860030225,139.0009582978555570862621906,151.6252648890408595918847758,145,6.8850447246444429137378094,4.350,1.031801863548078035789818780,-0.2637595099418590287848668536,target,0.8335838176907770523245543012,0.8292265475204588401526187728,5
ranked_3x,TNA,2018-07-23,2018-07-24,2018-07-24,92.2869979850,87.05659342386209893672819960,86.40366897318313319470273810,191,5.23040456113790106327180040,5.730,0,-1.098767202005825651190046740,stop,-1.124832494895369759572316650,-1.130568188884110345197611075,0
ranked_3x,ORLY,2023-02-01,2023-02-02,2023-02-08,54.4231370150,52.12179701384323295146410401,51.73088353623940870432812323,434,2.30134000115676704853589599,13.020,0,-1.156341963231153032622252924,stop,-1.169863417577294899028771465,-1.182899301012563272929858061,6
ranked_3x,FORM,2017-11-30,2017-12-01,2017-12-01,16.3718750000,15.04763829281314492035146197,14.93478100561704633344882601,755,1.32423670718685507964853803,22.650,0,-1.111489352327938881505616678,stop,-1.085224406319204964971463783,-1.107878966366653400772852148,0
ranked_3x,BLDR,2021-11-19,2021-11-22,2021-12-07,71.9254239925,67.81311786139424371353312280,75.46744714767871311431837562,243,4.11230613110575628646687720,7.290,2.194528500501830663744717679,-0.7673132524429883695020097375,target,0.8613228301236172756019366849,0.8540276533922260957170925287,15
ranked_3x,IXN,2025-11-14,2025-11-17,2025-11-20,105.4046530225,101.0553011986545918322290363,100.2973864396646823934873185,229,4.3493518238454081677709637,6.870,0.08170159414370484808467139414,-1.279422141016888270240378975,stop,-1.174259243603754161252986769,-1.181156823108710371356448069,3
ranked_3x,SRE,2022-06-13,2022-06-14,2022-06-16,74.7816854850,70.96321041403047546555643758,70.43098633592524689956476430,261,3.81847507096952453444356242,7.830,0,-1.223442447095469064057886493,stop,-1.139381315371556153984772238,-1.147237854812674697743134934,2
ranked_3x,PLUS,2018-08-20,2018-08-21,2018-09-19,50.4757479850,47.76892473044434390088629464,47.41065779496601132162964743,369,2.70682325455565609911370536,11.070,0.6425436208562166867377735858,-1.080879211480057306222585592,stop,-1.132356974130231710844076058,-1.143440076785534082652530284,29
ranked_3x,DHC,2026-03-13,2026-03-16,2026-03-24,7.3547500000,6.581852006722230401639765915,6.532488116671813673627467671,1293,0.772897993277769598360234085,38.790,0.2526206584803871539570746403,-1.157656000897958545470384299,stop,-1.063868570600203358024294291,-1.102683524528047735072756463,8
ranked_3x,BWXT,2024-03-14,2024-03-15,2024-04-12,99.2387500000,94.92675104436231737810040895,94.21480041152959999776465588,231,4.31199895563768262189959105,6.930,0.9859111849834160200068143460,-1.238114400055664197896556511,stop,-1.165109184894834957679694141,-1.172066514965793528104238752,28
ranked_3x,AVNT,2021-11-19,2021-11-22,2021-11-26,61.1854750000,58.42360222986879992499557004,56.7213769850,362,2.76187277013120007500442996,10.860,0,-1.703726200166878431098436551,stop_gap,-1.616330072578954233741087749,-1.627192267363754142981483904,4
ranked_3x,ONEQ,2024-02-14,2024-02-15,2024-02-20,63.1198770150,61.57494149426270552973701737,61.11312943305573523826398974,647,1.54493552073729447026298263,19.410,0,-1.320362557284270341439244559,stop,-1.298919958152414192196196300,-1.318338244286247793880453086,5
ranked_3x,EUFN,2023-02-01,2023-02-02,2023-02-03,20.3011250000,19.78626701071256355125884974,19.63787000813221932462440837,1942,0.51485798928743644874115026,58.260,0,-1.109286467109963864729493802,stop,-1.288228998419012017903565915,-1.346497493080073809878851209,1
ranked_3x,NUTX,2025-04-28,2025-04-29,2025-05-14,119.9428780225,94.86427853019120788420364118,143.9338164334477261749278861,39,25.07859949230879211579635882,1.170,2.474505085362997763174370743,-0.7553403461907623520156896787,target,0.9566299114232980072085678723,0.9554336723745743923510900721,15
ranked_3x,CLH,2023-05-26,2023-05-30,2023-05-31,146.3695989925,139.5220710545688665254490483,138.4756555216596000265081804,146,6.8475279379311334745509517,4.380,0,-1.055797078600062380115321852,stop,-1.152816540858893308124092009,-1.157197683991412457855384651,1
ranked_3x,SPSC,2020-03-24,2020-03-25,2020-04-02,40.6324770150,33.78969778358526210256587384,47.11919182456662736320337021,146,6.84277923141473789743412616,4.380,1.180444628100325289729380441,-0.3452510939055329121470508584,target,0.9479649408805353838517417539,0.9435807573513821965711402003,8
ranked_3x,EPI,2017-11-01,2017-11-02,2017-11-07,27.5148239925,27.05453330923671510950110891,26.6585509925,2172,0.46029068326328489049889109,65.160,0,-1.683336249621205128424611214,stop_gap,-1.860287490351427364881872986,-1.925463695499251506185471476,5
ranked_3x,HDB,2021-01-07,2021-01-08,2021-01-19,36.5269135075,35.00436430081644498886063160,37.76409174382717834855582314,656,1.52254920668355501113936840,19.680,1.006921474701891362152586741,-0.3559244621593570029446306232,target,0.8125702807477881021913909400,0.7928664840702760776357685202,11
ranked_3x,SPTM,2021-07-29,2021-07-30,2021-08-25,54.4352239925,53.46727978139813566844950748,54.98764444207485034906386383,1033,0.96794421110186433155049252,30.990,1.017387155380553784301833920,-0.8008973901683029154559113568,target,0.5707151747371882668179288399,0.5397216529454216278826957554,26
ranked_3x,GOOGL,2023-08-23,2023-08-24,2023-08-25,134.9546219775,129.0183157785858252320502417,128.0506784102464315428098649,168,5.9363061989141747679497583,5.040,0,-1.297881497236323907602735610,stop,-1.163003277781794133389336187,-1.168056925453386171238682063,1
ranked_3x,TDY,2019-07-08,2019-07-09,2019-07-24,275.8434340675,267.0427714882418606219942683,282.5092659219074533326706887,113,8.8006625792581393780057317,3.390,3.478892260300798076510029771,-0.6378409599215868461645815736,target,0.7574238637574668010225094838,0.7540150295100652968626882987,15
ranked_3x,NVMI,2024-02-14,2024-02-15,2024-02-21,164.4038429475,155.1550479134164807798933782,153.9913850540658571740441779,108,9.2487950340835192201066218,3.240,0.8267195915059731471253789455,-1.066501085941453966603202868,stop,-1.125817780052678309032970417,-1.129061445837188015961284990,6
ranked_3x,BN,2020-03-24,2020-03-25,2020-04-07,14.0193534325,10.75141094485507121878926408,17.15764120074384181535165540,306,3.26794248764492878121073592,9.180,1.271676470198497481690996565,-0.03193521088408434507642534744,target,0.9603252750342850223355014623,0.9511451869166328168611535889,13
ranked_3x,CSCO,2019-01-14,2019-01-15,2019-01-25,43.6549770150,41.24173700182566818648191824,45.72270540046302432491669615,414,2.41324001317433181351808176,12.420,1.245223421041841453494325883,-0.2092518822177845017734262073,target,0.8568266621533314428069949006,0.8443952422215284108229218149,10
ranked_3x,QLD,2020-05-20,2020-05-21,2020-06-09,16.3668385075,14.92347343623878633602346261,17.67662705192050456149671336,692,1.44336507126121366397653739,20.760,1.160940863724660816131385629,-0.8170756872130021677633797219,target,0.9074547877731377992376544717,0.8866700254165248782159931895,19
ranked_3x,CLDX,2021-10-22,2021-10-25,2021-10-28,48.1282750000,43.69500988344473179374422117,43.36729730931889630529113951,225,4.43326511655526820625577883,6.750,0,-1.001130291853293300452888475,stop,-1.073921266946578287864230798,-1.080688288365615499388161859,3
ranked_3x,HLI,2021-08-26,2021-08-27,2021-09-23,89.9092979850,86.07555704015538319403219498,93.03996613787078217992304648,260,3.83374094484461680596780502,7.800,1.095719057556262797231083803,-0.4458571952543023782951118282,target,0.8166092070150737654458670172,0.8087839521448034652454296116,27
ranked_3x,SG,2024-08-07,2024-08-08,2024-08-09,26.2453739925,22.67271321971978231775079367,29.59439950454061604963233728,279,3.57266077278021768224920633,8.370,2.458846659730269056213391474,-0.6620765706393341709029954784,target,0.9374037237334541676909162597,0.9290066208714731724610066983,1
ranked_3x,PANW,2022-09-08,2022-09-09,2022-09-16,93.3616639800,87.33000127630255887843568291,86.67502626673028968684741529,165,6.03166270369744112156431709,4.950,0.2716226189166200157828280745,-1.258635860945319109217640679,stop,-1.108589462267305837316230272,-1.113563215189797647313476650,7
ranked_3x,VGT,2020-06-18,2020-06-19,2020-07-20,34.9753625000,33.39168677285433020882483867,36.28484544044207726774134762,631,1.58367572714566979117516133,18.930,1.044808903513492383789778374,-0.9742294293925767812590126039,target,0.8268630490423803155612088875,0.8079197770797100576688092176,31
ranked_3x,AAOI,2023-11-16,2023-11-17,2023-11-28,13.0672750000,11.22785579181667487124209851,14.79489400162195019029221723,543,1.83941920818332512875790149,16.290,1.159455653453980156024048803,-0.1942325047006860988845219314,target,0.9392198330516550708249686945,0.9229103371702735496814919386,11
ranked_3x,HCC,2022-08-10,2022-08-11,2022-08-17,31.8672239925,28.16197184065826043664421706,35.30568257325917651663061457,269,3.70525215184173956335578294,8.070,1.012825808800796090798774413,-0.08021694079639392058214250539,target,0.9279958393789879764638349848,0.9198992244198446037515386342,6
ranked_3x,ACWX,2025-04-28,2025-04-29,2025-05-19,57.1252510075,55.03243049722436568783094283,58.77393598139231705482778924,477,2.09282051027563431216905717,14.310,1.110821487598006903766111551,-0.3513211017810427755030492074,target,0.7877813533446198323806736620,0.7734466314452970573046852075,20
ranked_3x,MA,2019-02-12,2019-02-13,2019-03-13,221.4384179475,213.2299492734869738102194460,227.9245349718516784933571998,121,8.2084686740130261897805540,3.630,1.205046208413452835380202285,-0.6710660862895142439091068840,target,0.7901738170587048450075583919,0.7865190549841444332325601256,28
ranked_3x,NICE,2020-05-20,2020-05-21,2020-06-03,179.2443290300,168.2926847971451943841173830,188.7695034633833945737634974,91,10.9516442328548056158826170,2.730,1.119071320198032849221352175,-0.1218378721614276323443322840,target,0.8697483437973616604130852264,0.8670090291006697839440288312,13
ranked_3x,MSFT,2018-09-18,2018-09-19,2018-10-08,113.8978780225,110.4731365146446893386513519,109.6445879907848541686114668,291,3.4247415078553106613486481,8.730,0.6663632780066785881337042713,-1.330868917273204767509098897,stop,-1.241930236766599173065942621,-1.250690021974092692173429121,19
ranked_3x,IFF,2019-02-12,2019-02-13,2019-02-14,147.5282179475,142.7602705129367870445572340,136.2503990075,209,4.7679474345632129554427660,6.270,0,-4.083144836365727418212469641,stop_gap,-2.365340452003777190425842402,-2.371632467679648053069144891,1
ranked_3x,PGR,2017-11-01,2017-11-02,2017-11-06,49.2466010075,48.10415181968067391608060612,50.01113231885443113828999843,875,1.14244918781932608391939388,26.250,1.009586251010058840000790579,-0.3559029249047900545989886950,target,0.6692037768557097572294406486,0.6429444032924415903694024062,4
ranked_3x,AMG,2025-03-28,2025-03-31,2025-04-03,166.4490820525,157.6638255173491472045783383,156.4813468259690286005440008,113,8.7852565351508527954216617,3.390,0.7991706240345368443296705958,-1.118816168107630957583415870,stop,-1.134598083351223858928828372,-1.138012895415045381250980222,3
ranked_3x,CF,2025-04-28,2025-04-29,2025-05-13,79.9249770150,74.77158556151505836119986956,84.44028070497130457650912946,194,5.15339145348494163880013044,5.820,1.648433087545737845013888371,-0.7771540452824835396179948706,target,0.8761810024964947923339791543,0.8703595933777070610108626344,14
ranked_3x,RMD,2021-10-22,2021-10-25,2021-10-29,270.0100000000,259.6178734596358370775532341,257.6707394086885682994715848,96,10.3921265403641629224467659,2.880,0.5436812165493523195014881790,-1.171079273595290184881707897,stop,-1.187366276130721261155651606,-1.190253077006699502867523783,4
ranked_3x,DSGN,2026-07-09,2026-07-10,2026-07-15,15.5356500000,13.57704169285310189308734326,13.47521388015670362888918819,510,1.95860830714689810691265674,15.300,0.007326630826407360786075153163,-1.151659569587858073666231305,stop,-1.051989880939865251531108945,-1.067306879183225587669245154,5
ranked_3x,TYL,2019-12-26,2019-12-27,2020-01-07,302.2500000000,293.6137911483045841178311864,308.5545622853077002630525475,115,8.6362088516954158821688136,3.450,2.108563064269237617184697160,-0.8649629864536599314962486786,target,0.7300150324722660201503910479,0.7265412860037434860911737252,11
ranked_3x,LHX,2026-01-14,2026-01-15,2026-01-29,343.5877239925,324.6493571773057531946560168,359.8071451266365399543039033,52,18.9383668151942468053439832,1.560,1.372994422446099411433579728,-0.5653982255697571459746761632,target,0.8564318820313324254948212063,0.8548477961229355616350003832,14
ranked_3x,SGOV,2023-01-03,2023-01-04,2023-01-04,100.9212729850,100.8408077733163309453789877,99.4187230150,12427,0.0804652116836690546210123,372.810,0,-9.585148275407253205986084590,stop_gap,-18.67328673547692195686162785,-19.04611866336568805141344421,0
ranked_3x,VOD,2026-03-13,2026-03-16,2026-04-07,14.7800250000,14.13618125697718534909414336,15.30818972745014354102406272,1553,0.64384374302281465090585664,46.590,1.040586333656828573171696096,-0.8853468037504887606585261647,target,0.8203306053273674271555804665,0.7737354487771903948854944441,22
ranked_3x,QTWO,2019-06-07,2019-06-10,2019-06-14,70.0917750000,64.84954837558403958751817630,74.76899661223284070938821002,190,5.24222662441596041248182370,5.700,1.174734600621370792337737778,-0.2559551686969442972429503804,target,0.8922204145941387553620055609,0.8864976555168654950036828082,4
ranked_3x,PWR,2026-06-09,2026-06-10,2026-07-10,689.8251770150,633.9205365219319148394150074,653.6207980150,17,55.9046404930680851605849926,0.510,0.9463400983959453056710795145,-0.8570881342299529134143190198,time,-0.6476095487008663304218259170,-0.6481461767828181293993102367,30
ranked_3x,ONT,2021-09-24,2021-09-27,2021-09-29,67.5025000000,62.36004325847909627600854437,61.89234293404050305393848029,194,5.14245674152090372399145563,5.820,0.2231427618505588716959720102,-1.515326504758372410897526615,stop,-1.090948810645759333556656223,-1.096782598173377382284134833,2
ranked_3x,CNK,2023-08-23,2023-08-24,2023-09-21,16.7446510075,15.43019809853119468650137534,17.92366063709528927364738498,760,1.31445290896880531349862466,22.800,1.213698095697896874297694707,-0.9849352522759145466038906888,target,0.8969584391731675272683008555,0.8741352556301867858748587926,28
ranked_3x,FERG,2022-02-16,2022-02-17,2022-03-07,152.2634800375,145.6917484673657652193538148,144.2896549625,152,6.5717315701342347806461852,4.560,0.3372803558461115363871640804,-2.301293179141686460406561240,stop_gap,-1.213352217737816995347148939,-1.217917224643506421931467942,18
ranked_3x,FELG,2025-10-17,2025-10-20,2025-10-27,41.3075000000,40.17134661412465786154446108,42.12532598548127707241712238,880,1.13615338587534213845553892,26.400,1.062795758927999046218999642,-0.6227169753623623549154365219,target,0.7198200486382287649822608915,0.6934151631949779039988812040,7
ranked_3x,BULZ,2023-10-19,2023-10-20,2023-10-25,6.4852775000,5.681565933962551693012818879,5.638954189457832555315222737,1244,0.803711566037448306987181121,37.320,0.01334122893473501856170349011,-1.013146425171713133772675557,stop,-1.053018702610948461884097463,-1.090345526396637485605347610,5
ranked_3x,VHT,2020-03-24,2020-03-25,2020-04-06,152.9284179475,135.9794518758402359859998086,168.6033036390160657838951900,59,16.9489660716597640140001914,1.770,1.107535348948972949568324317,-0.2170290466066041867089293204,target,0.9248284305510482879704227793,0.9230584110776974757592533253,12
ranked_3x,IRT,2021-11-19,2021-11-22,2021-11-30,25.5905000000,24.49733892368660567383753252,24.31360888175895613128375103,914,1.09316107631339432616246748,27.420,0.2465336589817782261276178701,-1.070747966939534226894804535,stop,-1.168072250200552011747232987,-1.195515598349365362287040024,8
ranked_3x,BHF,2023-12-15,2023-12-18,2024-01-03,53.8710260075,51.13650993755446852599068204,50.75298611302281001204575192,365,2.73451606994553147400931796,10.950,0.1568734582380950008596182253,-1.090147920600583177537121164,stop,-1.140252905714062189799120542,-1.151223768284490443568006812,16
ranked_3x,BMO,2021-10-22,2021-10-25,2021-11-22,110.5630479850,107.5794809844136522295134800,108.2916759925,335,2.9835670005863477704865200,10.050,0.6693162964356248349156149887,-0.7652078818914815938419406860,time,-0.7612941127360695752140616230,-0.7713491911016984440205091643,28
ranked_3x,SSNC,2018-08-20,2018-08-21,2018-09-04,56.7121760075,53.95699475048306971466916033,59.02135208503305330819085837,362,2.75518125701693028533083967,10.860,1.019106813879848570288967832,-0.3020400220060318072373213697,target,0.8381212929828172374064633099,0.8272327171682149775361203026,14
ranked_3x,FXZ,2026-05-11,2026-05-12,2026-05-15,82.1112500000,79.43185613538155619793877581,78.83611721436619452645423499,373,2.67939386461844380206122419,11.190,0.1003014165064793962757266550,-1.340322916844257429156017284,stop,-1.222340928999700173232964284,-1.233537491176001236643055558,3
ranked_3x,EWZ,2023-09-21,2023-09-22,2023-09-26,31.6052760075,30.33490016645140660293389828,30.10738841520302105341189404,787,1.27037584104859339706610172,23.610,0,-1.003857257272274564374119370,stop,-1.179090111679542678436804216,-1.202705170334339990563938845,4
ranked_3x,JHMM,2022-10-06,2022-10-07,2022-10-13,44.7128510075,42.57319344442792492942560391,41.9728259925,467,2.13965756307207507057439609,14.010,0,-1.286585318609354160641101111,stop_gap,-1.280590437595972152219281799,-1.294611372776331870419364893,6
ranked_3x,BYD,2018-04-26,2018-04-27,2018-05-14,34.0434260075,32.02155144122210728510791570,35.79481081947455851953039367,494,2.02187456627789271489208430,14.820,1.299077616538451374082219755,-0.5111236991335507247298212036,target,0.8662183308427070623149745502,0.8513806151404775369148758539,17
ranked_3x,DUK,2025-06-25,2025-06-26,2025-07-22,116.8901469775,113.1834499847104527118889838,119.6923676405123756834501836,269,3.7066969927895472881110162,8.070,1.370453002331074422099916827,-0.4155044182181535094837639706,target,0.7559885980600506921632458954,0.7478951390968936002484068200,26
ranked_3x,AXSM,2019-07-08,2019-07-09,2019-07-18,27.5954239925,24.54071804899138261777750662,24.35666266362394724814417532,327,3.05470594350861738222249338,9.810,0.09315954228089752253971511393,-1.134454529040406789554282379,stop,-1.060253061594541054380704813,-1.070073974165111488877456792,9
ranked_3x,CPAY,2024-12-30,2024-12-31,2025-01-08,340.2428159325,325.8245725353844819300022836,352.0011013846434016844727335,69,14.4182433971155180699977164,2.070,1.241980564087472021350697698,-0.1756680659869226068147612927,target,0.8155144235181754736341279957,0.8134337262256050254377669791,8
ranked_3x,IUSG,2020-08-14,2020-08-17,2020-08-26,80.1869209700,77.94655840372320305136176532,81.80907890975472097152344792,446,2.24036256627679694863823468,13.380,1.523448517385339181292272805,-0.3021470632429619942392593982,target,0.7240604552907456707029082599,0.7106697655641911617826193485,9
ranked_3x,PSI,2026-08-06,2026-08-07,2026-09-01,148.8480550375,129.2610581769709938017424100,128.0721930525,51,19.5869968605290061982575900,1.530,0.4999206377692521304658634725,-1.139432256839460854114686929,stop_gap,-1.060696651607003162445435947,-1.062228279973190063396461064,25
ranked_3x,ORLY,2022-11-03,2022-11-04,2022-11-30,55.1787620150,52.72086706126357251798483241,57.20438204147090427590005383,406,2.45789495373642748201516759,12.180,1.172780382911804732305610280,-0.6084181965249123156977121777,target,0.8241279894373068334220690864,0.8119224230625540042322726352,26
ranked_3x,SGOL,2026-02-12,2026-02-13,2026-03-16,48.0174500000,44.87042162477092191279735451,47.3918750000,317,3.14702837522907808720264549,9.510,0.9540905393906525435183751798,-0.5775127464072212201511806472,time,-0.1987827643767156133658082474,-0.2083155668884871330092950354,31
ranked_3x,MPWR,2017-09-06,2017-09-07,2017-10-02,103.7624229850,99.95466155711744640138062524,106.7634080297859344466297295,262,3.80776142788255359861937476,7.860,1.031466673894030014580235075,-0.9198110363095018189686684875,target,0.7881231798849181151881420606,0.7802445350254152948642568511,25
ranked_3x,PBR,2023-09-21,2023-09-22,2023-10-03,15.2031750000,14.43154755635262100025156445,14.32331094967997634274967772,1295,0.77162744364737899974843555,38.850,0.08660267406266322683105154536,-1.287117258693386461772235220,stop,-1.140270550981215488616966559,-1.179149417002613121313285996,11
ranked_3x,DXJ,2026-01-14,2026-01-15,2026-01-20,157.3412729850,154.4335164159208195683493878,151.3959430525,343,2.9077565690791804316506122,10.290,0,-1.802512301316815045230217215,stop_gap,-2.044645000796180516259953844,-2.054962233097885988597556298,5
ranked_3x,HEFA,2025-05-27,2025-05-28,2025-06-26,38.0734260075,37.08740501447492307585065138,37.4569519850,1014,0.98602099302507692414934862,30.420,0.1892170590887764376041717170,-0.9060922777708831120982320135,time,-0.6252138918550606950990460220,-0.6556392075554506833129798551,29
ranked_3x,FTGC,2023-11-16,2023-11-17,2023-12-05,23.4445250000,22.95019960233484399823659408,22.77807310531733266824981962,2022,0.49432539766515600176340592,60.660,0.5370430110488185538154480480,-1.263388454143394107602223540,stop,-1.348204842054475282100792850,-1.408893611317998476893742221,18
ranked_3x,CORT,2017-12-29,2018-01-02,2018-01-09,18.2055250000,16.12253487161345631227836139,20.13635126492364461006372632,480,2.08299012838654368772163861,14.400,1.019916019307105377088305396,-0.1706801175651201540094940048,target,0.9269493112860966016773006114,0.9125469386626422605753111025,7
ranked_3x,GFF,2021-02-05,2021-02-08,2021-03-09,24.7139760075,22.91955261896732092097879877,25.9241009925,557,1.79442338853267907902120123,16.710,0.9897463462913708009432797786,-0.6598080559282891226099811165,time,0.6743809698053107219613895097,0.6576625073779282134853400831,29
ranked_3x,OTIS,2023-03-02,2023-03-03,2023-03-10,86.6450000000,83.96780600601985391319918863,83.33804746097470500885019472,373,2.67719399398014608680081137,11.190,0.2558656569304554978556218292,-1.813465520584909988049007339,stop,-1.235230822443649616479590788,-1.246436584920129487977292481,7
ranked_3x,UE,2024-09-05,2024-09-06,2024-09-16,20.7847239925,20.03588579126570224253748014,21.37206047728129052428155096,1335,0.74883820123429775746251986,40.050,1.102076531538734814235795633,-0.6740080723286730669096247327,target,0.7843302916613941491953375528,0.7442682329275428436055912288,10
ranked_3x,SVIX,2023-08-23,2023-08-24,2023-09-01,28.2100000000,25.21074598541910753001835519,30.97518460947153577645678247,333,2.99925401458089246998164481,9.990,1.183627656324423479517637226,-0.6768349696728393418086770617,target,0.9219574587642704513580439153,0.9119549715277260275874723331,8
ranked_3x,SAN,2025-06-25,2025-06-26,2025-07-03,8.1204500000,7.723710073648340327901084813,8.453311001904022224558173323,2520,0.396739926351659672098915187,75.600,1.082699197809646098276736940,-0.1775722465037587419941709170,target,0.8389904312503781749723315942,0.7633741445915738845560771228,7
ranked_3x,REMX,2026-05-11,2026-05-12,2026-05-14,108.3062500000,100.2718910899913757373528177,99.51985190681644041932267157,124,8.0343589100086242626471823,3.720,0,-1.123456283332793134821495140,stop,-1.093602886253699619968130089,-1.097336849390774336153692051,2
ranked_3x,SSD,2024-03-14,2024-03-15,2024-03-21,196.9864040300,186.6475993937603810688466468,205.7702696012428217891697031,96,10.3388046362396189311533532,2.880,1.076874103121601975729921886,-0.2105084781630608406694965591,target,0.8496016590209647083352609640,0.8466999696037139092184781012,6
ranked_3x,ON,2020-12-08,2020-12-09,2021-01-04,31.5347489925,29.62900719679264708154514506,33.18968710729579777156644353,524,1.90574179570735291845485494,15.720,1.104687955231939356656005729,-0.7003823894225830697109474586,target,0.8683957703627607584827579871,0.8526538686699005670550279141,26
ranked_3x,PIPR,2017-11-01,2017-11-02,2017-11-08,18.1853739925,17.34438461865669426067624744,17.21430173401676905372117558,1189,0.84098937384330573932375256,35.670,0.1957527795478107159372558859,-1.052777859075499149272435344,stop,-1.154678392719100423907117709,-1.190350662706175956174506727,6
ranked_3x,CVCO,2023-05-26,2023-05-30,2023-05-31,273.2340120900,252.6971395972111655413842719,250.8019110502320817998238899,48,20.5368724927888344586157281,1.440,0,-1.332433509513602843373069841,stop,-1.092284185318117949981970940,-1.093744972495451498610491845,1
ranked_3x,LPX,2020-12-08,2020-12-09,2020-12-14,38.0834989925,35.52704851805414873459929483,40.33514984594375738091019988,391,2.55645047444585126540070517,11.730,1.046959068542163345843770434,-0.1304539226688093287511994349,target,0.8807723349038616739748268134,0.8690373139050672627367299455,5
ranked_3x,MSCI,2019-07-08,2019-07-09,2019-07-15,234.7676540300,224.2155746737860899225896258,243.4798353858173057518297964,94,10.5520793562139100774103742,2.820,1.064467541497922342368456002,-0.2073195202717780115763926901,target,0.8256364515195647278235290447,0.8227934099741717247382569410,6
ranked_3x,BBWI,2024-05-10,2024-05-13,2024-05-31,48.2995489925,45.42394569325740812791484274,50.79133864955452243304451858,347,2.87560329924259187208515726,10.410,1.311186076498487462282689399,-0.4310566735079507761403864661,target,0.8665276109923915752471097067,0.8560950175926337814526015091,18
ranked_3x,AVT,2021-04-06,2021-04-07,2021-05-05,43.7657989925,41.18375900516384041618021226,42.7370509925,387,2.58203998733615958381978774,11.610,0.4470105084200359959516184581,-0.5095962878009039617467161046,time,-0.3984245035110162237453107371,-0.4100432236497970395645000061,28
ranked_3x,BCO,2019-12-26,2019-12-27,2020-01-09,91.8034030225,88.77169736686564355846909757,94.12384536304834876821942066,329,3.03170565563435644153090243,9.870,1.318267810752804867062900138,-0.6047427523488844564557036026,target,0.7653916983120901339945117933,0.7554962785690007354478975533,13
ranked_3x,AVGO,2018-12-13,2018-12-14,2018-12-24,25.7275189925,23.84169422767055678134353258,23.66288152096302760548345609,530,1.88582476482944321865646742,15.900,0.2288022808625189417257282503,-1.260201391360419372345592553,stop,-1.094819365002718723743124560,-1.110727523893989432226792517,10
ranked_3x,EOLS,2021-06-30,2021-07-01,2021-07-14,12.8758500000,11.37903741351370363999635901,11.29369463291235086269638632,668,1.49681258648629636000364099,20.040,0.5940289439222592739701871659,-1.019399498491569828698656118,stop,-1.057016343510105905129188277,-1.077058932856861546156130430,13
ranked_3x,JBL,2022-12-02,2022-12-05,2022-12-16,71.5728010075,67.71359925439015921571884615,67.20574725998223302160095480,259,3.85920175310984078428115385,7.770,0.5745229543164788120136284678,-1.055348040360428324970558165,stop,-1.131595088025311561481777667,-1.139368716334799463647377577,11
ranked_3x,IAG,2025-11-14,2025-11-17,2025-11-26,13.7322250000,12.21034520357412745649688529,15.13969901045267849942684135,657,1.52187979642587254350311471,19.710,1.089294308192589648089760253,-0.7242523375292649031778956700,target,0.9248260038395440377302133525,0.9051135402990890969555649186,9
ranked_3x,BMA,2019-07-08,2019-07-09,2019-07-18,73.8094520150,67.44042933441451373666110510,66.93462611440640488363614681,157,6.36902268058548626333889490,4.710,0.3784802011065228364528902054,-1.414573234675902708923999632,stop,-1.079416143633768908456774088,-1.084126442451113076674781367,9
ranked_3x,WELL,2024-09-05,2024-09-06,2024-09-10,124.7889510075,120.8568111733021491635932177,127.7556826603851169551337314,254,3.9321398341978508364067823,7.620,1.098905475059608633599642221,-0.4549561009864092628022929089,target,0.7544827442512162483612081648,0.7468533105929598034126626484,4
ranked_3x,DFSV,2023-03-02,2023-03-03,2023-03-07,27.5752760075,26.71028794225660963777136300,26.50996078268968506548807778,1156,0.86498806524339036222863700,34.680,0,-1.104379408091838464645959840,stop,-1.231595287399204186005442310,-1.266277846853430411995531132,4
ranked_3x,FTCS,2022-12-02,2022-12-05,2022-12-06,78.8167280225,76.62430613085028071601142681,76.04962383486890361064134111,456,2.19242189164971928398857319,13.680,0,-1.070381130309810767356651107,stop,-1.262122129946873123419037945,-1.275805627687094130747852446,1
ranked_3x,EWI,2026-04-13,2026-04-14,2026-04-23,58.5055250000,56.19082911067818847955359776,55.76939789234810206595694578,432,2.31469588932181152044640224,12.960,0.2870670843048352193836489962,-1.030600179922098176382484548,stop,-1.182067640191629056581650731,-1.195028306056374586620507795,9
ranked_3x,HEI,2017-09-06,2017-09-07,2017-09-22,55.1304010075,52.87819715694429735474737813,56.95223532162028487541322721,444,2.25220385055570264525262187,13.320,1.352274569528214528451907519,-0.5800540688968551490241307499,target,0.8089118192701652817389001342,0.7955915330125079734579034176,15
ranked_3x,LABD,2022-04-14,2022-04-18,2022-04-22,369.7525000000,286.8688385735175122441699884,449.2413902157838690976612865,12,82.8836614264824877558300116,0.360,1.210703102070459087169062423,-0.06192420691444131772632843245,target,0.9590417320823867244173104744,0.9586797789605810487225396260,4
ranked_3x,ANDE,2022-09-08,2022-09-09,2022-09-16,35.1214510075,32.33570414488949742594969063,32.09318636380282619525506795,358,2.78574686261050257405030937,10.740,0.2902449620789718055673262678,-1.102559621882429500084577672,stop,-1.087056646941499067063706705,-1.097825751773905563652124367,7
ranked_3x,REMX,2017-12-29,2018-01-02,2018-01-09,92.4582719775,88.71287008436363997803677775,95.48214631660658732179849808,266,3.74540189313636002196322225,7.980,1.346111356364512903256866092,-0.2318245150383354078252876125,target,0.8073564400786978990020011468,0.7993466187415066806318503633,7
ranked_3x,ASTS,2025-10-17,2025-10-20,2025-10-22,87.0731905225,72.13336208284110472290091239,71.5096279775,66,14.93982843965889527709908761,1.980,0.1718097692933483996384149437,-1.365624284435613029913023991,stop_gap,-1.041749750196953785091325093,-1.043757805384546351389116763,2
ranked_3x,HLF,2021-10-22,2021-10-25,2021-10-27,47.8260260075,45.40769148239579261408285829,45.06713379627782416947723685,413,2.41833452510420738591714171,12.390,0.01404892174648004853251012867,-1.090017522446119038631353368,stop,-1.140823232924441511509316366,-1.153228464578117416102240231,2
ranked_3x,PM,2022-01-19,2022-01-20,2022-01-25,101.8179479850,98.66994667248289317289778229,97.92992207243927147410104892,317,3.14800131251710682710221771,9.510,0.6137392660281811329423370137,-1.127048762938125290783737288,stop,-1.235077602128414063963805499,-1.244607458383782754950248796,5
ranked_3x,VXF,2021-04-06,2021-04-07,2021-05-05,182.4381020150,174.2215565927332356292282343,178.7393210300,121,8.2165454222667643707717657,3.630,0.7608915503658517040862894533,-0.6070805622862231328384112682,time,-0.4501625433696668575871682357,-0.4538137128646592748599133121,28
ranked_3x,HEI,2019-05-09,2019-05-10,2019-05-29,104.7598530225,100.8943178232209276823420509,107.8106978101157292752755145,258,3.8655351992790723176579491,7.740,3.376025389688307626772073074,-0.9053988237263308520859524927,target,0.7892425318451934067407902750,0.7814816401566129892974422061,19
ranked_3x,IGV,2020-05-20,2020-05-21,2020-06-10,52.2791739925,49.33506983561194916482473636,54.80910356326764045391144916,339,2.94410415688805083517526364,10.170,1.117768201169362778284531345,-0.8312114185140405085523715854,target,0.8593206747963029644170038623,0.8491308179157942542194058690,20
ranked_3x,SHEL,2022-05-13,2022-05-16,2022-05-25,57.2763729850,53.93218337652159350122140938,60.16590837402731845003775119,299,3.34418960847840649877859062,8.970,1.011314671400707399390904004,-0.1633797867246521412735238394,target,0.8640465186847004221215119511,0.8550757354719477560316874054,9
ranked_3x,C,2025-12-15,2025-12-16,2025-12-22,113.6460030225,108.7421899202326905194655004,117.6606925038315546594304909,203,4.9038131022673094805344996,6.090,1.020430198529868305268308043,-0.6313454362827458711311694246,target,0.8186872944801540652237537121,0.8125696061885408902971908417,6
ranked_3x,BUFR,2023-05-26,2023-05-30,2023-05-31,24.2203010075,23.76968269660446929833740587,23.59141007637993577859987533,2219,0.45061831089553070166259413,66.570,0,-1.099158634977947736699157396,stop,-1.395617789854668006718979055,-1.462192980597316419565130437,1
ranked_3x,WIX,2018-11-13,2018-11-14,2018-11-16,86.3931250000,75.73751326431688617633224589,96.32087121016549046999024595,93,10.65561173568311382366775411,2.790,1.055488345388645236757475703,-0.2715118635856082543997533798,target,0.9316918123921337598875186160,0.9288763944936439788956870840,2
ranked_3x,CRUS,2020-03-24,2020-03-25,2020-04-23,61.4171989925,49.87454318284804780372244812,67.9465490075,86,11.54265580965195219627755188,2.580,0.9168428117427426892135472555,-0.2752570157938203824693473554,time,0.5656713777725371402772844882,0.5630723225382197448713776822,29
ranked_3x,QLD,2021-07-29,2021-07-30,2021-08-23,37.7409489925,36.06538456667693303819280811,39.12088956768564395959363795,596,1.67556442582306696180719189,17.880,1.234838825420660837699186203,-0.5018887841850139085136849837,target,0.8235676014115617643630667377,0.8056631869123917500825167666,24
ranked_3x,URI,2023-06-27,2023-06-28,2023-07-11,424.6612500000,397.9365824754078194960753397,448.0005231431577391501452253,37,26.7246675245921805039246603,1.110,1.291270058579582089846302009,-0.1762879929437735327053975300,target,0.8733232367317878313795811239,0.8722006783324216337939015370,13
ranked_3x,JMIA,2025-12-15,2025-12-16,2026-01-05,12.0799250000,10.36094036014471309302938303,13.69541781755637225516833734,581,1.71898463985528690697061697,17.430,1.070442956462314352699032090,-0.3489996280888843868010634493,target,0.9397947951951291820699107824,0.9223426322703193615022866569,20
ranked_3x,FLR,2023-02-01,2023-02-02,2023-02-09,37.7006479850,35.38951078992520340654861243,35.12408945900076438099949784,432,2.31113719507479659345138757,12.960,0,-1.138248300709323707892257763,stop,-1.114844472015798720363552297,-1.127825094742970524475826077,7
ranked_3x,COLL,2019-01-14,2019-01-15,2019-02-12,15.8479750000,13.48024887381020932150556501,13.37914700725663275159427327,422,2.36772612618979067849443499,12.660,0.2521512067617165159352147380,-1.160596645703325560700258314,stop,-1.042699983513833352476383546,-1.055370367840874088589706174,28
ranked_3x,QTEC,2021-01-07,2021-01-08,2021-01-27,143.1052929475,138.5808150789115639721080064,137.5414589658197272423171964,221,4.5244778685884360278919936,6.630,0.9116417788527807940183471397,-1.232251346880695784205118851,stop,-1.229718465484747533840190094,-1.236349064831531279994617151,19
ranked_3x,PNR,2024-10-31,2024-11-01,2024-11-06,100.4175229850,96.80266956871400024744112229,103.2521335782763547544146861,276,3.61485341628599975255887771,8.280,1.909476324517688338727067726,-0.5996157341359011411727801222,target,0.7841564420027609235799913099,0.7758573502982837808680844262,5
ranked_3x,VGK,2021-01-07,2021-01-08,2021-01-11,63.2306979850,61.67790500865575171228035640,60.9990490075,644,1.55279297634424828771964360,19.320,0,-1.140331655265964302148018528,stop_gap,-1.437183843240962678611422258,-1.456503868805883262255649374,3
ranked_3x,XLK,2024-07-10,2024-07-11,2024-07-11,119.9126469775,116.5660364449393700158085163,115.6917911716023247406899524,298,3.3466105325606299841914837,8.940,0,-1.309578134312108006974708873,stop,-1.261233049030095562661824653,-1.270197342815738363631969709,0
ranked_3x,TSEM,2026-04-13,2026-04-14,2026-04-28,211.7261189550,184.9238857074092147293834119,183.5369565646036456189130363,37,26.8022332475907852706165881,1.110,0.6344201577504163534085373585,-1.029247066845807604245798914,stop,-1.051746775352394868209254906,-1.052866085065241153413751110,14
ranked_3x,XSD,2021-11-19,2021-11-22,2021-11-23,249.1043750000,239.4529437917364636911713072,237.6570467132984402134875224,103,9.6514312082635363088286928,3.090,0.1176644142712923074468079928,-1.460340927253609778036985319,stop,-1.186075726976158722617698661,-1.189184074261928532523569623,1
ranked_3x,NVMI,2017-11-30,2017-12-01,2018-01-02,27.7868500000,24.81157377662609922897259538,26.4104259925,336,2.97527622337390077102740462,10.080,0,-0.7618956459207137725134244300,time,-0.4626205784480622352706932534,-0.4727036758641336176627362792,32
ranked_3x,YANG,2021-12-20,2021-12-21,2021-12-30,440.8820060450,395.0143149326589435512031065,392.0517075706640014745690832,21,45.8676911123410564487968935,0.630,0.2729151533775795112223390090,-1.144204357626349093328873437,stop,-1.064590287632721710967364930,-1.065244342791646601092542413,9
ranked_3x,SXT,2018-11-13,2018-11-14,2018-11-28,66.8174000000,63.29028327135961066085404703,62.81560614682441358089764168,283,3.52711672864038933914595297,8.490,0.04042933959119866189386998266,-1.000080028924849183835616540,stop,-1.134579363557999572466889748,-1.143084894366321929964600809,14
ranked_3x,ORI,2021-05-04,2021-05-05,2021-06-03,25.7920000000,24.88951554616458887991124403,26.1226000000,1108,0.90248445383541112008875597,33.240,0.9950320985404710567729189126,-0.7113695945360666841665142265,time,0.3663220996162362083885507839,0.3330805297781022511845080630,29
ranked_3x,WELL,2019-07-08,2019-07-09,2019-07-23,85.7584030225,82.50431113297974308656145609,81.88552879948239501341224517,307,3.25409188952025691343854391,9.210,0.3538931955820638531389586448,-1.001324834431881598377662857,stop,-1.190155150655125996472723994,-1.199374312565278087841688431,14
ranked_3x,STOK,2025-12-15,2025-12-16,2026-01-12,32.7639000000,28.14939272807970853083184764,27.1945000000,216,4.61450727192029146916815236,6.480,0.9916768422591934543941154786,-1.636989727151627738541807065,stop_gap,-1.206932760490013772623541170,-1.213433996316979049525668191,27
ranked_3x,KAI,2017-11-30,2017-12-01,2017-12-11,103.3191280225,98.52420088972901153936999825,97.78526938305604395282472326,208,4.79492713277098846063000175,6.240,0.3818356206055498285423424368,-1.161462493233260217198771996,stop,-1.154106931390621374877654037,-1.160363543674667284780412635,10
ranked_3x,IGM,2024-11-29,2024-12-02,2024-12-04,102.3216979850,99.47161197886782221616146775,104.3829956111986864504597432,350,2.85008600613217778383853225,10.500,1.002882723135422876851249481,-0.3198829730185056659440097311,target,0.7232404993265631732225292725,0.7127145011863482084629226904,2
ranked_3x,SPXL,2025-05-27,2025-05-28,2025-06-26,154.5202699625,140.6278922941089767936498908,167.1495527736593405323024834,71,13.8923776683910232063501092,2.130,1.042998209764200854419255082,-0.5629182526683873549822217706,target,0.9090800086650703018078562760,0.9069205511038021364641370921,29
ranked_3x,ENVA,2026-07-09,2026-07-10,2026-07-22,238.7775000000,221.5736062920163013024719791,219.9118042448261790427034393,58,17.2038937079836986975280209,1.740,0.2227693954085217504004852240,-1.065311336554868115110770785,stop,-1.096594531179818939883352658,-1.098338322469698747484711290,12
ranked_3x,IYZ,2018-12-13,2018-12-14,2018-12-17,27.7969250000,26.69690405045858173153607867,26.49667727008014236854955808,909,1.10002094954141826846392133,27.270,0.02097687322193237396462908231,-1.042639233805624615791211711,stop,-1.182020879204083170368390223,-1.209293087076584631644181013,3
ranked_3x,QTWO,2024-04-12,2024-04-15,2024-05-02,52.3093979850,48.67231472477875025663590559,55.52688263588209037028886370,274,3.63708326022124974336409441,8.220,2.015516415358076655730973293,-0.7559345740225780999848374564,target,0.8846332131220898965382076722,0.8763848454456856311136039846,17
ranked_3x,HTGC,2024-08-07,2024-08-08,2024-09-06,18.5581500000,17.25137161180016913070541686,18.4108740075,765,1.30677838819983086929458314,22.950,0.5676930432113615623115021008,-0.5572100109514913703423746001,time,-0.1127015826324476562828514510,-0.1356588034366016645370178151,29
ranked_3x,MS,2025-09-19,2025-09-22,2025-10-02,160.5249770150,155.0231659955925389228544586,153.8604922506255948809330502,181,5.5018110194074610771455414,5.430,0.6279784915935010975685204152,-1.238677590153571775177685757,stop,-1.211325641841504528832344481,-1.216778391834947772654941194,10
ranked_3x,BAH,2019-10-01,2019-10-02,2019-10-30,70.0816979850,66.66173148362815060108949928,70.4079519850,292,3.41996650137184939891050072,8.760,0.7480485595323199900495285284,-0.7958256269201020220730482713,time,0.09539684083722162227012949081,0.08662482509146326017156860045,28
ranked_3x,CX,2023-11-16,2023-11-17,2023-12-13,6.9316000000,6.473353606808178843933706550,7.334422545242882497395796249,2182,0.458246393191821156066293450,65.460,1.174913775643459743016150311,-0.8327397785764194612462164906,target,0.8790522985617077606608829748,0.8135853348371464822610231878,26
ranked_3x,DXJ,2023-09-21,2023-09-22,2023-09-26,91.0377010075,89.20877155567032544351521796,88.53970576900279800268885383,546,1.82892945182967455648478204,16.380,0,-1.108680821707734494219400960,stop,-1.365823726004406062353931718,-1.382226764388411403850150815,4
ranked_3x,JIVE,2026-05-11,2026-05-12,2026-06-10,92.1560260075,89.64962418924187916808091911,89.6823009925,398,2.50640181825812083191908089,11.940,0.7317150742312177401683108934,-0.8562170645852095128770578910,time,-0.9869626637596240269553194756,-0.9989320135188933371735611682,29
ranked_3x,IUSG,2020-09-14,2020-09-15,2020-09-18,81.4563729850,78.05010439084323127378699376,77.46472860791190703923359131,293,3.40626859415676872621300624,8.790,0,-1.255442096473495519567258181,stop,-1.171852502746112902863284061,-1.180659794118103661425944316,3
ranked_3x,VGT,2019-12-26,2019-12-27,2019-12-30,31.0700416325,30.57024135653522230133824593,30.34096454636120813407820909,2000,0.49980027596477769866175407,60.000,0,-1.615726663898260055054598083,stop,-1.458736861902357043206040504,-1.518760838363935032783720290,3
ranked_3x,BPOP,2021-06-02,2021-06-03,2021-06-14,81.7284030225,77.34774655538048512114991693,76.76763845621513148274129255,228,4.38065646711951487885008307,6.840,0.1396121750451139102785725517,-1.058838340170044898444841700,stop,-1.132424923871467524886697413,-1.139273212529839860936545495,11
ranked_3x,SVM,2026-02-12,2026-02-13,2026-02-23,10.4780000000,8.748891620469987043253770724,12.11555506668353785957063256,578,1.729108379530012956746229276,17.340,1.123122195803511680406276787,-0.3342763281021780387614974164,target,0.9470517210312981640552382815,0.9297017386038494769222885887,10
ranked_3x,ILCG,2023-11-16,2023-11-17,2023-12-13,64.9535260075,63.34173534799874360928761938,66.06607679199874696778203777,620,1.61179065950125639071238062,18.600,1.406184468894568180051788537,-0.4861226877580061072255043286,target,0.6902576199585425966536145604,0.6716447809877031487519833863,26
ranked_3x,ANAB,2021-12-20,2021-12-21,2022-01-05,24.3815010075,21.80159941410922532918160816,21.63808741850340613921274610,387,2.57990159339077467081839184,11.610,0.2138961400363827002326898081,-1.000620339207249334929225558,stop,-1.063379159896914804387036539,-1.075007510403327292639915330,15
ranked_3x,EPR,2025-07-24,2025-07-25,2025-07-28,58.6667250000,56.60648877349955107938235397,56.18194010769830444628698632,485,2.06023622650044892061764603,14.550,0,-1.071103386890920277488865995,stop,-1.206067954897770129537025636,-1.220629391889371084220419034,3
ranked_3x,WLY,2021-03-08,2021-03-09,2021-03-15,55.4024270150,52.08479877405541416745642295,51.69416278324999856120049978,301,3.31762824094458583254357705,9.030,0.2145128788743895469484896983,-2.092587689398065684188740781,stop,-1.117745558704972567890330603,-1.126788163186618312477235365,6
ranked_3x,VV,2020-10-12,2020-10-13,2020-10-19,165.7135959700,160.2989618040665939700921062,159.0967195905360945153164154,184,5.4146341659334060299078938,5.520,0,-1.129086431815491622647092010,stop,-1.222035723317098741014675753,-1.227576263837591767909544981,6
ranked_3x,PPC,2022-09-08,2022-09-09,2022-09-14,27.6357250000,26.07325730528617264413215798,25.87770787549652634930116680,640,1.56246769471382735586784202,19.200,0.5147472825972933737492157194,-1.130086724976032164418632630,stop,-1.125154222676880375218726634,-1.144354619652444486559207354,5
ranked_3x,TXRH,2024-03-14,2024-03-15,2024-04-09,153.5228550375,147.4615715069483489187835279,146.3556097206462363018926514,164,6.0612835305516510812164721,4.920,0.4466283335624817730459056377,-1.020057716543955180688490496,stop,-1.182463298528695710259110349,-1.187412745266962651610295037,25
ranked_3x,HLNE,2019-08-05,2019-08-06,2019-08-06,53.8710260075,50.85483792832752498232348601,50.47342664386506854495605986,331,3.01618807917247501767651399,9.930,1.365623059431389039279176881,-1.230369562536750543251792079,stop,-1.126454741697374818633746221,-1.136401071041740782713439823,0
ranked_3x,EWU,2023-03-30,2023-03-31,2023-04-12,32.5825500000,31.62671064206479398448961695,33.28685143775069197039405518,1046,0.95583935793520601551038305,31.380,1.064455016999802472939579611,-0.4106872109221203054651489962,target,0.7368408006049430973523155538,0.7054547734959467907222102430,12
ranked_3x,WSM,2024-03-14,2024-03-15,2024-03-21,142.8685304475,132.8861449063784457001246381,151.7045341187068926426262967,100,9.9823855411215542998753619,3.000,1.380078288476139868806845865,-0.3604876241932540661051448794,target,0.8851595277308972949389875196,0.8821542340687343126053265284,6
ranked_3x,PFSI,2023-06-27,2023-06-28,2023-07-06,70.9380790300,67.34854616183690496907579213,66.2196009925,278,3.58953286816309503092420787,8.340,0.3710560730097436729468779230,-1.698851425511706938413952290,stop_gap,-1.314510330675598621365868638,-1.322867964134280998170504991,8
ranked_3x,WST,2023-06-27,2023-06-28,2023-06-30,371.2637500000,356.7710587162465469673760052,382.8632679741253021348793148,69,14.4926912837534530326239948,2.070,1.094776304093797584940638211,-0.3411197342995926356892149768,target,0.8003701829437679324172568407,0.7983001740397881383481322019,2
ranked_3x,EWS,2025-04-28,2025-04-29,2025-05-15,24.3311250000,23.31638721205751754954477785,25.15576881703291383207680798,985,1.01473778794248245045522215,29.550,1.240591426631049812492129290,-0.3164610639474895212285056245,target,0.8126669045261340371225942216,0.7831026167303389864823290017,16
ranked_3x,ANET,2025-12-15,2025-12-16,2026-01-05,127.0860489925,115.9539358583947922427231322,137.1815259106556686990972913,89,11.1321131341052077572768678,2.670,1.286723808403996289630509733,-0.4901182665656185880058273228,target,0.9068787566689724246729986919,0.9041838505322309944839653861,20
ranked_3x,APOG,2019-05-09,2019-05-10,2019-05-29,39.6854239925,37.94186115143566831725518113,37.65729719279990080487576727,573,1.74356284106433168274481887,17.190,0.6507227504386450218366090679,-1.368132502206718991389173653,stop,-1.163208318010528217401855636,-1.180414465843827389872765014,19
ranked_3x,IYM,2023-02-01,2023-02-02,2023-02-06,141.3724070525,136.5448746812317945441212882,135.5207881211225560850403785,207,4.8275323712682054558787118,6.210,0,-1.249584795827121454257376306,stop,-1.212134581676602662576883767,-1.218348936691299109048478266,4
ranked_3x,AER,2026-08-06,2026-08-07,2026-08-13,156.7166280225,148.6889649344701990560479489,147.5737976974616725631275893,124,8.0276630880298009439520511,3.720,0,-1.026031104217838508343007717,stop,-1.138915550488332436901366442,-1.142652628099964340449876610,6
ranked_3x,THC,2025-09-19,2025-09-22,2025-09-26,191.5660489925,181.0154227325144657533275934,200.6008001880918927398223636,94,10.5506262599855342466724066,2.820,1.003157987658119494036372713,-0.1569617719073929712182103516,target,0.8563236885621877868574674659,0.8534802554558727184662647368,4
ranked_3x,DOC,2019-11-26,2019-11-27,2019-12-02,35.1214510075,33.76448883086455901043115394,33.51125516463307481785292029,736,1.35696217663544098956884606,22.080,0.1831650113610900263783918635,-1.003309473868825091762171185,stop,-1.186618072774417125494754470,-1.208726279264287289267458271,5
ranked_3x,PBR,2018-10-16,2018-10-17,2018-11-09,15.8379000000,14.56432071940010685483333078,14.45508831400460605342208080,785,1.27357928059989314516666922,23.550,0.7868375493106181405595881720,-1.034800125971922609962559876,stop,-1.085768045271629371183280372,-1.109323704865800156750377114,23
ranked_3x,CNC,2026-06-09,2026-06-10,2026-06-15,66.9584489925,62.60049467356515615834373879,62.13099096351341748715616075,229,4.35795431893484384165626121,6.870,0,-1.089605270038856158443092660,stop,-1.107734885611764087528436235,-1.114618849463714811163079794,5
ranked_3x,SOXL,2017-11-01,2017-11-02,2017-11-06,9.8573800000,9.145751198421329770784577747,10.48974123556683020249630658,1405,0.711628801578670229215422253,42.150,1.441696847744267948279221979,-0.3879086953586196778201675803,target,0.8886110766793113915451635821,0.8464542669303969301143020715,4
ranked_3x,TTEK,2021-10-22,2021-10-25,2021-10-29,33.5396760075,32.02805719575547124025734744,34.78841010810019479404458267,661,1.51161881174452875974265256,19.830,1.122190316315464954609136518,-0.2789565757079671633340701040,target,0.8260906062415669287040202669,0.8062443329834446607444847624,4
ranked_3x,DYN,2024-06-10,2024-06-11,2024-06-21,31.2627260075,27.58632720698500425272768833,34.67708137195488327916776933,272,3.67639880051499574727231167,8.160,1.057359716240649475459247593,-0.1299440113605410236685466273,target,0.9287227936143910693425036251,0.9205626342769988493678429431,10
ranked_3x,ACGL,2019-10-01,2019-10-02,2019-10-30,41.6299000000,40.28953881575262072540101599,41.6949230150,746,1.34036118424737927459898401,22.380,0.8132889946466915580755615589,-0.8728251860388708023239658924,time,0.04851156222978122658461978328,0.02612953539061609716792642481,28
ranked_3x,BRZU,2026-04-13,2026-04-14,2026-04-23,132.9698459700,121.8201169043421586544304985,120.9064660275595924645222698,89,11.1497290656578413455695015,2.670,0.006291366327102880065355918930,-1.154274502475605267824943416,stop,-1.081943773826459359573073875,-1.084634422166283389214252947,9
ranked_3x,CVNA,2024-12-30,2024-12-31,2025-01-02,42.3190320150,38.26910429660160273652587077,37.98208601437709071600192674,246,4.04992771839839726347412923,7.380,0.06394360665340769474261916983,-1.221510693271428278487679551,stop,-1.070869976498745406948116798,-1.078277516110801479818867389,2
ranked_3x,CPRT,2018-07-23,2018-07-24,2018-07-25,14.7699500000,14.22399668433854166751990752,14.11731670920600260501350821,1831,0.54595331566145833248009248,54.930,0,-1.053112021681579638771427434,stop,-1.195401277128043923632559942,-1.250351030411716224116328657,1
ranked_3x,URAA,2025-11-14,2025-11-17,2025-12-16,34.1341010075,25.67854559254932711434757505,30.7476500000,118,8.45555541495067288565242495,3.540,0.8723137192689108192164022433,-0.7254521680094487869955138017,time,-0.4005001258122267909590842537,-0.4040480890775322919803543887,29
ranked_3x,BNO,2022-07-13,2022-07-14,2022-07-18,29.1369000000,26.52882732437722361994213294,31.50688538055560555720743306,383,2.60807267562277638005786706,11.490,1.055606703652379272113095392,-0.3132197992929526425999165398,target,0.9087114031397463105750136972,0.8972086561954586630318658257,4
ranked_3x,PHAT,2023-08-23,2023-08-24,2023-09-05,15.2938500000,13.71128397221393814826478760,13.60844934242233361215280169,631,1.58256602778606185173521240,18.930,0.04179920384904309614714329153,-1.208701543199426855102993881,stop,-1.064979677300077976871880663,-1.083936232333657612312761975,12
ranked_3x,ARKW,2025-08-21,2025-08-22,2025-09-10,153.6538199625,146.4540281338800444214915569,159.6472097026865559116696298,138,7.1997918286199555785084431,4.140,1.194643573347406240086920342,-0.2366489202822668308019042399,target,0.8324393097536764666882699550,0.8282725226139779635792316371,19
ranked_3x,BEP,2026-06-09,2026-06-10,2026-06-15,36.4211270150,34.20200701800254113558522843,33.94549196536752207706833922,450,2.21911999699745886441477157,13.500,0.1076431131814425877328571228,-1.054979008871813093170514647,stop,-1.115593141867989212826285173,-1.129112014232075413833844541,5
ranked_3x,ZS,2023-12-15,2023-12-18,2024-01-03,223.3224540300,210.0710690257709232337721138,206.9660240075,75,13.2513850042290767662278862,2.250,0.2994056069409945227617702848,-1.256657777634979120258323217,stop_gap,-1.234318527254318865104601380,-1.236582441553875155457271340,16
ranked_3x,SMMT,2025-06-25,2025-06-26,2025-07-03,21.3993000000,18.08962845344118229716231720,24.52365425995962657006640018,302,3.30967154655881770283768280,9.060,1.371949130336249547155317736,-0.3412121064321845049040886680,target,0.9440073481636351332077787263,0.9349430045941978400641298642,7
ranked_3x,GLPI,2019-09-03,2019-09-04,2019-09-05,39.8667750000,38.64390018873947326161921442,38.35407093732392721215707031,817,1.22287481126052673838078558,24.510,0,-1.183094938809539461842047533,stop,-1.237006477479729137138332280,-1.261538833305323671648668998,1
ranked_3x,DRVN,2022-10-06,2022-10-07,2022-10-18,30.0940260075,27.97205803447030140440676343,31.97437402567572585612628730,471,2.12196797302969859559323657,14.130,1.119703512352090706225908099,-0.6498806886001476216650750121,target,0.8861340237341126543543738922,0.8719962043224621248773565776,11
ranked_3x,ARE,2021-12-20,2021-12-21,2022-01-05,217.6099300375,209.0651268395819331733849595,207.4971383882850686745845723,117,8.5448031979180668266150405,3.510,0.8590094812585502654156366583,-1.455847694717062367337783905,stop,-1.183501997059324127425261636,-1.187012902963781876840850717,15
ranked_3x,IMVT,2020-10-12,2020-10-13,2020-11-04,42.2646260075,37.22486265171977266439805386,46.94960644305562563058493154,198,5.03976335578022733560194614,5.940,1.394980576704399252774331964,-0.6080890690998629807306788098,target,0.9296032580939157523906055267,0.9236505976449698173888268909,22
ranked_3x,CHDN,2023-04-28,2023-05-01,2023-05-23,147.2713155225,140.0628837499124036059373857,139.0124121217880605788928553,138,7.2084317725875963940626143,4.140,0.4409671309629327381453703696,-1.141901981205160044271400893,stop,-1.145728177953920942676502521,-1.149889970830158565684566597,22
ranked_3x,QUAL,2019-06-07,2019-06-10,2019-07-09,91.1586030225,88.87839259374442953371811191,92.0543750000,438,2.28021042875557046628188809,13.140,0.9610494495878427845059226813,-0.5695097286300522386642290537,time,0.3928461891952969446084151759,0.3796895087320940104239145726,29
ranked_3x,DFEN,2025-08-21,2025-08-22,2025-09-16,57.1151739925,52.16529209341979278868343574,61.59956797239335565723169003,202,4.94988189908020721131656426,6.060,1.251510063028196678983005120,-0.3768118170347839595929140237,target,0.9059597928440779448751721195,0.8998990421814056425817508688,25
ranked_3x,PUK,2023-03-02,2023-03-03,2023-03-10,30.6280000000,29.12533702480167496727838057,28.90689699711566240502379272,665,1.50266297519832503272161943,19.950,0.2076320539932258370162720178,-1.203197276995113199398142340,stop,-1.145368609789019608978842518,-1.165333166376327903216643552,7
ranked_3x,EBAY,2021-07-29,2021-07-30,2021-07-30,72.6004479850,69.65234746011913052983179027,69.12995485416823705085805184,339,2.94810052488086947016820973,10.170,0,-1.533341874488037625488035344,stop,-1.177196334230157559554326288,-1.187372378007095008960580184,0
ranked_3x,NULG,2023-08-23,2023-08-24,2023-08-24,63.2508489925,61.65789227351722738371408040,61.19545808146584817833622480,627,1.59295671898277261628591960,18.810,0,-1.318834948536175561788111692,stop,-1.290299282171758931828047106,-1.309132185566119417056789127,0
ranked_3x,SNEX,2022-03-17,2022-03-18,2022-04-11,15.1249385950,14.11126081024095750841940801,14.00542635416415032710626245,986,1.01367778475904249158059199,29.580,0.1812246532004915555087968518,-1.260779918644260698543122352,stop,-1.104406407704756683778667019,-1.134001610885746968990113728,24
ranked_3x,GRID,2023-05-26,2023-05-30,2023-05-31,100.4074540300,97.92976295091645924591259441,97.19528972878458580156824995,403,2.47769107908354075408740559,12.090,0.2754750080677780129722877717,-1.032193259115241701513821318,stop,-1.296434542761296788405844056,-1.308542589746353751846742251,1
ranked_3x,IOVA,2018-03-28,2018-03-29,2018-04-03,16.6741239925,14.09569385932553201152828064,13.98997615538059052144181854,387,2.57843013317446798847171936,11.610,0.1845603653856306077770940658,-1.161219749171076075920373931,stop,-1.041000802226425175972100271,-1.052635788807607078136631695,5
ranked_3x,CSL,2021-12-20,2021-12-21,2021-12-27,234.3948689550,223.3049644699476358258190769,243.6436376392519714428745662,90,11.0899044850523641741809231,2.700,1.002274281079844371172550775,-0.1573390426718144156283121872,target,0.8339809145081469762544754735,0.8312757514438089747563398288,6
ranked_3x,ILMN,2018-10-16,2018-10-17,2018-10-23,320.0772591250,300.8214603035715397392324728,298.5652993512947531911882293,51,19.2557988214284602607675272,1.530,0.04498976557835339431169209687,-1.384666581338018923805198598,stop,-1.117167870998218961475655449,-1.118725843237034369839455190,6
ranked_3x,FTAI,2025-02-28,2025-03-03,2025-03-07,127.4588270150,105.0649726287674217930512745,104.2769853340516661296033899,44,22.3938543862325782069487255,1.320,0.1130300278524688482713932519,-1.240466537644275567135716423,stop,-1.035187658235386177927645203,-1.036527311493935700847955288,4
ranked_3x,SXC,2026-07-09,2026-07-10,2026-07-23,8.1506750000,7.497472047860065065587921806,8.737848867498885422403987608,1530,0.653202952139934934412078194,45.900,1.438029324458364451481036261,-0.1541251454393802370349488469,target,0.8989149016783620178672834604,0.8529873688928501518523992746,13
ranked_3x,AVDV,2026-02-12,2026-02-13,2026-03-03,107.8428010075,104.7957773414649878591904879,103.4681250000,328,3.0470236660350121408095121,9.840,0.8618905792475795511845531551,-1.648428616911925548907190662,stop_gap,-1.435721046824889456748114032,-1.445566720271541079143133972,18
ranked_3x,CIFR,2025-10-17,2025-10-20,2025-10-22,20.1500000000,16.39515547302991707744030833,16.27219180698219269935950602,266,3.75484452697008292255969167,7.980,0.2237109936154469117171629960,-1.360908544493968712946074893,stop,-1.032748004654921922063400306,-1.040737682998330740339013271,2
ranked_3x,SPOT,2024-02-14,2024-02-15,2024-03-01,246.0012729850,231.2815705743722469117206209,258.7655680801605449401172838,67,14.7197024106277530882793791,2.010,1.210536294683153319438499027,-0.4308014393294764351167150804,target,0.8671571434721814029716581274,0.8651190587906365003225708561,15
ranked_3x,UI,2018-06-22,2018-06-25,2018-07-10,83.7937729850,78.86440205519351428153370909,88.05772033544543707557779373,202,4.92937092980648571846629091,6.060,1.027763600496359265610500726,-0.6397923852575259463713857997,target,0.8650084181457264686177459558,0.8589224488755709922128184880,15
ranked_3x,HASI,2022-09-08,2022-09-09,2022-09-20,39.7861770150,36.55677606319951645830151912,36.28260024272552008486425773,309,3.22940095180048354169848088,9.270,0.4501841074238399923209148716,-1.020676919402741863076449647,stop,-1.084899900807032183272989490,-1.094189549397515858149183371,11
ranked_3x,XPO,2023-08-23,2023-08-24,2023-09-01,70.7567280225,65.50295976142229266439265781,75.44041756145087453059028712,190,5.25376826107770733560734219,5.700,1.079848157660505512884422394,-0.6636628890412394466957122045,target,0.8914914602628680931263026002,0.8857812731154345880513147385,8
ranked_3x,PLTR,2025-09-19,2025-09-22,2025-10-20,182.2366050375,168.0592927148574395099580258,180.2280710300,70,14.1773123226425604900419742,2.100,0.4206292297712788072689952077,-0.8087993532587069919827398885,time,-0.1416724102418322181792716723,-0.1437884671726008980047628273,28
ranked_3x,PTLC,2022-12-02,2022-12-05,2022-12-05,38.1641010075,38.09262129351757916167798393,37.5959009925,13989,0.07147971398242083832201607,419.670,0,-4.534167660207857943778007251,stop_gap,-7.949108681936509520947826356,-8.368808178878788351455134228,0
ranked_3x,VHT,2020-08-14,2020-08-17,2020-09-04,206.7490820525,201.2479261372090369706903436,199.7385666911799691934101660,181,5.5011559152909630293096564,5.430,0.6200373157974003840446613320,-1.408627963254181160695437604,stop,-1.274371326548601534219901772,-1.279824725881751185989041189,18
ranked_3x,SUN,2023-10-19,2023-10-20,2023-11-03,50.9794979850,48.76857523399043547196137184,52.79149258048949279407833845,452,2.21092275100956452803862816,13.560,1.248575516145682814255630223,-0.8953266160457709376916625500,target,0.8195648602657370922286250595,0.8059958651543967146173036333,14
ranked_3x,TRU,2024-11-29,2024-12-02,2024-12-18,101.4854780225,95.92911781383982064923362668,95.20964943023602199436437448,179,5.55636020866017935076637332,5.370,0.02600964877596520411864231950,-1.602753545139112263459568288,stop,-1.129485554677040291238249399,-1.134884772667486951598542008,16
ranked_3x,NUGT,2026-05-11,2026-05-12,2026-05-15,199.1827469775,168.9656622135537211598884547,167.6984197469520682511892913,33,30.2170847639462788401115453,0.990,0.2411633709680305404861593975,-1.216290527845750346518014438,stop,-1.041937945917061857562493723,-1.042930761744080177509441171,3
ranked_3x,FLJP,2024-12-30,2024-12-31,2025-01-10,28.8044250000,28.14701867778191314754741320,27.7900000000,1521,0.65740632221808685245258680,45.630,0.1758045155544752223355902883,-1.543070040119688279840439910,stop_gap,-1.543071561248959787305050212,-1.588705439394183725614093765,10
ranked_3x,CRS,2024-02-14,2024-02-15,2024-03-08,64.5606020150,59.75973268163117957640614094,68.84126031325605427041690512,208,4.80086933336882042359385906,6.240,1.066348119374385196355816807,-0.3271490861214282366468962507,target,0.8916423257977470077755116404,0.8853934575372670490385910327,22
ranked_3x,INSP,2020-06-18,2020-06-19,2020-06-26,95.1483020150,85.77897900624554995621871441,85.13563666369870833154707405,106,9.36932300875445004378128559,3.180,0.4388470737061936296122488375,-1.295536508204305728282669074,stop,-1.068664762859143546278976565,-1.071866701779593698939705645,7
ranked_3x,ODD,2025-10-17,2025-10-20,2025-10-23,51.7552739925,47.23374351358699454774491272,46.87949043723509208863682587,221,4.52153047891300545225508728,6.630,0.05412459534251179924285504819,-1.046166118875124085695141903,stop,-1.078348045646054421279012931,-1.084982967193063902800038650,3
ranked_3x,VDE,2022-10-06,2022-10-07,2022-10-26,116.9909030225,109.3129629756890677236168470,123.7338267462911002843102794,130,7.6779400468109322763831530,3.900,1.036618406626637609951139729,-0.9079135783816647394440702051,target,0.8782204188468239832474277103,0.8743131208193458137576851586,19
ranked_3x,APOG,2019-06-07,2019-06-10,2019-06-27,38.8995760075,36.96496895676370684943925938,40.52792668529952095193153507,516,1.93460705073629315056074062,15.480,3.318722523034560086854844073,-0.5580337397659765478620150172,target,0.8416958250926388803660432790,0.8261888000414367338271758426,17
ranked_3x,OKE,2023-09-21,2023-09-22,2023-09-26,67.4621989925,64.90043777499633522253593065,64.41368449168386270836691117,390,2.56176121750366477746406935,11.700,0,-1.269517225211622402852929673,stop,-1.190007280923237015070426995,-1.201717974252115580980327104,4
ranked_3x,LPX,2022-05-13,2022-05-16,2022-05-20,69.8298229850,62.89228311432156100795232757,62.42059099096414930039268511,144,6.93753987067843899204767243,4.320,0.2695730835226336665264774042,-1.106994861025421612789082211,stop,-1.067991266666591968881083388,-1.072315566138627468206419871,4
ranked_3x,OSIS,2025-02-28,2025-03-03,2025-03-04,208.0789739925,194.7008502750680580474932964,193.2405938980050476121370967,74,13.3781237174319419525067036,2.220,0.04492550825470847962910232589,-1.246735367738226358263538802,stop,-1.109152554416899990451797801,-1.111395021345271227344622808,1
ranked_3x,SPXS,2023-01-03,2023-01-04,2023-01-12,223.3627469775,200.1622175857351690614921248,197.9044940450,43,23.2005293917648309385078752,1.290,0.2602202268989153998241268108,-1.153540099261683129378520455,stop_gap,-1.097313449301573341186237069,-1.098606523243698501594103054,8
ranked_3x,IAG,2026-02-12,2026-02-13,2026-02-26,20.7343500000,18.05609924330144966194507189,23.23700625102331121051951615,373,2.67825075669855033805492811,11.190,1.211854413513123149013703176,-0.3600671063335172642618164797,target,0.9344368688271398064376497551,0.9232355278306079270081329881,13
ranked_3x,EPAC,2024-07-10,2024-07-11,2024-07-16,38.8794250000,37.12633089323875642318812521,40.32777521346053424998578573,570,1.75309410676124357681187479,17.100,1.717291723467081638798510568,-0.2563610237845650581972144222,target,0.8261679780193266951471452416,0.8090553769990520069435151973,5
ranked_3x,CBT,2022-12-02,2022-12-05,2022-12-15,74.7665739925,69.72814379499097324195096317,69.1673269850,198,5.03843019750902675804903683,5.940,0,-1.325130592421596879086034695,stop_gap,-1.111307845500814540749756560,-1.117262081011476540460168996,10
ranked_3x,COO,2017-10-04,2017-10-05,2017-11-02,60.7900332650,58.33310996043804789339952145,57.8280115075,407,2.45692330456195210660047855,12.210,0.2268962706181792814914510198,-1.748135262108137709631880429,stop_gap,-1.205581693168929634542938191,-1.217792086527280206698142269,28
ranked_3x,MRX,2025-06-25,2025-06-26,2025-07-25,39.4033260075,36.34326335347609810921317415,37.4569519850,326,3.06006265402390189078682585,9.780,0.4890997870687093422844746535,-0.8082599237788943191927431307,time,-0.6360569186191561674465505737,-0.6458606394549210133696298401,29
ranked_3x,IAI,2023-02-01,2023-02-02,2023-03-01,104.0949000000,101.0890593093750392936295574,100.2027990075,332,3.0058406906249607063704426,9.960,0.5107047105949016956450535559,-1.142740535356127628914923213,stop_gap,-1.294846065741019723874156403,-1.304826634602692341871163502,27
ranked_3x,PSIX,2024-12-30,2024-12-31,2025-01-15,30.2250000000,21.65446810153194276088989973,38.50456540922954680981677452,116,8.57053189846805723911010027,3.480,1.008688737456919495199393688,-0.2339412563598747720843321723,target,0.9660503580541460515995418213,0.9625499918743804339452214667,15
ranked_3x,SKYY,2023-05-26,2023-05-30,2023-06-02,72.4694750000,69.78876810265513074985923454,74.58655553311478273076470972,373,2.68070689734486925014076546,11.190,1.141685427463675377985183360,-0.4660987000248154659896994740,target,0.7897471130512867987319831611,0.7785560350450662099244601681,3
ranked_3x,IVW,2020-07-17,2020-07-20,2020-08-05,54.6039792350,52.58166269926030651271442498,56.20159855245914578613093321,494,2.02231653573969348728557502,14.820,1.022847674161654538881286558,-0.6670460391140452150571482215,target,0.7899946864029333872842379630,0.7751602134261167105854367798,16
ranked_3x,WRLD,2019-08-05,2019-08-06,2019-08-19,125.3531479850,113.3955198599714366496067112,136.2809452892033491252653391,83,11.9576281250285633503932888,2.490,1.047603829456778404767950155,-0.07803805029250071044716371866,target,0.9138766643303055342244825506,0.9113678055761846505238683224,13
ranked_3x,ERIC,2024-09-05,2024-09-06,2024-09-20,7.3346000000,7.102485032631724800165885184,7.509964605113013135835358955,4308,0.232114967368275199834114816,129.240,1.358809401978736666084125054,-0.7522134482735809191448580675,target,0.7555075275898880322354005168,0.6262612306356645066091362440,14
ranked_3x,BAR,2025-07-24,2025-07-25,2025-07-30,33.2172760075,32.44158607960665373687794413,32.19827418400960383385135955,1289,0.77568992789334626312205587,38.670,0,-1.272771467049067875936641300,stop,-1.313671593310290024296390957,-1.352346840881797565745583157,5
ranked_3x,SKYW,2025-01-30,2025-01-31,2025-01-31,122.9150000000,115.3873052860298573350264704,129.4643745036153665949862281,132,7.5276947139701426649735296,3.960,1.681126491024459730350376145,-0.3845802878572318444978758204,target,0.8700372095936386279225192308,0.8660519257663966681266446584,0
ranked_top4,BKU,2021-03-08,2021-03-09,2021-03-11,45.2628770050,41.95469121604941173268639049,48.44963513696571179664532549,302,3.30818578895058826731360951,3.020,1.156864589583412506417379578,-0.3968567936495689304838466952,target,0.9632947891286978324130469817,0.9602719842930685230748521178,2
ranked_top4,DFH,2023-08-23,2023-08-24,2023-09-15,27.7090989975,24.56002976648969430548872551,24.49862969207347006972500370,317,3.14906923101030569451127449,3.170,0.7655919338827994294448422089,-1.234999522780346416650963737,stop,-1.019497848383766859425597545,-1.022673389874416060665558945,22
ranked_top4,IWY,2020-04-22,2020-04-23,2020-05-18,93.2826280075,86.67311453568926756525681121,99.64241112561245560365633082,151,6.60951347181073243474318879,1.510,1.016318677789110974622455032,-0.1486682812117487856776188780,target,0.9622165300421331804113860661,0.9607035593760395965303792632,25
ranked_top4,FHI,2025-08-21,2025-08-22,2025-09-22,53.0322520050,51.11850388991937978115222456,52.3188759975,522,1.91374811508062021884777544,5.220,0.7251455842408699664751874005,-0.6856968242890830865495533092,time,-0.3727637936667269827074716477,-0.3779891417264839122634109347,31
ranked_top4,IYH,2018-11-13,2018-11-14,2018-11-15,38.8809600000,37.61671143224731486962231208,37.52266965366669658244825630,790,1.26424856775268513037768792,7.900,0,-1.035366804746945623059832253,stop,-1.074385513244271225216726120,-1.082295350166432738226356141,1
ranked_top4,CIBR,2018-04-26,2018-04-27,2018-05-10,26.2354250000,25.35204679270027330096746577,27.05100619928147738228495289,1132,0.88337820729972669903253423,11.320,1.288888485805362083976017162,-0.7725184913560535489237587020,target,0.9232525689925175360450323423,0.9119323893487751588653270160,13
ranked_top4,LW,2022-09-08,2022-09-09,2022-09-14,79.9694219925,76.72209626201014006501607252,76.53029102135511471485353234,307,3.24732573048985993498392748,3.070,0.1018010002495597411585969480,-1.558026022765749918713791187,stop,-1.059065599380475909169183821,-1.062145056395245874172651147,5
ranked_top4,PTC,2018-06-22,2018-06-25,2018-06-27,96.3202020050,91.67480149463467525607580746,91.44561449089808856793561794,215,4.64540051036532474392419254,2.150,0,-1.110818753622212527652814694,stop,-1.049336328100278894297274529,-1.051488995018381414914897253,2
ranked_top4,JCI,2021-06-30,2021-07-01,2021-07-29,69.1925469925,66.82900968074012633332489230,71.37719409349922398250841993,423,2.36353731175987366667510770,4.230,1.094737110612144720957119950,-0.7626484183394740367491547552,target,0.9243125082601512812348884484,0.9200815617249539719918217634,28
ranked_top4,CRS,2023-09-21,2023-09-22,2023-10-03,69.3529500000,65.09668151228945517826237537,64.93393980850873154031671943,234,4.25626848771054482173762463,2.340,0.3517278114203892854502001820,-1.344593043536683820944911373,stop,-1.038235770194154908684229666,-1.040585246038753006310025232,11
ranked_top4,CDNA,2019-02-12,2019-02-13,2019-02-21,24.5612500000,21.19495746032481064011470811,27.85772368332600138648557866,297,3.36629253967518935988529189,2.970,1.140349495700809665714039390,-0.4014062901765456884677984864,target,0.9792594210020960524897304135,0.9762887938560177466200748241,8
ranked_top4,ETN,2024-05-10,2024-05-13,2024-06-04,331.8375350250,316.6945303589270823072585117,315.9027940330297646014903654,66,15.1430046660729176927414883,0.660,0.8817580968534916671484645512,-1.432182152963986188460725979,stop,-1.052283964996138453918723183,-1.052944335921229988673969013,22
ranked_top4,ELF,2023-04-28,2023-05-01,2023-05-03,93.4329969925,88.26743742503486330475061819,87.7800000000,193,5.16555956746513669524938181,1.930,0.2781898047504605832699131446,-1.243426759213990995379524469,stop_gap,-1.094362947260341143851908930,-1.096298845950385142037977147,2
ranked_top4,DFIV,2023-02-01,2023-02-02,2023-02-03,33.5536760025,32.78568357242733512240008557,32.70371936349626678459408536,1302,0.76799243007266487759991443,13.020,0,-1.046463442906538625658603599,stop,-1.106725282335547445732337941,-1.119746244012284068531506361,1
ranked_top4,VITL,2024-05-10,2024-05-13,2024-05-21,36.4509010025,33.21855888640831847008685248,39.58403501079520232608836465,309,3.23234211609168152991314752,3.090,1.422837630523127481105914579,-0.7071961817160455462479692113,target,0.9693076709601412488164322475,0.9662139390342362986227591573,8
ranked_top4,COST,2019-10-01,2019-10-02,2019-10-07,283.9380860275,274.3220910616311384095462235,292.8201957908854394364776421,103,9.6159949658688615904537765,1.030,1.222121685193513972360395666,-0.2431448888855299795939745126,target,0.9236807834146873101995604696,0.9226408494260055221054017700,5
ranked_top4,MRK,2018-12-13,2018-12-14,2018-12-18,74.4509291650,71.37090209654546914945170105,71.19247484130410547657807180,324,3.08002706845453085054829895,3.240,0.001681425157928430385090850328,-1.383133027833287654872483646,stop,-1.057930417907298894799714882,-1.061177142620344261923963580,4
ranked_top4,AIR,2023-03-30,2023-03-31,2023-04-26,54.9269760025,51.58067695091343751936185257,51.45172525853615392556344794,298,3.34629905158656248063814743,2.980,0.1025084704660104741119966996,-1.104795460748546359954595584,stop,-1.038535615134619971474905995,-1.041523991201982735915664887,26
ranked_top4,PSKY,2021-03-08,2021-03-09,2021-03-12,84.6110020050,76.95977328873790006205764911,92.03157514445894468809749501,130,7.65122871626209993794235089,1.300,1.393108922798912477025405097,-0.9816729160162127859768535498,target,0.9698537861882347722677075737,0.9685468065682495839014328928,3
ranked_top4,IRM,2024-09-05,2024-09-06,2024-09-11,109.3326479950,104.2556877400054447908303510,114.1235842293695688211467249,196,5.0769602549945552091696490,1.960,1.051288514569181721132890690,-0.3432471217960852263519048757,target,0.9436623478894472584846857064,0.9416926653436439282773145848,5
ranked_top4,XLK,2019-12-26,2019-12-27,2019-12-30,46.2603625000,45.51140754142544654252032494,45.39762902257188292616402413,1335,0.74895495857455345747967506,13.350,0,-1.228862282655391576610644509,stop,-1.151916370338360909189191583,-1.165268308109134833339845748,3
ranked_top4,TFII,2020-10-12,2020-10-13,2020-10-29,48.5911760025,46.25378008265087093393311944,46.13814563244424375659828664,427,2.33739591984912906606688056,4.270,0.7909755389747301425440025804,-1.095739485446400214267805403,stop,-1.049471486291501264652969494,-1.053749751653000426459798991,16
ranked_top4,AAT,2021-06-02,2021-06-03,2021-06-28,38.6062729950,36.85532496110138310110975117,36.76318664869862964335697679,571,1.75094803389861689889024883,5.710,0.2134426594990765321189018606,-1.294311967645306691656701168,stop,-1.052621957144896303047328699,-1.058333148914382603137387802,25
ranked_top4,NTES,2019-03-13,2019-03-14,2019-04-01,47.5987000000,44.08463713755073975416221410,50.98498095529313709522319144,284,3.51406286244926024583778590,2.840,1.098813297070252258916018902,-0.5181182213487762247389791920,target,0.9636369888195282104568527930,0.9607912799089510905318844886,18
ranked_top4,FAS,2024-04-12,2024-04-15,2024-04-16,99.6685479950,92.23654031173577060804665363,92.00594896095643118152653700,134,7.43200768326422939195334637,1.340,0.1508950276686802368299329494,-1.023754323092711207804008834,stop,-1.031026791226090452944999105,-1.032372322666069787940226417,1
ranked_top4,BALL,2020-11-09,2020-11-10,2020-11-20,93.1322520050,87.47319395177309965946090998,98.54433178308133308968774229,176,5.65905805322690034053909002,1.760,1.015671679091987528359451285,-0.2036114480824182655000662613,target,0.9563569991997633534247070823,0.9545899206672683892350867471,10
ranked_top4,IESC,2024-05-10,2024-05-13,2024-05-13,91.7788780075,83.86729498359187409444775638,83.65762674613289440921163699,126,7.91158302390812590555224362,1.260,0.05196482060007694116764313757,-1.323866282619905299989634707,stop,-1.026501426683557543339792278,-1.027765396229194725805314358,0
ranked_top4,COKE,2019-04-10,2019-04-11,2019-04-24,29.6138510025,27.91678723987880905261289800,31.23263747820838797001863424,589,1.69706376262119094738710200,5.890,1.694780750640539303376026902,-0.4206388812388670490362974897,target,0.9538748698564512368179108360,0.9479823393456620886435857955,13
ranked_top4,MGK,2020-04-22,2020-04-23,2020-05-18,28.2324060025,26.18429232549265029978842191,30.20481838030858132596104914,488,2.04811367700734970021157809,4.880,1.087631522853214281995328295,-0.1837813040973356394955570208,target,0.9630385265971266112971523243,0.9581559851091894088819012937,25
ranked_top4,VUG,2020-05-20,2020-05-21,2020-06-05,31.7775798350,30.25182853734150460589416961,33.22007280482684915562056581,655,1.52575129765849539410583039,6.550,1.062266941858285119632726960,-0.4976216216661151257899858718,target,0.9454312587120724081645584196,0.9388771105915061218949556512,15
ranked_top4,SMH,2018-01-30,2018-01-31,2018-02-02,53.5435250000,51.73184989354544327293477182,51.60252026881157966475243489,551,1.81167510645455672706522818,5.510,0.09188954432662552105486285600,-1.152813212788044458053902331,stop,-1.071386764808487838224573743,-1.076906518303125170243679601,2
ranked_top4,COO,2019-03-13,2019-03-14,2019-04-11,73.0496687500,69.92017258747540566249096552,72.7875759975,319,3.12949616252459433750903448,3.190,0.8117368157916812498356627851,-0.6086192955940496097763306083,time,-0.08374918481720306128750499842,-0.08694458736146849500214023995,28
ranked_top4,CRUS,2019-12-26,2019-12-27,2020-01-27,83.3278030075,79.92672583202613368398080990,79.72690901744606834977085788,294,3.40107717547386631601919010,2.940,0.9768078820608131738349439049,-1.207794412053489174779354836,stop,-1.058751038059648027905254277,-1.061691283012662573056209571,31
ranked_top4,PAYC,2020-01-27,2020-01-28,2020-02-04,313.7624610275,298.6428070045052797987315821,328.0599097628684834007652469,66,15.1196540229947202012684179,0.660,1.602386465699120599383380648,-0.1823756035228269129343259008,target,0.9456200990858794656008484954,0.9449587082905086519753016565,7
ranked_top4,TDOC,2018-07-23,2018-07-24,2018-07-30,67.5685020050,62.78689525973168463178644720,62.62992802158235542020698108,209,4.78160674526831536821355280,2.090,0.1372961077674657965395029131,-1.676947401192033670802093331,stop,-1.032827299799310690186496586,-1.034918647024779534006929990,6
ranked_top4,TECL,2024-02-14,2024-02-15,2024-02-20,78.5559010025,72.29565576784479077625697210,72.11491662842517879931632967,159,6.26024523465520922374302790,1.590,0.008641833581936287278528535503,-1.234120823211730534807086675,stop,-1.028870935984916956591101865,-1.030468317497168650739244577,5
ranked_top4,ETON,2025-01-30,2025-01-31,2025-02-19,17.3131750000,15.22820309683691716482688135,15.19013258909482487191481415,479,2.08497190316308283517311865,4.790,0.5260622449329036726202859045,-1.262930687941283822079111377,stop,-1.018259482386470550320738763,-1.023055710088546120011621866,19
ranked_top4,NVDA,2024-07-10,2024-07-11,2024-07-16,136.0893750000,125.6767941051055749701226781,125.3626021198428110326973714,96,10.4125808948944250298773219,0.960,0.005821707472133365509131389266,-1.105333357423745185336743679,stop,-1.030174265960980040448714412,-1.031134642653458201670300283,5
ranked_top4,PHYS,2025-02-28,2025-03-03,2025-03-07,22.2855750000,21.76565673479083670456665586,22.74847953204614038719476078,1923,0.51991826520916329543334414,19.230,1.008666236776705749938280093,-0.1068918014981492495629870414,target,0.8903409689981053773131054917,0.8711071765557933216112634689,4
ranked_top4,SGOL,2026-03-13,2026-03-16,2026-03-19,47.9295260025,45.62079200754735102315037438,43.4710519950,433,2.30873399495264897684962562,4.330,0.02619444146974599107267230633,-2.035542428349951600486728156,stop_gap,-1.931133693724400309806159400,-1.935465071883106330500183059,3
ranked_top4,ADUS,2019-10-29,2019-10-30,2019-11-05,85.3829229950,80.98257347469338399018543571,89.55881433401834946979002788,227,4.40034952030661600981456429,2.270,1.594664008533360887366193262,-0.5051687336975693645786971617,target,0.9489908289665530224657444386,0.9467182822168341045049993277,6
ranked_top4,MKTX,2019-11-26,2019-11-27,2019-12-05,404.3283070175,383.3857399566759735125329897,382.4272756067842835787516572,47,20.9425670608240264874670103,0.470,0.1418966917412403103710666412,-1.132541294895428926221424749,stop,-1.045766325928812724498060774,-1.046243822310748938306876191,8
ranked_top4,ARKF,2021-02-05,2021-02-08,2021-02-11,59.0873489975,56.48899611937633825158661724,61.53148762093460259404234930,384,2.59835287812366174841338276,3.840,1.290298184949011175253691220,-0.2260466630399101143280023446,target,0.9406492259048273373603195773,0.9368006339432838920711667284,3
ranked_top4,AXP,2019-03-13,2019-03-14,2019-03-22,112.6709739975,109.6258508832306037690155288,109.3517862560225272595929900,328,3.0451231142693962309844712,3.280,0.5185425821047137415594272799,-1.208810238328627089400112673,stop,-1.090001164788318156270234001,-1.093285104262929270165170809,8
ranked_top4,AZO,2021-12-20,2021-12-21,2022-01-20,2017.1302259400,1917.934899527962170278951900,1927.8781860975,10,99.195326412037829721048100,0.100,0.9362313469713005195137094941,-0.8761527189193564946021032342,time,-0.8997605337953586884356693620,-0.8998613449964677202410939686,30
ranked_top4,ANET,2018-04-26,2018-04-27,2018-05-04,16.4547843750,15.08882750807323651396950102,15.05110543930305342268457727,732,1.36595686692676348603049898,7.320,0.4238542511979930679530704492,-1.282825554325464415729453457,stop,-1.027615856461890447337583995,-1.034936731843921200283888463,7
ranked_top4,MGK,2020-02-25,2020-02-26,2020-02-27,29.7542000000,28.71068714057096698511617291,28.63891042271953956765338248,958,1.04351285942903301488382709,9.580,0.4463759078684146799533676036,-1.533475112971356828323072383,stop,-1.068783740615042024941382925,-1.078366756204779544342527358,1
ranked_top4,SBUX,2019-08-05,2019-08-06,2019-09-04,94.5457729950,90.69403386947338666553822668,95.8697259975,259,3.85173912552661333446177332,2.590,0.9331436755879966552684665055,-0.3935297655426656076967873567,time,0.3437286273428468293280415663,0.3411323975167594276392641615,29
ranked_top4,APPF,2019-09-03,2019-09-04,2019-09-10,98.8264520050,91.27961581206286842204976038,91.05141677253271125099463598,132,7.54683619293713157795023962,1.320,0.1793530375373387466950952447,-1.035725409319893850008304256,stop,-1.030237709378629700983912437,-1.031562767952096382870542510,6
ranked_top4,XYZ,2017-11-30,2017-12-01,2017-12-22,39.4383500000,34.15301296420934436753615265,34.06763043179882100661731227,189,5.28533703579065563246384735,1.890,0.06653331615727227863222818538,-1.002462277073575035371276744,stop,-1.016154605057792805722117500,-1.018046631986687427908098151,21
ranked_top4,MORN,2018-07-23,2018-07-24,2018-07-26,140.5906050125,136.5346579272604864893618984,136.1933212824423352731384937,246,4.0559470852395135106381016,2.460,0,-2.201853432703899872111505605,stop,-1.084157075436302063995152059,-1.086622590836242119118190740,2
ranked_top4,HDB,2017-09-06,2017-09-07,2017-09-12,24.1126312500,23.37540210689476817504760958,24.78773574212246874539000944,1356,0.73722914310523182495239042,13.560,1.217218226371593539504996660,-0.1154746130103112265832577153,target,0.9157322366271466983529170870,0.9021679329184250213443852358,5
ranked_top4,VEEV,2019-02-12,2019-02-13,2019-03-04,119.2975000000,112.3162199879148015594431035,112.0354294379450145555444957,143,6.9812800120851984405568965,1.430,0.6735870774212703834209751870,-1.096862034862404121704731720,stop,-1.040220496740384903543946730,-1.041652898818899035140801541,19
ranked_top4,PLMR,2022-11-03,2022-11-04,2022-12-05,64.6913239975,53.42217915527470007807811219,59.0320500000,88,11.26914484222529992192188781,0.880,0.8411174170894995327279506993,-0.5467429058515262684561655290,time,-0.5021919654714875648405011842,-0.5030793442513334112508392643,31
ranked_top4,SVIX,2023-09-21,2023-09-22,2023-09-26,28.9421760025,26.18946685120981658361039398,26.12399318408179204215136800,363,2.75270915129018341638960602,3.630,0.3188945686792109932549051573,-1.097891508473940511576369535,stop,-1.023785174360806445513060563,-1.027417959174019654499807421,4
ranked_top4,PLXS,2022-12-02,2022-12-05,2022-12-15,110.3752479950,105.2890492891780994371151895,105.0258266659551541885224015,196,5.0861987058219005628848105,1.960,0.08940940598318884572466197896,-1.009643997809592661183107555,stop,-1.051752327906821324464076805,-1.053718432767914056252654720,10
ranked_top4,IWY,2020-03-24,2020-03-25,2020-04-14,81.0020030075,71.25880610287269215026496679,90.51833691234698958011069563,102,9.74319690462730784973503321,1.020,1.281714319718727358085900413,-0.1859760225762687492100597765,target,0.9767157533609348598532146166,0.9756893961911181717175704108,20
ranked_top4,ALRM,2020-07-17,2020-07-20,2020-07-27,71.4180979950,67.10234574994815487456656891,66.93458988557328448738015249,231,4.31575224505184512543343109,2.310,0.7511798224091649607388744699,-1.243837618610915669614462972,stop,-1.038870596561053317886193051,-1.041187689719370117884652212,7
ranked_top4,MA,2018-03-28,2018-03-29,2018-04-27,172.1493010025,163.9503136701287409443739460,175.5001519950,121,8.1989873323712590556260540,1.210,0.9331276763038140403504299246,-0.5133925485993662671073811396,time,0.4086908366439551691143585364,0.4074711738252899933631441722,29
ranked_top4,MRK,2018-11-13,2018-11-14,2018-11-29,71.6959669350,68.61402897033925010839758576,74.59096013741159801687340820,324,3.08193796466074989160241424,3.240,1.034910858548411314613980909,-0.6215030792194563160179098170,target,0.9393418153146602448051843482,0.9360971036706668626162136290,15
ranked_top4,FTNT,2021-07-29,2021-07-30,2021-07-30,54.3334970050,52.00118237123118460021434468,51.87117941530310663871380882,428,2.33231463376881539978565532,4.280,0.1811522291558367873600236914,-1.858024188613630496661894341,stop,-1.055739887768917615585473156,-1.060027473952708298732978630,0
ranked_top4,IPGP,2017-12-29,2018-01-02,2018-01-03,214.6753489975,204.4734797155417602322081011,224.3150252337595941683724192,98,10.2018692819582397677918989,0.980,1.930493859329241489083598551,-0.1073672840953858129149254151,target,0.9448931337815834920684076321,0.9439129212613461705349186482,1
ranked_top4,IDMO,2025-04-28,2025-04-29,2025-05-19,46.7265260025,44.72137206814097697193072248,48.60985073701687547049910433,498,2.00515393435902302806927752,4.980,1.213609566727801267381170984,-0.2875210688920471256012117667,target,0.9392419715242001833225477693,0.9342548232416436886239387244,20
ranked_top4,GE,2025-06-25,2025-06-26,2025-07-15,251.8079429825,240.6531435533256054760091734,262.3053355556452085376808495,89,11.1547994291743945239908266,0.890,1.188013742572584350935485901,-0.7591303668224487464274798002,target,0.9410651119096058051986512174,0.9401686368036665731961113623,19
ranked_top4,CTAS,2019-05-09,2019-05-10,2019-05-21,55.0873760025,53.32346359380556875696926634,56.70916019016644516492315683,566,1.76391240869443124303073366,5.660,1.033284866366479296201129882,-0.6334639957133873792907391711,target,0.9194244451553107418251755873,0.9137552294104078807170872204,11
ranked_top4,IEO,2022-10-06,2022-10-07,2022-10-27,95.2174530075,88.04497689417969960232465610,102.1339542980182496466811555,139,7.17247611332030039767534390,1.390,1.037654343480925985362498971,-0.6605041177762706992245731179,target,0.9643115126829534671865268395,0.9629172940279162494682466258,20
ranked_top4,MGK,2020-05-20,2020-05-21,2020-06-08,30.8589550000,29.40331143080500449309564195,32.23381207277200801813709715,686,1.45564356919499550690435805,6.860,1.062789705350431691202325670,-0.5694759469575582269845975022,target,0.9445011827533684732916498348,0.9376313691454052060055929788,18
ranked_top4,KNSL,2022-11-03,2022-11-04,2022-11-11,317.9529040100,292.3629155253647967285629496,291.6320082365513847367415422,39,25.5899884846352032714370504,0.390,0.6657715379680395068775297419,-1.410040064365991370731302794,stop,-1.028562235940522792386592714,-1.028953013763889310187960886,7
ranked_top4,COO,2019-01-14,2019-01-15,2019-01-25,65.0948342575,61.33527945251450791163617579,68.68225308982927835814291465,265,3.75955480498549208836382421,2.650,1.026096158349495456389697163,-0.07775821145427566370076249055,target,0.9542137349805496469393901355,0.9515538455737669229832020294,10
ranked_top4,CNNE,2019-06-07,2019-06-10,2019-06-13,27.0073510025,25.82566878101709650014806322,28.11856064092294624110230694,846,1.18168222148290349985193678,8.460,1.076981589773721255828361286,-0.05699502055254913165105575086,target,0.9403624918960694955198166114,0.9318999798787092687475821559,3
ranked_top4,BLCR,2026-06-09,2026-06-10,2026-06-15,48.6312729950,47.06048593819445043642656770,50.07655490167603568966449872,636,1.57078705680554956357343230,6.360,1.189675581361333394283081318,-0.4655443217664132411700852941,target,0.9201004683698190335262607024,0.9137342330760697820443243062,5
ranked_top4,EIDO,2019-01-14,2019-01-15,2019-01-31,26.6163739975,25.59237868519068812654278037,27.57126838653478859377357658,976,1.02399531230931187345721963,9.760,1.097296041293393446444166768,-0.2698977174775556310019414403,target,0.9325183206955439703869049844,0.9227526509900371912622899258,16
ranked_top4,PHYS,2025-04-28,2025-04-29,2025-05-14,25.3432010025,24.35070443014129464816812384,24.2093250000,1007,0.99249657235870535183187616,10.070,0.8330497258394365567635602204,-1.282826599062392765064417036,stop_gap,-1.142448280506703541129329926,-1.152523882053855109328510770,15
ranked_top4,CDNA,2019-01-14,2019-01-15,2019-01-24,22.2755489975,17.61896501866313688719591875,26.86480264389602095502207105,214,4.65658397883686311280408125,2.140,1.141062209260791973556653354,-0.02481411223874506592016924961,target,0.9855408314878796301582777143,0.9833933345146804411371726849,9
ranked_top4,VST,2024-06-10,2024-06-11,2024-07-11,88.0295229950,76.62761612670038864218261199,91.3809759975,87,11.40190686829961135781738801,0.870,0.6990477204440324291288197861,-0.4998743684572807512014844500,time,0.2939379387335592868712067166,0.2930608924538880585503757229,30
ranked_top4,CVX,2022-05-13,2022-05-16,2022-05-31,169.4225000000,158.1648286728609977322778995,180.2284708988211547620527952,88,11.2576713271390022677221005,0.880,1.024857331923201074883455210,-0.5856005037300553091553512130,target,0.9598762110571723739562103385,0.9589879278847996932073419259,15
ranked_top4,IYW,2019-11-26,2019-11-27,2019-12-02,56.2227062500,55.15882053296089735990062438,55.02092348162849511650087282,939,1.06388571703910264009937562,9.390,0,-1.238579697890208882124700784,stop,-1.129616413796947233026982905,-1.139015919627170212236702672,5
ranked_top4,LLY,2022-07-13,2022-07-14,2022-07-15,318.3338590225,302.5586268927956706497200754,333.2738184243238185269042248,63,15.7752321297043293502799246,0.630,1.077393209669273725628968706,-0.1790052278966323262614004683,target,0.9470516363237714144200383855,0.9464177312301550565141284194,1
ranked_top4,IPGP,2017-10-04,2017-10-05,2017-10-12,190.4449260025,184.3442350958773693386915401,196.0542528668498240846551888,163,6.1006909066226306613084599,1.630,1.305602614427404623008942009,-0.2335673162777628890752942339,target,0.9194576401601654207978569315,0.9178184815545156151406852209,7
ranked_top4,PWB,2026-08-06,2026-08-07,2026-09-01,161.1618949875,152.1112235960591342892071840,151.7309455370689864534841660,110,9.0506713914408657107928160,1.100,0.3798735876933272652004700493,-1.035492460411602063480556342,stop,-1.042016557948372006697026863,-1.043121448355668962077697457,25
ranked_top4,MOH,2018-09-18,2018-09-19,2018-10-05,149.1419290100,142.1079977477089169481406404,141.7527277533396446557702888,142,7.0339312622910830518593596,1.420,0.6991920743334208939227407016,-1.038101274765887286090748540,stop,-1.050508027605256154627405976,-1.051929707690987162020050829,16
ranked_top4,MKTX,2019-09-03,2019-09-04,2019-09-09,405.4811760025,384.7536779745807360296289362,383.7917937796442841895548639,48,20.7274980279192639703710638,0.480,0.7704179238608778838730518561,-1.785124521669746983428484891,stop,-1.046406189190843255379686400,-1.046888640087064802528099997,5
ranked_top4,ALRM,2017-10-04,2017-10-05,2017-11-02,47.4583500000,45.19607240866201775162087473,45.08308222764036270724182254,442,2.26227759133798224837912527,4.420,0.8980560156627007886301082352,-1.289563230953716554660958796,stop,-1.049945321234795545659497417,-1.054365645265006924323905043,28
ranked_top4,EWBC,2023-02-01,2023-02-02,2023-02-14,81.1222979950,76.70629576748345718690742368,76.51453002806474854394015512,226,4.41600222751654281309257632,2.260,0,-1.003689709978389305222533512,stop,-1.043425190826172487059036867,-1.045689682437541933302941283,12
ranked_top4,IUSG,2020-06-18,2020-06-19,2020-06-29,72.4306250000,69.47260329214717087880548813,69.29892178391680295160847441,338,2.95802170785282912119451187,3.380,0.2668594344336278743371319957,-1.054970959717940313119554190,stop,-1.058715427195576594536887146,-1.062096064995986384983228712,10
ranked_top4,CTAS,2019-09-03,2019-09-04,2019-09-10,65.7013417450,63.17122226705119192812036936,63.01329421138356394830006844,395,2.53011947794880807187963064,3.950,0.7346120494304997430760870045,-1.565672996680574078211999459,stop,-1.062419208675339615508915995,-1.066371591196068278932891005,6
ranked_top4,IYE,2022-07-13,2022-07-14,2022-07-20,35.6489010025,32.44007114837297560482357613,38.76058652948545683418848281,311,3.20882985412702439517642387,3.110,1.156527508844690770158892615,-0.2209222784399890718544040575,target,0.9697259338893815913585336876,0.9666095330658419643583348264,6
ranked_top4,THC,2025-09-19,2025-09-22,2025-09-26,190.6153489975,180.0647227375144657533275934,200.6630603193418204110557256,94,10.5506262599855342466724066,0.940,1.093266382323338493634409132,-0.06685337724217397162017393222,target,0.9523331671740589764514842463,0.9513853561386206203210833366,4
ranked_top4,COST,2021-11-19,2021-11-22,2021-11-26,534.6533070175,518.1822223553337906878290132,549.7465807004670437888905593,60,16.4710846621662093121709868,0.600,1.207976365284693421558664708,-0.1416603742472132966463703133,target,0.9163497117852855787589688601,0.9157425872270001233111189340,4
ranked_top4,CLM,2022-02-16,2022-02-17,2022-02-22,13.8633118500,13.31241688541075301222347988,13.2345477075,1815,0.55089496458924698777652012,18.150,0.02657702636820540488454676974,-1.456335420669880620251997016,stop_gap,-1.141350317058739283874378800,-1.159502597698037019970619034,5
ranked_top4,SETM,2026-03-13,2026-03-16,2026-03-19,33.5436489975,30.15810653897457537477750090,30.08271127262713893634055715,295,3.38554245852542462522249910,2.950,0.1318409111591556766307752000,-1.173711169237772781399211158,stop,-1.022269774274304892098056048,-1.025223510676227172807499135,3
ranked_top4,CACC,2021-08-26,2021-08-27,2021-09-01,576.8685679825,542.2361817565452316038330559,609.9722018229336314751765267,28,34.6323862259547683961669441,0.280,1.099301496844819900161342415,-0.1027526650714318488392830875,target,0.9558577230125877279197503873,0.9555689759440272128285194027,5
ranked_top4,FICO,2024-11-29,2024-12-02,2024-12-09,2382.6115968050,2273.285518905122759749311334,2267.602305107859952849938056,9,109.326077899877240250688666,0.090,0.1590508278447947965739104517,-1.609054757878564005072621212,stop,-1.051984063696747584960247395,-1.052075533181358184246833532,7
ranked_top4,HLT,2023-05-26,2023-05-30,2023-06-06,138.5054040100,132.2158071078558853112460078,144.4330134098637544020321072,158,6.2895969021441146887539922,1.580,1.139118150410815682238378530,-0.6479606043768398178938468088,target,0.9424466292653891286510743338,0.9408567022548694220316091064,7
ranked_top4,TYL,2018-07-23,2018-07-24,2018-07-27,242.1438429825,234.6084850385141320997596654,234.0219638259178467695102662,132,7.5353579439858679002403346,1.320,0.8103340362714230369199353420,-1.704476426730457627601260615,stop,-1.077835879457378742227772288,-1.079162956428948648367874155,3
ranked_top4,CHAT,2025-10-17,2025-10-20,2025-10-27,63.6988510025,60.71665168718345230923199873,66.51434769202200632154108127,335,2.98219931531654769076800127,3.350,1.053298141867013642413693008,-0.7909769780929676271936301376,target,0.9441007765851335797992363738,0.9407475466555845741824917014,7
ranked_top4,AVAV,2018-11-13,2018-11-14,2018-11-20,95.9492739975,88.09052025664264313986946999,87.87029395600103653201979632,127,7.85875374085735686013053001,1.270,0.6146935203460120501820891825,-1.299096056976867566737415125,stop,-1.028023056568964438381606050,-1.029295522958642789877007882,6
ranked_top4,HQY,2018-09-18,2018-09-19,2018-10-08,93.1121969925,86.93906655119509745370457049,86.72171888481710971007030906,161,6.17313044130490254629542951,1.610,0.4532233741214429392598940508,-1.127822432831712792323369723,stop,-1.035208662516459618220035025,-1.036828586167042021514197530,19
ranked_top4,LLY,2022-08-10,2022-08-11,2022-08-17,301.7825739975,286.6781404769510818786969679,316.0947899992537958259997745,66,15.1044335205489181213030321,0.660,1.245821763318677962455667161,-0.1425123950905887640216829900,target,0.9475506633388570865145803372,0.9468886060702812448985130084,6
ranked_top4,IVW,2020-06-18,2020-06-19,2020-06-29,52.3781197525,50.25351703496729916283258255,50.12788324237988091492550109,470,2.12460271753270083716741745,4.700,0.2268100494852083429587585040,-1.124030263537137393961194887,stop,-1.059132840013175100598337474,-1.063839602325713696385025740,10
ranked_top4,FRDM,2026-04-13,2026-04-14,2026-05-05,61.2427250000,57.52822856114974872873860693,64.79482838525312564308323959,269,3.71449643885025127126139307,2.690,1.049206551724767273980687571,-0.08688310927547792842637324386,target,0.9562812735802780367447869312,0.9535891186234421374110970557,21
ranked_top4,FDIS,2020-08-14,2020-08-17,2020-08-24,60.8517510025,58.90138209606268876266300018,62.64511460916496795924365732,512,1.95036890643731123733699982,5.120,1.229638654299929245596112148,-0.07780579458539350385740466985,target,0.9194996909281430123829518182,0.9143724557845789453011470143,7
ranked_top4,SPOT,2024-02-14,2024-02-15,2024-03-01,244.7804229950,230.0607205843722469117206209,258.8513750921136837055586807,67,14.7197024106277530882793791,0.670,1.293476150119261572228137986,-0.3478615838933681823270761222,target,0.9559263974626507382891934755,0.9552470359021357707394977183,15
ranked_top4,FCN,2022-04-14,2022-04-18,2022-04-22,162.7258070175,155.7195318376024915264397915,169.3077519919040147023763080,142,7.0062751798975084735602085,1.420,1.082485455932512429054691633,-0.3448064706952232129580543628,target,0.9394356923474848300887068605,0.9380084004208570944466941145,4
ranked_top4,CHAT,2025-11-14,2025-11-17,2025-11-20,60.4507489975,57.02441852837852384216976791,56.88185748205757753256434349,291,3.42633046912147615783023209,2.910,0.2245119113385577973633197375,-1.022302731469482954897581338,stop,-1.041607500387287362479295297,-1.044526074672552974087024842,3
ranked_top4,BMA,2024-07-10,2024-07-11,2024-07-30,56.3405010025,50.12495164298655353834200971,49.99963926387908715449615469,160,6.21554935951344646165799029,1.600,0.07875426115807053367620105545,-1.016885336583469616047388711,stop,-1.020161110765802983443101745,-1.021769979012451868641261143,19
ranked_top4,FDN,2018-06-22,2018-06-25,2018-06-25,141.3625199875,137.1558606735853578240242966,136.8129710219013944294642359,237,4.2066593139146421759757034,2.370,0,-1.174928041154009483207233514,stop,-1.081511153173199661024091233,-1.083888336409056756911633268,0
ranked_top4,DAC,2021-06-02,2021-06-03,2021-06-10,64.4808000000,57.15066460431183944707652156,71.63140805719894015154116974,136,7.33013539568816055292347844,1.360,1.096732402068443924531831238,-0.5730864129018758100612836326,target,0.9755083189057019877081777865,0.9741440876248060923537887458,7
ranked_top4,VEEV,2018-10-16,2018-10-17,2018-10-23,95.9994020050,88.45086140188209432745696425,88.22973424837738909163832184,132,7.54854060311790567254303575,1.320,0.05174470345150755307383355658,-1.151136949758323294237118663,stop,-1.029294027167763954576947149,-1.030618786551832118057668078,6
ranked_top4,ISRG,2021-08-26,2021-08-27,2021-09-08,349.3846193400,336.6086726049618827843569799,361.2551646598505219226039125,78,12.7759467350381172156430201,0.780,1.013784021537825969641191883,-0.3690220723189273617531550618,target,0.9291323426776251337225980549,0.9283496218188589543988050210,12
ranked_top4,CTRN,2021-02-05,2021-02-08,2021-02-18,63.8592510025,57.70748461480156680031965198,69.83598984672293711668114715,162,6.15176638769843319968034802,1.620,1.648428818392430704947846925,-0.02588687418599788055192137056,target,0.9715484086285371247466988260,0.9699228592546212354485544590,10
ranked_top4,PAYC,2020-03-24,2020-03-25,2020-04-23,203.4272979950,159.8509999609225208181015960,211.1408230050,22,43.5762980340774791818984040,0.220,0.6859855094075073353886485953,-0.9180977228426688279688334748,time,0.1770119390125310629497026748,0.1767824564623571171690436935,29
ranked_top4,LLY,2018-12-13,2018-12-14,2018-12-17,114.5757260025,109.4793066131975842197058440,109.2056083466645902591565794,196,5.0964193893024157802941560,1.960,0.0008390199419175522506400710953,-1.345204246120410678049573704,stop,-1.053704031325894677858683259,-1.055666193235291379448522990,3
ranked_top4,MET,2022-12-02,2022-12-05,2022-12-08,76.5809739975,73.94947677024926008229287099,73.76460307832363693208713881,380,2.63149722725073991770712901,3.800,0.02243019748938380854594655141,-1.193606424879852333300948358,stop,-1.070254184580224762572210444,-1.074054302587739257560321042,3
ranked_top4,FENY,2022-07-13,2022-07-14,2022-07-20,18.0851010025,16.38668830568111627055139078,19.73405491507058652012498770,588,1.69841269681888372944860922,5.880,1.133351747255142218055235017,-0.2031903100738542530883806566,target,0.9708794073778810059993410082,0.9649915569050660435713955647,6
ranked_top4,GRBK,2020-09-14,2020-09-15,2020-09-21,17.8444989975,16.24561097343392748454094427,16.20499694600034266582959191,625,1.59888802406607251545905573,6.250,0.5976028265382234659887463327,-1.272446204410326034494259209,stop,-1.025401420751342423555533060,-1.031655767428209370669839806,6
ranked_top4,ARWR,2019-12-26,2019-12-27,2020-01-06,67.3178770050,59.34106027609943012353548483,59.19270762540918154822664612,125,7.97681672890056987646451517,1.250,0,-1.077231594636917384106428304,stop,-1.018597976577894343950332070,-1.019851609491857290393689360,10
ranked_top4,BELFB,2025-12-15,2025-12-16,2026-01-12,172.7207179825,157.1015293755886581595860777,187.8690568229378134858128875,64,15.6191886069113418404139223,0.640,1.201040495099674932805802999,-0.6748573980235970662859299722,target,0.9698544029191643266160448685,0.9692141647959384443527933142,27
ranked_top4,LOB,2021-04-06,2021-04-07,2021-04-22,69.5334010025,62.65009488860631948551177794,62.49346965138480368679799850,145,6.88330611389368051448822206,1.450,0.4513235276910691357440151084,-1.084275619739680173410879482,stop,-1.022754361731112606848997130,-1.024207151979655439548560200,15
ranked_top4,NRG,2024-01-17,2024-01-18,2024-01-22,51.1776239975,49.39082665358729890588002593,52.83201028805916934138467413,559,1.78679734391270109411997407,5.590,1.064685935974251099690689634,-0.4184156642313249541580127675,target,0.9258947558856450485822664406,0.9202981502974018093173575749,4
ranked_top4,LRN,2020-08-14,2020-08-17,2020-08-26,46.3856750000,39.64772064173109356089394113,39.54860134012676582699170628,148,6.73795435826890643910605887,1.480,0.06742773486472884296147057854,-1.302424079087205027737985710,stop,-1.014710592612235079913810663,-1.016194722582294593322966456,9
ranked_top4,PHYS,2025-03-28,2025-03-31,2025-04-03,24.2304250000,23.74640868613314371923755072,23.6507240025,2066,0.48401631386685628076244928,20.660,0.1024262996507952797707697226,-1.157863865212944664061917496,stop_gap,-1.197688963970468076315289244,-1.218349424606823425631645893,3
ranked_top4,HFXI,2025-05-27,2025-05-28,2025-06-11,29.2128489975,28.42800683293902541175115064,29.92269693415582215177822724,1274,0.78484216456097458824884936,12.740,1.104873109085655931405143189,-0.2457169176274773297069568115,target,0.9044467393681597801722582208,0.8917053240218094663881818057,14
ranked_top4,NET,2021-11-19,2021-11-22,2021-11-22,210.2543209900,190.3850892079057492166504226,189.9091264848859848436087965,50,19.8692317820942507833495774,0.500,0.1130229409283835742452776243,-1.236803126537880876408943702,stop,-1.023954762229342572673832513,-1.024458052950879768562951491,0
ranked_top4,TQQQ,2020-10-12,2020-10-13,2020-10-19,19.6991250000,17.31170088208236664170024595,17.26842162987716072509599534,418,2.38742411791763335829975405,4.180,0.03858761386743196675936663664,-1.111710726251265875443191039,stop,-1.018128011642504090697112842,-1.022316626444939039599079370,6
ranked_top4,NET,2025-10-17,2025-10-20,2025-10-30,212.9410290100,195.3692828553670707606577093,229.9364932267213469162439350,56,17.5717461546329292393422907,0.560,1.035126266333202932953461129,-0.3785074033889569923892722464,target,0.9672040596967284863527575584,0.9666349642914113875021842441,10
ranked_top4,PWB,2026-05-11,2026-05-12,2026-05-19,154.1644489975,149.4632735881585613781287822,149.0896154041881649746834602,212,4.7011754093414386218712178,2.120,0.4925463955033262698477006541,-1.215536860450928298798554414,stop,-1.079481863881939280640382702,-1.081608991489245650876102850,7
ranked_top4,SVIX,2023-06-27,2023-06-28,2023-07-06,27.4985750000,25.73668521827186937461756420,25.67234350522618970118102029,567,1.76188978172813062538243580,5.670,0.4435158249419817396727315021,-2.178669199292917763632455697,stop,-1.036518580057017412771718252,-1.042194303989187339798368651,8
ranked_top4,BR,2018-03-28,2018-03-29,2018-04-17,108.0394219925,104.1419449400650195848450584,111.6570567973226429641170542,256,3.8974770524349804151549416,2.560,1.118821214040424498651426665,-0.5540571409268161599480005154,target,0.9281991288601676984803971899,0.9256333664796676211666536771,19
ranked_top4,HWM,2025-05-27,2025-05-28,2025-06-26,170.1743750000,161.0051519628112192570405958,176.4078809850,109,9.1692230371887807429594042,1.090,0.9974271498148644021919944643,-0.5086995900396448512575506142,time,0.6798292461332851456331552168,0.6787386411867764030966175621,29
ranked_top4,IRM,2024-10-31,2024-11-01,2024-11-06,125.1921969925,120.2077174366965783265621858,119.9071981431048368807457803,200,4.9844795558034216734378142,2.000,0.1379883295336612500903672216,-2.624586147066932970024345819,stop,-1.060291007361409940378188581,-1.062297234869827948793089147,5
ranked_top4,GE,2023-03-02,2023-03-03,2023-03-09,68.7268546650,65.60085832043925661339539612,71.67321888203684152813809237,319,3.12599634456074338660460388,3.190,2.253135819322176721711848471,-0.2463063228911714166610930214,target,0.9425360404414857744389095021,0.9393370603731309046410227317,6
ranked_top4,ARKK,2020-09-14,2020-09-15,2020-10-07,91.2275000000,83.97132412137954867156881224,98.23746668892390020011010979,137,7.25617587862045132843118776,1.370,1.211726003762692008892734742,-0.8210251652737838785790309515,target,0.9660690157163940501653677110,0.9646908793306066088857258359,22
ranked_top4,HLI,2021-10-22,2021-10-25,2021-10-27,103.9091270050,100.0654595964642059288991811,99.81529594747304541407693315,260,3.8436674085357940711008189,2.600,0.2421825033385510993689103398,-1.071665564989437802074198066,stop,-1.065084624240799702156280540,-1.067686306159946134779368500,2
ranked_top4,FDN,2018-04-26,2018-04-27,2018-05-10,126.0142469925,120.4404916065443401401003490,131.2590323725095207102499019,179,5.5737553859556598598996510,1.790,1.276654161291284020545524005,-0.6412633395261873995551423752,target,0.9409787507404695854173579087,0.9391846282310395399626460004,13
ranked_top4,JEF,2024-12-30,2024-12-31,2025-01-10,79.1975000000,75.07130564147574952737642476,74.4733539900,242,4.12619435852425047262357524,2.420,0.8439980518139067317398485600,-2.195122239282846241677073962,stop_gap,-1.144916016920155276169690146,-1.147339557628881497940658842,10
ranked_top4,HQY,2018-08-20,2018-08-21,2018-08-28,87.1172520050,82.23181849133914090875964317,91.77267880486420694351225594,204,4.88543351366085909124035683,2.040,1.123082318008776643018170255,-0.1775179219152103252549652456,target,0.9529198968416011613953696682,0.9508729955846221092079381125,7
ranked_top4,TQQQ,2021-11-19,2021-11-22,2021-11-23,44.9345542450,42.22622457977192520003908889,42.12065901832249538703899117,369,2.70832966522807479996091111,3.690,0.3343188854093027434631442893,-1.564453655475943526054908102,stop,-1.038978106249314331242769966,-1.042670418942406616417414627,1
ranked_top4,OWL,2024-10-31,2024-11-01,2024-11-04,22.4159010025,20.99996276660668306480626961,20.94746285969016635714425394,706,1.41593823589331693519373039,7.060,0,-1.041642188276301044162794340,stop,-1.037077822736663694014338730,-1.044140277684559771833723047,3
ranked_top4,BFH,2026-08-06,2026-08-07,2026-08-20,109.7937969925,102.6291039293274204545653563,102.3725311695041019034289429,139,7.1646930631725795454346437,1.390,0.6610474399586874156232357224,-1.085015076564592337414517310,stop,-1.035810711995763600618391707,-1.037206445199102240974354682,13
ranked_top4,SPXL,2024-10-31,2024-11-01,2024-11-06,159.8085290100,150.3432540171690842860071293,168.8506194928238384247078885,105,9.4652749928309157139928707,1.050,1.793024503023350487867541565,-0.3474304774547763669202417747,target,0.9552908383192668952850415867,0.9542343449783365905861570197,5
ranked_top4,CTRN,2021-04-06,2021-04-07,2021-04-15,89.4931719925,78.62266971785978918153990436,100.1127650814723602914139454,91,10.87050227464021081846009564,0.910,1.348312123690265095450049089,-0.3379026929665560217494703379,target,0.9769183447711338566561745884,0.9759984240768225188193322797,8
ranked_top4,UCO,2022-05-13,2022-05-16,2022-05-31,43.5736625000,37.86890663540867285966845189,49.15522231867984882248071924,175,5.70475586459132714033154811,1.750,1.224651618023356355992843466,-0.5067988128896230899690181473,target,0.9784046769334793014347708698,0.9766517535416004848615503718,15
ranked_top4,ITA,2025-07-24,2025-07-25,2025-08-01,197.7631790100,191.8463089603673443314232743,191.3666931879664259705947161,169,5.9168700496326556685767257,1.690,0.3594501775701567055980021807,-1.110921307188095274266312607,stop,-1.081059034316749095680318456,-1.082749117065925045947731553,7
ranked_top4,PAVE,2022-08-10,2022-08-11,2022-08-30,27.1276489975,26.11553614262325667980818996,26.05024730226669853810866949,988,1.01211285487674332019181004,9.880,0.6741837130238778026864214996,-1.450084336374457550727757667,stop,-1.064507470725198049543528813,-1.074387791829525704362969097,19
ranked_top4,ETN,2024-04-12,2024-04-15,2024-04-16,324.8100000000,311.6782459772360132572597780,310.8990503622929232241166286,76,13.1317540227639867427402220,0.760,0.0007620459523269165751864696714,-1.027280360004840442775002455,stop,-1.059336750718323616664913860,-1.060098263611625222116284370,1
ranked_top4,SGI,2017-11-30,2017-12-01,2017-12-06,14.4460250000,13.55674692592171033300462117,15.29696481639309394282789038,1124,0.88927807407828966699537883,11.240,1.002470460012170413090543542,-0.6252543677930026685422131558,target,0.9568883358279892478988016477,0.9456432592973835616699052284,5
ranked_top4,GNRC,2019-11-26,2019-11-27,2019-12-27,98.5758270050,93.47518915724655958716394609,101.4557240025,196,5.10063784775344041283605391,1.960,0.8320867157564092476462179168,-0.5755805631825196200516201843,time,0.5646150704011345168265406488,0.5626545312884812889680795732,30
ranked_top4,TPL,2022-08-10,2022-08-11,2022-08-16,196.3942101225,179.8220061093132378065689071,179.3724510940399547120524848,60,16.5722040131867621934310929,0.600,0.1329677015650173350542270082,-1.051277253685572350924779013,stop,-1.027127050506713840263805132,-1.027730470546199405577661578,5
ranked_top4,NEE,2020-01-27,2020-01-28,2020-02-13,66.8517104950,65.10554534046113064739306621,68.42638096041502217922541646,572,1.74616515453886935260693379,5.720,1.211677199891634243278349575,-0.7440375795055299512732259269,target,0.9017878184786387973545675548,0.8960609833198872649405167961,16
ranked_top4,IPGP,2018-01-30,2018-01-31,2018-02-05,254.6049260025,241.2618064127793619045062397,240.5271799875,74,13.3431195897206380954937603,0.740,0.05658909016162155494866743597,-1.732347585365826127675033665,stop_gap,-1.055056572066198697191938906,-1.055806021993013702809293723,5
ranked_top4,VICR,2021-10-22,2021-10-25,2021-10-26,143.9289320175,134.5108756813731825046585551,152.9636208827427504516030913,106,9.4180563361268174953414449,1.060,1.383626782153974568983709032,-0.3078058692832356010028971939,target,0.9592944173190487418107602554,0.9582326271106337741786117931,1
ranked_top4,XLE,2022-07-13,2022-07-14,2022-07-20,33.2729739975,30.24908580116681888914589078,36.20612003834859815807697395,330,3.02388819633318111085410922,3.300,1.125049863492094082937264839,-0.1762538701484701122037108569,target,0.9699915639756064880887106149,0.9666845634019324441310126149,6
ranked_top4,NSP,2018-05-24,2018-05-25,2018-06-04,90.7262500000,85.62463135240766429909439911,95.58829897597335486165333689,196,5.10161864759233570090560089,1.960,1.092545990796564924969373654,-0.2207636591048460238328836991,target,0.9530404586920577353696859928,0.9510802964982960725816697788,10
ranked_top4,NULG,2023-08-23,2023-08-24,2023-08-24,62.9369489975,61.34399227851722738371408040,61.19063229782093431525479520,627,1.59295671898277261628591960,6.270,0,-1.121780005825334250404788543,stop,-1.096273790033809207330890728,-1.102551424498596035740471402,0
ranked_top4,CGAU,2025-12-15,2025-12-16,2025-12-22,14.2154500000,13.21110252559447694297017491,15.18174798071950924938725053,995,1.00434747440552305702982509,9.950,1.249119485009481138838842177,-0.5829157885287957695852697402,target,0.9621152094711688879376935601,0.9521584960280260786527799084,6
ranked_top4,DBO,2022-03-17,2022-03-18,2022-04-13,17.0425000000,15.51760751744380431617658945,18.52097400134980519461385202,655,1.52489248255619568382341055,6.550,1.073846201441716713551186946,-0.3688784661441011611435375006,target,0.9695595055143962487164944960,0.9630016661162788947406093850,26
ranked_top4,EG,2023-02-01,2023-02-02,2023-02-02,356.0880120300,340.6070403028085337566657634,339.7555227020515124222740990,64,15.4809717271914662433342366,0.640,0,-1.103807456736443539975619210,stop,-1.055004144168894644060338667,-1.055650098452399700522998250,0
ranked_top4,ALB,2026-01-14,2026-01-15,2026-01-16,177.9938780075,164.3844443385926794597504295,163.9734832277461977611010534,73,13.6094336689073205402495705,0.730,0.08127656296434333780108356597,-1.192840451883652279891870575,stop,-1.030196782676224109392366346,-1.030931567109087500089000249,1
ranked_top4,CTAS,2019-06-07,2019-06-10,2019-07-09,58.5309604950,56.88316502101304732522755104,59.4559875000,606,1.64779547398695267477244896,6.060,0.9173101448948199039627746202,-0.6211089368534725143327258088,time,0.5613724637571885994319897305,0.5553037494307653551783585651,29
ranked_top4,INVH,2019-10-01,2019-10-02,2019-10-18,29.7241250000,28.81655540685186042191254892,30.55511535666526922914223245,1101,0.90756959314813957808745108,11.010,1.273592690551203290662122371,-0.2855152948669842497476562838,target,0.9156216371052764282437959083,0.9046031983260392164831531187,16
ranked_top4,UDOW,2018-01-30,2018-01-31,2018-02-02,28.2354135025,26.97823615247511568949524780,26.91079056209392790027150968,795,1.25717735002488431050475220,7.950,0.02154628183482929885158940047,-2.126122859632408186951232837,stop,-1.053648429459735959327432804,-1.061602756667271206484018384,2
ranked_top4,ADM,2023-01-03,2023-01-04,2023-01-05,89.6335290100,85.37048326478442707815224278,85.15705705662246601045686217,234,4.26304574521557292184775722,2.340,0,-1.427037468886548240229099128,stop,-1.050064254741223418427259838,-1.052409995462214513918982901,1
ranked_top4,DOCU,2020-07-17,2020-07-20,2020-08-03,198.3947439850,177.4414320359329748484432694,218.7996857942318575886778388,47,20.9533119490670251515567306,0.470,1.380939590139036798181171470,-0.5547924840358045370345746080,target,0.9738289516631959229369215275,0.9733517001420851868527590613,14
ranked_top4,CLM,2022-01-19,2022-01-20,2022-01-24,14.0310531575,13.55493559346309626397511792,13.4505413700,2100,0.47611756403690373602488208,21.000,0.1332335693775900767358303193,-3.401756792518711755208509598,stop_gap,-1.219261441602697727013021652,-1.240264657521077295266198969,4
ranked_top4,ARLP,2022-01-19,2022-01-20,2022-01-21,14.5563000000,13.54559864163863587603076180,13.5061500000,989,1.01070135836136412396923820,9.890,0.06302554109878303987907677118,-1.262786469456464580811078227,stop_gap,-1.039030957376562155871467367,-1.048925076858317735130349120,1
ranked_top4,UDOW,2018-02-28,2018-03-01,2018-03-22,23.9021072525,21.30306476912624827243477852,21.24980710720343265175369157,384,2.59904248337375172756522148,3.840,0.4522402981171179291200975706,-1.224338683517548836430615269,stop,-1.020491262556694797935909589,-1.024338833369396270719732223,21
ranked_top4,FRDM,2026-06-09,2026-06-10,2026-06-15,67.8090989975,63.29903866714288890312399264,72.13836142953746831913381734,221,4.51006033035711109687600736,2.210,1.459160082228637891085072476,-0.1550085689085770433434263796,target,0.9599123104623021708092854040,0.9576950452224803811131501868,5
ranked_top4,AMRC,2021-08-26,2021-08-27,2021-09-07,67.9594760025,62.77860137297414028055404403,72.95749975544579507014734108,193,5.18087462952585971944595597,1.930,1.528799973726611031399103841,-0.07517572424554960500648870936,target,0.9647065621819922923308874255,0.9627763861566914882073653681,11
ranked_top4,FIZZ,2017-09-06,2017-09-07,2017-09-08,60.5810750000,57.31866264813888834743210612,57.17536599151854112656352585,306,3.26241235186111165256789388,3.060,0.2755399695219978406391232200,-1.444046764141408347845257461,stop,-1.043923526876852533118994277,-1.046988743324520557043561101,1
ranked_top4,COST,2023-12-15,2023-12-18,2024-01-03,666.1612500000,645.0768190347015739215001688,643.4641269871148199866964184,47,21.0844309652984260784998312,0.470,0.7469361172668050130436222244,-1.093758424780594687605626569,stop,-1.076487340362231498229317653,-1.076961623970665531269992520,16
ranked_top4,SVIX,2023-08-23,2023-08-24,2023-08-31,28.0700000000,25.07074598541910753001835519,30.99158087954444023880669070,333,2.99925401458089246998164481,3.330,1.036924510188438597549254021,-0.6301566959022986975460096781,target,0.9741025152725165020633379747,0.9707683528603350274731474473,7
ranked_top4,UCO,2022-02-16,2022-02-17,2022-02-22,28.9346552475,26.12910669070382663970190113,31.66085329478543292689735362,356,2.80554855679617336029809887,3.560,1.091709407445668194881506088,-0.2137393936909022752615072053,target,0.9717165795193523189637699091,0.9681522141920169729702053677,5
ranked_top4,AIS,2026-07-09,2026-07-10,2026-07-17,75.9494020050,66.45279118652210011030990415,64.2789019950,105,9.49661081847789988969009585,1.050,0.1201053740962728430689496444,-1.362107203533193068635383779,stop_gap,-1.228912106968970984279910447,-1.229965114214518273375264221,7
ranked_top4,FEZ,2023-04-28,2023-05-01,2023-05-02,46.5661260025,45.45961105566665316416868560,45.34596202802748653125826389,903,1.10651494683334683583131440,9.030,0,-1.044835413935104419125197349,stop,-1.102708985508429295834859723,-1.111746369078003533649177867,1
ranked_top4,ITRI,2021-01-07,2021-01-08,2021-01-15,104.8414520050,97.50014707156421674267836121,97.25639670388530620082166531,136,7.34130493343578325732163879,1.360,0.1278447092866844434829459343,-1.178462151271934630192870439,stop,-1.033202594074080181959874612,-1.034564749724972063441876970,7
ranked_top4,JEF,2024-08-07,2024-08-08,2024-08-15,54.6964010025,51.31522621933357849412729667,57.93238184620225545210802157,295,3.38117478316642150587270333,2.950,1.033249749434217586484515111,-0.07878947986549198634368786626,target,0.9570581384354836516896684222,0.9541005865071461452891927759,7
ranked_top4,IRM,2024-11-29,2024-12-02,2024-12-05,123.3075000000,117.7946053522846767750523075,117.5001188389039650831146767,181,5.5128946477153232249476925,1.810,0,-1.075207015330231368796116928,stop,-1.053417765475121861814252646,-1.055231694570274123008884040,3
ranked_top4,ANET,2018-02-28,2018-03-01,2018-03-12,16.9572885025,15.23487790795125621709160370,18.63299984930612192345112531,580,1.72241059454874378290839630,5.800,1.088350538154420111841668460,-0.6207367197367427387186117166,target,0.9728872732840704304015618138,0.9670814566967543782552848536,11
ranked_top4,HUBS,2023-05-26,2023-05-30,2023-06-28,511.2750000000,482.9735619081132208632283772,523.3682930175,35,28.3014380918867791367716228,0.350,0.8425365143135848218949937612,-0.6881280003076216274913400585,time,0.4273031277858210551948830004,0.4269497888506216203357458969,29
ranked_top4,FCNCA,2022-10-06,2022-10-07,2022-10-27,840.0950000000,790.8019178164628983015356884,788.8249130219217410557818492,20,49.2930821835371016984643116,0.200,0.9186888503215625886262520424,-1.147118611683910831689705792,stop,-1.040107144998156294941999631,-1.040310013221384174145861097,20
ranked_top4,CNM,2024-04-12,2024-04-15,2024-04-17,57.3530239975,54.27027432410739996961524686,54.13459863829713146969120874,324,3.08274967339260003038475314,3.240,0.002263240041907694621553869230,-1.016307948887745277651159145,stop,-1.044011256243506762148172064,-1.047255113533091644225473698,2
ranked_top4,ALRM,2018-11-13,2018-11-14,2018-12-13,48.1400500000,42.82217514077410794476880198,53.32428004707782732509312002,188,5.31787485922589205523119802,1.880,1.056803356372714621236208241,-0.8687774952027599162558699624,target,0.9748687557180465457589455772,0.9729883053004043992101942217,29
ranked_top4,CMPR,2019-10-01,2019-10-02,2019-10-28,128.4402949875,120.1006268746782923938278743,136.4380131925709033371566954,119,8.3396681128217076061721257,1.190,1.238623512681365759180475810,-0.6067745045777199118301273047,target,0.9589971803284260072462708707,0.9577980918437624943115395199,26
ranked_top4,TSLA,2020-02-25,2020-02-26,2020-02-27,52.2970846700,44.65596274397990283218162301,44.54432283711995307510116895,130,7.64112192602009716781837699,1.300,0.2517410857494201849689099530,-1.007324152725443061783067844,stop,-1.014610407730805279819375199,-1.015919116071912530287405940,1
ranked_top4,MGK,2020-03-24,2020-03-25,2020-04-14,24.6815510025,21.62303478991610848465786480,27.67071704704618178655377986,326,3.05851621258389151534213520,3.260,1.168033369514797662907998556,-0.2215293153301915250332335883,target,0.9773255516016632738536867175,0.9740559923432044757644132301,20
ranked_top4,FEZ,2023-03-30,2023-03-31,2023-04-24,44.9220260025,43.30519758495285962854295152,46.42250728399702252052840586,618,1.61682841754714037145704848,6.180,1.087297809972309184350088920,-0.1187670877230862843662641465,target,0.9280398991090063364484657857,0.9218549509156966160960742316,24
ranked_top4,FEZ,2023-03-02,2023-03-03,2023-03-13,43.6388239975,42.34882093561468039292962106,41.7254269950,775,1.29000306188531960707037894,7.750,0.4660283531586255371668066525,-1.495209627395032669761069640,stop_gap,-1.483249969735420433709099646,-1.491001889320312855603175963,10
ranked_top4,IWF,2023-06-27,2023-06-28,2023-07-12,67.4632354950,65.72714218231717202240118042,69.02633048566362090765482253,576,1.73609331268282797759881958,5.760,1.137188013211755410983921429,-0.09690579058796006409314967977,target,0.9003519449355700357466174454,0.8945918858840512251453808020,14
ranked_top4,BOTZ,2018-01-30,2018-01-31,2018-02-02,26.6665000000,26.02765579820919425883177644,25.96258665871367127318469700,1565,0.63884420179080574116822356,15.650,0.1463580631050593248325626194,-1.145038176678224611490314317,stop,-1.101854472989065895338169279,-1.117507741770355662699940682,2
ranked_top4,UI,2025-02-28,2025-03-03,2025-03-07,343.8575000000,304.9073514501728041057386626,304.1450830715473720954743159,25,38.9501485498271958942613374,0.250,0.04935793755807201547273244951,-1.026375931502766039514758726,stop,-1.019570358702234367950796202,-1.019827097132569426723116669,4
ranked_top4,GNRC,2019-10-29,2019-10-30,2019-10-31,91.3377760025,85.94845914658315456815125100,96.48527512627080331826912713,185,5.38931685591684543184874900,1.850,1.304845713381915854791278253,-0.3651247560884480664526483268,target,0.9551301698135350375970179679,0.9532746470696790776845247161,1
ranked_top4,CTAS,2019-08-05,2019-08-06,2019-08-08,63.1575000000,60.59659707742490910876568390,65.55410691526865316400623031,390,2.56090292257509089123431610,3.900,1.155842329635674336789042827,-0.06443040013171833296290272516,target,0.9358445000557727179681131991,0.9319396273205170614249069734,2
ranked_top4,ICHR,2026-05-11,2026-05-12,2026-05-19,73.7639520050,63.93675854312009946663912558,63.7402519950,101,9.82719346187990053336087442,1.010,0.2667139916566376647712681789,-1.179782818967942211384141153,stop_gap,-1.019996202260834355788065574,-1.021013786786751182738065313,7
ranked_top4,VITL,2024-04-12,2024-04-15,2024-04-24,25.1928239975,23.50392831282988587481801928,26.81451538296468883986902577,592,1.68889568467011412518198072,5.920,1.289112774851609675035085179,-0.3983810270860039965293460161,target,0.9602081408488221357616431675,0.9542871120423844760149819166,9
ranked_top4,LNTH,2022-08-10,2022-08-11,2022-09-09,83.0871969925,73.21574170646356574888540712,84.8373779925,101,9.87145528603643425111459288,1.010,0.3811799677422063129563395200,-0.6997141548390037896965621337,time,0.1772971612884374372582973370,0.1762841394279073695838208266,29
ranked_top4,FTAI,2024-06-10,2024-06-11,2024-06-18,84.9819219925,78.11121265803294433156691184,91.62299974864963802926200544,145,6.87070933446705566843308816,1.450,1.300895667738694256970963807,-0.4602031374894805753697812123,target,0.9665781847056946404525990502,0.9651227309070839507381538536,7
ranked_top4,PAYC,2020-02-25,2020-02-26,2020-02-28,288.8904380325,266.1727873495634083489074437,265.5073553811894998280351751,44,22.7176506829365916510925563,0.440,0.5119169728335971090618197575,-1.073193191178537385397270730,stop,-1.029291407710292850472752955,-1.029731594071971132621836988,2
ranked_top4,IYW,2017-09-06,2017-09-07,2017-09-25,37.3230750000,36.55400727782115135967097225,36.46262225962659848127179482,1300,0.76906772217884864032902775,13.000,0.3958351016702862355621873902,-1.144988893182569809193551096,stop,-1.118825710089157872255104616,-1.131828466168517128935333093,18
ranked_top4,CTRN,2021-01-07,2021-01-08,2021-01-12,53.3430239975,48.97457372172904646453672198,57.56719558758777615162461982,228,4.36845027577095353546327802,2.280,1.951945075303653546374523824,-0.1609323565840356579819603787,target,0.9669725700019065067841794088,0.9646834286889187611673251464,4
ranked_top4,IWF,2020-07-17,2020-07-20,2020-08-03,50.3756250000,48.36692567749710615822050259,52.25336351169663660717504867,497,2.00869932250289384177949741,4.970,1.081234994042704008031438259,-0.6238484704811736109061419884,target,0.9348031786842659397974507748,0.9298248328024443993042023653,14
ranked_top4,BLDR,2022-01-19,2022-01-20,2022-01-21,73.9544219925,67.87559702326013971568627306,67.70590803070198936639705738,164,6.07882496923986028431372694,1.640,0.03546343390225252110914408653,-1.165425724272150967804835759,stop,-1.027914768629926430268482636,-1.029559823398011070722228125,1
ranked_top4,FDN,2018-03-28,2018-03-29,2018-04-17,118.6960020050,113.0091661146482495431932830,124.0718808006133710806647002,175,5.6868358903517504568067170,1.750,1.407460167538776161717403989,-0.6042024196318898034686840675,target,0.9453198402883495896018938002,0.9435613932023406656773762737,19
ranked_top4,HLI,2021-11-19,2021-11-22,2021-11-26,116.8714520050,111.6744064574596487645706487,111.3952204413159996426592221,192,5.1970455475403512354293513,1.920,0.1498062674029229550513636903,-1.010468150983474974392805147,stop,-1.053720140335460750141030514,-1.055644310502630592009070905,4
ranked_top4,VGT,2017-11-01,2017-11-02,2017-11-21,20.4334562500,20.05457465331089300197093378,20.76030700207238423053399355,2639,0.37888159668910699802906622,26.390,1.257764309917195904561331735,-0.4743071491737266232619246838,target,0.8626725471192075038307964920,0.8362790772663934462639659180,19
ranked_top4,DFH,2023-07-26,2023-07-27,2023-08-03,25.1126239975,22.61473722887843712281184770,22.55820038580624103000481808,400,2.49788676862156287718815230,4.000,0.6527021252447359091363184695,-1.218079232302049316803620013,stop,-1.022633869470150345813138112,-1.026637253500851790764860643,7
ranked_top4,SVIX,2024-02-14,2024-02-15,2024-03-15,39.1075229950,36.02451207642227866196309079,39.1020009975,324,3.08301091857772133803690921,3.240,0.9090065131176572566900659240,-0.6835924525276280755791362945,time,-0.001791105398532759977917964150,-0.005034687813288941917366441174,29
ranked_top4,AIS,2026-05-11,2026-05-12,2026-05-18,69.0822790100,64.47858407466908413842963283,64.31738761448241142808355875,217,4.60369493533091586157036717,2.170,0.5403748564893084925476012162,-1.027931058959240379812343729,stop,-1.035014583383789271284132121,-1.037186751640042592089804951,6
ranked_top4,COST,2021-12-20,2021-12-21,2022-01-10,551.8762500000,523.1333589969608646796274387,521.8255255994684625179283701,34,28.7428910030391353203725613,0.340,0.6823857766404269244903797973,-1.509112287814527896435143766,stop,-1.045501108338549456845913116,-1.045849020453546610333463364,20
ranked_top4,CM,2026-08-06,2026-08-07,2026-08-17,119.7887229950,115.2903071703236769353830268,123.9764209726271322569554308,222,4.4984158246763230646169732,2.220,1.127347538033546820056880509,-0.4954466376305628991766419463,target,0.9309272732536796870766520152,0.9287042684471554846629906476,10
ranked_top4,FDN,2018-02-28,2018-03-01,2018-03-07,123.6283000000,119.1097260817890019401717670,127.8265067334154705646786624,221,4.5185739182109980598282330,2.210,1.120199003406817828593424212,-0.8383848684497944776938237998,target,0.9290999349364704320015794913,0.9268868473161268838658073257,6
ranked_top4,NULG,2023-07-26,2023-07-27,2023-07-27,64.5810479950,63.17076207466214192330832476,63.01283516947548656850005395,709,1.41028592033785807669167524,7.090,0,-1.135264822481133194991273985,stop,-1.111982189504395865796201753,-1.119072950218793644952043198,0
ranked_top4,MCK,2022-05-13,2022-05-16,2022-06-13,326.5343010025,307.4694476209061787701318662,306.7007740018539133232065365,52,19.0648533815938212298681338,0.520,0.6449399715484243069146315748,-1.104351005543367148734860101,stop,-1.040318884371509619920791605,-1.040843409779591410281195310,28
ranked_top4,PWB,2026-06-09,2026-06-10,2026-06-15,154.5454040100,147.4807358595337537167152838,161.2060469800650806675765044,141,7.0646681504662462832847162,1.410,1.580343584753258463710846538,-0.4310753095740261683905565843,target,0.9428104517018961178846752911,0.9413949570477926507772337514,5
ranked_top4,APPS,2020-11-09,2020-11-10,2020-11-30,37.4534010025,30.89642335823829007103874848,43.90035270014480565413884839,152,6.55697764426170992896125152,1.520,1.254632765859655895446333619,-0.7188371317118788677884615919,target,0.9832200210849898716335192478,0.9816949281927254873861377605,20
ranked_top4,FICO,2024-10-03,2024-10-04,2024-10-09,1946.2836291350,1870.734035139718885649207152,2016.778640072455411564915866,13,75.549593995281114350792848,0.130,1.288112109127660616499573440,-0.7952879023910157964526059890,target,0.9330958276474468423395693298,0.9329634642624017207512498756,5
ranked_top4,TEAM,2019-06-07,2019-06-10,2019-06-25,133.7836219925,123.9853213509940532371862484,123.6753580476165681040932828,102,9.7983006415059467628137516,1.020,0.4078642974651345339374150512,-1.056675271693715176231570313,stop,-1.031634394036091284886390185,-1.032654979172828123481409589,15
ranked_top4,SVIX,2023-11-16,2023-11-17,2023-11-29,32.1702250000,29.44736933232566819399287831,34.80584796600514597649210389,367,2.72285566767433180600712169,3.670,1.031922122555951876474597802,-0.1506598402809888188651375584,target,0.9679627889554301083224101429,0.9642901741640110378399886045,12
ranked_top4,ALB,2026-02-12,2026-02-13,2026-02-24,160.9714320175,140.8979221736056312561496844,180.5923295067408828219906898,49,20.0735098438943687438503156,0.490,1.394801865754241571644482165,-0.2117931069634606333537210792,target,0.9774522563232182273092497574,0.9769540873394297925170022525,11
ranked_top4,MKTX,2019-10-29,2019-10-30,2019-11-13,353.3211020050,331.1703033899144445998652472,374.5332208685353415116344159,45,22.1507986150855554001347528,0.450,1.024743504260888142224549359,-0.7047651543528650122765928011,target,0.9576232095347146324441606218,0.9571717585430926143081896562,14
ranked_top4,APH,2025-08-21,2025-08-22,2025-09-09,54.6412635025,51.81885014749702873377033302,57.32001766535921383806409281,354,2.82241335500297126622966698,3.540,1.409692698076044721554259553,-0.6789457324184120690122969810,target,0.9491005837649155424829666382,0.9455575166297370127582616610,18
ranked_top4,CTRN,2021-03-08,2021-03-09,2021-03-17,82.0546229950,71.63539422636500744655160591,92.24266713422590507206477310,95,10.41922876863499255344839409,0.950,1.179105793509656107532882281,-0.2989300901402553424345045196,target,0.9778117330425623593437426450,0.9768519691078167279818295255,8
ranked_top4,IDXX,2021-09-24,2021-09-27,2021-09-27,674.6523959275,644.1471335622862247102021765,642.5367657283805091484266711,32,30.5052623652137752897978235,0.320,0,-1.129063356844812836071813170,stop,-1.052789837196813448846742174,-1.053117649489665692992064614,0
ranked_top4,IGV,2023-11-16,2023-11-17,2023-11-29,74.7864979950,72.16770009898113420410552786,77.21178265129131863140473596,381,2.61879789601886579589447214,3.810,1.315681523281313427830723500,-0.1567509259206472071433616072,target,0.9261060809535058917371444326,0.9222875350415811327704784703,12
ranked_top4,MCK,2022-04-14,2022-04-18,2022-04-29,324.0581250000,311.0003618669512557515700814,310.2228609622838776121911562,76,13.0577631330487442484299186,0.760,0.8839095090328220686756836993,-1.222883953192964649926660695,stop,-1.059543192562556935700875640,-1.060309020514718998425899129,11
ranked_top4,FICO,2024-09-05,2024-09-06,2024-09-13,1775.5277259400,1682.976084282231198708366096,1863.409169178774379288404819,10,92.551641657768801291633904,0.100,1.196113349013811178240088506,-0.4690109236582768635362522320,target,0.9495395399223325962927286290,0.9494314921360277641923441964,7
ranked_top4,IWF,2020-08-14,2020-08-17,2020-08-24,53.4232260025,51.70261835255653953992940323,55.00597406831235180892042028,581,1.72060764994346046007059677,5.810,1.116916455394784477755635306,-0.08178796746871621432837533462,target,0.9198773850995962112951281670,0.9140654848675307533941147820,7
ranked_top4,CNM,2024-01-17,2024-01-18,2024-02-08,40.9721739975,39.36496105344080491045143388,42.47293847420529710182469470,622,1.60721294405919508954856612,6.220,1.286591804865304819806470507,-0.5239959027289802710890040410,target,0.9337682864318834184872942529,0.9275463355466796896526019005,21
ranked_top4,PWB,2026-07-09,2026-07-10,2026-07-17,161.3222979950,152.1365566374830548444873409,151.5801069825,108,9.1857413575169451555126591,1.080,0.1369191615623692878960600275,-1.167275626177483555712915795,stop_gap,-1.060577544405569047024717898,-1.061666188164498392947378453,7
ranked_top4,IRM,2024-08-07,2024-08-08,2024-08-22,106.3351750000,99.91092017639110331919612315,112.4775312490498744391018671,155,6.42425482360889668080387685,1.550,1.026550966777386271754562785,-0.2747672762781836989221640246,target,0.9561196462003568876923879654,0.9545630454311516604547363782,14
ranked_top4,CLS,2023-11-16,2023-11-17,2023-12-18,27.7492000000,25.60651650891906749596298624,29.3364750000,466,2.14268349108093250403701376,4.660,0.9617841405780264170430074347,-0.8910322070185243856477559405,time,0.7407883649671738394243881261,0.7361213200948790332980118641,31
ranked_top4,COST,2019-10-29,2019-10-30,2019-11-07,297.6623130325,289.5252874265614786848357834,305.0348402918424250118763061,122,8.1370256059385213151642166,1.220,1.159845553467624884753228694,-0.3824892759620394068660298627,target,0.9060469533193856323924477476,0.9048180030267010607116587173,8
ranked_top4,LLY,2018-10-16,2018-10-17,2018-10-24,111.2574530075,106.9244817474170019149509818,106.6571705430484594101636043,230,4.3329712600829980850490182,2.300,0.6906454746350377934788151794,-1.169509489754366141792441347,stop,-1.061692355735454879845930926,-1.064000240879333828618959476,7
ranked_top4,PANW,2018-05-24,2018-05-25,2018-06-04,35.0089691625,33.48646344369283126195301307,33.40274728508359918379813054,656,1.52250571880716873804698693,6.560,0.5075165419446710500305320748,-1.114807741956974405109970120,stop,-1.054985776128854761139505089,-1.061553895956893672325427111,10
ranked_top4,ASTH,2021-09-24,2021-09-27,2021-10-08,95.2074260025,81.12686291021948194622156833,80.92404575294393324135601441,71,14.08056309228051805377843167,0.710,0.4532894001234339371460544092,-1.535267436452983138033781636,stop,-1.014404051595545956618014439,-1.015114250465751819859150095,11
ranked_top4,NU,2023-05-26,2023-05-30,2023-06-07,6.8470750000,6.261785016817959197522505093,7.413784070724085700471301170,1708,0.585289983182040802477494907,17.080,1.200985870590871821487340991,-0.4221411729220608959618519405,target,0.9682534931540491742465041250,0.9511679453275972509049336731,8
ranked_top4,BLDR,2022-03-17,2022-03-18,2022-03-25,76.0897520050,68.47308777969101942585272651,68.30190506024179187728809469,131,7.61666422530898057414727349,1.310,0.3295728839744367726918151989,-1.270864478026445699582616664,stop,-1.022474762492537641508788440,-1.023787673197826653523293478,7
ranked_top4,CALM,2022-04-14,2022-04-18,2022-05-09,54.4959010025,50.41558460432869545357699014,50.28954564281787371494304766,245,4.08031639817130454642300986,2.450,0.8440762091497508198493258931,-1.040581314822278566312325063,stop,-1.030889506893952939398069550,-1.033340297230820381625515420,21
ranked_top4,FICO,2024-01-17,2024-01-18,2024-01-22,1240.3431250000,1188.503841192153644337752866,1288.951952785826739773091516,19,51.839283807846355662247134,0.190,1.101612943027510597028567798,-0.1611352315545624043421748860,target,0.9376832435804088702597028607,0.9374903396807896705169210489,4
ranked_top4,GE,2023-04-28,2023-05-01,2023-05-18,79.5999395900,76.43661290668410631664711969,82.55635810763260394914449811,316,3.16332668331589368335288031,3.160,1.145730040819205240863697209,-0.5875190190764140097584984163,target,0.9345915909429871454888522771,0.9314303619580889746880597021,17
ranked_top4,SPMO,2024-07-10,2024-07-11,2024-07-11,91.7487969925,89.71615223433825373887202018,89.49186185375240810452484013,491,2.03264475816174626112797982,4.910,0,-1.189974284875766820334329749,stop,-1.110344111869644211984225903,-1.115263810680686656377471974,0
ranked_top4,GDE,2026-03-13,2026-03-16,2026-03-19,68.4807729950,64.14776584857490625609486233,62.2639480050,230,4.33300714642509374390513767,2.300,0.1105989417523534085993741036,-1.622607985034289970393554962,stop_gap,-1.434759920746757183789034624,-1.437067786776530618321231475,3
ranked_top4,CIEN,2025-11-14,2025-11-17,2025-11-21,191.2770030075,171.9560179780890256764112865,171.5261279331438031122202583,51,19.3209850294109743235887135,0.510,0.5860468798699336635128127129,-1.193365761238464303841943211,stop,-1.022249903112643130515485856,-1.022767475067943427291869326,4
ranked_top4,TQQQ,2020-09-14,2020-09-15,2020-09-18,16.7079156250,13.92493699868960595572448330,13.89012465619288194083517209,359,2.78297862631039404427551670,3.590,0.07890264514575869001631778768,-1.028723540286611723294281295,stop,-1.012509022587384143559886348,-1.016102294884001728031291374,3
ranked_top4,APO,2023-09-21,2023-09-22,2023-10-03,91.2676010025,87.70650124135667355058762306,87.48723498825328186671115400,280,3.56109976114332644941237694,2.800,0.3713445525815406955036607465,-1.453934275864734125476063091,stop,-1.061572623012671252834092136,-1.064380744287203983327907096,11
ranked_top4,SSO,2024-10-31,2024-11-01,2024-11-06,44.4759145050,42.74186619106385548283351282,46.09443791188880415587357096,576,1.73404831393614451716648718,5.760,1.778547039441699188979843194,-0.3782561879784819718224586641,target,0.9333784957899422693874581608,0.9276116437826294874903348663,5
ranked_top4,CACC,2021-06-30,2021-07-01,2021-07-26,455.5259900375,428.5905977844877808255550643,481.2552288347859386265088234,37,26.9353922530122191744449357,0.370,1.069003068231906979573738411,-0.9476747098288645144166019613,target,0.9552204978343541712153586547,0.9548492390865302301223484236,25
ranked_top4,DAC,2021-05-04,2021-05-05,2021-05-11,64.4607530075,56.87283851978950025115554777,56.73065642349002650052765890,131,7.58791448771049974884445223,1.310,0.5652735016251077737095400753,-1.144023699998132497203935068,stop,-1.018737967662887346572907147,-1.020055852836237171504234041,6
ranked_top4,SVXY,2023-09-21,2023-09-22,2023-09-26,43.9897010025,41.93913793772884395308467330,41.83429009288452184320196162,487,2.05056306477115604691532670,4.870,0.2512968298087958391716624457,-1.189771748264797732588331344,stop,-1.051131246166292957384147416,-1.056007955481797967437473924,4
ranked_top4,EME,2022-10-06,2022-10-07,2022-10-17,121.4929770050,115.9402460179960516141847624,126.7280937220239385148506995,180,5.5527309870039483858152376,1.800,1.096221842773683012788395104,-0.4273525965068173483747858583,target,0.9428003498236490337872106890,0.9409994341979137348100321090,10
ranked_top4,SVIX,2023-07-26,2023-07-27,2023-07-27,31.0975500000,29.15263591004533446341439391,29.07975432027022112725585793,514,1.94491408995466553658560609,5.140,0,-1.397260174131055855657117490,stop,-1.037472909549856852754640107,-1.042614524828212459901137514,0
ranked_top4,TCAI,2026-08-06,2026-08-07,2026-09-04,47.6388000000,42.49064206076785262165078548,47.1219019950,194,5.14815793923214737834921452,1.940,0.7985768984805445508705662012,-0.7592618653387703202089096048,end_of_data,-0.1004044574974900295919966634,-0.1023468998463919184586793016,28
ranked_top4,IEO,2022-09-08,2022-09-09,2022-09-23,92.3703489975,86.30454804358967663969661477,84.4683000000,164,6.06580095391032336030338523,1.640,0.7747783084557639962434118817,-1.986604751633291401030664539,stop_gap,-1.302721447265086714194124168,-1.304370034166632418908914661,14
ranked_top4,MKTX,2019-08-05,2019-08-06,2019-08-09,344.3587500000,326.0613101942709552283868632,361.7495493312147221596841040,54,18.2974398057290447716131368,0.540,1.040650725028649385401950942,-0.3311262157071265830949225319,target,0.9504498725427998012439097918,0.9499033479958591447482512356,3
ranked_top4,IBKR,2024-10-03,2024-10-04,2024-10-15,36.7491447525,35.25107795398317943495935498,38.15159352213927851362804341,667,1.49806679851682056504064502,6.670,1.293904416958637907225583144,-0.2681087071001462155789568721,target,0.9361723863233536345640034447,0.9294971165624186596802233593,11
ranked_top4,CAH,2023-01-03,2023-01-04,2023-02-02,76.9017739975,73.76555927274441964651409110,76.0892990025,318,3.13621472475558035348590890,3.180,0.7041058078930157732339992921,-0.9698867151824431817510855275,time,-0.2590622984410992188712784788,-0.2622508556279096168807738785,29
ranked_top4,AIR,2023-03-02,2023-03-03,2023-03-08,56.5510250000,54.01541897691049730095970766,53.88038042946822105770730839,394,2.53560602308950269904029234,3.940,0.06269664867190153409849502182,-1.021856698716534428831677899,stop,-1.053256912238179206227784802,-1.057200742592318973365712703,5
ranked_top4,COST,2021-10-22,2021-10-25,2021-11-02,483.1949649750,467.5556084979961323297029778,497.5872356483738580011212796,63,15.6393564770038676702970222,0.630,1.041924266446655161849912837,-0.2362606786559972483956577501,target,0.9202597750448538957312875302,0.9196203625463470668583138216,8
ranked_top4,BOOT,2024-10-03,2024-10-04,2024-10-29,167.0064709900,156.5607081059300112791203038,139.6500000000,95,10.4457628840699887208796962,0.950,0.2703039539894156544413052889,-3.873002713061482268866446328,stop_gap,-2.618905990267039467640000453,-2.619863316228865598440813953,25
ranked_top4,IRM,2024-10-03,2024-10-04,2024-10-15,118.2950000000,113.0892913749243024204031976,123.1919568535130083356478104,192,5.2057086250756975795968024,1.920,1.009469291978205103233174534,-0.4101259124868815455638017137,target,0.9406897708266951642620525721,0.9387688027663949035329280130,11
ranked_top4,CGAU,2026-03-13,2026-03-16,2026-03-19,18.2555239975,16.13244869882530557023703972,15.9999009975,471,2.12307529867469442976296028,4.710,0.5249352216549736004525848089,-1.326153622180785948791464084,stop_gap,-1.062431936073132668857974666,-1.067142084604483575764217308,3
ranked_top4,FDIS,2020-09-14,2020-09-15,2020-09-18,62.8768010025,59.94285908439793099384222902,59.79300193668693616635762345,340,2.93394191810206900615777098,3.400,0.06925869808337863405476196105,-1.086184420638259627497301592,stop,-1.051077066927056134730853590,-1.054485450691677104864366934,3
ranked_top4,PWB,2025-07-24,2025-07-25,2025-08-01,118.8162969925,116.4289286092645074808511361,116.1378562877413462121490083,418,2.3873683832354925191488639,4.180,0.7052547982637490474443658286,-1.062382332911132009459769470,stop,-1.121921829729806549875808089,-1.126110542318203758921265982,7
ranked_top4,PHM,2017-11-30,2017-12-01,2017-12-05,34.0950229950,32.92139711068134674096198825,32.83909361790464337410958328,852,1.17362588431865325903801175,8.520,0.4217502456392721394060221064,-1.035271981671892990602711119,stop,-1.070127537127799917029030315,-1.078648139931141703369307316,4
ranked_top4,COO,2019-02-12,2019-02-13,2019-02-22,69.9268832550,66.96073811285495497700229979,72.71079582615218241044020596,337,2.96614514214504502299770021,3.370,1.120348663247409961833161276,-0.4245848381139051092299156994,target,0.9385624902829008603019817514,0.9351911110951756636001332243,9
ranked_top4,IPGP,2018-02-28,2018-03-01,2018-03-28,245.6225199875,226.7534291720883139916860940,226.1865455991580932067068788,52,18.8690908154116860083139060,0.520,0.7948170454641370034241905306,-1.175071083413842781708200613,stop,-1.030042972312540248571058685,-1.030572939553560272243142926,27
ranked_top4,TYL,2018-06-22,2018-06-25,2018-06-25,231.2266189850,223.0742267300045533628846652,222.5165411631795419794774535,122,8.1523922549954466371153348,1.220,0,-1.047130304576440914184675297,stop,-1.068407597350738966377424104,-1.069634231164129436670598064,0
ranked_top4,FFIV,2018-05-24,2018-05-25,2018-06-13,174.0039320175,168.0325252046496123650564666,179.5254004832745116658561746,167,5.9714068128503876349435334,1.670,1.158197088099360180964454763,-0.4042491314283330956545591690,target,0.9246511984231898819894661594,0.9229765511728166309691351735,19
ranked_top4,IWF,2020-03-24,2020-03-25,2020-04-14,36.2228312500,31.53832617397696251710858007,40.80506798520797988918419138,213,4.68450507602303748289141993,2.130,1.194826061486900652693469911,-0.2001985769639046344174155466,target,0.9781688056357322948195771216,0.9760341084078045132019629128,20
ranked_top4,ENPH,2022-09-08,2022-09-09,2022-09-22,312.7800000000,281.5400257014284293834394091,280.8361756371748583099808106,32,31.2399742985715706165605909,0.320,0.3255448260872934775496842289,-1.017926221579959357555498011,stop,-1.022530430323873672397827611,-1.022850533020003523058327996,13
ranked_top4,DBO,2022-06-13,2022-06-14,2022-06-15,20.8119000000,19.80971253796569572910914817,19.76018825662078148978637530,997,1.00218746203430427089085183,9.970,0.1577539192907886995881766562,-1.009692336347910966558773595,stop,-1.049416185315656097397187422,-1.059394358440773188560836570,1
ranked_top4,LPX,2021-05-04,2021-05-05,2021-05-06,73.6837500000,68.36609869796376783388255034,68.19518345121885841429784396,188,5.31765130203623216611744966,1.880,0.04066682595701468821252470121,-1.232452567450302813000103574,stop,-1.032141115886907185050076034,-1.034021645359791352050266771,1
ranked_top4,RMD,2019-05-09,2019-05-10,2019-06-06,111.7687229950,107.0500712102008551564182861,116.1961563428496469814727596,211,4.7186517847991448435817139,2.110,1.229435285665381730770896565,-0.5740463841231082018217621973,target,0.9382835499988279111111562869,0.9361643005911444699878843315,27
ranked_top4,APPS,2020-12-08,2020-12-09,2020-12-16,43.9897010025,37.88949943323757857188538256,49.96467781533301537454433090,163,6.10020156926242142811461744,1.630,1.018048326270453163173240001,-0.7523848106309285307982723371,target,0.9794720297341671212083135883,0.9778327396408056480322776346,7
ranked_top4,TQQQ,2020-11-09,2020-11-10,2020-11-27,17.1853562500,14.54001045858186157419188297,19.78112528631459307974359674,378,2.64534579141813842580811703,3.780,1.020053695344464837711990779,-0.3370467682873402446934085410,target,0.9812588753937655019695700607,0.9774786512610863791773544637,17
ranked_top4,SITM,2021-12-20,2021-12-21,2022-01-19,268.7101090225,219.7747818348022020375692790,219.2253448802151965324753558,20,48.9353271876977979624307210,0.200,0.7182924483712572135805297452,-1.097369060526074420370266947,stop,-1.011227818146174209955405078,-1.011432169492628760106052343,29
ranked_top4,RBC,2022-11-03,2022-11-04,2022-11-11,250.7352760025,234.3618976596819534198810182,233.7759929155327485363313157,61,16.3733783428180465801189818,0.610,0.1108339989160517149812412830,-1.235253994565607570577647707,stop,-1.035783986168389238094454749,-1.036394733675142257097695986,7
ranked_top4,ARKG,2020-07-17,2020-07-20,2020-07-24,58.0347239975,53.69361628200275263447596265,53.55938224129774575288977274,230,4.34110771549724736552403735,2.300,0.3375350483170771970702654419,-1.134439253815175850731763994,stop,-1.030921610220775457622144759,-1.033225169739536341697090670,4
ranked_top4,PBW,2020-12-08,2020-12-09,2020-12-22,94.4154500000,87.42328176889691902906638466,101.1540991855253232685062813,143,6.99216823110308097093361534,1.430,1.919940361315098152623525375,-0.9532736884605051806894979699,target,0.9637424276421102836784724731,0.9623122561031136590234386825,13
ranked_top4,FRPT,2020-12-08,2020-12-09,2020-12-10,141.3925929825,131.2950151354430598214363082,130.9667775976044521718827174,99,10.0975778470569401785636918,0.990,0.1552267327116315879908205909,-1.301558966077252466866808516,stop,-1.032506561752755033761008573,-1.033496898262308621366274585,1
ranked_top4,EME,2024-08-07,2024-08-08,2024-08-29,354.8749649750,319.1446976233890798610280360,389.6287192457943928386245341,27,35.7302673516109201389719640,0.270,1.047712088370707908990758016,-0.2537055456594925430113875796,target,0.9726698635863271637905112591,0.9723899888263206690696505826,21
ranked_top4,CNM,2024-05-10,2024-05-13,2024-05-29,60.2101510025,57.50729075515527439852643384,57.36352252826738621253011776,369,2.70286024734472560147356616,3.690,0.7177030330760528552934298017,-1.283880291594452383930468490,stop,-1.053191143356052266179130452,-1.056890927690008837785828971,16
ranked_top4,CIBR,2018-05-24,2018-05-25,2018-06-12,26.6163739975,25.89706022803305875603690476,27.26734854754952389085318750,1390,0.71931376946694124396309524,13.900,1.228429150125716229018508042,-0.6483596134210162124308775048,target,0.9049938673243232866098460776,0.8910917283350882314879987772,18
ranked_top4,HQY,2018-10-16,2018-10-17,2018-10-24,86.9769020050,80.78780443410467874263759250,80.58583492301941704578099852,161,6.18909757089532125736240750,1.610,0.3171867905640427516888305629,-1.036807697971341568009772906,stop,-1.032633111495129422954165363,-1.034248855936940410538059838,7
ranked_top4,CDNS,2019-07-08,2019-07-09,2019-07-25,74.0346229950,71.09651405390541659854153085,76.78030010625434694295482298,340,2.93810894109458340145846915,3.400,1.036509900094260449004810000,-0.9988142216083773026764654869,target,0.9345048690507212522588707065,0.9311013192843621699711644182,16
ranked_top4,PSI,2026-05-11,2026-05-12,2026-05-12,153.0316189850,143.5957496451719917752586190,143.2367602710590617958204725,105,9.4358693398280082247413810,1.050,0,-1.024984305810267702410611291,stop,-1.038045182821435024022030791,-1.039104968585719703533605412,0
ranked_top4,QTWO,2019-04-10,2019-04-11,2019-04-23,68.4908000000,64.91289270924789362361055176,71.88853552252522611044847462,279,3.57790729075210637638944824,2.790,1.162467795280883468286251709,-0.2964861618247830192325488910,target,0.9496432541188045606767235588,0.9468483242373492154727968159,12
ranked_top4,AGO,2023-01-03,2023-01-04,2023-02-02,61.6838239975,59.25830121245407167267835721,61.3462500000,412,2.42552278504592832732164279,4.120,0.7240397877634227474938804766,-0.9910543872522238663318636822,time,-0.1391757684492779933837728904,-0.1432985909853732977439309292,29
ranked_top4,CRS,2024-09-05,2024-09-06,2024-09-18,136.0893750000,126.1458260395798597935952655,145.6678416505190898558887227,100,9.9435489604201402064047345,1.000,1.554840033627867729365033802,-0.6556379443546824089587474511,target,0.9632845062306984713247164710,0.9622788290786268557801441330,12
ranked_top4,NVDA,2024-06-10,2024-06-11,2024-06-14,122.0744219925,112.7515582371183101189316524,131.0687925335119856563656767,107,9.3228637553816898810683476,1.070,1.154749687432200786156430505,-0.3576609162152755762788678906,target,0.9647647736801817827960692778,0.9636921418942428937533649466,3
ranked_top4,ARES,2025-01-30,2025-01-31,2025-02-05,199.6879770050,189.5120817278928492913512054,180.7071039900,98,10.1758952771071507086487946,0.980,0.07832470493216215243503346519,-1.820770802022956305849982671,stop_gap,-1.865277943425924089974785816,-1.866260657941716831602784524,5
ranked_top4,PAYC,2019-11-26,2019-11-27,2019-12-03,276.0283459900,261.4219993155870756320607453,258.3425150250,68,14.6063466744129243679392547,0.680,0.2684905471174313516457256981,-1.438234382509913442073187213,stop_gap,-1.210831932120415040187927493,-1.211516566014359087074382583,6
ranked_top4,TTD,2020-12-08,2020-12-09,2020-12-28,92.0976659900,85.31614101154841726528703910,85.10285065901954622212382150,147,6.78152497845158273471296090,1.470,0.7641840185602731095735281091,-1.338882923656671310409001625,stop,-1.031451679851744993095629657,-1.032926274435083575402546148,19
ranked_top4,HLT,2017-12-29,2018-01-02,2018-01-11,80.4806989975,78.50104113558660530900988582,82.25420596726486120426263889,505,1.97965786191339469099011418,5.050,1.383724963389576823774939371,-0.7934174019251383950847297406,target,0.8958653936547990753320261192,0.8908140157412768264328745209,9
ranked_top4,BBIO,2021-02-05,2021-02-08,2021-03-04,69.1023250000,61.94752502969282907203535224,61.79265621711859699935526386,139,7.15479997030717092796464776,1.390,0.6146468130836085929114513803,-1.321116319006496484113662070,stop,-1.021645442670227889259756468,-1.023043105783312891204901234,24
ranked_top4,CIEN,2025-12-15,2025-12-16,2025-12-23,214.9961570175,190.0708841704980771148017856,239.3216262898406680779852189,40,24.9252728470019228851982144,0.400,1.123511993405054163554844599,-0.5334409014944563368689367497,target,0.9759359274282367283101044042,0.9755347282092198409504536600,7
ranked_top4,UCO,2022-03-17,2022-03-18,2022-04-18,38.0774542450,30.78010964730569712223632308,45.26136184558756712056926773,137,7.29734459769430287776367692,1.370,1.072999452084805169928947403,-0.3703339219931970676300808702,target,0.9844550307871471839258164993,0.9830846692993315148482070803,31
ranked_top4,AVGO,2019-02-12,2019-02-13,2019-03-07,28.0700000000,26.63097075273568132372543290,26.56439332585384212041611932,694,1.43902924726431867627456710,6.940,0.4120833548917290859761347942,-1.154944559437940723715430104,stop,-1.046265513371883791919688462,-1.053214642459434029457228678,22
ranked_top4,IPGP,2017-11-30,2017-12-01,2017-12-04,229.0511959900,215.5298767713080248628296237,214.9910520793797548006725496,73,13.5213192186919751371703763,0.730,0.1049309602896315841095441606,-2.147808251568620727648376535,stop,-1.039850008953519467655335829,-1.040589581759860429082512803,3
ranked_top4,CDNS,2017-10-04,2017-10-05,2017-10-12,40.4408500000,39.31849747567857612320251846,41.45929451801062031710548784,890,1.12235252432142387679748154,8.900,1.567378307509563891702889600,-0.2680539255541791502734592079,target,0.9074194568470129242603778748,0.8985096002883118014363400884,7
ranked_top4,GE,2023-03-30,2023-03-31,2023-04-20,75.6315473500,71.84332562833885601792447017,79.22121964898199112212034101,263,3.78822172166114398207552983,2.630,1.201621495376446361809787901,-0.2731036950884531226491214094,target,0.9475876975352729673042513863,0.9449479365247651196053903837,20
ranked_top4,IRM,2024-12-30,2024-12-31,2025-01-16,104.4604969925,98.58067687034134269493177863,110.0644663218720106618055508,170,5.87982012215865730506822137,1.700,1.016953730432274754841648339,-0.8402467915440574949720205508,target,0.9530851646724570901895554237,0.9513844323724477657892335659,16
ranked_top4,RMD,2019-06-07,2019-06-10,2019-06-20,117.7837229950,113.6766008842545266301116910,121.5861179929811096864635882,243,4.1071221107454733698883090,2.430,1.350405187732124403281177016,-0.2297781681559758871298818343,target,0.9258051977643651227662365691,0.9233704028567978565874209272,10
ranked_top4,IWY,2020-05-20,2020-05-21,2020-06-08,101.0520030075,96.49448859203274151228420627,105.3454936294098403414965042,219,4.55751441546725848771579373,2.190,1.105425574826948850719981299,-0.5270418891815474825872065125,target,0.9420684677021807848639022105,0.9398742892337458690114066469,18
ranked_top4,CVNA,2020-08-14,2020-08-17,2020-09-01,39.8112820050,35.25537763495435426304719300,44.25626840910803162261042498,219,4.55590437004564573695280700,2.190,1.577890449646987657819311787,-0.3418157798128667847407743735,target,0.9756540179669085494762828478,0.9734590640811886414194091941,15
ranked_top4,APO,2024-12-30,2024-12-31,2025-01-10,167.4175000000,157.1415360783295315200071870,156.7486822381337076912071690,97,10.2759639216704684799928130,0.970,0.4566482556545589236056172802,-1.249274335512957562005690489,stop,-1.038230363904582608822429360,-1.039203508621343583244396701,10
ranked_top4,AMR,2022-03-17,2022-03-18,2022-03-24,116.2900000000,96.83293351776538501520432966,135.4076988160290284473336811,51,19.45706648223461498479567034,0.510,1.026259329392326027775054019,-0.1500738563372911244636204059,target,0.9825581278392892314068521125,0.9820441757484573191669983715,6
ranked_top4,AAPL,2020-01-27,2020-01-28,2020-01-29,78.3453770050,75.64526314419514374704773635,80.84287713864034411231988299,370,2.70011386080485625295226365,3.700,1.339619431427161713854353061,-0.1103197940368368110021279046,target,0.9249610432709246686752794793,0.9212574957482956871632530942,1
ranked_top4,SE,2020-06-18,2020-06-19,2020-07-02,108.4404229950,98.52191979824966119412227757,118.0630288762709629588630281,100,9.91850319675033880587772243,1.000,1.087823413570613914117409714,-0.7844347922929688931122016547,target,0.9701671401813609805684172871,0.9691589235380194366042901962,13
ranked_top4,LYV,2025-02-28,2025-03-03,2025-03-04,144.6306790100,135.7890447867684885991684330,135.4495721748015673776705119,113,8.8416342232315114008315670,1.130,0.1311198767931257648506730113,-1.016857266768271052658397125,stop,-1.038394781258305441200356837,-1.039525793890984235707534940,1
ranked_top4,FTNT,2018-09-18,2018-09-19,2018-09-20,17.7743250000,16.85985044970670090447862580,16.7579990025,1093,0.91447455029329909552137420,10.930,0.01495394267190270318605635917,-1.334453757743838710261136413,stop_gap,-1.111377016641998540293612967,-1.122312258083974922879394583,1
ranked_top4,GDE,2026-01-14,2026-01-15,2026-01-22,66.2351750000,63.63015287263610724614974743,68.66809663454548302196562694,383,2.60502212736389275385025257,3.830,1.349249575686624429302634270,-0.5701199173701058905605655620,target,0.9339351128688630911680274921,0.9300963738827496305283010924,7
ranked_top4,CNNE,2019-05-09,2019-05-10,2019-05-13,26.1853010025,24.92228847596871793807187450,24.85998275477879614322669481,791,1.26301252653128206192812550,7.910,0,-1.080987697128896588116992112,stop,-1.049331039780767066053148058,-1.057248617627333516429111889,3
ranked_top4,HQY,2018-07-23,2018-07-24,2018-07-27,83.1573719925,79.17004496749929809887011882,78.97211985508054985362294352,250,3.98732702500070190112988118,2.500,0,-1.842431018684429776759095215,stop,-1.049638545114998036534581315,-1.052146490898551679133038823,3
ranked_top4,SVIX,2024-01-17,2024-01-18,2024-01-22,37.1827250000,34.44799345806533048838537111,39.81766290057983283783559232,365,2.73473154193466951161462889,3.650,1.008243024121257240823891166,-0.2240530708789541202230241590,target,0.9635087979113890434539571350,0.9598521318559978953822606292,4
ranked_top4,VRT,2024-03-14,2024-03-15,2024-03-21,73.9945229950,67.30568431771093324749456624,80.48165326810834408562417018,149,6.68883867728906675250543376,1.490,1.607973749093184812391857586,-0.1980201734416503332171273707,target,0.9698440321388535142895054555,0.9683490043048061067264860247,6
ranked_top4,CNM,2023-12-15,2023-12-18,2024-01-12,39.4784510025,37.60923463973264213760317481,41.24429819685418946774083313,534,1.86921636276735786239682519,5.340,1.092195124205688653269603559,-0.5181064224508574910356169438,target,0.9446991956243464085291023560,0.9393493601536173321221590366,25
ranked_top4,HLT,2023-06-27,2023-06-28,2023-07-07,141.6933459900,135.5574247351424897565323124,147.4596940767453664678590184,162,6.1359212548575102434676876,1.620,1.251099662324181649929311373,-0.1635196979110025886314240243,target,0.9397689193257539470118867119,0.9381391722047191901421971449,9
ranked_top4,IWF,2020-04-22,2020-04-23,2020-05-18,41.7942239975,38.61265262417916567704074790,44.86335588239378223715185397,314,3.18157137332083432295925210,3.140,1.003678568796949464478136536,-0.1396247153922338233739049914,target,0.9646591337318669283533724498,0.9615160327837457229218081932,25
ranked_top4,SVIX,2023-10-19,2023-10-20,2023-11-02,23.6990989975,19.83051176186676115195990698,27.49876701755040575091999279,258,3.86858723563323884804009302,2.580,1.129844239323334978492776883,-0.2879862672445683929055003299,target,0.9821849136687357413632277459,0.9795999907005030949673596736,13
ranked_top4,CVE,2023-10-19,2023-10-20,2023-10-23,21.2329500000,20.14529509534106360683250160,20.09493185760271094781542035,919,1.08765490465893639316749840,9.190,0,-1.014063371824595514651059957,stop,-1.046304427555673473555965364,-1.055498520238164314170381235,3
ranked_top4,ARIS,2026-02-12,2026-02-13,2026-02-24,18.8971250000,16.33656119412599401893457713,21.40404458385932096611275931,390,2.56056380587400598106542287,3.900,1.057530764821426422680134000,-0.4245650889488096833061213514,target,0.9790498397690291300487565634,0.9751444498790917200033145322,11
ranked_top4,JIVE,2026-04-13,2026-04-14,2026-05-12,91.3879040100,88.19786605203975847249822902,91.2812269950,313,3.19003795796024152750177098,3.130,0.3862333320910772834483753350,-0.9899258415154437918901960575,time,-0.03344067262077686853114098189,-0.03657543155837714432917872994,28
ranked_top4,COO,2018-12-13,2018-12-14,2018-12-20,63.9294250000,59.39278179130399282941492408,59.24429983682573284734138677,220,4.53664320869600717058507592,2.200,0,-1.170893269679639723678522460,stop,-1.032729475880678521318508274,-1.034933748850796961853113945,6
ranked_top4,HLI,2023-12-15,2023-12-18,2024-01-03,122.1445959900,117.2203551838864407749638678,116.9273042959267246730264581,203,4.9242408061135592250361322,2.030,0.06303631812941067703017873756,-1.162534127675636569058377350,stop,-1.059511892187702645340561831,-1.061542662085792269218339802,16
ranked_top4,CRVL,2021-12-20,2021-12-21,2021-12-30,66.7798683375,62.44580860232247712522399050,70.93614325249582906758906948,230,4.33405973517752287477600950,2.300,1.002938336825197335039435320,-0.5075763768654871994768312787,target,0.9589796101011949366573113548,0.9566723045698856409193523149,9
ranked_top4,ANET,2025-01-30,2025-01-31,2025-02-19,115.6885020050,103.4481480869525134650507978,103.1895277167351321813881708,81,12.2403539180474865349492022,0.810,0.4347505007313429223634347145,-1.149353940187713873254222098,stop,-1.021128504285816841215737320,-1.021945474127289786518941130,19
ranked_top4,TTD,2020-11-09,2020-11-10,2020-11-24,76.6912500000,67.86276579611059430712357906,85.30593486837968217864422989,113,8.82848420388940569287642094,1.130,1.040014433729740598140040812,-0.7878192721844426292123930241,target,0.9757830075274378578097175027,0.9746503102524521382033591504,14
ranked_top4,GDDY,2024-09-05,2024-09-06,2024-09-19,152.9714709900,145.9059953266995153779062736,159.6368542866672334105384921,141,7.0654756633004846220937264,1.410,1.023077051633824455615713363,-0.6257849012156396780792730904,target,0.9433736119549017470385460947,0.9419582790776063045398675662,13
ranked_top4,IWF,2020-05-20,2020-05-21,2020-06-05,45.4007167450,43.21113782332412157767188721,47.47131992750918872627229251,456,2.18957892167587842232811279,4.560,1.071797061876992509082832745,-0.4193585971759382739102448017,target,0.9456627308616822821902768728,0.9410956426873285961967476861,15
ranked_top4,APH,2025-07-24,2025-07-25,2025-08-11,52.5259875000,49.67208202480032587138231311,55.24144324276167494329614267,350,2.85390547519967412861768689,3.500,1.042085144670715681917404313,-0.4015502650520759804525500340,target,0.9514876250663794255030471828,0.9479836547748264623533717718,17
ranked_top4,IPGP,2017-11-01,2017-11-02,2017-11-06,208.1490800125,197.9294185237906555447276652,217.8228196474563210941341540,97,10.2196614887093444552723348,0.970,1.098952739276921925360310100,-0.2181170105255133973164679037,target,0.9465812195094567064401963348,0.9456027135177418170477340738,4
ranked_top4,IWF,2023-08-23,2023-08-24,2023-08-24,69.5283905075,67.73710668828567227599297931,67.56776392156495809530299686,558,1.79128381921432772400702069,5.580,0,-1.079331754555791742792241943,stop,-1.094537093956997475958298327,-1.100119682206126017082297583,0
ranked_top4,JCI,2021-08-26,2021-08-27,2021-09-07,75.3679500000,73.16898114508114715026774870,72.98605869221844428239207933,454,2.19896885491885284973225130,4.540,0.1237166226304006708486134892,-1.145060328784383070566728907,stop,-1.083185558746557662778440271,-1.087733144756078031199151742,11
ranked_top4,KOD,2021-02-05,2021-02-08,2021-02-19,151.1168550125,130.7309077021052876634542872,130.4040804328500244442956515,49,20.3859473103947123365457128,0.490,0.9856373943071354264726686636,-1.138374913814621714427614020,stop,-1.016031988324065534710134116,-1.016522522310430791345543652,11
ranked_top4,LIT,2017-12-29,2018-01-02,2018-01-08,39.4584010025,38.30322056753377531690630924,40.51204748387255912138595653,865,1.15518043496622468309369076,8.650,1.473015769653120531277025272,-0.1977188979197678485920741601,target,0.9121055460079409804533063783,0.9034488896992731650135701118,6
ranked_top4,WING,2024-03-14,2024-03-15,2024-03-27,347.5667620300,323.8355200356500180820761712,370.3697590142891069631290192,42,23.7312419943499819179238288,0.420,1.076354241218450383911791114,-0.9513523158785856124655865072,target,0.9608851062122296501812167701,0.9604637207658893012272367504,12
ranked_top4,CPRI,2021-04-06,2021-04-07,2021-04-28,50.4859010025,45.34654775524235394523376054,55.48619111413325193962932386,194,5.13935324725764605476623946,1.940,1.166313874357331918121156915,-0.1840503964199641911643505720,target,0.9729415105492898215482392171,0.9709957404263009045335746508,21
ranked_top4,XYZ,2017-11-01,2017-11-02,2017-11-09,35.9596739975,33.96687587826776042372500585,37.85759093644040897733430666,501,1.99279811923223957627499415,5.010,1.028866889582334250246262653,-0.6070228518511690095071019891,target,0.9523879617427653747447969617,0.9473698919726811499699554905,7
ranked_top4,CIEN,2026-01-14,2026-01-15,2026-02-03,245.6125000000,215.9076587132586776113705795,274.6290479335244690826578469,33,29.7048412867413223886294205,0.330,1.318893059276730688233787661,-0.8447274892931331516657571042,target,0.9768289166546036645563771552,0.9764922711932302192236905396,19
ranked_top4,APPS,2020-10-12,2020-10-13,2020-10-22,38.6363510025,33.96620492956390681692453442,33.88128941723999704988222308,214,4.67014607293609318307546558,2.140,0.7973305201477270485323906474,-1.316093523951773691745669591,stop,-1.018182624482776378608648220,-1.020323885129408157132919661,9
ranked_top4,GSL,2024-08-07,2024-08-08,2024-08-23,27.0374239975,25.33950134418706862658079378,25.27615259082660095501434180,588,1.69792265331293137341920622,5.880,0.2606573400952393916686849269,-1.223509795011331060588219094,stop,-1.037309563681751726155838075,-1.043199113468067566714063664,15
ranked_top4,BXC,2018-04-26,2018-04-27,2018-05-03,41.2629000000,37.05618726605668572538806381,36.96354679789154401107459365,237,4.20671273394331427461193619,2.370,0.1371855024336388308558501181,-1.724125810036291706103027263,stop,-1.022022057132078477359737731,-1.024399210180659985432096943,6
ranked_top4,BRO,2022-01-19,2022-01-20,2022-01-24,65.4131250000,62.43397569889377005112201442,62.27789075964653562599420938,335,2.97914930110622994887798558,3.350,0.1600705274565880899607234757,-1.165811326981949040067035909,stop,-1.052392452835202426647877899,-1.055749115757831634571998809,4
ranked_top4,EVTC,2018-10-16,2018-10-17,2018-10-24,24.8219000000,23.37079196969388383921034334,26.20732551023035087038768252,689,1.45110803030611616078965666,6.890,1.108187651377524146652131639,-0.4010039141450042291753469317,target,0.9547362989494935535479998980,0.9478450132621760723798378955,7
ranked_top4,WST,2021-09-24,2021-09-27,2021-09-28,454.8643360275,436.3117417457211482953206014,435.2209623913568454245822999,53,18.5525942817788517046793986,0.530,0,-1.797287566421297924738123813,stop,-1.058793898998567290573011533,-1.059332907174357635317598876,1
ranked_top4,MKTX,2019-10-01,2019-10-02,2019-10-04,320.5293360275,297.2511207368682218743969830,342.9480324398364486802890095,42,23.2782152906317781256030170,0.420,1.174946989321263133373301848,-0.1112342159900061932762935945,target,0.9630762553071996340703254258,0.9626466691093254156453474472,2
ranked_top4,ETN,2024-06-10,2024-06-11,2024-07-11,321.4917270050,303.3279049856218735636168836,327.9979569825,55,18.1638220193781264363831164,0.550,0.5306305019239549387081731308,-0.7559927084922037724138868556,time,0.3581971883758170276330871849,0.3576466434525441905138999279,30
ranked_top4,SVIX,2023-12-15,2023-12-18,2023-12-20,37.0223250000,34.92985187534448283695909781,34.84252724565612162986670007,477,2.09247312465551716304090219,4.770,0,-1.721564285607276007004131514,stop,-1.041732736568713358542970440,-1.046511770469875790512650404,2
ranked_top4,GE,2025-07-24,2025-07-25,2025-08-22,269.5020619675,256.6325016615644170659166142,265.8636740025,77,12.8695603059355829340833858,0.770,0.9322725677711319210201433733,-0.6054652048917484043851317634,time,-0.2827126862540855730884122794,-0.2834897135776521668809695618,28
ranked_top4,FTAI,2024-07-10,2024-07-11,2024-07-16,96.2400000000,87.14847308236811486630625879,105.0681981003378054208595068,109,9.09152691763188513369374121,1.090,1.282513059207565789371424489,-0.3420770821201151790233396423,target,0.9710357985319950777947752663,0.9699358732839483229234026675,5
ranked_top4,B,2026-01-14,2026-01-15,2026-01-26,49.8142239975,46.73048646239688567895496811,52.76571662877160653524241931,324,3.08373753510311432104503189,3.240,1.127131269420364799115464984,-0.5850776782919919001616062185,target,0.9571153827697318061105231515,0.9538725646355141613491904946,11
ranked_top4,CLM,2025-03-28,2025-03-31,2025-04-04,7.2030015975,6.903476251078194222201551048,6.886217560450498736646047170,3338,0.299525346421805777798448952,33.380,0.7286809116736257147487726288,-2.294475595171090919762426090,stop,-1.057620134101743029365759340,-1.091006290296743389764199104,4
ranked_top4,ITRI,2021-03-08,2021-03-09,2021-03-10,103.7988510025,93.21570590045205590969371404,89.7750000000,94,10.58314510204794409030628596,0.940,0,-1.365270235187836826519178729,stop_gap,-1.325111851654216194617791649,-1.326056750349601642966302646,1
ranked_top4,SMH,2017-11-01,2017-11-02,2017-11-06,50.7816364975,49.51076020819575516192827313,51.92238150483723422597654755,786,1.27087628930424483807172687,7.860,1.064904203414568853499345763,-0.3357026180208042352893450172,target,0.8976050752837222185317608652,0.8897364887941004712669398330,4
ranked_top4,PALL,2020-02-25,2020-02-26,2020-02-28,51.5325089975,48.37225053738588546956501562,48.25131991104242075589110308,316,3.16025846011411453043498438,3.160,0.9807713646269551434921294901,-1.988605703241459305817116292,stop,-1.038266055726055393802548284,-1.041430353876415825905438796,2
ranked_top4,NU,2023-07-26,2023-07-27,2023-08-17,7.9598500000,7.441571729164112007985841713,7.422967799841201727965877109,1929,0.518278270835887992014158287,19.290,0.4730084469962785031186920903,-1.890586688922306715402204547,stop,-1.035895638250288878676823589,-1.055190292421052839644341113,21
ranked_top4,AXGN,2018-06-22,2018-06-25,2018-06-25,52.2603260025,48.17834498256912381932186955,48.05789912011270100977356488,244,4.08198101993087618067813045,2.440,0,-1.068188210873610884376473306,stop,-1.029506717906900612336919352,-1.031956508817532856997450111,0
ranked_top4,EMXC,2026-04-13,2026-04-14,2026-05-01,87.1673719925,82.77949649167073965450281840,91.32635937459593719463343865,227,4.38787550082926034549718160,2.270,1.140102085064755951037613386,-0.08372365907614545798945922086,target,0.9478362322062087206529381157,0.9455572249740960251866908052,17
ranked_top4,ACLS,2023-03-30,2023-03-31,2023-04-25,132.9415260025,120.7674542584254808304931139,120.4655356227794171284168811,82,12.1740717440745191695068861,0.820,0.1896221778571004873475141749,-1.162431543036368733823384446,stop,-1.024800136059081172483474095,-1.025621553922407573184452813,25
ranked_top4,VLO,2022-06-13,2022-06-14,2022-06-16,135.5379969925,124.6521096847108270026104308,123.7498480050,91,10.8858873077891729973895692,0.910,0.2776072287040551366261364105,-1.696508191783834120963860674,stop_gap,-1.082883613820366502959732747,-1.083802234390032395556646901,2
ranked_top4,ACWI,2026-04-13,2026-04-14,2026-05-01,147.2070959900,142.4993922297807131814719448,151.5350127508437386014817351,212,4.7077037602192868185280552,2.120,1.141300787743221927216640676,-0.07797856634524096058940914176,target,0.9193264872388959370091173435,0.9172023093999033246533009039,17
ranked_top4,NET,2025-09-19,2025-09-22,2025-10-16,225.0863064850,209.8666680796660975456126886,209.3420014094669323017486569,65,15.2196384053339024543873114,0.650,0.3294230376224240420254681464,-1.047745489105143770307239337,stop,-1.034473004957548110874359530,-1.035130050790942903067097208,24
ranked_top4,RRR,2021-06-02,2021-06-03,2021-06-18,44.5912000000,41.14047609350829279939668122,40.9773019950,289,3.45072390649170720060331878,2.890,0.3213241714047471496528331077,-1.571033251834872134127077942,stop_gap,-1.047286918029379276948532704,-1.050184860684596463347650608,15
ranked_top4,MORN,2018-08-20,2018-08-21,2018-09-04,138.2247050125,133.6836921249672648184088241,142.4088036052826533436371980,220,4.5410128875327351815911759,2.200,1.346679945412490571233096346,-0.4392652172330177235920011107,target,0.9214020520113511966213560580,0.9191999001461902739396974915,14
ranked_top4,ETN,2024-03-14,2024-03-15,2024-03-20,298.7750739975,287.7595399389826144601067956,309.0161315358773420760434714,90,11.0155340585173855398932044,0.900,1.058043935099835843783620656,-0.1366329575583531896957497612,target,0.9296923312091976201237967147,0.9287845222961773892534418345,5
ranked_top4,LOB,2021-01-07,2021-01-08,2021-01-27,49.3931750000,44.60524799057757047824815849,44.49373487060112655205253809,208,4.78792700942242952175184151,2.080,0.6384445698491854694215010349,-1.738993510889881195944779637,stop,-1.023290480359661084322916442,-1.025379066919213984845947524,19
ranked_top4,HSBC,2025-04-28,2025-04-29,2025-05-28,58.0146739975,54.96397642778928046102169286,58.5532509975,327,3.05069756971071953897830714,3.270,0.7163368221738289994328279710,-0.9980251820860463676788225375,time,0.1765422457300709169393673797,0.1732643069073942909984273214,29
ranked_top4,SMH,2017-12-29,2018-01-02,2018-01-03,49.3731250000,48.00871486393595057385963764,50.61069129822388930257501145,732,1.36441013606404942614036236,7.320,1.144726177794006761339717468,-0.1708621138454048978562209641,target,0.9070339376061292316443958421,0.8997047630891124725589132720,1
ranked_top4,CPRI,2021-05-04,2021-05-05,2021-05-11,58.3455010025,53.95001198083894826172304000,53.81513695088685089106873240,227,4.39548902166105173827696000,2.270,0.2854055581342179308975389831,-1.191107514249121885642145726,stop,-1.030684874717564009786990017,-1.032959934432357930056197668,6
ranked_top4,SLVM,2023-01-03,2023-01-04,2023-01-19,48.6914250000,45.45712485878323462171478613,45.34348204663627653516049916,309,3.23430014121676537828521387,3.090,0.5406344258891738935116114191,-1.067131326501303477614059467,stop,-1.035136755151055615815914304,-1.038228614150955956856737349,15
ranked_top4,LITE,2019-04-10,2019-04-11,2019-05-01,59.9494989975,56.47614162516770469991717016,63.26429922890771456183262277,287,3.47335737233229530008282984,2.870,1.148888402410620067792805295,-0.3885292680360832016012280076,target,0.9543504673064745572960952774,0.9514714085376715116236430938,20
ranked_top4,MPC,2022-06-13,2022-06-14,2022-06-15,104.9617469925,98.09548056462081270486435068,97.85024186320926067310218980,145,6.86626642787918729513564932,1.450,0.2604403756077879514280135827,-1.182848215665380104353053133,stop,-1.035716455804249929900337440,-1.037172851373084380477533036,1
ranked_top4,LKQ,2021-07-29,2021-07-30,2021-08-27,51.6287500000,49.04528267898154756791673082,51.9198740025,387,2.58346732101845243208326918,3.870,0.3759474687750706233398301416,-0.8781798715013803906228031296,time,0.1126873175950347718470063964,0.1088165506150762996201412688,28
ranked_top4,CUBI,2021-06-30,2021-07-01,2021-07-16,39.4784510025,36.52689184412390986075430730,36.43557461451360008610242153,338,2.95155915837609013924569270,3.380,0.2546277940481777724478857485,-1.083648279053890665008743491,stop,-1.030938641141975734303316173,-1.034326680975641772457373929,15
ranked_top4,MPC,2022-09-08,2022-09-09,2022-09-16,100.4504969925,94.39443739328826874003215738,94.15845129980504806818207699,165,6.05605959921173125996784262,1.650,0.1931133583381882872587023739,-1.141087844214657972855006104,stop,-1.038966937101137031455520353,-1.040618175804484934414100943,7
ranked_top4,AIS,2026-06-09,2026-06-10,2026-06-15,71.6085750000,63.53044834278566610963738783,79.48748490307129805563670564,123,8.07812665721433389036261217,1.230,1.204663087488131702102678842,-0.1954136233541499221725622965,target,0.9753387434244892291167196098,0.9741008326532995624666972966,5
ranked_top4,THC,2025-08-21,2025-08-22,2025-09-04,178.4249459900,168.5288364592341651532471912,187.8502528819639202596359268,101,9.8961095307658348467528088,1.010,1.519290076899186736950439576,-0.08538143068982502713994539672,target,0.9524254822222566524498415545,0.9514149841099518945079577925,13
ranked_top4,NU,2023-06-27,2023-06-28,2023-07-13,7.6490750000,7.077637784240954891546605975,8.199960935219647495682260540,1749,0.571437215759045108453394025,17.490,1.121601782881175586492801277,-0.1208794213870846099574681096,target,0.9640358031072597099923843511,0.9465360678358757635635073176,15
ranked_top4,AMR,2022-02-16,2022-02-17,2022-02-23,84.4004770050,74.53215377992510186399895126,94.03312822949971089066104612,101,9.86832322507489813600104874,1.010,1.320338085592155818193516293,-0.1216498464450011621155077850,target,0.9761183338648295487846792753,0.9751049904860283236687681795,6
ranked_top4,GRND,2025-04-28,2025-04-29,2025-05-02,21.4033750000,19.83502027287734737097502217,22.91430040280484599745241539,637,1.56835472712265262902497783,6.370,1.145548241689008851683017470,-0.1679313967977110402058449612,target,0.9633824393648699147305964041,0.9570063308053310410213045567,3
ranked_top4,SPMO,2025-06-25,2025-06-26,2025-07-15,110.6359010025,107.5893597463821177541067269,113.3982361529713375402785399,328,3.0465412561178822458932731,3.280,1.021519072243143467721733539,-0.1529285059128614814536715381,target,0.9067118802097890603656074574,0.9034294693840966141905332468,19
ranked_top4,CRC,2023-10-19,2023-10-20,2023-10-26,55.3179500000,52.43717623214664561847814326,52.30608329156627900443194790,347,2.88077376785335438152185674,3.470,0,-1.290608808469704909827330604,stop,-1.045506156034617117647419052,-1.048977445627569648798513339,6
ranked_top4,ELF,2023-05-26,2023-05-30,2023-06-21,102.5156520050,94.77684595980568058187705795,109.9788219050688336195776346,129,7.73880604519431941812294205,1.290,1.403878703194350325300093934,-0.2940575059912693439962149866,target,0.9643826006859738211418692549,0.9630904116917542480130613236,22
ranked_top4,SHLD,2025-06-25,2025-06-26,2025-07-18,59.7590260025,57.75025314722800773417117999,61.61337936062756228516424796,497,2.00877285527199226582882001,4.970,1.334632231047840575996395879,-0.8358456249015055784392972179,target,0.9231274473173218776493447332,0.9181492836719126121052728150,22
ranked_top4,QTWO,2019-05-09,2019-05-10,2019-05-28,70.9970500000,66.88885683294981497085250868,74.91748005913255956657462259,243,4.10819316705018502914749132,2.430,1.096090134250737554148789387,-0.2938150546768714984616178463,target,0.9542954529442330435221469768,0.9518612928175366832380026061,18
ranked_top4,CTRN,2021-05-04,2021-05-05,2021-05-12,106.2650000000,94.98283447839407011561813774,94.74537739219808494032909240,88,11.28216552160592988438186226,0.880,0.2335546305320405934970568924,-1.512564495470274528880454876,stop,-1.021047119521623981374553748,-1.021933474182956460793913039,7
ranked_top4,MRCY,2018-12-13,2018-12-14,2018-12-20,48.1500739975,43.86799139901331988379628129,43.75832142051578658408679059,233,4.28208259848668011620371871,2.330,0.2825557365305370836079540016,-1.085937482650000909616719118,stop,-1.025611364558052076563480178,-1.027946676820252267302738880,6
ranked_top4,CM,2026-07-09,2026-07-10,2026-07-15,115.6584280075,111.3261337209073219177905988,119.6907454883574463870038777,230,4.3322942865926780822094012,2.300,1.191417676420025372308929626,-0.06657558060923982959604012917,target,0.9307579804392370708299697712,0.9284497346603324857413817045,5
ranked_top4,AMZN,2018-03-28,2018-03-29,2018-04-17,70.4757530075,65.87480621348572102380606141,74.88900805201049327875345374,217,4.60094679401427897619393859,2.170,1.061465000824098503261790532,-0.6154724525795530604654915651,target,0.9592058422088322896105777067,0.9570323765184640029619777688,19
ranked_top4,COST,2021-09-24,2021-09-27,2021-09-28,466.7138629700,452.6443766927574623323387628,451.5127657510255686765079159,71,14.0694862772425376676612372,0.710,0.2683912515063114846264246935,-1.495708482550534162132369458,stop,-1.080430153555946093480649164,-1.081140911561103328576700539,1
ranked_top4,IWF,2020-06-18,2020-06-19,2020-06-29,48.3255145050,46.33666422389530907005084009,46.22082256333557079737571299,502,1.98885028110469092994915991,5.020,0.2574288773087638623707831135,-1.081285768683157697849739757,stop,-1.058245540984309262253656718,-1.063273571548000351278610015,10
ranked_top4,CGAU,2026-02-12,2026-02-13,2026-02-27,18.2455010025,16.15368143177383923401659570,20.28647727179309536406844579,478,2.09181957072616076598340430,4.780,1.369381966584053204082732324,-0.3516082423134973775178670487,target,0.9756942223198459225730852621,0.9709136952897213459921326474,14
ranked_top4,CALM,2022-05-13,2022-05-16,2022-05-16,50.9169760025,47.54056489667776951921958476,47.42171348443607509542153580,296,3.37641110582223048078041524,2.960,0,-1.023861400212445382491659555,stop,-1.035200515730074725845800418,-1.038162240379882966456135978,0
ranked_top4,B,2025-12-15,2025-12-16,2026-01-06,43.4984739975,40.29026791981069295339917716,46.58991337500133377898432078,311,3.20820607768930704660082284,3.110,1.325203524819122107835197742,-0.2894059717537622581910510422,target,0.9636037407322431583208653200,0.9604867339821024549115482374,21
ranked_top4,CIEN,2025-10-17,2025-10-20,2025-10-22,174.0640800125,160.3861073153586195327985418,159.9851420470702229839665454,73,13.6779726971413804672014582,0.730,0.2724024290733300633456294810,-1.060397058368984150960887174,stop,-1.029314670906763546887590426,-1.030045773404291557298074092,2
ranked_top4,ALAI,2025-09-19,2025-09-22,2025-10-20,37.4233270050,36.16870274873461386449835562,37.0271990025,797,1.25462425626538613550164438,7.970,0.8501947811651188836914395419,-0.8953501411998736983657630562,time,-0.3157343726791525342465909891,-0.3237048865202979234632139919,28
ranked_top4,TPL,2025-03-28,2025-03-31,2025-04-04,432.7458226400,389.9644968985525066886466641,388.9895856563061254219250474,23,42.7813257414474933113533359,0.230,0.7305565411620767667473052428,-1.946623817674666457033335140,stop,-1.022788242892198773584749218,-1.023021989739139325011487300,4
ranked_top4,SVIX,2023-04-28,2023-05-01,2023-05-02,19.4886010025,17.83067243644940758454321078,17.78609575535828406558185275,603,1.65792856605059241545678922,6.030,0.3024249703920594551438700218,-1.314050585237047545304464146,stop,-1.026886973301456006179771178,-1.032918596258421720000207567,1
ranked_top4,OWL,2024-12-30,2024-12-31,2025-01-13,23.6289250000,22.22516256138966389587291221,22.16959965498618973613322993,712,1.40376243861033610412708779,7.120,0.4780538227424963284736953418,-1.203140897310204044667365196,stop,-1.039581416965736044230145675,-1.046705129443681789833070172,13
unselected,CMRE,2022-08-10,2022-08-11,2022-08-30,12.0099500000,11.22495503543724095548100744,11.19689264784864785309230492,1273,0.78499496456275904451899256,12.730,0.2421034638175769061714412902,-1.452174920172832381952825566,stop,-1.035748493755273714341932405,-1.048487428973246716508280277,19
unselected,NEO,2023-08-23,2023-08-24,2023-09-19,14.1051750000,12.61438499763687568808252945,12.58284903514278349886232313,670,1.49079000236312431191747055,6.700,0.9557516469398372989900037800,-1.029772803390496885917203202,stop,-1.021153859661054198890708201,-1.027861712533791814380259576,26
unselected,AMZN,2024-11-29,2024-12-02,2024-12-05,210.4849070175,200.4379675513113583061997390,219.9805168674794200895657603,99,10.0469394661886416938002610,0.990,1.161058750454003771611132963,-0.09703572125430928889638212028,target,0.9451246204812288634432041514,0.9441292924976520347895725213,3
unselected,FSK,2019-10-01,2019-10-02,2019-10-30,22.9773000000,22.10510296967764552831955042,22.9425000000,1146,0.87219703032235447168044958,11.460,0.6451535380624167822322403679,-0.4784480862607043272400371383,time,-0.03989924155914438400088495454,-0.05136454085774909204711626331,28
unselected,NUE,2019-09-03,2019-09-04,2019-09-10,49.2829000000,46.64344556005168364582664833,51.79254855384844556328791829,378,2.63945443994831635417335167,3.780,1.268103343380892077103208736,-0.2397836425668301714870470305,target,0.9508209408219932964775564539,0.9470322791013553710695594775,6
unselected,SHEL,2025-11-14,2025-11-17,2025-11-19,75.5584280075,73.43654509069795265945122620,73.1766009975,471,2.12188291680204734054877380,4.710,0.1845384537475541953714430385,-1.083201146161271700177998140,stop_gap,-1.122506332059886749011465742,-1.127219127436490891010054740,2
unselected,AME,2018-02-28,2018-03-01,2018-03-13,75.9393750000,72.95135011184901399724145528,78.73008138843060853775164836,334,2.98802488815098600275854472,3.340,1.131391178636386166667502482,-0.9201305554390259032602348088,target,0.9339635688769380530557397150,0.9306168765385793585342606911,12
unselected,TEX,2020-10-12,2020-10-13,2020-10-21,24.5712750000,22.36081765471673465668129024,26.71477801442005717996041299,452,2.21045734528326534331870976,4.520,1.030883950265951096154794901,-0.8148879252719398175410495714,target,0.9697101909674587680389571951,0.9651862402921208001132320861,8
unselected,CRVL,2019-11-26,2019-11-27,2019-12-24,27.3248076650,26.07933795237296212351559851,28.49885168418297028179319049,802,1.24546971262703787648440149,8.020,1.026540687451354182120540545,-0.4802530795697608492397307338,target,0.9426516014641486708000253458,0.9346225021624023023393601487,27
unselected,CVCO,2022-05-13,2022-05-16,2022-05-24,234.7052949875,212.1647928271694593283051954,211.6343808451015356799844324,44,22.5405021603305406716948046,0.440,0.3387103338778519235407328341,-1.705165693031586541480777835,stop,-1.023531506897898920998339487,-1.023975152737236040584776904,8
unselected,GAP,2025-08-21,2025-08-22,2025-08-27,20.8820750000,19.58667496314623319368572057,22.12203134926163238929849373,771,1.29540003685376680631427943,7.710,1.218097850168678309873999309,-0.1791531522290655435648411391,target,0.9571995630579148566127676383,0.9494799399951521487138194044,5
unselected,SGOL,2024-11-29,2024-12-02,2024-12-18,25.3432010025,24.70112100444546339763589622,24.63936820193434973914180648,1557,0.64207999805453660236410378,15.570,0.9917751673147618469584569384,-1.001744337853315697549577440,stop,-1.096176181625686673889928341,-1.111750564927299234091210017,16
unselected,WAFD,2018-06-22,2018-06-25,2018-07-02,33.6839979950,32.32946935294559960368594422,32.24864567956323560467672936,738,1.35452864205440039631405578,7.380,0.1225518603639339877666294242,-1.198938837156591667038642235,stop,-1.059669224313913008831588590,-1.067051866282142707846756054,7
unselected,AWI,2021-07-29,2021-07-30,2021-08-12,108.0795229950,103.1347350000695195956546582,112.7417502124556542033344784,202,4.9447879949304804043453418,2.020,1.162937422371906348914149026,-0.4670626925497682554399252516,target,0.9428568468932309058663134428,0.9408345154989927204007286519,13
unselected,FLOT,2022-07-13,2022-07-14,2022-08-10,50.0648489975,49.78238721985208715147919776,50.22144249821004306639950023,3540,0.28246177764791284852080224,35.400,1.115733268848981572436366432,-0.5482122175589310284891652388,target,0.5543882857851162388244161992,0.5189852656552034811722935086,27
unselected,FSS,2024-03-14,2024-03-15,2024-03-20,77.7438780075,73.95250431893334681900752088,81.33141356682648654803999792,263,3.79137368856665318099247912,2.630,1.069829915402888525641959454,-0.09333793937726714522279725135,target,0.9462363391256142294839364271,0.9435987726862637080992284842,5
unselected,DIVB,2026-08-06,2026-08-07,2026-08-19,67.1374260025,65.34038433223986699715840166,68.76213150357823267033449434,556,1.79704167026013300284159834,5.560,1.228449531267930884759015736,-0.4214866104859757772655077110,target,0.9041000706695056236964914529,0.8985353694355312119856656885,12
unselected,LDOS,2022-10-06,2022-10-07,2022-10-21,91.2776280075,87.37448180457671227370459710,94.94282227489722950697966439,256,3.90314620292328772629540290,2.560,1.135589281585287733016281630,-0.8371774557285836279812983805,target,0.9390358641067960741222221079,0.9364738283848160897650884882,14
unselected,IOSP,2019-08-05,2019-08-06,2019-08-07,86.8365530075,81.73182478094777176401028324,91.71142803096709766539974247,195,5.10472822655222823598971676,1.950,1.599193263617415609115703878,-0.2069755647331698416248705083,target,0.9549724896441009653125601162,0.9530135214961033832616030996,1
unselected,CIBR,2021-10-22,2021-10-25,2021-11-05,53.7239750000,52.16981927701605130367421529,55.13993539617648882458497025,643,1.55415572298394869632578471,6.430,1.149837801690131147643703934,-0.6524288300101522923622151989,target,0.9110801287388836828952057548,0.9046457670773635651373671552,11
unselected,JHMM,2024-02-14,2024-02-15,2024-03-01,53.5836260025,52.26786608959859500943909697,54.76213745061290147808450077,760,1.31575991290140499056090303,7.600,1.137271308258902150769963925,-0.4131642841293462757241112562,target,0.8956888232855076548230642555,0.8880886525385901365155042338,15
unselected,MTZ,2022-04-14,2022-04-18,2022-04-25,79.9995030075,74.07940089093873677853101772,73.89420238871138993658469018,168,5.92010211656126322146898228,1.680,0.5406146599307363829928092688,-1.116451013405691245276420467,stop,-1.031282991168220053308632258,-1.032972151220379521259868568,7
unselected,UTES,2025-09-19,2025-09-22,2025-10-03,82.2150270050,79.67050611282745085522872630,84.54764902742961777190934552,393,2.54452089217254914477127370,3.930,1.644700583073934659203331619,-0.2456379929607649589663058098,target,0.9167234702631940194435932478,0.9127934573359030771491976952,11
unselected,WU,2020-02-25,2020-02-26,2020-02-27,24.2103750000,22.73668246867667234103720930,22.67984076250498066018461628,678,1.47369253132332765896279070,6.780,0.1897444643686331925465537801,-1.045248562545671359745722947,stop,-1.038570939977995063290114186,-1.045356615950051681709302520,1
unselected,USO,2025-01-30,2025-01-31,2025-02-25,77.7939979950,74.50074127604770578426898208,74.31448942285758651980830962,303,3.29325671895229421573101792,3.030,0.2963628676086026754197515375,-1.231000295746675385297815295,stop,-1.056555522112279425367743555,-1.059592029998971406938152548,25
unselected,EQIX,2021-06-30,2021-07-01,2021-07-16,802.5613979950,767.2101627258863821171114088,835.8178516809533338381813697,28,35.3512352691136178828885912,0.280,1.218022416394040572040596295,-0.2082356087124243882103105262,target,0.9407437514640260624834279547,0.9404608759174185864435707206,15
unselected,EGBN,2021-10-22,2021-10-25,2021-11-09,57.0422520050,53.81412216614828931856593930,60.11970588924208140473047555,309,3.22812983885171068143406070,3.090,1.049446014911552519626821211,-0.6450338458940937379872229680,target,0.9533240724099168372392868589,0.9502263035780543818985766029,15
unselected,LLY,2018-06-22,2018-06-25,2018-07-12,86.2150000000,83.95807724510219503096812493,88.25074294801056045660929538,443,2.25692275489780496903187507,4.430,1.229549391523439107752527855,-0.6978533033893387015591863935,target,0.9019993899183050738461035016,0.8975685781068247084269121081,17
unselected,GHC,2023-11-16,2023-11-17,2023-12-04,621.4497740600,597.8636250906094706255977426,643.4233332218170530509662518,42,23.5861489693905293744022574,0.420,1.129487182268415447033520652,-0.3417157701522083502812405429,target,0.9316297963831971017095384899,0.9312058187337309793931212042,17
unselected,HDB,2021-12-20,2021-12-21,2022-01-03,31.4133364975,29.75894699809767043886664213,32.98505668191007373723052448,604,1.65438949940232956113335787,6.040,1.605827106288909226853556769,-0.08059498536962984851893539777,target,0.9500303193279930603524153517,0.9439857935354800914396218626,13
unselected,VECO,2020-08-14,2020-08-17,2020-08-20,13.8746000000,12.57470765245124821157908717,12.54327088332012009105013945,769,1.29989234754875178842091283,7.690,0.01184713490239423921667825980,-1.288260526464246298198013887,stop,-1.024184132778694660947357824,-1.031877077520509101997148901,3
unselected,OBDC,2022-09-08,2022-09-09,2022-09-16,12.9823750000,12.49233468541499092702442708,12.46110384870145344970686601,2040,0.49004031458500907297557292,20.400,0.3828766622168429978855639858,-1.270048568406170077596417778,stop,-1.063731157996634072147562946,-1.084137642325313245918945437,7
unselected,SIRI,2025-01-30,2025-01-31,2025-02-05,23.3281750000,21.71499606111688573062772795,24.87900055403590648369884137,619,1.61317893888311426937227205,6.190,1.550866391630515919655036436,-0.2840193291372977730145100733,target,0.9613475087330496630319880192,0.9551485683929758532345200250,5
unselected,SBSW,2022-06-13,2022-06-14,2022-07-14,10.6265000000,9.476967685631396721385047719,9.2268750000,869,1.149532314368603278614952281,8.690,0.4119066459302420791511777187,-1.580207861314223308929491713,stop_gap,-1.217560378690844920870046704,-1.226259568678812018634591112,30
unselected,MAC,2019-01-14,2019-01-15,2019-02-07,45.2929500000,42.70900084757872895901592063,42.60222834545978213661838083,387,2.58394915242127104098407937,3.870,0.6799859038842036897853790941,-1.417577817492135974179242905,stop,-1.041321440872354788499445214,-1.045191486066792756306748136,23
unselected,FIZZ,2025-06-25,2025-06-26,2025-07-03,43.5987270050,41.38626087001628512827022503,45.69666515713375558455045053,451,2.21246613498371487172977497,4.510,1.935068712376703945433611714,-0.6502820460167585464675179259,target,0.9482351476304959196855453446,0.9437153044374729420813436501,7
unselected,AEIS,2025-04-28,2025-04-29,2025-05-01,98.5457530075,86.71956529176022977114349731,110.0960108714316708032843614,84,11.82618771573977022885650269,0.840,1.382038437521757966513560090,-0.4833130629148363205088998752,target,0.9766678951458839558065895332,0.9758223141150086595465662612,2
unselected,SPYD,2025-04-28,2025-04-29,2025-05-28,41.7641500000,39.81776916440543750712224641,42.0047259975,513,1.94638083559456249287775359,5.130,0.8199068603717083625979213053,-0.3026905060026608709290077425,time,0.1236017089258439291080975664,0.1184639682447170045857084379,29
unselected,VST,2020-03-24,2020-03-25,2020-04-08,14.6064250000,11.77208880874750593596048195,17.39715928827436282887941925,352,2.83433619125249406403951805,3.520,1.031485258884575310772433060,-0.2633509046328602801306733079,target,0.9846165380406536952232050428,0.9810883750687159884190294952,14
unselected,HDB,2021-05-04,2021-05-05,2021-05-21,35.3982760025,33.45047754897758457437421699,37.25270926988235938706171855,513,1.94779845352241542562578301,5.130,1.533383493604682932531808231,-0.6254630710363586285954049648,target,0.9520663003037025543651539371,0.9469322988971833561131518835,16
unselected,PGNY,2022-11-03,2022-11-04,2022-11-09,41.7541270050,37.37373189214339858543556826,37.28029756241304008897197934,228,4.38039511285660141456443174,2.280,0.1999531942744802813892381947,-1.080753421330688648273878087,stop,-1.021330114595399331668405081,-1.023613013681522790344549909,5
unselected,CNA,2022-09-08,2022-09-09,2022-09-13,40.8919760025,39.27245018767779853910450692,39.17426906220860404275674565,617,1.61952581482220146089549308,6.170,0,-1.341117864637711129723202900,stop,-1.060623377886676813713891234,-1.066798024754592187568306499,4
unselected,EC,2018-10-16,2018-10-17,2018-10-24,25.6740260025,23.99245259543501697990680199,23.93247146394642943745703499,594,1.68157340706498302009319801,5.940,0.2295308642955272372676589597,-1.453416182862811309304469025,stop,-1.035669647983598030935161874,-1.041616459438861225539019077,7
unselected,WEN,2018-03-28,2018-03-29,2018-04-27,17.4836010025,16.57422840522071025762364140,17.0173490025,1099,0.90937259727928974237635860,10.990,0.2929481252206487959274714745,-0.8177077302799158557347262756,time,-0.5127183306325240296701020053,-0.5237149232612424915677475276,29
unselected,BOND,2020-01-27,2020-01-28,2020-02-05,109.7737500000,109.2809046037610391525142548,109.0077023422516365546329692,2029,0.4928453962389608474857452,20.290,0.4387745155991070065657873416,-1.042412090932679268289926913,stop,-1.554336641052720403911262667,-1.574626979719395101784342989,8
unselected,TER,2024-07-10,2024-07-11,2024-07-17,161.6230510025,153.3427154782953011148460060,152.9593586895995628620588910,120,8.2803355242046988851539940,1.200,0.1916535861211279008777084600,-1.142833762573757174587265871,stop,-1.046297253000814663209311255,-1.047504933531485003367105759,6
unselected,GPCR,2025-10-17,2025-10-20,2025-10-30,27.9396760025,24.63150160775980805999278477,31.16973077124709146015719719,302,3.30817439474019194000721523,3.020,1.333158857801499130612672645,-0.7102636445756458433566357841,target,0.9763858803461793862092585769,0.9733630650992264359658275752,10
unselected,MIRM,2026-07-09,2026-07-10,2026-07-17,127.0969489975,115.7895131392911929196668634,115.1364404925,88,11.3074358582088070803331366,0.880,0.03652932527582173424720710132,-1.246697233065983118195291570,stop_gap,-1.057756033726875822256177179,-1.058640407525267996738608331,7
unselected,TPL,2026-01-14,2026-01-15,2026-01-20,325.8526090225,301.1312647644799166756399710,349.6975183973187831160491289,40,24.7213442580200833243600290,0.400,1.218679763651043642167931199,-0.2153042313131189103837466540,target,0.9645474423213467551762917944,0.9641429335739409256514522322,5
unselected,TWST,2022-07-13,2022-07-14,2022-07-21,42.3556250000,35.80953643227793534715023513,48.77945928380275949121764046,152,6.54608856772206465284976487,1.520,1.071536678343612951660210703,-0.7967545727562551761020638631,target,0.9813240712137434889679168052,0.9797964414090829263123466706,7
unselected,LEN,2020-11-09,2020-11-10,2020-11-23,68.8454514175,62.22812116208684010817874051,75.27412471873087699209170634,151,6.61733025541315989182125949,1.510,1.116585737345622559916970824,-0.2088081392597397047658833308,target,0.9714904732119186173630207993,0.9699792897566543554152693431,13
unselected,KTB,2023-10-19,2023-10-20,2023-11-02,47.1275229950,44.19417359862380417545387151,40.9274240025,340,2.93334939637619582454612849,3.400,0.3928873956930418807236678254,-2.463914119446098809098064477,stop_gap,-2.113658536606476074905453719,-2.117067608847360099911455192,13
unselected,BWX,2019-01-14,2019-01-15,2019-01-18,27.8594760025,27.60657215763339562395949935,27.53755572723931213489960060,3954,0.25290384486660437604050065,39.540,0,-1.184153616398995082591336604,stop,-1.272895931773938083681140494,-1.312436651312126832668346502,3
unselected,MCD,2020-09-14,2020-09-15,2020-09-21,222.3143949875,214.6012707647057414385535992,214.0647675877939770849572152,129,7.7131242227942585614464008,1.290,0.5711830751383862455337561505,-1.155744511563247065625465594,stop,-1.069557180905535008399101952,-1.070853672406404064482300122,6
unselected,QTEC,2020-07-17,2020-07-20,2020-08-04,113.0018010025,108.2955211608724917133490771,117.4138106420171895159342956,212,4.7062798416275082866509229,2.120,1.030154848553037689200883700,-0.6080815631036386091926871209,target,0.9374728634902944194864264588,0.9353480429661196740702551067,15
unselected,DQ,2025-06-25,2025-06-26,2025-07-02,14.5964000000,13.22703488235158208869925295,15.92585070485429686652249518,730,1.36936511764841791130074705,7.300,2.792242880091898604896643361,-0.2456612890634257481659249992,target,0.9708518843661906391904792814,0.9635492301134134171879250306,6
unselected,ITUB,2022-11-03,2022-11-04,2022-11-08,5.3443074500,4.975366438041535795208754381,4.962928021946431955720732495,2710,0.368941011958464204791245619,27.100,0.03564404491165786618989993114,-1.016960537968709926562604592,stop,-1.033713834168439290776770804,-1.060818438091208959109958337,4
unselected,OII,2026-03-13,2026-03-16,2026-03-24,33.4935250000,29.80711974214574204185406006,37.08698043220962231325057509,271,3.68640525785425795814593994,2.710,1.084112223279061069801576065,-0.2016937769974815023142174580,target,0.9747857820442837442090084385,0.9720731123022107607543267876,8
unselected,CROX,2020-04-22,2020-04-23,2020-04-29,21.6740510025,17.48285400808213143093029805,25.80058487692557389764702770,238,4.19119699441786856906970195,2.380,1.127589326818651526620182909,-0.6451741605325273328676009802,target,0.9845716820091211245365115006,0.9821857287806475632819601434,6
unselected,ALV,2021-06-30,2021-07-01,2021-07-07,98.0545229950,93.83874205558091750920762106,93.60414520044196521543460201,237,4.21578093941908249079237894,2.370,0.1151573129572754554486369883,-1.037654246713016241403481393,stop,-1.055647306752916528107372617,-1.058019346511077671894898830,6
unselected,ES,2024-05-10,2024-05-13,2024-05-23,61.9544989975,59.10024862949362001112824634,58.95249800791988596110042572,350,2.85425036800637998887175366,3.500,0.01243864339931676294822243391,-1.578171994997858323910777680,stop,-1.051765123070452307678807725,-1.055268669960413730786113208,10
unselected,ZVRA,2026-06-09,2026-06-10,2026-06-16,13.6841250000,12.21504830373470567203451031,12.18451068297536890785442403,680,1.46907669626529432796548969,6.800,0.3988049102469727825201931613,-1.023857368253002665258264201,stop,-1.020786947908825928856855724,-1.027593944456672701334264611,6
unselected,UCB,2024-09-05,2024-09-06,2024-09-11,29.5737500000,27.91555909104540386752706888,27.84577019331779035785825121,603,1.65819090895459613247293112,6.030,0,-1.208395239160526489992465193,stop,-1.042087372057546625431584113,-1.048118040749551748276212760,5
unselected,ALG,2023-04-28,2023-05-01,2023-05-30,177.2420030075,168.8937830181304913517749218,168.4715485605851651233954845,119,8.3482199893695086482250782,1.190,0.7376411978052193610112429769,-1.074720002458584188212038244,stop,-1.050577782818731766918686328,-1.051775642962898288872252246,29
unselected,CCL,2020-02-25,2020-02-26,2020-02-26,36.2604229950,33.28308484667577008722956950,33.19987713455908066201149558,335,2.97733814832422991277043050,3.350,0,-1.303319207186480763535328439,stop,-1.027947014403964224212695183,-1.031305719227475257742787646,0
unselected,JEPI,2022-07-13,2022-07-14,2022-07-25,54.8066729950,53.18223732736002030359194906,56.29003089098337974716703081,615,1.62443566763997969640805094,6.150,1.085501285232061588947268612,-0.3734663102303017483302873811,target,0.9131527493104351591962191689,0.9069967652975205405095549299,11
unselected,UCTT,2025-08-21,2025-08-22,2025-09-10,22.7467260025,20.53036497649795136724835386,24.90067931093079351116976702,451,2.21636102600204863275164614,4.510,1.142988424620339103760512683,-0.07973701054416422866149103253,target,0.9718422599752043119019130477,0.9673303596653354102578841204,19
unselected,AROC,2018-10-16,2018-10-17,2018-10-18,11.5287500000,10.75112222278325413165239895,10.72424441722629599632326795,1285,0.77762777721674586834760105,12.850,0.01446707580362618797308274856,-1.181477857296138684468424466,stop,-1.034563844482456758798817278,-1.047423467419013370330446388,1
unselected,CAKE,2021-03-08,2021-03-09,2021-04-07,59.1475000000,52.94458608611466008021997753,59.4310519950,161,6.20291391388533991978002247,1.610,0.6533221412163080309873456301,-0.8298519166092606983952284357,time,0.04571270840391054036038082981,0.04410056286411595911046295038,29
unselected,PTH,2026-08-06,2026-08-07,2026-08-19,59.5986260025,56.66144451608437301485788773,62.37946797019333791767925699,340,2.93718148641562698514211227,3.400,1.532548131029255589116542477,-0.1118848133899403355859064080,target,0.9467722646879825170227226793,0.9433676402048684537773498057,12
unselected,MTD,2025-04-28,2025-04-29,2025-05-12,1059.2816150375,953.6839578362535969583042245,1161.967074058149537034091537,9,105.5976572012464030416957755,0.090,1.105122670857157726237857096,-0.2845861909628170321373316418,target,0.9724217538742659491715646809,0.9723270548036138214197162864,13
unselected,TILE,2018-03-28,2018-03-29,2018-04-26,25.1627500000,23.93181295336304432972851106,23.87198342097963671890418978,812,1.23093704663695567027148894,8.120,0.7614118062013501481930327551,-1.960092115670640245455043777,stop,-1.048604867768719721102812045,-1.056728760072815214815194363,28
unselected,SBCF,2020-01-27,2020-01-28,2020-01-31,28.6514500000,27.30598705460683684972020608,27.23772208697031975759590556,743,1.34546294539316315027979392,7.430,0.09554406566167869762768897384,-1.205123489689409359629397352,stop,-1.050737159183948474168712212,-1.058169545214526120210181277,3
unselected,CVS,2024-01-17,2024-01-18,2024-01-24,73.3128219925,70.10500712667774404840055054,76.32933526617645031172045084,311,3.20781486582225595159944946,3.110,1.024739938243724513365095722,-0.2471542235642006006825444272,target,0.9403638925101216851037874123,0.9372465056226970861538174487,6
unselected,EME,2022-11-03,2022-11-04,2022-11-11,145.4427020050,137.5806246300299924947873158,152.9215174315200824864496525,127,7.8620773749700075052126842,1.270,1.014654984240781786292934524,-0.4226245617447482275592741779,target,0.9512518218568935035135189109,0.9499798933928165205128487264,7
unselected,BRO,2018-01-30,2018-01-31,2018-02-06,26.4509625000,25.71613629516290809357498646,25.3215375000,1360,0.73482620483709190642501354,13.600,0.3865383380863101143096609637,-1.763629946059571449665871658,stop_gap,-1.536996085013583724932320210,-1.550604745039823481666342568,6
unselected,SCHA,2020-10-12,2020-10-13,2020-10-28,18.5562750000,17.83945343506355504206065078,17.5759509975,1395,0.71682156493644495793934922,13.950,0.1586517559779093964955869255,-1.525867877729064411096597841,stop_gap,-1.367598368203274927719615286,-1.381548841360268499625140625,15
unselected,FUBO,2022-01-19,2022-01-20,2022-01-24,144.7209010025,113.4513767714550796747539560,112.1589019950,31,31.2695242310449203252460440,0.310,0.2225518989697609159096691731,-1.266437497094488850770475596,stop_gap,-1.041333368774824163597779564,-1.041653168971530445056748981,4
unselected,ILCG,2020-06-18,2020-06-19,2020-06-26,47.5044670050,45.60353946482847438995506709,45.48953061616640320398017942,526,1.90092754017152561004493291,5.260,0.1554672594060757221121427004,-1.095499939367543543819558256,stop,-1.059975378468020865537823003,-1.065235968253098982785742054,7
unselected,FHN,2022-01-19,2022-01-20,2022-01-24,17.8745750000,16.90508996344150887333476445,16.7779500000,1031,0.96948503655849112666523555,10.310,0,-1.407525591982328901385576929,stop_gap,-1.131141749121610341301839986,-1.141456503473568488720527687,4
unselected,PBI,2018-09-18,2018-09-19,2018-10-09,7.4686250000,6.951330345755412588841770071,6.933952019891024057369665646,1933,0.517294654244587411158229929,19.330,0.3506222198736316709481338531,-1.292541870505896490628234307,stop,-1.033594636483855304458097949,-1.052925978723614459300172868,20
unselected,EWG,2019-06-07,2019-06-10,2019-06-17,27.9797750000,27.28785101193838690489209093,26.8726509975,1445,0.69192398806161309510790907,14.450,0.4339002624277654930265134561,-1.546087458243665872717347706,stop_gap,-1.600065934412169831296754499,-1.614518388977322932394811078,7
unselected,ROKU,2026-05-11,2026-05-12,2026-06-09,128.3400540100,118.3682109173500429671685063,118.0722903900566678597505850,100,9.9718430926499570328314937,1.000,0.5134409900386231847038806135,-1.033916690646619991516445483,stop,-1.029675610069666270271230679,-1.030678433710901740256871857,28
unselected,VRRM,2026-05-11,2026-05-12,2026-05-21,13.9748500000,12.85672216084899741700511082,12.82458035544687492346259804,894,1.11812783915100258299488918,8.940,0.04037999808168850716571449691,-1.023899021125605480147690848,stop,-1.028746091704977000795392319,-1.037689612874786193966093204,9
unselected,IBN,2022-03-17,2022-03-18,2022-04-08,18.7667989975,17.56076053339893491666839679,19.92290536794706242062327420,829,1.20603846410106508333160321,8.290,1.047397773869129813012813413,-0.6772570044926468982037696201,target,0.9585982577336618078408915639,0.9503066482223071121138887609,21
unselected,MAT,2025-10-17,2025-10-20,2025-10-22,18.4760750000,17.38296669766650287814558786,17.33950928092233662095022389,914,1.09310830233349712185441214,9.140,0.4792983448040406352144499718,-1.350346527282768107313392646,stop,-1.039755819850051606047000138,-1.048904044210485649759639351,2
unselected,SBUX,2021-11-19,2021-11-22,2021-12-07,111.3877760025,106.7055463436842339010429157,115.7798306471624766837096916,213,4.6822296588157660989570843,2.130,1.239201495931642195804924585,-0.6060730056581060997779643526,target,0.9380263175243991019852134864,0.9358905829003676081209400195,15
unselected,ACLS,2018-02-28,2018-03-01,2018-03-09,24.4610000000,22.13548375513651591421822973,26.71954995425132537556731584,430,2.32551624486348408578177027,4.300,1.091800586475390609540415115,-0.3487397698430649012750203460,target,0.9712036883164882535447340528,0.9669035678498659982885685738,8
unselected,BAP,2017-12-29,2018-01-02,2018-01-04,210.0237500000,200.4847219015122294511284874,219.0138711532415511224993338,104,9.5390280984877705488715126,1.040,1.254452222642788901745033725,-0.1859466165406509233231494372,target,0.9424567220497821925901475574,0.9414083972208003692028429799,2
unselected,PPL,2024-02-14,2024-02-15,2024-03-05,26.2254000000,25.36691716437274603270038808,27.01617312853818583238136289,1164,0.85848283562725396729961192,11.640,1.205149313491009184737352111,-0.4139849805387504090918907817,target,0.9211286419726775752140659334,0.9094801854340055359260575039,19
unselected,AZZ,2018-10-16,2018-10-17,2018-10-24,46.9571000000,43.62222221179404396873539089,43.51316665626455885881355241,299,3.33487778820595603126460911,2.990,0.03385431406190633689111492041,-1.330513524571165699021842457,stop,-1.032701514854657707086576007,-1.035700125489016107165505583,7
unselected,SNAP,2023-01-03,2023-01-04,2023-01-23,9.1728750000,8.099849592152244989460424077,10.22028565682813562301322698,931,1.073025407847755010539575923,9.310,1.115653917646890164723510093,-0.2543043230889799759414662767,target,0.9761284767049489033732104645,0.9668090328904191745251494008,19
unselected,TFX,2024-12-30,2024-12-31,2025-01-31,178.4149260025,169.4649089751692439122554417,179.7894049875,111,8.9500170273307560877445583,1.110,0.8407890146488660881176822966,-0.6407734180825777205646313217,time,0.1535727787782682246853829895,0.1524554624682027912390841872,31
unselected,JBTM,2021-09-24,2021-09-27,2021-09-30,153.1218550125,144.3919676036643856955455206,144.0309876846552247313066568,114,8.7298874088356143044544794,1.140,0.4029999268878597542157894255,-1.481331019162003218673825259,stop,-1.041349894002505604975231272,-1.042495384148218010255845982,3
unselected,TMF,2025-12-15,2025-12-16,2026-01-15,37.6037729950,35.89883687465782390048197149,38.5134759975,586,1.70493612034217609951802851,5.860,0.8541246722532565918928775983,-0.4245156087459399386850885659,time,0.5335701388726664146579627889,0.5277048164827618434167794579,30
unselected,EZA,2020-07-17,2020-07-20,2020-08-03,39.0573989975,37.12477888753131198180297192,36.8576259975,517,1.93262010996868801819702808,5.170,0.7826685620716773477915153019,-1.204271333768594657792732458,stop_gap,-1.138233524867771528786478502,-1.143407847513188903801020814,14
unselected,RING,2020-05-20,2020-05-21,2020-05-27,30.0348989975,27.43002562326273454326116571,26.9624259975,383,2.60487337423726545673883429,3.830,0,-1.383905656663849408400531096,stop_gap,-1.179509541764060862117567547,-1.183348499964064770572149792,6
unselected,TTEK,2024-06-10,2024-06-11,2024-06-12,41.0904689975,39.32106111450179790245029828,42.75272718829695659230582747,565,1.76940788299820209754970172,5.650,1.156055097388801717174374736,-0.2670209633628494903932283851,target,0.9394431927025870606025233191,0.9337915845594972171172218654,1
unselected,QFIN,2020-06-18,2020-06-19,2020-07-06,10.6164750000,9.630212328450735952376726705,11.57373082737039088750421512,1013,0.986262671549264047623273295,10.130,3.035220825399020221065308553,-0.1383759153995143800936648215,target,0.9705891290265422343212146954,0.9604498423147258298446684546,17
unselected,PPA,2018-04-26,2018-04-27,2018-05-01,57.0923760025,55.07211586806562431676797118,54.93443557839546025597605125,494,2.02026013443437568323202882,4.940,0,-1.510882163377733378566837211,stop,-1.068149782952932066450223580,-1.073099640562630314457569581,4
unselected,RUN,2024-02-14,2024-02-15,2024-02-22,17.6440000000,15.08486098576672622736609833,14.8328250000,390,2.55913901423327377263390167,3.900,0.1000336435716050455138489969,-1.974882947698796484480440743,stop_gap,-1.098484679560182866493728335,-1.102392243762198688584113062,7
unselected,DFAS,2024-04-12,2024-04-15,2024-04-16,59.3981250000,57.60451660189660802027378528,57.46050531039186650022310082,557,1.79360839810339197972621472,5.570,0.04564820285552674019974300008,-1.035969725590507097488943661,stop,-1.080291378908028526877156019,-1.085866731928550876825216233,1
unselected,NEU,2025-06-25,2025-06-26,2025-07-01,677.7401129700,649.2834292695581690718708416,704.4313046787657263508088355,35,28.4566837004418309281291584,0.350,1.011710160363942730292521735,-0.1416219476740161062202666419,target,0.9379586177271706198214410072,0.9376072064346507983489736831,5
unselected,CME,2020-01-27,2020-01-28,2020-01-31,213.5425199875,207.3320202117804751979057306,219.2036372138114759900890337,161,6.2104997757195248020942694,1.610,1.096125313314468423898604532,-0.3047300629329366913592722041,target,0.9115397199504126144969785964,0.9099295435779577200494101600,3
unselected,RVLV,2020-12-08,2020-12-09,2020-12-17,25.8544760025,23.13883503217837204654900478,28.49869168038957388356736773,368,2.71564097032162795345099522,3.680,1.261405699404474909814428626,-0.9406534333577459472937971076,target,0.9736985510188429699987100316,0.9700161791186960789824390909,8
unselected,NAVI,2020-08-14,2020-08-17,2020-09-15,9.0325250000,8.230284008294659551120194409,8.4089250000,1246,0.802240991705340448879805591,12.460,0.4580606124586711899819167848,-0.8133777839161695849865984081,time,-0.7773225333130889286964373277,-0.7897876156304893284510306139,29
unselected,BE,2020-11-09,2020-11-10,2020-11-17,16.3006500000,13.11871303825672744478007671,19.43388049433891437383187348,314,3.18193696174327255521992329,3.140,1.024328589531301111114077114,-0.4024749752736699162772206525,target,0.9846928245311077430977154626,0.9815500847093479342797150670,7
unselected,LILAK,2019-11-26,2019-11-27,2019-12-03,11.5431559250,10.97683062872071692343063852,10.8602573100,1765,0.56632529627928307656936148,17.650,0.03388525133183601030196395371,-1.541822219026209889002309720,stop_gap,-1.205841624039391031162562719,-1.223499320182754728439391472,6
unselected,LABU,2020-04-22,2020-04-23,2020-05-11,771.5239759400,612.5657761387707057522055993,928.1559703018762210121749147,6,158.9581998012292942477944007,0.060,1.563153233810580841273816672,-0.8022484911093828362830861543,target,0.9853659298969043580133704401,0.9853030202765607419581162671,18
unselected,IBTG,2024-08-07,2024-08-08,2024-09-06,22.9171510025,22.82927384276266045026139284,22.94751559183174620086426064,11379,0.08787715973733954973860716,113.790,1.227269950717060927408448609,-0.7641462548483701494680750374,target,0.3455344872604490731030645698,0.2317392755138530115672632186,29
unselected,IGIB,2024-10-03,2024-10-04,2024-10-08,53.2929000000,52.88267534058859093835843599,52.7478009975,2437,0.41022465941140906164156401,24.370,0,-1.104029193783283479701123743,stop_gap,-1.328781656573519598056550122,-1.353158543166217400655382618,4
unselected,USA,2019-01-14,2019-01-15,2019-02-04,5.6641250000,5.392740234598944879100731896,5.920670990987552483097019934,3684,0.271384765401055120899268104,36.840,1.016545639886266885673517368,-0.1625920303035125557964438744,target,0.9453220065924712150084684055,0.9084739543990406074625321167,20
unselected,AMLP,2026-06-09,2026-06-10,2026-06-16,52.5310020050,50.93388021094925522643500808,50.80654551042188208836892056,626,1.59712179405074477356499192,6.260,0.4188778823831791858367704762,-1.039997707868749771632062318,stop,-1.079727608127127829203486537,-1.085988871380343615960188174,6
unselected,CL,2024-08-07,2024-08-08,2024-08-27,101.8640260025,97.89560828717445296513427674,105.5678626085309831672785590,251,3.96841771532554703486572326,2.510,1.052302276893103253868274031,-0.5327125706388942985032539128,target,0.9333283116157898974795315424,0.9308084155974395068319441605,19
unselected,SPDW,2025-02-28,2025-03-03,2025-03-04,37.1927479950,36.46772950309421555227266055,36.3289480050,1379,0.72501849190578444772733945,13.790,0,-1.520992922678862083717717198,stop_gap,-1.191417873673007078218939114,-1.205210625322298103080133418,1
unselected,ADM,2026-04-13,2026-04-14,2026-04-29,69.8241270050,65.23005169912981143343044681,74.23215680509301309515312931,217,4.59407530587018856656955319,2.170,1.102696768711423174956886898,-0.8193442106162898511383344965,target,0.9595031658406967298615635447,0.9573264492363297393865961904,15
unselected,CVLT,2018-08-20,2018-08-21,2018-08-24,64.9118750000,61.83987975410768257361276527,67.81391057027758663282126664,325,3.07199524589231742638723473,3.250,1.135459765005856792829677553,-0.1340741007170287281818361092,target,0.9446744991412371521994031990,0.9414192857702622513634253876,3
unselected,GRPN,2020-08-14,2020-08-17,2020-08-18,23.9497239975,20.37846397920939393832867579,27.45218155575112954651714590,280,3.57126001829060606167132421,2.800,1.472946516232062499422662620,-0.3303383095764273988617850761,target,0.9807344019513849311715035318,0.9779342697994878735814566270,1
unselected,CRI,2021-06-02,2021-06-03,2021-06-15,101.9542469925,96.29332696212033285146510174,107.3461291053224679806635611,176,5.66092003037966714853489826,1.760,1.041482828914752075043511397,-0.2180292224366966489049975718,target,0.9524745242622416437818468962,0.9507080269532645870959205081,12
unselected,SNA,2024-10-03,2024-10-04,2024-10-15,292.3290060150,282.7209891272799178253038270,301.1821803454632819692594326,104,9.6080168877200821746961730,1.040,1.073167242053706789923263020,-0.8273300419735465837742560671,target,0.9214361750111453779456376153,0.9203953775066383960909192887,11
unselected,VCR,2023-08-23,2023-08-24,2023-09-01,280.3691880325,272.1492163465232586953956862,287.8676868191805494513428030,121,8.2199716859767413046043138,1.210,1.004969029466724402600146004,-0.9694916645632043252897808522,target,0.9122292719661037910429721148,0.9110127227635000905723501744,8
unselected,WFC,2018-09-18,2018-09-19,2018-09-26,54.6262270050,53.07364098071219824319160934,52.94095687826041774758363032,644,1.55258602428780175680839066,6.440,0.7624530792379235434308910889,-1.034549441945932944391118862,stop,-1.085460064934337537733057382,-1.091900931877338119051207483,7
unselected,SHM,2020-02-25,2020-02-26,2020-02-26,49.6037000000,49.47740694263972403782023660,49.35371342528312472772568601,7918,0.12629305736027596217976340,79.180,0,-1.058640932403727621189541445,stop,-1.979416604063508025549922893,-2.058597520330924208258061431,0
unselected,JNK,2026-04-13,2026-04-14,2026-05-12,96.9217000000,95.83092724032779907403548382,95.9395500000,916,1.09077275967220092596451618,9.160,0.2918096342043368665411252772,-0.9183415987588757952861100996,time,-0.9004166920112267544042569889,-0.9095845043821601836605239235,28
unselected,LRN,2024-10-03,2024-10-04,2024-10-07,83.5283000000,78.70259265107486738728445435,78.50583616944718021881624321,207,4.82570734892513261271554565,2.070,0.02729216474955437523945383794,-1.383901160414858191629677495,stop,-1.040772568123409363445940747,-1.042844803192166149514659529,3
unselected,HESM,2025-12-15,2025-12-16,2026-01-07,34.5762270050,33.24599562115822120855258196,33.16288063210532565553120051,751,1.33023138384177879144741804,7.510,0.1832560845888109035760472261,-1.057131129276724811412748293,stop,-1.062481602871866589294115359,-1.069999092025610255756269924,22
unselected,CXT,2017-10-04,2017-10-05,2017-10-20,28.2225163400,27.48961325340668912288644226,28.88303087802682759992077385,1364,0.73290308659331087711355774,13.640,1.548498949943374545703131760,-0.4656936861686223962673405276,target,0.9012303947265925469771338415,0.8875860259376956100822621683,15
unselected,USDU,2022-07-13,2022-07-14,2022-07-18,28.9521989975,28.49114872833107709450657068,28.4088000000,2168,0.46105026916892290549342932,21.680,0,-1.284454292950485728620831845,stop_gap,-1.178611170707083085113973359,-1.200300779560420785375630050,4
unselected,CPRI,2021-07-29,2021-07-30,2021-08-02,54.6362500000,50.24121266825143176056034632,58.88370911341919681884105455,227,4.39503733174856823943965368,2.270,1.047488713404942684427349655,-0.08560837408184378630759414551,target,0.9664216234835353860600854581,0.9641463299546812195358518554,3
unselected,VMBS,2021-06-02,2021-06-03,2021-06-16,53.4833729950,53.33757441497018900713104695,53.20423047893276353461321933,6858,0.14579858002981099286895305,68.580,0.04546686942111910472594039586,-2.012186915263610319236825748,stop,-1.914576369743525916927931677,-1.983164143355280780178058048,13
unselected,HBM,2019-04-10,2019-04-11,2019-04-22,7.4285250000,6.960680615210757426419287741,6.943278913672730532853239522,2137,0.467844384789242573580712259,21.370,0.8581379045104045360455771072,-1.215201076435089952936824771,stop,-1.037195490859350849094762878,-1.058570119528892029393550526,11
unselected,SUPN,2025-05-27,2025-05-28,2025-06-26,32.6414010025,30.59626781259036223050286056,31.1220009975,488,2.04513318990963776949713944,4.880,0.5176190982195996810682057761,-0.8857129752903941674490965732,time,-0.7429345005481688058600531610,-0.7478241576371732830310273256,29
unselected,XMTR,2024-10-03,2024-10-04,2024-10-16,18.0550250000,16.14049043783322949738118392,19.91963566326135357636226904,522,1.91453456216677050261881608,5.220,1.538219814985753340668395641,-0.9375777462948927886767415296,target,0.9739237411055584926785444699,0.9687005394994811801693775138,12
unselected,FN,2024-04-12,2024-04-15,2024-05-06,174.5051820175,159.2468912944676343201476082,189.2890640586810347656527608,65,15.2582907230323656798523918,0.650,1.044338469606324545546226901,-0.9709593483584966190436992852,target,0.9689081371915917318098698039,0.9682527557873755298051251125,21
unselected,EYE,2024-08-07,2024-08-08,2024-09-06,10.7568250000,8.918308914618139079055625261,9.6558000000,543,1.838516085381860920944374739,5.430,0.3193744154150510962777555880,-0.5965816718825110378930459792,time,-0.5988661229315904683939470283,-0.6043052920960653029199019069,29
unselected,NVO,2019-09-03,2019-09-04,2019-09-09,26.7767739975,25.97792016243129894582780672,25.6357509975,1251,0.79885383506870105417219328,12.510,0,-1.873650637693037082359485919,stop_gap,-1.428325120204089097902815221,-1.440843054726040794738924705,5
unselected,MOAT,2019-04-10,2019-04-11,2019-05-01,47.9696229950,47.10005220367705096852180082,48.71709580185714165889950368,1149,0.86957079132294903147819918,11.490,1.081426623782208341488320456,-0.4825645010012258585349535165,target,0.8595882179068483412944073681,0.8480882916216218289607894225,20
unselected,FTHI,2026-02-12,2026-02-13,2026-03-03,23.8494760025,23.32830611175281362195202480,23.26998534647343158789714474,1918,0.52116989074718637804797520,19.180,0.3080070440559437006972453788,-1.438064661459044907996562503,stop,-1.111903558349791120129406133,-1.131091159509296489455711715,18
unselected,APO,2023-06-27,2023-06-28,2023-07-11,74.7163239975,71.59301799563353265596554528,77.64503092436805117567436858,320,3.12330600186646734403445472,3.200,1.131389623811531183232238699,-0.3029888832328568330609950406,target,0.9376945214839259978511891828,0.9344927858890070033409327528,13
unselected,SPB,2020-08-14,2020-08-17,2020-09-15,58.5760750000,54.45913598281710460841308872,57.8450269950,242,4.11693901718289539158691128,2.420,0.8486705742828305933559211671,-0.3925430989516660300344923420,time,-0.1775707636058780915519973738,-0.1799997527063391220359256812,29
unselected,XLV,2023-03-02,2023-03-03,2023-03-09,128.6508270050,125.4924671410489709642291845,125.1787359731963485368186115,316,3.1583598639510290357708155,3.160,0.3321882369944742871362717721,-1.295238408926104904995647491,stop,-1.099333572286519813825044629,-1.102499772602746683114575462,6
unselected,PRAA,2025-07-24,2025-07-25,2025-08-01,15.9898750000,14.79710423906362703507821874,14.76011147846596796749052319,838,1.19277076093637296492178126,8.380,0.02525631997916403046139138765,-1.207168256597470816949242300,stop,-1.031014141031272651582891340,-1.039397981688256562109494290,7
unselected,GWRE,2024-10-03,2024-10-04,2024-11-01,184.6204040100,177.3785642425863084670319465,185.5748930175,138,7.2418397674136915329680535,1.380,0.9472167584908875611037631259,-0.4005063772676971330764110786,time,0.1318020058652693228175552859,0.1304211412892540843935805050,28
unselected,IJH,2022-05-13,2022-05-16,2022-06-07,48.4728810025,45.66161755728841514047632570,51.15593408659230589737486511,355,2.81126344521158485952367430,3.550,1.010619620989013425407084405,-0.6975084479684605912200509480,target,0.9543940425300022239487850467,0.9508369230373296447085872470,22
unselected,FWONK,2019-07-08,2019-07-09,2019-07-16,35.7658737050,33.92554301771801774706581188,37.51218888130127729730185265,543,1.84033068728198225293418812,5.430,1.228175626597958408011401871,-0.1010012528099084179339593471,target,0.9489137948791376359750411299,0.9434799888413927667392279102,7
unselected,IDU,2020-12-08,2020-12-09,2020-12-21,77.6536489975,75.13803756653654162832590037,74.95019247262020027425508562,397,2.51561143096345837167409963,3.970,0.1774316164277612714428657606,-1.197979131596566555818368208,stop,-1.074671744453155961670086952,-1.078646921174375614702533592,12
unselected,XLB,2017-11-30,2017-12-01,2017-12-01,29.9095864975,29.41262669924739288440732394,29.33909513249927440219630563,2012,0.49695979825260711559267606,20.120,0,-1.206511069121182150228301495,stop,-1.147962807065415831288687032,-1.168085159084958769644040272,0
unselected,ACMR,2022-01-19,2022-01-20,2022-01-24,27.7358346700,24.06878742630488251049754734,23.6108250000,272,3.66704724369511748950245266,2.720,0.09476216337203299098511536505,-1.252370467246106156827844574,stop_gap,-1.124885881165636280925161948,-1.127612870848464433618741360,4
unselected,MANU,2025-11-14,2025-11-17,2025-12-16,15.6490250000,14.68023812860373228118514300,15.1919250000,1032,0.96878687139626771881485700,10.320,0.4861502709271896616551669364,-0.8247686086501174569490160037,time,-0.4718272031713259154236666128,-0.4821493909458025270058951539,29
unselected,FMB,2022-05-13,2022-05-16,2022-05-18,50.5761260025,50.17263078374135870604561893,50.04719920678200530928050488,2478,0.40349521875864129395438107,24.780,0,-1.180009031990055508150303887,stop,-1.310862610330911490062900346,-1.335646051460065734842912079,2
unselected,BKDV,2026-03-13,2026-03-16,2026-04-08,29.5938000000,28.77898679185844626958712568,30.33259167512119984608684213,1227,0.81481320814155373041287432,12.270,1.406702773773490395838336494,-0.8146652427419673047962726966,target,0.9067006618685702319046401917,0.8944279103961091396359406934,23
unselected,CF,2024-10-31,2024-11-01,2024-11-04,83.0771780075,79.40411589748794602765191453,86.53336451721827383741721526,272,3.67306211001205397234808547,2.720,1.005378858809409348930547122,-0.09724229996721396143370169428,target,0.9409550958306369588482898397,0.9382325717620289322962531246,3
unselected,VXUS,2021-10-22,2021-10-25,2021-11-22,65.6637500000,64.43987452875014565598661118,64.4384980050,817,1.22387547124985434401338882,8.170,0.4544996717941749505408348039,-0.8691668596917528094110646172,time,-1.001124725335609441653469697,-1.009295491263116537380773285,28
unselected,HMC,2018-02-28,2018-03-01,2018-03-02,36.0298489975,34.78467764688306377515380120,34.2741009975,803,1.24517135061693622484619880,8.030,0,-1.453493124944841879518529642,stop_gap,-1.410045291461365522924750139,-1.418076314657526734687057430,1
unselected,TNA,2024-12-30,2024-12-31,2025-01-31,42.6062500000,37.25157142923282741353462938,44.2391230050,186,5.35467857076717258646537062,1.860,0.7701209223860442364670269091,-0.9031821305582313279451127952,time,0.3049432348590171136617992877,0.3030757091302846632550893103,31
unselected,AXSM,2019-09-03,2019-09-04,2019-09-16,24.6915739975,21.65066083824071365023209532,27.66315593886738813389348492,328,3.04091315925928634976790468,3.280,1.676610523051532422105418878,-0.3556737535258824702070436591,target,0.9772005268612188528111684218,0.9739120409767893788753877382,12
unselected,PBI,2019-03-13,2019-03-14,2019-03-22,6.9874250000,6.406201998106132870505793279,6.390186493110867538329528796,1720,0.581223001893867129494206721,17.200,0.004430313307645387834427827149,-1.165516501915214312130978954,stop,-1.027554836857935994261142582,-1.044759937081801578084163270,8
unselected,SPTS,2021-09-24,2021-09-27,2021-09-27,30.7065739975,30.67553999605346488427738776,30.5534240025,32222,0.03103400144653511572261224,322.220,0,-2.789617627915194360438721168,stop_gap,-4.934909707465354618513911854,-5.257136927091796958163607034,0
unselected,NZF,2025-03-28,2025-03-31,2025-04-04,12.2004250000,11.97389192451595408521443575,11.94395719470466420000139966,4414,0.22653307548404591478556425,44.140,0.8368535128696967355494321460,-1.061324045004335158351429375,stop,-1.132142865880960962611310575,-1.176286530017566355492725959,4
unselected,BYD,2026-08-06,2026-08-07,2026-08-31,83.9694020050,79.20878955136139116635629759,78.8523779925,210,4.76061245363860883364370241,2.100,0.06104256497037266368333183610,-1.348439737011895446618916920,stop_gap,-1.074866745052725383361399237,-1.076967315115377059032740244,24
unselected,VNOM,2026-01-14,2026-01-15,2026-01-23,37.6438739975,35.38018704515456048567055243,39.80779204747082591554362395,441,2.26368695234543951432944757,4.410,1.058506345154014070676747348,-0.4699731101942812793429873205,target,0.9559263694693996604966084877,0.9515087975124473742386652494,8
unselected,ESE,2019-03-13,2019-03-14,2019-03-15,68.4206250000,65.99781727971476931000964573,70.66632413848451761326537838,412,2.42280772028523068999035427,4.120,1.122406032155063197916125000,-0.1612286425907593868107822772,target,0.9268994479760603718761009225,0.9227720052919902027933777480,1
unselected,FFIV,2024-03-14,2024-03-15,2024-04-15,190.7757530075,184.6194549103453267245897154,184.1579062730694634077782411,162,6.1562980971546732754102846,1.620,0.9054553409420372739105780061,-1.147726425197905324002003567,stop,-1.074971781741560326812446456,-1.076596134533154647823003958,31
unselected,ITA,2019-08-05,2019-08-06,2019-08-08,104.2950915100,101.1917615235966958124547200,107.1299254426622959270764168,322,3.1033299864033041875452800,3.220,1.504804358692232898980866841,-0.08380916987221075072480019698,target,0.9134813072031087223983878025,0.9102589621596189081153105338,2
unselected,SIG,2019-07-08,2019-07-09,2019-08-05,18.2354760025,16.24392554610259472475616780,16.20331573223733823794427738,502,1.99155045639740527524383220,5.020,0.4441388841837592210540834297,-1.373540898104239444551749909,stop,-1.020391054484613556881895334,-1.025412267965736900951705904,27
unselected,USIG,2020-11-09,2020-11-10,2020-11-17,60.8617739975,60.34987382644068406588132641,61.22023998313791764428337691,1953,0.51190017105931593411867359,19.530,1.031890654396347997950075394,-0.4723088820222030312045092633,target,0.7002654148290580412245864853,0.6807303559145314044823191520,7
unselected,TRIP,2020-11-09,2020-11-10,2020-11-10,24.0399500000,21.62403863146230183201231744,26.38972171511635392256771335,413,2.41591136853769816798768256,4.130,1.382521330665231926379764316,-0.05792844962052928208443888577,target,0.9726233113173447139184386089,0.9684840866213440506755347943,0
unselected,DECK,2026-04-13,2026-04-14,2026-04-29,108.9416729950,100.7816803198226306413897242,100.5297261190230740647862499,122,8.1599926751773693586102758,1.220,0.6039625525635506222347409205,-1.041872380702253971579831121,stop,-1.030876768010588929121247999,-1.032102259306729416820254553,15
unselected,SGHC,2026-02-12,2026-02-13,2026-02-18,8.7317750000,7.752647261797024328305412811,9.686625481357468232515350721,1021,0.979127738202975671694587189,10.210,1.085889979944160004927173569,-0.2040336436251447858960484374,target,0.9752052200154555298101931129,0.9649920480156985639287740946,5
unselected,NRIX,2022-09-08,2022-09-09,2022-09-20,16.1001489975,13.84689031393210756275821879,13.81227308814727729385132324,443,2.25325868356789243724178121,4.430,0.3150326270466191979679655544,-1.457954659825464245129330796,stop,-1.015363183125523823133071677,-1.019801199973267923802677092,11
unselected,KRYS,2023-11-16,2023-11-17,2023-12-12,98.8464979950,87.17789706556648990625165046,110.2388111771224263185139786,85,11.66860092943351009374834954,0.850,1.314082304959281383337474038,-0.1325347403988285674162325839,target,0.9763221187371177792116660553,0.9754651179655192357102935689,25
unselected,CHWY,2023-09-21,2023-09-22,2023-10-20,18.4259489975,16.41209078315686165360810650,16.7579990025,496,2.01385821434313834639189350,4.960,0.3347062855265884367058193934,-0.9414505867377573992689874764,time,-0.8282360610694911849352664879,-0.8332016539442913145694601466,28
unselected,AEIS,2022-12-02,2022-12-05,2022-12-19,92.5608270050,86.38706964182952155991761143,86.17110196772494775601781740,161,6.17375736317047844008238857,1.610,0.7708714021368615690865116010,-1.297560550854903090783778717,stop,-1.034981561697407803007300356,-1.036601320850829502840017850,14
unselected,IWR,2025-09-19,2025-09-22,2025-10-10,96.4004040100,94.33312108739836573516319680,94.09728828467986982082528881,483,2.06728292260163426483680320,4.830,0.6770234372364633223922868630,-1.175650891045617674028769049,stop,-1.114078629557731286627613479,-1.118915896818380448159176795,18
unselected,BA,2024-01-17,2024-01-18,2024-02-15,206.1540989975,191.7639728682774094000113380,204.8166769950,69,14.3901261292225905999886620,0.690,0.7947044313445368456376350011,-0.5444074587776547498468683543,time,-0.09294025573438477070856420496,-0.09363517667602214870368631082,28
unselected,LCII,2020-02-25,2020-02-26,2020-02-28,104.6209010025,97.78212081571949534324747236,95.0916769950,146,6.83878018678050465675252764,1.460,0.3625057290614695874022427449,-1.414127042889029517022910653,stop_gap,-1.393409898730211517471926237,-1.394872147804882786309208763,2
unselected,TSL,2026-02-12,2026-02-13,2026-03-09,16.7517739975,15.12178597434462330975329029,15.08398150940876175147890706,613,1.62998802315537669024670971,6.130,0.3056623701660826207129924766,-1.025635755447903748750318853,stop,-1.023193093690761365882828259,-1.029328108094512455143027850,24
unselected,XCEM,2025-04-28,2025-04-29,2025-05-05,30.2053239975,29.11363722131190729360709616,31.21876824675387247462692158,916,1.09168677618809270639290384,9.160,1.414944319371199650378659330,-0.1972397231483004120083333240,target,0.9283287764944590687555105446,0.9191686398892346365828571773,6
unselected,DOW,2022-01-19,2022-01-20,2022-01-21,60.0497520050,57.42521428426140042432120853,57.28165124855074692326040551,381,2.62453772073859957567879147,3.810,0.00009410990668882078892448393012,-1.337283506069130898166361031,stop,-1.054700313345182889135445157,-1.058510508154341810932424203,1
unselected,CLX,2023-05-26,2023-05-30,2023-06-05,157.3423719925,151.8151829689958316904817642,162.4623871134641578887444402,180,5.5271890235041683095182358,1.800,1.099587146677111753102390718,-0.1994444170105680942319623310,target,0.9263325533451962008777280868,0.9245233154201903132016059052,6
unselected,CNK,2023-07-26,2023-07-27,2023-08-03,16.1402500000,14.60214924805163110877882019,17.63415487506849796899312686,650,1.53810075194836889122117981,6.500,1.033579886094070952986910417,-0.1171899823673258621015194859,target,0.9712659415685959605300409167,0.9647644168880230971679593918,7
unselected,NEO,2022-10-06,2022-10-07,2022-10-10,8.9222500000,7.738703585372596052781832089,7.719356826409164562649877509,844,1.183546414627403947218167911,8.440,0,-1.083396463503857806792759899,stop,-1.016346430291474547312647108,-1.024795613083471878619278107,3
unselected,CMPS,2021-09-24,2021-09-27,2021-09-29,32.2002989975,29.35869027368179371040514243,29.28529354799758922612912957,351,2.84160872381820628959485757,3.510,0.09491173089362121331948929679,-1.154380956816720132423393436,stop,-1.025829286442217470506140245,-1.029348419782490730558018773,2
unselected,CBSH,2025-09-19,2025-09-22,2025-10-10,56.4741653300,54.38764869272122905829265979,54.25167957098942598564692814,479,2.08651663727877094170734021,4.790,0.4254644579099959855270626375,-1.235997012400261033195739707,stop,-1.065165606304071274562962382,-1.069958283161439625831552075,18
unselected,NWE,2026-07-09,2026-07-10,2026-07-14,70.6461760025,67.35444396480996280357953550,73.75306327008956210342941334,303,3.29173203769003719642046450,3.030,1.058354980785362054742864294,-0.05352045685457138988890581017,target,0.9438457420032921816363719257,0.9408078276513641100083379876,4
unselected,MNR,2026-03-13,2026-03-16,2026-03-27,13.7342500000,12.86877280229541911349329667,14.56322787971031943429043657,1155,0.86547719770458088650670333,11.550,1.000315204486198642662771322,-0.5017463211644605955256233864,target,0.9578275220987162179959827672,0.9462732026706342238560720387,11
unselected,HEFA,2022-07-13,2022-07-14,2022-07-19,31.0073250000,30.04120633333929346325588704,31.89351005749405477040225268,1035,0.96611866666070653674411296,10.350,1.017136956266996464625169020,-0.2974023894943608275318811548,target,0.9172631562508419717798773297,0.9069124608910638511944836948,5
unselected,CONY,2025-02-28,2025-03-03,2025-03-04,104.5607530075,90.70010662766065688573109895,90.47335636109150524351677120,72,13.86064637983934311426890105,0.720,0.02880428383778070287491833947,-1.057724914533887040174904678,stop,-1.016359285155630662155325715,-1.017080752230538889390065419,1
unselected,IVOO,2025-02-28,2025-03-03,2025-03-03,105.4730239975,102.5964975635588496816679210,102.3400063196499525574637512,347,2.8765264339411503183320790,3.470,0,-1.207367315148077371067439600,stop,-1.089167003953958649420894743,-1.092643419078118981028472239,0
unselected,LFST,2024-11-29,2024-12-02,2024-12-18,7.5388000000,6.981826995882828456198949159,6.964372428393121385058451786,1795,0.556973004117171543801050841,17.950,0.4779405788651095278743657477,-1.003280223402791901488338016,stop,-1.031338264800415925138422882,-1.049292456343057154585243534,16
unselected,LOGI,2024-09-05,2024-09-06,2024-09-30,86.3252760025,82.88555426710035630820176350,89.54058524355489458256874091,290,3.43972173539964369179823650,2.900,1.021803584088944521368971849,-0.8766052124125297178034313675,target,0.9347585323442811084725058860,0.9318513204331879132844332354,24
unselected,SR,2020-04-22,2020-04-23,2020-05-14,74.0546780075,64.99273027566827868319903902,64.83024844997910798649104142,110,9.06194773183172131680096098,1.100,0.2378430174485610142541848319,-1.038924443850988748712696541,stop,-1.017930121702029251339938494,-1.019033637226056519933686879,21
unselected,PR,2024-07-10,2024-07-11,2024-07-24,16.2906250000,15.43515620620088492236775426,15.39656831568538271006183487,1168,0.85546879379911507763224574,11.680,0.7707773851945294397116531971,-1.146301311173572334779003052,stop,-1.045107303498628366644382915,-1.056796800617033183315169435,13
unselected,CZR,2017-11-01,2017-11-02,2017-11-03,25.8644989975,24.30877852265508609439173521,27.35166892366405162084424413,642,1.55572047484491390560826479,6.420,2.658254531818936376240037244,-0.3307142933574164009870245416,target,0.9559364617299287477595184527,0.9495085717833129353353742338,1
unselected,P,2024-08-07,2024-08-08,2024-08-14,54.0848760025,48.39131798794213269368618750,59.62898793201522263804802797,175,5.69355801455786730631381250,1.750,1.147810030351905414027736499,-0.1580514328999736565903820109,target,0.9737517234986407898295648903,0.9719953525308854803182265974,6
unselected,GSG,2021-02-05,2021-02-08,2021-02-16,13.6540500000,13.31337181511967491898926825,13.95974136441812426830820492,2935,0.34067818488032508101073175,29.350,1.279653407080181602548639383,-0.1293009119896364252603912486,target,0.8973024337484622456114276299,0.8679492187678410366987394918,8
unselected,FNF,2023-10-19,2023-10-20,2023-11-01,36.9871272250,35.26053858900022964356296863,38.61693157134727093054593879,579,1.72658863599977035643703137,5.790,1.158549137468240613018723957,-0.7012951433558265629146726460,target,0.9439447893756945249526226451,0.9381530218454920789531277651,12
unselected,MCS,2021-08-26,2021-08-27,2021-09-23,15.4886250000,14.26404547778801002686762584,16.67142151090645999819954322,816,1.22457952221198997313237416,8.160,1.144371577820166014473374789,-0.6766608333472970554206087632,target,0.9658797076485027037109246413,0.9577136393625193330013683430,27
unselected,DAR,2019-10-01,2019-10-02,2019-10-28,18.5663000000,17.68777466147059893758337419,19.39621327518307755976058425,1138,0.87852533852940106241662581,11.380,1.040038300465504181940373577,-0.3031227311505573264254169025,target,0.9446662933732825591190774979,0.9332835824127320044300069761,26
unselected,SCHF,2023-06-27,2023-06-28,2023-07-06,17.6740739975,17.30397023537480054582348610,17.26071030978636354445892738,2701,0.37010376212519945417651390,27.010,0.5563980255632723638582962368,-1.172844055968176201242222498,stop,-1.116885938527160784872131704,-1.143905388268979890294179532,8
unselected,TEAM,2025-08-21,2025-08-22,2025-08-29,164.9513429825,151.2195870675464102936997301,178.2363911502099557320345192,72,13.7317559149535897063002699,0.720,1.113379972101817853460195493,-0.08311719124406366884195622770,target,0.9674690003222982756087578868,0.9667407613365535455412039583,7
unselected,IHG,2023-08-23,2023-08-24,2023-09-12,75.8892469925,73.55465709637540053850867603,78.02827729640303796283759566,428,2.33458989612459946149132397,4.280,1.114007651543950332645665365,-0.5650872535214597846934290193,target,0.9162338565132193640385435524,0.9119504489577425242102092155,19
unselected,MDY,2018-08-20,2018-08-21,2018-09-19,368.9099649750,361.9064647494522876528281506,369.3343599750,142,7.0035002255477123471718494,1.420,0.7410638763267991706094047716,-0.1313593125397597717084342102,time,0.06059755641213104553653857448,0.05916969895829367597430201244,29
unselected,POWI,2019-03-13,2019-03-14,2019-04-11,35.6990260025,33.87276970728584470464782619,36.8476490025,547,1.82625629521415529535217381,5.470,0.9067588168427437495928546746,-0.9850884605925687389752598830,time,0.6289495088997391421229689416,0.6234738262005442005092021187,28
unselected,TTD,2024-09-05,2024-09-06,2024-09-19,103.9392000000,97.64785516986957520214218298,109.9549684680550987358631725,158,6.29134483013042479785781702,1.580,1.249463065885873407482741119,-0.9694594978787005132188612999,target,0.9561975428916979050120483510,0.9546080576115224911166960045,13
unselected,EWBC,2018-09-18,2018-09-19,2018-09-20,61.7740489975,59.57978166085408247845739883,63.80839554331055272773874467,455,2.19426733664591752154260117,4.550,1.032669066643291159988380805,-0.1248931672650708021761938760,target,0.9271188208635442389828589869,0.9225614910282081034373825296,1
unselected,VRTS,2024-10-31,2024-11-01,2024-11-06,218.0738239975,206.2412770369576156432119502,229.3316050306472783958960797,84,11.8325469605423843567880498,0.840,2.071926871218284121362354135,-0.3797848436592226836895682560,target,0.9514250034830405065512507997,0.9505798768984305590948494222,5
unselected,WFRD,2023-02-01,2023-02-02,2023-02-08,55.9796000000,51.59843908313408334388445144,60.20985901457375186447525969,228,4.38116091686591665611554856,2.280,2.120533159198801502684735812,-0.8741057616161518003028782190,target,0.9655566400879625411595192230,0.9632741400406569184797944105,6
unselected,SCHM,2025-02-28,2025-03-03,2025-03-03,28.0700000000,27.28554795125771328136852492,27.21733408137956899816510361,1274,0.78445204874228671863147508,12.740,0.03824325533740277708576222269,-1.223782896021710953318488267,stop,-1.086957348110074662733112130,-1.099705099889208921761699537,0
unselected,LEVI,2021-01-07,2021-01-08,2021-01-12,20.3708000000,19.03571439243765624315724673,21.65162089354343789745064639,749,1.33508560756234375684275327,7.490,1.699665539907362430963820005,-0.04554089989106620581316632880,target,0.9593548805323542595771924560,0.9518647241383695873163470211,4
unselected,TUR,2020-03-24,2020-03-25,2020-04-23,19.5788260025,17.44600303695448296854933082,19.8402740025,468,2.13282296554551703145066918,4.680,0.4881675667974140920365504452,-0.7590067383234261533088611050,time,0.1225830761500305039113005024,0.1178944544680887600880048374,29
unselected,ANGL,2023-02-01,2023-02-02,2023-02-03,28.4910500000,28.04910426373422241820683928,27.97898150307488686216132218,2262,0.44194573626577758179316072,22.620,0,-1.043225360415592031967122355,stop,-1.158668259256980566937445272,-1.181295471557963586789285800,1
unselected,CDRE,2024-10-31,2024-11-01,2024-11-06,35.0875000000,33.27667587994742924428567747,36.80607830975243932882503672,552,1.81082412005257075571432253,5.520,2.254497250611770830498699573,-0.1477227948522323090319706552,target,0.9490586582768439145499133591,0.9435363108057324263618023065,5
unselected,TNC,2026-03-13,2026-03-16,2026-04-01,64.5810479950,59.52526943819040204151634334,69.46273448543007396358744752,197,5.05577855680959795848365666,1.970,1.012494702345164651631122010,-0.5520508787396859902329237864,target,0.9655657255508075151145371955,0.9635877908197597994875456700,16
unselected,FTNT,2022-03-17,2022-03-18,2022-03-28,60.7494950000,53.96734604744480316273833855,67.36281484267380884516850730,147,6.78214895255519683726166145,1.470,1.105329159303654990947111183,-0.1016630576567078899983802427,target,0.9751068413474196741381464146,0.9736323824303484901974829680,10
unselected,WIX,2025-05-27,2025-05-28,2025-06-26,152.3800000000,136.5084440401069571425468166,158.8618450125,63,15.8715559598930428574531834,0.630,0.7554391661597871223824485462,-0.4813639582222463659131046327,time,0.4083937976137583824911020585,0.4077637396644766796026667852,29
unselected,NOV,2026-04-13,2026-04-14,2026-04-24,19.3382260025,18.11631199953664882323593448,20.50873965544969279882215536,818,1.22191400296335117676406552,8.180,1.081724241063177275414814738,-0.5877868661445740850207249623,target,0.9579345601335251849045890451,0.9497506781453097428360608757,10
unselected,NEAR,2024-05-10,2024-05-13,2024-05-13,50.2954229950,50.15330699504216600956985134,50.02792372755456059454592671,7036,0.14211599995783399043014866,70.360,0,-1.023255615434902516766811774,stop,-1.882260037749491965850200630,-1.952625091670000659712927382,0
unselected,CHDN,2022-12-02,2022-12-05,2022-12-19,110.7361489975,105.3250516158426561562480393,105.0617389868030495158574192,184,5.4110973816573438437519607,1.840,0.6216574504651956294212854410,-1.527628762609368134260215128,stop,-1.048661594953398832672172879,-1.050509648923726222923160477,14
unselected,LNTH,2025-03-28,2025-03-31,2025-04-07,95.2174530075,86.76216484777880102056788771,85.6852519950,118,8.45528815972119897943211229,1.180,0.4449937035172630590377060530,-1.208409792131425818054020120,stop_gap,-1.127365600371721769910295462,-1.128548292174898556694312408,7
unselected,EBS,2023-03-02,2023-03-03,2023-03-10,11.9498000000,9.953261768644146909255168186,9.928378614222536541982030266,500,1.996538231355853090744831814,5.000,0,-1.277110530594961730269522085,stop,-1.012463149480845236571863219,-1.017471818908231548165986375,7
unselected,IBN,2018-08-20,2018-08-21,2018-09-04,9.7242500000,9.301014828173172590747894488,9.2069250000,2362,0.423235171826827409252105512,23.620,0.1317234571015541504394282070,-1.498575832585842509707754983,stop_gap,-1.222310985561641271319770353,-1.245938511499139773640744022,14
unselected,MGNI,2024-05-10,2024-05-13,2024-05-15,9.1628500000,8.175130414634070117849987819,10.12519316140251505744463715,1012,0.987719585365929882150012181,10.120,1.303153262393938741498967134,-0.2458693779065128566002596190,target,0.9743080684645800769188831696,0.9641837374822241841208490078,2
unselected,IWMI,2026-08-06,2026-08-07,2026-08-31,53.1726010025,51.82761904968748398098253992,51.69805000206326527103008357,743,1.34498195281251601901746008,7.430,0.3623832992560169047756026999,-1.094884581477557803373600082,stop,-1.096335157028147877833028161,-1.103770201029362035126726794,24
unselected,ASHR,2021-12-20,2021-12-21,2022-01-11,38.7666729950,37.82853555020488290084776163,37.6356750000,1065,0.93813744479511709915223837,10.650,0.5258557876961609385613790650,-1.147671912014063515559746562,stop_gap,-1.205578139189404540137262872,-1.216237558078908447172370064,21
unselected,CENT,2024-12-30,2024-12-31,2025-01-07,38.8669250000,36.42952315100138064116824637,36.33844934312387718956532575,410,2.43740184899861935883175363,4.100,0.1694730805959251496046519448,-1.299303190937143607408267661,stop,-1.037365118072311366094802548,-1.041467847379794411495981318,7
unselected,VST,2022-11-03,2022-11-04,2022-11-10,23.2179000000,21.70242683240563821658846623,24.67153973467537587895300494,659,1.51547316759436178341153377,6.590,1.169337760570847720734775553,-0.5199036293402014102854972394,target,0.9591985960285002464657074329,0.9525999968491602107976594924,6
unselected,CHKP,2018-08-20,2018-08-21,2018-09-13,115.2875000000,111.4192643542087002811226362,118.8578463066768214695801704,258,3.8682356457912997188773638,2.580,1.264788510318164240830761719,-0.3380086219469532530185995820,target,0.9229909016947852018830983971,0.9204057437789586014930508515,23
unselected,IDU,2018-06-22,2018-06-25,2018-07-03,65.2627479950,63.85242904484005127864817819,66.50638427779704884954844226,709,1.41031895015994872135182181,7.090,1.238906989657792239925870247,-0.1153994243511668120394287967,target,0.8818120770879552709304726345,0.8747214824399390413730198802,8
unselected,SPYV,2026-07-09,2026-07-10,2026-07-28,61.8442239975,60.81587965339171089738066919,62.71538692075426837986278248,972,1.02834434410828910261933081,9.720,1.036399926353627304066180733,-0.5875677743177948698778358870,target,0.8471509842451481018655678423,0.8374266151101466098042359328,18
unselected,BV,2025-08-21,2025-08-22,2025-09-09,14.7267250000,13.82659877227959331062840508,13.79203227534889432735183407,1110,0.90012622772040668937159492,11.100,0.5813351326571248564087042515,-1.729451883590201504166719461,stop,-1.038401832838755898194044596,-1.049511385801483428773734133,18
unselected,NICE,2021-08-26,2021-08-27,2021-09-20,293.9029380325,281.3775959465227406495543775,278.7414019950,79,12.5253420859772593504456225,0.790,0.8460497042523042607644421967,-1.383828953614374693995670675,stop_gap,-1.210468818610079345277253864,-1.211267199998097122064652311,24
unselected,DAR,2022-07-13,2022-07-14,2022-07-26,57.3029000000,51.20398064968187074696543318,63.24331480194233392990198040,163,6.09891935031812925303456682,1.630,1.030854752928001080628141456,-0.2611775805687464569250762918,target,0.9740110437158793588764588092,0.9723714089829691123707118965,12
unselected,SUI,2018-10-16,2018-10-17,2018-10-25,99.3477479950,95.56026093187640149938914052,102.8773969704782895043593324,264,3.78748706312359850061085948,2.640,1.101587658377130519358597468,-0.6673944895049562422178595347,target,0.9319237047287321999682151161,0.9292834316840098116424047359,8
unselected,APD,2022-12-02,2022-12-05,2023-01-04,316.5293399750,302.6836837353618391932614996,305.8235210100,72,13.8456562396381608067385004,0.720,0.8689120845394039948867678865,-0.9121522126805347018183672948,time,-0.7732258247428352596910859883,-0.7739480729213918968662888533,30
unselected,KMX,2025-02-28,2025-03-03,2025-03-04,84.1698989975,80.04512949629276023948297800,79.84501667255202833888427056,242,4.12476950120723976051702200,2.420,0.07760409458184590713296149579,-1.280047284085735220673512201,stop,-1.048514910634924635546858145,-1.050939288529755654494908803,1
unselected,BKLN,2021-11-19,2021-11-22,2021-11-22,22.0951010025,22.01253302248187302576976142,21.95750168992566834320533702,12111,0.08256798001812697423023858,121.110,0,-1.515139433864496945754516370,stop,-1.666497261336938409824790787,-1.787609585966953580505573164,0
unselected,APLE,2022-11-03,2022-11-04,2022-12-05,16.2906250000,15.25201631320957787589374332,16.5684759975,962,1.03860868679042212410625668,9.620,0.8755713403574684155376759404,-0.8093760534564326382171498230,time,0.2675223123336602305667707955,0.2578940470137324073612136228,31
unselected,QQQI,2025-09-19,2025-09-22,2025-09-24,54.7565489975,53.97182786321220364407769159,53.83689829355417313496749736,1274,0.78472113428779635592230841,12.740,0.09360395596668245534072308050,-1.333658482958836621009843696,stop,-1.171945884674676176218525204,-1.184689265173884830805616192,2
unselected,ARGX,2023-12-15,2023-12-18,2023-12-20,461.1500000000,438.5401047565883646228917638,344.7459600375,44,22.6098952434116353771082362,0.440,0,-5.733330898017905432792017691,stop_gap,-5.148367062709824779998420931,-5.148809346935043113539470466,2
unselected,SKYY,2019-11-26,2019-11-27,2019-12-02,61.4031250000,59.92573449163398085702151859,59.77592015540489590487896479,676,1.47739050836601914297848141,6.760,0,-1.511534687243807152707640632,stop,-1.101404696578684727820676285,-1.108173387688701341979690263,5
unselected,OMCL,2023-12-15,2023-12-18,2024-01-03,38.2754500000,34.88927848066338491529561249,34.80205528446172645300737346,295,3.38617151933661508470438751,2.950,0.5033856053263180292622714237,-1.348263362894983410878804572,stop,-1.025758646809109764179881210,-1.028711834485190360403296606,16
unselected,XLV,2019-03-13,2019-03-14,2019-03-25,92.2600739975,90.04274955447120448506575240,89.81764268058502647385308802,450,2.21732444302879551493424760,4.500,0.2615413384014496170347489162,-1.055360213457769724866721301,stop,-1.101521847465267236644008741,-1.106031787375702857976288661,11
unselected,SAH,2020-02-25,2020-02-26,2020-03-03,29.2730010025,26.31307361634396512220762005,26.24729093230310520940210100,337,2.95992738615603487779237995,3.370,0.03952732017927697886652353257,-1.051715328240790744616454402,stop,-1.022224424946549052732396439,-1.025602886204339125495524161,6
unselected,ROST,2024-03-14,2024-03-15,2024-04-04,145.4226479950,140.5852220484635959522111744,140.2337589933424369623306465,206,4.8374259465364040477888256,2.060,0.6981719291058471846165375051,-1.234675437104399881562912994,stop,-1.072654973741315143612473530,-1.074722188849209456264443433,20
unselected,ULTA,2021-04-06,2021-04-07,2021-04-14,315.3965099625,294.9431093270300475087324220,335.0102858214750276100394091,48,20.4534006354699524912675780,0.480,1.216104817032959297508663828,-0.03845448375640876500917702235,target,0.9589493800342002130783000373,0.9584604637811905221746985254,7
unselected,MDY,2018-11-13,2018-11-14,2018-11-20,341.2610290100,330.1940073955037690732335313,329.3685223770150096505504475,90,11.0670216144962309267664687,0.900,0.006230943825904776349941758289,-1.191921590965506868692216751,stop,-1.074589627385157625369265991,-1.075493212861750660686847284,6
unselected,ISRG,2017-10-04,2017-10-05,2017-10-09,121.6845637775,118.4124969856048527905568091,118.1164657431408406585804171,305,3.2720667918951472094431909,3.050,0.2492113622251909418748121425,-1.138291182418917140167850614,stop,-1.090472249282097906448106281,-1.093528421614756221021258716,4
unselected,DEA,2023-02-01,2023-02-02,2023-02-09,41.3531250000,39.44156144719035556753133486,39.34295754357237967861250652,523,1.91156355280964443246866514,5.230,0.3253216452500163286027008937,-1.106751589237209277804982176,stop,-1.051582853979950815876990020,-1.056814173642486676552766278,7
unselected,IXN,2018-02-28,2018-03-01,2018-03-12,27.2980750000,26.32381094976204800064432270,28.20165820261235711935728811,1026,0.97426405023795199935567730,10.260,1.117348012311574882080857671,-0.9868053735177724030733969131,target,0.9274520622942702718301268811,0.9171879044434724074136985253,11
unselected,ASH,2019-10-01,2019-10-02,2019-10-15,74.9268479950,72.01869215284081787675062304,77.64041632756628416794125352,343,2.90815584215918212324937696,3.430,1.008595537583796934919406023,-0.6316208947166378317116110065,target,0.9330890364360855575980656678,0.9296504311677463529921354497,13
unselected,RF,2021-06-02,2021-06-03,2021-06-08,23.0374500000,21.83877465325306633920763112,21.78417771661993367335961204,834,1.19867534674693366079236888,8.340,0.3441724242678517817766389015,-1.057375546631298289939428036,stop,-1.045547726314137052328622583,-1.053890268794166231309564065,5
unselected,USPH,2021-06-30,2021-07-01,2021-07-07,117.6935020050,111.0961242319768264815088046,110.8183839213968844153050326,151,6.5973777730231735184911954,1.510,0.3708286957590607255895518253,-1.014570066363317958479822269,stop,-1.042098591309357554007633955,-1.043614345044256626408046005,6
unselected,GT,2025-12-15,2025-12-16,2026-01-15,9.0124750000,8.418646969727257137576176041,9.2967000000,1683,0.593828030272742862423823959,16.830,0.6189081371440098964306992005,-0.6946034524684728441065305836,time,0.4786318353302665473451206864,0.4617919431557475378510536379,30
unselected,FLEX,2018-09-18,2018-09-19,2018-10-05,9.8587985325,9.439611165975427429173503177,9.416012138060488860600569419,2385,0.419187366524572570826496823,23.850,0.8222277077613114359340479866,-1.622664676513162419718881868,stop,-1.056297087649837854546440912,-1.080152768423112791959385114,16
unselected,GRBK,2023-03-30,2023-03-31,2023-04-18,34.6764750000,32.43685563989258098144046457,36.82380412420715047101313659,446,2.23961936010741901855953543,4.460,1.140160263607260969329505540,-0.8780402755161402852618277618,target,0.9587919994155426373136836664,0.9543269549628458320373323264,18
unselected,FND,2026-08-06,2026-08-07,2026-08-20,60.9118979950,55.21029864252223350476861718,55.07227289591592792100669564,175,5.70159935247776649523138282,1.750,0.4100782711054437382438174697,-1.094762997033004945486484698,stop,-1.024208250715884340633289532,-1.025962144558960890829583545,13
unselected,MOH,2018-09-18,2018-09-19,2018-10-05,149.1419290100,142.1079977477089169481406404,141.7527277533396446557702888,142,7.0339312622910830518593596,1.420,0.6991920743334208939227407016,-1.038101274765887286090748540,stop,-1.050508027605256154627405976,-1.051929707690987162020050829,16
unselected,CPRI,2024-10-31,2024-11-01,2024-11-27,19.8896000000,16.01676140164144923337571374,23.70303250186265438970772554,258,3.87283859835855076662428626,2.580,1.022609101675076499699104844,-0.3071646209331303224334803109,target,0.9846608385588093364632263676,0.9820787531591651679456546454,26
unselected,EPC,2019-05-09,2019-05-10,2019-05-23,33.5937729950,30.69741715133052359485444186,30.62067360845219728586730576,345,2.89635584366947640514555814,3.450,0.3543162720295600142240790578,-1.116496787529753727269490225,stop,-1.026496586407386224459330190,-1.029949200844198903107286291,13
unselected,VRNS,2018-04-26,2018-04-27,2018-05-01,22.2722086675,20.98086443796932314869588704,20.92841227687439984082414732,774,1.29134422953067685130411296,7.740,0.2280254371888257991164880498,-1.087142092244622450368698892,stop,-1.040618264205189037413424986,-1.048362132781296259252504855,4
unselected,CPRT,2019-09-03,2019-09-04,2019-09-05,18.8294552475,18.10824360254830763567708346,19.50179022522056313341210925,1386,0.72121164495169236432291654,13.860,2.118718913090137779674515142,-0.5885293872763666527123308973,target,0.9322297863973022098120940066,0.9183642310225414317917885108,1
unselected,SCHW,2020-09-14,2020-09-15,2020-10-01,34.7667000000,32.70249008975305189796629900,36.73883263547133073177861675,484,2.06420991024694810203370100,4.840,1.450093803513375288199997756,-0.4731587592674401715464513083,target,0.9553934537768972011538252619,0.9505489852224352822663640142,16
unselected,RVMD,2026-06-09,2026-06-10,2026-06-18,149.2522050125,136.3333468510726483605208222,161.7656355159925332603804799,77,12.9188581614273516394791778,0.770,1.201947865165228948073527941,-0.6047131189833313982452281071,target,0.9686173767937688743527371763,0.9678433145759594374679257704,8
unselected,MRTN,2020-06-18,2020-06-19,2020-07-17,17.1093346700,15.54820338526820510030068496,18.62378978984496541245006675,640,1.56113128473179489969931504,6.400,1.932785768570631778043717037,-0.6977854333289782301264659649,target,0.9701010636688069866802780102,0.9636954524958055964819244963,28
unselected,PVH,2024-12-30,2024-12-31,2025-01-10,106.8263979950,100.2972294882630145323539875,100.0464864145423569960231025,153,6.5291685067369854676460125,1.530,0.4676857400523830815274294923,-1.082281149231894938186615713,stop,-1.038403523122727428331289459,-1.039935111714702303832427598,10
unselected,CRNC,2021-10-22,2021-10-25,2021-10-28,95.1673250000,88.08114958938606770163883962,101.9978666595873974676152575,141,7.08617541061393229836116038,1.410,1.332549006034540870340427341,-0.04971976836366169325951143320,target,0.9639250037977274365250194176,0.9625138053132781756689438440,3
unselected,EMB,2025-07-24,2025-07-25,2025-08-11,92.7412770050,91.95236430522576291142824411,93.29636423051230149585032650,1267,0.78891269977423708857175589,12.670,1.088486717536350892059386737,-0.4199108533742710654779596753,target,0.7036104573689213536774000721,0.6909347836183762084284547294,17
unselected,RMD,2023-12-15,2023-12-18,2023-12-20,169.4225000000,161.3048096625039722209091068,177.0963398616522877096431660,123,8.1176903374960277790908932,1.230,1.018454961482330075157659791,-0.1505973927526153563519506336,target,0.9453230589748451021970122891,0.9440911814845435212900374135,2
unselected,VFC,2023-05-26,2023-05-30,2023-06-28,18.2154250000,16.32786033470709560268350517,18.7430259975,529,1.88756466529290439731649483,5.290,0.9454378082051441181155213198,-0.7657618446548452359397208880,time,0.2795141311983232541916180988,0.2742162994557226679561529526,29
unselected,COR,2023-11-16,2023-11-17,2023-12-01,197.7030320175,190.2596910783069034225292923,204.6335070243013638360270309,134,7.4433409391930965774707077,1.340,1.091844381292174555171462192,-0.4316646306743422756442982061,target,0.9310973477392088226212227112,0.9297538650099219305428423021,14
unselected,MTCH,2022-12-02,2022-12-05,2022-12-06,48.4708729950,43.40888818509513480732463035,43.30036596463239697030631877,197,5.06198480990486519267536965,1.970,0.06205609396245969662292166380,-1.300058029040920960429284003,stop,-1.021438669719117035582597129,-1.023414179400701390185377035,1
unselected,PSO,2025-04-28,2025-04-29,2025-05-20,15.7994000000,15.17327772823298781626190757,16.38445846608759465327874720,1597,0.62612227176701218373809243,15.970,1.198805782585716965849752328,-0.3983247541988169598985986266,target,0.9344156764084924952263239879,0.9184443550693258168021620542,21
unselected,AMT,2017-12-29,2018-01-02,2018-01-10,143.5179040100,138.8455247632710452184313370,138.4984109513628676053852587,214,4.6723792467289547815686630,2.140,0,-1.602589305061686095671970027,stop,-1.074290590206517480984778626,-1.076430827432979954626217048,8
unselected,SOXL,2018-03-28,2018-03-29,2018-04-24,9.8131386675,8.050833670475051196403649721,8.030706586298863568412640597,567,1.762304997024948803596350279,5.670,0.5244236009431892103854583790,-1.082184225045921945095784554,stop,-1.011420885834271223231079309,-1.017095272513581326124243918,26
unselected,GPOR,2026-08-06,2026-08-07,2026-08-11,159.1970030075,148.6812611819956360560637596,169.2884629709218530340763998,95,10.5157418255043639439362404,0.950,1.181370957812019037892858900,-0.2878546333420292487874286247,target,0.9596526931601269905601855530,0.9587017379002948700188804074,4
unselected,CGAU,2026-06-09,2026-06-10,2026-06-15,14.8470250000,13.12447742207058704009779224,16.52814864648458942750245224,580,1.72254757792941295990220776,5.800,1.493703299094265188805932333,-0.09115858511655845520156687282,target,0.9759519377138963334128475812,0.9701465828266771991857138845,5
unselected,TKO,2024-02-14,2024-02-15,2024-02-28,88.0395500000,83.22318010965255858838198608,83.01512215937842719191103111,207,4.81636989034744141161801392,2.070,0.1122114813239589213794904998,-1.067099935638299842461712861,stop,-1.043198083828881878764144286,-1.045274336323533742784991475,13
unselected,XENE,2022-05-13,2022-05-16,2022-06-14,29.7140989975,25.26799048674425047901538873,28.3988240025,224,4.44610851075574952098461127,2.240,0.4354146998024876251152520031,-0.8960867661825875805484693568,time,-0.2958261121648669697979687641,-0.2980752700465985157534818069,29
unselected,GIS,2017-11-30,2017-12-01,2017-12-20,56.6512729950,54.63289709234361537995098999,58.52297477541224365849888748,495,2.01837590265638462004901001,4.950,1.178534683192243126453200744,-0.6744392822013133745817799014,target,0.9273306215898123127645458017,0.9223761430970602939104314929,19
unselected,IQLT,2024-01-17,2024-01-18,2024-01-24,36.3706989975,35.56668746533398919963908007,37.08177375334184577336001763,1243,0.80401153216601080036091993,12.430,1.068767011568900149817873901,-0.1998727519082636298373013493,target,0.8844086526050280396910204170,0.8719710200588132440226320992,6
unselected,AZN,2024-02-14,2024-02-15,2024-02-16,123.8488510025,118.8883410949085989048690627,128.4873375078161725923931100,201,4.9605099075914010951309373,2.010,1.050526477031127818493387309,-0.06226174491201925057948861219,target,0.9350826007257007012940626750,0.9330666789381650430879569907,1
unselected,MQ,2026-06-09,2026-06-10,2026-07-02,15.7192000000,14.15420860148279651102440169,17.24098092002091048025315931,638,1.56499139851720348897559831,6.380,1.233744800022155064217828743,-0.5617922250774180300706002855,target,0.9723893188568103119361755546,0.9659995073795876318853270527,22
unselected,ATHM,2026-02-12,2026-02-13,2026-02-27,20.8119000000,19.45639620199202736689243178,19.40775521148704729847520070,737,1.35550379800797263310756822,7.370,0.3748421810006699227394130693,-1.277679931657272661272169838,stop,-1.035884068031725262571641365,-1.043261398891805363393121645,14
unselected,BKH,2019-11-26,2019-11-27,2019-12-27,76.9218280075,74.67433503277402552492158222,77.7950230050,444,2.24749297472597447507841778,4.440,0.9469106317271037000295169414,-0.7616615610149859129458338970,time,0.3885195670551380826027231854,0.3840701649379994295883634326,30
unselected,TRV,2025-03-28,2025-03-31,2025-04-04,262.5046310150,252.4112737774256005773182539,251.7802455929820365758749583,99,10.0933572375743994226817461,0.990,0.3681005137883007119993751541,-2.245500132565077664675828718,stop,-1.062519156866304526483960488,-1.063509907492149130522767609,4
unselected,BDC,2017-11-30,2017-12-01,2017-12-14,83.8691540100,80.68858497011931942034648974,80.48686350769402112179562352,314,3.18056903988068057965351026,3.140,0.7957217586746505773074332324,-1.018420593731717062464079196,stop,-1.063423073008616691703333521,-1.066567164482378616761927946,13
unselected,COKE,2018-09-18,2018-09-19,2018-10-02,18.3808364975,17.38652723306973968948031569,17.34306091498706534025661490,1005,0.99430926443026031051968431,10.050,0.1168283416996639804241055454,-1.302247242201793160801581280,stop,-1.043715089095122301319761015,-1.053772322148995137189539093,13
unselected,PTON,2026-05-11,2026-05-12,2026-05-28,5.3433250000,4.665941754697409205868852960,6.005656474689334317145819172,1476,0.677383245302590794131147040,14.760,1.176106739463449421047845357,-0.6692297206103721201198914192,target,0.9777795351189520950270798052,0.9630168434383615226977379110,16
unselected,BABA,2023-03-02,2023-03-03,2023-03-10,90.3352760025,82.35669267028341551702043877,82.15080093860770697822788767,125,7.97858333221658448297956123,1.250,0.1209145730927626513260323788,-1.003345289404403626180534202,stop,-1.025805550071068613747281411,-1.027058905407926621095894378,7
unselected,EWL,2026-07-09,2026-07-10,2026-07-23,63.1374500000,61.52001525986408282897424403,61.1667000000,618,1.61743474013591717102575597,6.180,0.1808728307489032148086473699,-1.185487706192629363635707027,stop_gap,-1.218441740551704018404176395,-1.224624370213262836206557094,13
unselected,PRMB,2024-06-10,2024-06-11,2024-06-17,22.7567510025,21.85471209250998852332429847,23.59964293770878644798401228,1108,0.90203890999001147667570153,11.080,3.163111885640936283831803006,-0.6393859467840323223337239046,target,0.9344296857639101407445738526,0.9233436894845359696986600849,6
unselected,EWY,2023-02-01,2023-02-02,2023-02-06,65.4732729950,63.24369516418793357514523573,61.6355259975,448,2.22957783081206642485476427,4.480,0,-1.822440526115231975305014543,stop_gap,-1.721288642389397676255029403,-1.725773796422507952113580262,4
unselected,BABA,2020-03-24,2020-03-25,2020-04-14,186.2845570175,166.5796956237693634841990399,205.4744448652025599245114577,50,19.7048613937306365158009601,0.500,1.100512383680075626015451676,-0.08980311924766993776360760720,target,0.9738656600653926818404734253,0.9733581710858872673605347498,20
unselected,NWG,2023-07-26,2023-07-27,2023-08-02,6.2556000000,5.973783637077688653575219169,5.958849177984994431941281121,3548,0.281816362922311346424780831,35.480,0.6543268037663014208397139966,-1.155362295587352183434983066,stop,-1.052993583970179977876964681,-1.088477683957506519137252859,6
unselected,SJNK,2023-05-26,2023-05-30,2023-06-01,24.5813000000,24.34466370221438606369245556,24.2492240025,4225,0.23663629778561393630754444,42.250,0,-1.273257749633020023875361952,stop_gap,-1.403318090282378578640767596,-1.445577034043659566094272651,2
unselected,IDCC,2026-07-09,2026-07-10,2026-07-30,265.6725350250,241.8949342756666625798867750,288.7265104348975040765629419,42,23.7776007493333374201132250,0.420,1.971917329645406023326590111,-0.5060450022627855447840891812,target,0.9695669320439690732401703641,0.9691463681651563476038188293,20
unselected,ACA,2024-08-07,2024-08-08,2024-08-23,80.7513780075,73.21233087880735331395189673,88.06969907335216506933298301,132,7.53904712869264668604810327,1.320,1.473478385646642966471497518,-0.2694474477774305960317964640,target,0.9707222863748355513135101462,0.9693958587999313857408287962,15
unselected,MRCY,2025-12-15,2025-12-16,2026-01-05,73.7940260025,68.29730263569496837400972542,79.09252249588176904692529889,181,5.49672336680503162599027458,1.810,1.425571285763040895563441170,-0.9067270935624625380756290642,target,0.9639372658590818125661779331,0.9621180002106792632105663841,20
unselected,AIR,2024-01-17,2024-01-18,2024-01-30,57.3730750000,53.47165072839352071209388470,61.12131302342746308968635001,256,3.90142427160647928790611530,2.560,1.260290001214189969729754849,-0.2058414937961412496223703338,target,0.9607358140221086242717741961,0.9581726475208958950793280319,12
unselected,WTM,2024-10-03,2024-10-04,2024-10-14,1774.2746009400,1724.795175801714359466936154,1819.194641013089926431731186,20,49.479425138285640533063846,0.200,1.505381456066382361987108862,-0.4798877891899190357987412754,target,0.9078529095183888116964805847,0.9076508053109924668475707748,10
unselected,RYAAY,2020-05-20,2020-05-21,2020-05-26,25.4736894100,22.90363468849562669590718110,27.97363477117561237083258685,389,2.57005472150437330409281890,3.890,1.248916827779123265226352171,-0.1337078184074047759727893445,target,0.9727206740999963441935513577,0.9688297063644352383150215084,5
unselected,AOM,2022-11-03,2022-11-04,2022-11-10,37.0523989975,36.16868452869678783154070621,37.84127318263745413803814556,1131,0.88371446880321216845929379,11.310,1.468346449342737550805737392,-0.2742944763915343511397044677,target,0.8926799469582099702612477408,0.8813640747471974039903690193,6
unselected,EFAV,2025-09-19,2025-09-22,2025-09-25,84.7914520050,83.69541281784246514010222825,83.48617428579785897725197268,912,1.09603918715753485989777175,9.120,0.01692092328203805793434937688,-1.296896152669853077330888803,stop,-1.190904243658700580357618266,-1.200028005032537927954417131,3
unselected,LEU,2026-02-12,2026-02-13,2026-03-16,186.7156250000,126.5126395160276501463972603,212.3078960100,16,60.2029854839723498536027397,0.160,0.6752882713901835343665344963,-0.07666760980198899982238882525,time,0.4250996990309284454573518051,0.4249335943117087936623869503,31
unselected,ADP,2021-06-02,2021-06-03,2021-07-01,196.9210679825,190.2052612621221498435055449,199.3104730050,148,6.7158067203778501564944551,1.480,0.5343999860225395053731904944,-0.7059576280112560773305716237,time,0.3557882354252096998356883149,0.3542992110359793063943616956,28
unselected,EVRG,2017-10-04,2017-10-05,2017-10-11,50.7164750000,49.57649010171051163093415774,51.72681874854376464814317765,877,1.13998489828948836906584226,8.770,1.239951513498952034921137773,-0.4442830784512596378409156781,target,0.8862781867196256676472929875,0.8775061406907662619135382651,6
unselected,KNF,2026-08-06,2026-08-07,2026-09-04,67.5985750000,59.32208760397680943445503704,61.6754269950,120,8.27648739602319056554496296,1.200,0.1457653400861434259745411052,-0.9096340802279770754139551162,end_of_data,-0.7156596417758144614915708213,-0.7168678838139531226265318931,28
unselected,LYV,2021-10-22,2021-10-25,2021-11-02,100.8815719925,95.90723701382509025130916775,105.5912672037469724743191051,201,4.97433497867490974869083225,2.010,1.240051390576671619484605906,-0.4285139624971174889100035434,target,0.9467989653767882261297757285,0.9447886464009110016174537337,8
unselected,SVIX,2026-06-09,2026-06-10,2026-06-15,20.9823250000,19.30993455722146690848842488,22.59807865417158675878279618,597,1.67239044277853309151157512,5.970,1.562239255361485163787298121,-0.7123486056406276913035851139,target,0.9661342308839978943131985454,0.9601547659551109181202739857,5
unselected,TTE,2020-08-14,2020-08-17,2020-09-08,39.7390989975,37.88327295569515063192698942,37.78856477330591275534717195,538,1.85582604180484936807301058,5.380,0.1836934038108771640108886483,-1.104144435599785857701617102,stop,-1.051032898696222185575651742,-1.056421334775217329187239283,22
unselected,SNN,2023-09-21,2023-09-22,2023-09-27,25.5036010025,24.73905100845283364075931054,24.67720338093170155665741226,1307,0.76454999404716635924068946,13.070,0.04760970215605602854110444716,-1.770454532782972077935104038,stop,-1.080894157350966640928140178,-1.093973746753701085770095029,5
unselected,ARCB,2018-12-13,2018-12-14,2019-01-08,34.9371229950,31.12526819708570387481448068,38.65210534843201038487255552,262,3.81185479791429612518551932,2.620,1.005514954844871435686337246,-0.6787050221366190796476283146,target,0.9745865334284793046121135595,0.9719631386429613397963176056,25
unselected,RSG,2021-11-19,2021-11-22,2021-11-30,137.2923719925,133.0333212060135946858445963,132.7007379029985606991299848,234,4.2590507864864053141554037,2.340,0.4009409826523210130547669719,-1.395232480287534074759426663,stop,-1.078088597597918213194098594,-1.080436538606682213646666523,8
unselected,AGNC,2019-11-26,2019-11-27,2019-12-19,17.3532739975,16.98272540785500232687436990,17.67951303067713517894281602,2698,0.37054858964499767312563010,26.980,1.340515161522773576202128928,-0.5215888088662413769248094193,target,0.8804217376449521625154478838,0.8534347235813432501512893571,22
unselected,BALL,2022-05-13,2022-05-16,2022-06-14,70.4055780075,63.83466373918792095271813682,66.3337500000,152,6.57091426831207904728186318,1.520,0.7479053586499470682510393590,-0.7069908109900427301190890625,time,-0.6196744990474455803252016118,-0.6211963572838594266443850764,29
unselected,AAON,2021-07-29,2021-07-30,2021-08-06,41.3564673350,39.37084919271105312270269736,43.23373026359572451010405938,503,1.98561814228894687729730264,5.030,2.009550869836556192882855322,-0.1493068222363463175668467796,target,0.9454299840510550031574340834,0.9403937689868270085162601781,7
unselected,WWD,2021-12-20,2021-12-21,2022-01-03,104.0494760025,96.92585933001381276562605680,110.8951599432987217662880083,140,7.12361667248618723437394320,1.400,1.116079705440581614533982951,-0.1641692775268106106468037088,target,0.9609843223652199707132899629,0.9595805410474206320231812134,13
unselected,RNG,2023-09-21,2023-09-22,2023-10-10,28.8519510025,26.55561147235852938781527804,31.07041980630986693565426016,435,2.29633953014147061218472196,4.350,1.009453944886448012522186394,-0.3710039353141797137238507624,target,0.9660891931225839700099419207,0.9617344364027081727662635700,18
unselected,ITT,2023-12-15,2023-12-18,2023-12-27,116.4604229950,112.5583062685276233349574707,120.0616333721686957233799230,256,3.9021167264723766650425293,2.560,1.073668293051678473127854630,-0.5639044521841463477211774522,target,0.9228863792663350822911587026,0.9203236676149488149658863519,9
unselected,DSGX,2025-10-17,2025-10-20,2025-10-29,96.9918750000,92.23274626207006978729629837,92.00216439641489461282805762,210,4.75912873792993021270370163,2.100,0.1508940059294048689169458194,-1.546896166377332128674918614,stop,-1.048450436698098433802462369,-1.050551661638768915069164858,9
unselected,XHR,2018-11-13,2018-11-14,2018-12-14,20.3708000000,19.30094464592146063471958264,19.25269228430665698313278368,934,1.06985535407853936528041736,9.340,0.2843365683410585487395534858,-1.075660364378116032426230497,stop,-1.045101762056762476903800609,-1.054448820013595291894630739,30
unselected,RDVY,2019-02-12,2019-02-13,2019-03-14,30.1351489975,29.33151747502602327343444891,30.0347259975,1244,0.80363152247397672656555109,12.440,0.6891840190576083632590315558,-0.9521129723041409145554722078,time,-0.1249614993832598288442938590,-0.1374050132578961003004636467,29
unselected,VXUS,2017-09-06,2017-09-07,2017-10-05,54.6462729950,53.94169372943528784792171062,54.8824500000,1419,0.70457926556471215207828938,14.190,0.8994389076892234669663075514,-0.7043508363849516964807512988,time,0.3352028885078059392620616119,0.3210100212340505650137489275,28
unselected,BRO,2019-10-01,2019-10-02,2019-10-21,35.3882489975,34.10428746217040510091934193,36.58053000649752091183295642,778,1.28396153532959489908065807,7.780,1.029431152048261900096693742,-0.3179604577447110633403765576,target,0.9285955818695616490878079846,0.9208071865595471753023487427,19
unselected,BLDR,2023-07-26,2023-07-27,2023-08-02,144.0592469925,136.2393572174614813431334509,151.4994389256196723602243827,127,7.8198897750385186568665491,1.270,1.635669987105028752022248115,-0.3963278360256342595413970087,target,0.9514446043560791740164472228,0.9501658139526747036879320069,6
unselected,SLGN,2024-12-30,2024-12-31,2025-01-29,51.9495500000,49.91953179967385274754508049,53.84461927982533188432378221,492,2.03001820032614725245491951,4.920,2.788374507721447677410631636,-0.8470613710378228437436260166,target,0.9335232952694048883251407529,0.9285972310605256882801078895,29
unselected,BIIB,2019-10-29,2019-10-30,2019-11-13,303.2662850250,281.9538761093349190730402563,281.2489914190615817753576557,46,21.3124089156650809269597437,0.460,0.1714366493932288908649948708,-1.047102329600904816911323004,stop,-1.033073909808254092946073900,-1.033543120024685788003681452,14
unselected,RPM,2020-10-12,2020-10-13,2020-10-28,88.1498250000,83.60420215095723344477693913,83.39519164557984036116499678,219,4.54562284904276655522306087,2.190,0.5390181018902538635534918765,-1.027322801534972868286073898,stop,-1.045980608668712420794178806,-1.048180527212791773001363735,15
unselected,KBE,2024-01-17,2024-01-18,2024-01-23,44.2704000000,42.42702242390138936574746269,45.99849313215836410766690597,542,1.84337757609861063425253731,5.420,1.095598116298211048036502899,-0.3202816436823232919575457290,target,0.9374602113885758593145438177,0.9320353868004606274046937884,5
unselected,HYMB,2020-03-24,2020-03-25,2020-03-25,23.3031135025,20.59396853023931695665305715,25.94722782857378133573857549,369,2.70914497226068304334694285,3.690,1.445801364491580297840617831,-0.02145049567115163577416106183,target,0.9759958780896704851364035345,0.9723046765842540498737574177,0
unselected,OGN,2024-12-30,2024-12-31,2025-01-06,14.6966500000,13.65913814668482247551892537,15.69482644868188958066987194,963,1.03751185331517752448107463,9.630,1.292852699189858688535546686,-0.1220708945110490199448518193,target,0.9620867901339161354328364260,0.9524483460351361101707083708,6
unselected,HEI,2021-05-04,2021-05-05,2021-05-11,140.4302020050,134.5220055214732808564214099,134.1857005076695976542803564,169,5.9081964835267191435785901,1.690,0.3503265337859069823611739665,-2.019262906754012833850859581,stop,-1.056921772107845692153063986,-1.058614335993945634878929724,6
unselected,IVE,2017-12-29,2018-01-02,2018-01-05,114.8564250000,113.4531106839906373616665600,115.9690899677193392317376064,712,1.4033143160093626383334400,7.120,1.071446348723751233606894013,-0.3965056107902541068133670533,target,0.7928836434046011320986972031,0.7857576561001765387718092106,3
unselected,VHT,2020-01-27,2020-01-28,2020-01-31,192.4198520050,188.5922762046365311383432576,188.1207955141249398104973995,261,3.8275758003634688616567424,2.610,0.2247236997679627749391787418,-1.601499049193984600813158846,stop,-1.123179974768055342663104614,-1.125792594483921033444703853,3
unselected,DB,2021-06-30,2021-07-01,2021-07-06,13.1828750000,12.60553415409755951632101066,12.57402031871231561753020813,1732,0.57734084590244048367898934,17.320,0.04698264498781644165965199667,-1.148151918757560323138868840,stop,-1.054584454934908817819722109,-1.071905245713827321657381831,5
unselected,PDD,2023-12-15,2023-12-18,2024-01-17,147.6181250000,138.1254327466983265384544696,136.9866769950,105,9.4926922533016734615455304,1.050,0.5658963607644180188901547594,-1.223901996397183871515778324,stop_gap,-1.119961305108385187665358893,-1.121014747033306105517005160,30
unselected,VET,2026-04-13,2026-04-14,2026-04-17,12.7016750000,11.29365024416647701768047626,11.26541611855606082513627507,710,1.40802475583352298231952374,7.100,0.1195469037761022235986739739,-1.194350449473795971307292767,stop,-1.020052293465324865749705736,-1.027154441320729720857305556,3
unselected,MTSI,2025-12-15,2025-12-16,2026-01-12,175.9788429825,160.9241571934480767075543336,190.5559449496230434842145522,66,15.0546857890519232924456664,0.660,1.566366468747471318995466765,-0.8660985134596507461919288827,target,0.9682767326651089209428897902,0.9676124876492964882858279501,27
unselected,ICFI,2024-10-03,2024-10-04,2024-10-16,167.0565989975,160.5432350270577230221446252,173.1360380605224212854107364,153,6.5133639704422769778553748,1.530,1.528149823603997753300158317,-0.4109388036115308980430259504,target,0.9333792938043978390100842726,0.9318439888459493139903944832,12
unselected,RYZ,2022-12-02,2022-12-05,2022-12-16,31.2479250000,28.44914093050286061677910229,28.37801807817660346523715453,357,2.79878406949713938322089771,3.570,0.2115472238293748640111226049,-1.003265679050582418871878443,stop,-1.025412054149299153601759738,-1.028985034326293197667310937,11
unselected,SIGI,2018-04-26,2018-04-27,2018-05-02,60.9519989975,58.08200217712663311680080557,57.93679717168381653400880356,348,2.86999682037336688319919443,3.480,0.01672510650856937155481618021,-1.167945892380440924118031952,stop,-1.050594134603928379421261088,-1.054078459021646399280287194,5
unselected,NMRK,2024-08-07,2024-08-08,2024-08-23,12.0701000000,11.00683628136577538640086564,13.10053030933763905206513652,940,1.06326371863422461359913436,9.400,1.570541692276500496629008357,-0.2869466856180371887666988739,target,0.9691201639619938489664623685,0.9597151595169582151163575218,15
unselected,VIS,2018-04-26,2018-04-27,2018-05-03,137.5229429825,132.6357131811409802263094238,132.3041238981881277757436502,204,4.8872298013590197736905762,2.040,0.05055236351507316852099353326,-1.175091865109970257468271929,stop,-1.067848105456519669617933638,-1.069894254380644179407139599,6
unselected,AWI,2024-12-30,2024-12-31,2025-01-15,143.0166540100,136.8468348236774969166403680,148.8135070133316968256512329,162,6.1698191863225030833596320,1.620,1.003814342522333162490173144,-0.6510164866588434210452027769,target,0.9395499006165995422304331589,0.9379291075758296616774272932,15
unselected,PDD,2021-12-20,2021-12-21,2022-01-19,56.1400000000,46.24537835102861141958827586,65.86953509484896010896069483,101,9.89462164897138858041172414,1.010,1.031873512926226631310009423,-0.8560208060992926168691749431,target,0.9833155263557156516872618563,0.9823048762919974936314914150,29
unselected,EWP,2026-07-09,2026-07-10,2026-07-30,59.3680510025,57.62174991180426150638700392,60.96156621296274914737896359,572,1.74630109069573849361299608,5.720,1.266649267577759655775880379,-0.4455422988884574722051357939,target,0.9125088559773398586796797813,0.9067824666088169709759892280,20
unselected,ARR,2023-10-19,2023-10-20,2023-10-26,15.4886250000,14.02660947598361529253692306,13.99154295229365625430558075,683,1.46201552401638470746307694,6.830,0.2540157706258651367831078840,-1.271275830843483244304285132,stop,-1.023985055639919491108766507,-1.030824928292248407615884861,6
unselected,MMM,2018-02-28,2018-03-01,2018-03-22,197.9434535725,189.1958703993185631141667400,188.7228807233202667063813232,114,8.7475831731814368858332600,1.140,0.6078719484259666388989927904,-1.332462388952725442540753247,stop,-1.054070897827916651747086077,-1.055214070725164231455186374,21
unselected,SDY,2021-02-05,2021-02-08,2021-02-23,110.1145959900,107.2412657912063255398650264,112.7054563733216902739846362,348,2.8733301987936744601349736,3.480,1.066847106986508168218515590,-0.1721323188708515340457907860,target,0.9016925323826078203275587255,0.8982122501636695467777093678,15
unselected,SPAB,2023-05-26,2023-05-30,2023-06-28,25.3933250000,25.14238540506480081374339819,25.4163000000,3985,0.25093959493519918625660181,39.850,0.6641996853587042734302375735,-0.6907080568323960359538341772,time,0.09155589816717802825911484845,0.05170567045567507798311273814,29
unselected,FLOT,2018-05-24,2018-05-25,2018-05-25,51.1676010025,51.10588605804512358989883545,50.9124009975,16203,0.06171494445487641010116455,162.030,0,-2.229638278304038388836871927,stop_gap,-4.135141127552863835330896873,-4.297176435018977083852616020,0
unselected,EFC,2026-01-14,2026-01-15,2026-01-27,13.8044250000,13.40404278118439238856170622,13.3465500000,2497,0.40038221881560761143829378,24.970,0.7881843527755042374527568811,-1.709429060123186208408787541,stop_gap,-1.143594741430987887898854652,-1.168570875559974792357470097,12
unselected,XLK,2019-10-29,2019-10-30,2019-11-07,41.8343250000,40.66177624126246602349872986,42.89935657434069014156001696,852,1.17254875873753397650127014,8.520,1.045309195772521514340768701,-0.3277680327885008423739239328,target,0.9083047220035386776349869775,0.8997762920124764269721627996,8
unselected,EFG,2021-08-26,2021-08-27,2021-09-01,110.6459280075,108.9202143671620385636073534,112.0907125437183665328016650,579,1.7257136403379614363926466,5.790,1.259810400568099274826158112,-0.2526079630538402941302031611,target,0.8372098953424404028061089619,0.8314151911886031453914322576,5
unselected,BAP,2024-02-14,2024-02-15,2024-02-16,162.4751820175,154.7371343508293516357749364,169.7876966099602217433145009,129,7.7380476666706483642250636,1.290,1.410538866219750217896092332,-0.05236140108637112032141011885,target,0.9450076954109129518777863505,0.9437153797738470234405423115,1
unselected,SAFT,2023-06-27,2023-06-28,2023-07-05,71.1373989975,67.98477428918216433791931466,67.81481235345920892707451637,317,3.15262470831783566208068534,3.170,0.4131804838879910559099260923,-1.382149922889173608596786813,stop,-1.053911249021975403904720662,-1.057083209190154050920467320,7
unselected,VLY,2025-02-28,2025-03-03,2025-03-04,9.8846500000,9.332878286156740124604836341,9.309546090441348274293324250,1812,0.551771713843259875395163659,18.120,0.1184366620478188868651502197,-1.440178936439162638827721837,stop,-1.042285958359256807959128046,-1.060409395550965895467184698,1
unselected,FHN,2021-07-29,2021-07-30,2021-08-25,15.6289750000,14.61705855498845011131481556,16.59928921639902101396347148,988,1.01191644501154988868518444,9.880,1.048531235192930954838452795,-0.5425102069506678167476005520,target,0.9588876840399070379286268496,0.9490054451956852096714639450,26
unselected,LRGF,2019-02-12,2019-02-13,2019-02-25,30.8369000000,30.08622414935721398232839686,31.50860691101617905262742413,1332,0.75067585064278601767160314,13.320,1.109799921346392225280051506,-0.2889382944905907181262968330,target,0.8948028772219224510510790384,0.8814815481936378246523267697,12
unselected,LRGF,2019-04-10,2019-04-11,2019-05-06,31.9596989975,31.38371415339365585368963501,31.2915759975,1736,0.57598484410634414631036499,17.360,0.2349054908031906063780341425,-1.023808184423554020879605694,stop_gap,-1.159966285287611449099663587,-1.177327853221773443958389654,25
unselected,KRC,2019-07-08,2019-07-09,2019-07-26,76.5007729950,73.76967741497711987180975351,79.03378890358532292786977087,366,2.73109558002288012819024649,3.660,1.486299137493383986658240127,-0.3224969501040389177593909267,target,0.9274724499257921391834066742,0.9238109156780906275332579776,17
unselected,INSM,2024-06-10,2024-06-11,2024-06-20,59.8292000000,53.16123894126045020997840135,66.33091815609270091554654465,149,6.66796105873954979002159865,1.490,1.072412231716260535968121955,-0.2863247075352443701485567946,target,0.9750684052917558717326767485,0.9735686964734367815046728139,9
unselected,ENB,2019-08-05,2019-08-06,2019-08-13,33.1326239975,31.91800277657255669765925812,34.26137710538137469408489003,823,1.21462122092744330234074188,8.230,1.084599033675779096377188210,-0.7431320826181409272771295321,target,0.9293046164791171289572900956,0.9210715971413153891217930947,7
unselected,SYK,2025-03-28,2025-03-31,2025-04-02,362.4338239975,346.7069191420785201673230805,377.2153270307891761330952272,63,15.7269048554214798326769195,0.630,1.012035244621784008016348184,-0.08926263688916922609179556408,target,0.9398863393132057576796585033,0.9392504862898721336031161880,2
unselected,HRMY,2024-08-07,2024-08-08,2024-09-06,34.0850000000,30.87867549795051808463614652,35.5010250000,311,3.20632450204948191536385348,3.110,0.9528040589925459235986572592,-0.4101269223247529342995641883,time,0.4416349621178009686627683496,0.4385161262065861174513648197,29
unselected,RYAN,2025-12-15,2025-12-16,2026-01-02,53.8342510025,50.49809087220227900582679028,50.37184564502177330831222330,299,3.33616013029772099417320972,2.990,0.1246190174519285746129108175,-1.014414737399906351580715166,stop,-1.037841477102371430633536828,-1.040838935140786269495846070,17
unselected,SGRY,2023-05-26,2023-05-30,2023-06-01,35.6188239975,32.85296870533399905112780066,38.28871759144183594650001884,361,2.76585529216600094887219934,3.610,1.074234075410795614455074025,-0.03211483903427182850874648382,target,0.9653048738681424919199816494,0.9616893557214325155410071964,2
unselected,BLV,2024-11-29,2024-12-02,2024-12-13,72.1800000000,70.67597530604756572216840164,70.49928536778244680786298064,664,1.50402469395243427783159836,6.640,0.6316365707423978303612446294,-1.269927952433209876645366592,stop,-1.117478083289174269485784261,-1.124126910293284785943849335,11
unselected,CDNA,2025-01-30,2025-01-31,2025-02-25,23.1176489975,20.24779717958980486648409128,20.19717768664083035431788105,348,2.86985181791019513351590872,3.480,0.8475524719848494758013533514,-1.173457450479898676658820248,stop,-1.017638364682478711572110146,-1.021122865149573185471950774,25
unselected,SBAC,2021-06-30,2021-07-01,2021-07-07,319.3463629700,309.0241396963508574194790036,328.8444147780400197240696939,96,10.3222232736491425805209964,0.960,1.283991120772815189084458046,-0.2893153820479458511237125101,target,0.9201556250276923773685463208,0.9191868414880523971984417559,6
unselected,TAK,2024-02-14,2024-02-15,2024-02-20,14.4560500000,14.04748851798555457776146411,14.82744995330940930868293955,2447,0.40856148201444542223853589,24.470,1.037665121806588926494304344,-0.1861408951843167540037547950,target,0.9090429951403930896871801603,0.8845668748005749760772189775,5
unselected,DAC,2023-04-28,2023-05-01,2023-05-02,58.0748250000,55.00259190928178221790687056,54.86508542950857776236210338,325,3.07223309071821778209312944,3.250,0,-1.098492171767814462523823450,stop,-1.044757827844715580385480922,-1.048012789204975595315218958,1
unselected,CINF,2019-04-10,2019-04-11,2019-04-25,86.4255239975,84.33764747940775453596461766,88.29211701430326485037529388,478,2.08787651809224546403538234,4.780,3.498520596981625397107937166,-0.4145484610798998338284539317,target,0.8940150438153431149437041946,0.8892254885359258744023135943,14
unselected,JPM,2024-08-07,2024-08-08,2024-08-15,202.9761760025,192.6682530024439027645690485,212.7508887550497069923423741,97,10.3079230000560972354309515,0.970,1.058780027503174535503181884,-0.1150748800212753449325589665,target,0.9482718053381376214806597976,0.9473016777964451215922830969,7
unselected,W,2026-05-11,2026-05-12,2026-05-26,60.7114010025,51.67682134873324433446374311,69.57161570462608877637241625,110,9.03457965376675566553625689,1.100,1.405555486159847614966992525,-0.5657599133977329693336410276,target,0.9807002695949479486500195427,0.9795934112370352221836159752,14
unselected,EYE,2020-08-14,2020-08-17,2020-09-01,36.4408729950,33.68413334936424407773513840,39.09961860903416653245919945,362,2.75673964563575592226486160,3.620,1.233024312027876499498639051,-0.5081626033193760724060603280,target,0.9644529247596066961186001015,0.9608254512635762749207942283,15
unselected,ACHC,2017-10-04,2017-10-05,2017-10-09,47.0773989975,44.88039519981942684677874440,44.76819421181987827966179754,455,2.19700379768057315322125560,4.550,0.2014566397050673915965762373,-1.651065874956395849735945799,stop,-1.051070001844330765590722979,-1.055621655332848731421507020,4
unselected,JCI,2023-05-26,2023-05-30,2023-05-31,62.3655239975,59.64194241918160034094339356,59.49283756313364634009103508,367,2.72358157831839965905660644,3.670,0,-1.015400463681905854981429562,stop,-1.054745874783018132525601125,-1.058417510719906141675409993,1
unselected,BBAR,2026-04-13,2026-04-14,2026-04-23,16.5111739975,14.72354953260107931748890285,14.68674065876957661919518059,559,1.78762446489892068251109715,5.590,0.2175098909949108082546024232,-1.214558225249376812740555182,stop,-1.020590943206622547974303108,-1.026184959285701796493815443,9
unselected,MBB,2021-04-06,2021-04-07,2021-04-09,108.6309010025,108.2878158587812742209446428,108.0092990025,2914,0.3430851437187257790553572,29.140,0,-1.081069843129311008327845745,stop_gap,-1.811800981127917650300516974,-1.840948264777711532081793690,2
unselected,EMXC,2023-12-15,2023-12-18,2023-12-20,54.5861260025,53.55951440907581558550415628,53.42561562305312604654039589,974,1.02661159342418441449584372,9.740,0.4031456493877640233874746634,-1.155377564502047118690647040,stop,-1.130427891989881376652353285,-1.140168674252670524776776701,2
unselected,GSY,2020-12-08,2020-12-09,2020-12-09,50.6864010025,50.64515319264063673769561426,50.4336009975,24243,0.04124780985936326230438574,242.430,0,-3.306890789233909206659265300,stop_gap,-6.128810374706824363615983579,-6.371247489164429867366506985,0
unselected,AKAM,2024-11-29,2024-12-02,2024-12-31,95.7387500000,91.05428937959563581081971199,95.4108769950,213,4.68446062040436418918028801,2.130,0.9929102573176295905911501890,-0.3861170253244370537852828142,time,-0.06999162370409635204308351130,-0.07212634119034064812482660910,29
unselected,TECL,2020-03-24,2020-03-25,2020-04-23,11.1748675000,5.506339127488225736801310548,13.8482925000,176,5.668528372511774263198689452,1.760,0.7612438743228742504217451376,-0.2587739539442435995952660169,time,0.4716259361008335417125091743,0.4698618097980540227743960453,29
unselected,IT,2024-06-10,2024-06-11,2024-06-20,434.4935290100,416.6786891159869249513192114,451.1775979817530423610590866,56,17.8148398940130750486807886,0.560,1.170174254386970126011668823,-0.2803016496195480791271779846,target,0.9365264617034226618114038521,0.9359651319323164595483931121,9
unselected,KRC,2021-12-20,2021-12-21,2022-01-04,64.9419489975,61.13838302386261829402228647,68.57365118370953825171276925,262,3.80356597363738170597771353,2.620,1.553292106262609061212311553,-0.06886931876969548126542999943,target,0.9548150896766255672256793837,0.9521859779248352027191143223,14
unselected,TXN,2023-04-28,2023-05-01,2023-05-11,168.6305320175,160.5950379591331899751001130,160.1935503642353570001623627,124,8.0354940583668100248998870,1.240,0,-1.081517820108540290762581362,stop,-1.049964270022674140319379043,-1.051208748573384744651933011,10
unselected,IEZ,2026-06-09,2026-06-10,2026-06-17,30.3055750000,28.57298055430158347166776863,28.50154810291582951298859921,577,1.73259444569841652833223137,5.770,0.3315397907606976832555405811,-1.174871017885233184186066422,stop,-1.041228604629953791503432260,-1.047000295763344765474846069,7
unselected,DAC,2023-08-23,2023-08-24,2023-09-05,67.6487030075,64.22934070025328576863762422,64.06876734850265255421603016,292,3.41936230724671423136237578,2.920,0.06764243496800985489993820620,-1.192825632678916040026489547,stop,-1.046960028602505007101071684,-1.049884550516666260333791864,12
unselected,NYT,2024-02-14,2024-02-15,2024-03-04,44.3606250000,42.11213490743757167943815669,42.00685457016897775023956130,444,2.24849009256242832056184331,4.440,0.3065941905994232614511110273,-1.027634503546671288609281563,stop,-1.046822682304378829624810668,-1.051270111284865811458345311,18
unselected,DCH,2021-10-22,2021-10-25,2021-10-26,10.3458000000,9.601333898031386727731534693,9.577330563286308260912205856,1343,0.744466101968613272268465307,13.430,0.07280385212527121172330127254,-1.471927327654468520413164842,stop,-1.032242347477750502871168372,-1.045674792519313457063659382,1
unselected,CLDX,2024-01-17,2024-01-18,2024-01-29,40.1000000000,36.12095127238648325667298927,36.03064889420551704853130680,251,3.97904872761351674332701073,2.510,0.1005265397289831391219203093,-1.176161017461801372642163229,stop,-1.022694464019576399242431277,-1.025207627512800977720479284,11
unselected,PCRX,2023-11-16,2023-11-17,2023-12-14,28.3908000000,25.86574663655220916146946952,30.83856373003917136143420415,396,2.52505336344779083853053048,3.960,1.045206029387176288227834196,-0.9745536611709238553907240827,target,0.9693908910886993406680480222,0.9654305787464897996432157559,27
unselected,MGK,2026-08-06,2026-08-07,2026-09-04,90.8064520050,86.55623293561509689496145361,90.0044279925,235,4.25021906938490310503854639,2.350,0.1255332928232367887403648296,-0.6485428068532280776635370768,end_of_data,-0.1887018055791815678539540517,-0.1910546254778149839931491865,28
unselected,BLK,2024-09-05,2024-09-06,2024-09-18,880.3353650375,851.1508280883763358327327834,907.2461022316571050068490486,34,29.1845369491236641672672166,0.340,1.718877193424386802774506573,-0.8968924908121928940800852194,target,0.9220888870386948023695043980,0.9217462398342031692060979203,12
unselected,FN,2019-08-05,2019-08-06,2019-08-08,50.0848989975,47.08094010936216955195941115,52.95613574092373587192048738,332,3.00395888813783044804058885,3.320,1.280011193789538801325638804,-0.1780650193357297433840912981,target,0.9558175895022419179374327518,0.9524886491364171874300430729,2
unselected,PODD,2021-04-06,2021-04-07,2021-04-27,276.9807340225,252.7886522801398140477733810,300.4198837254480354873460525,41,24.1920817423601859522266190,0.410,1.158199872003509233026700633,-0.09964942447589501358077525962,target,0.9688769223157108010771771904,0.9684635639240478768541556880,20
unselected,ATR,2018-01-30,2018-01-31,2018-02-02,88.3102209900,85.77558174218091813962288738,85.56114278782546584427383016,394,2.53463924781908186037711262,3.940,0,-1.092944486038248817934003990,stop,-1.084603343272603886870694129,-1.088548677903007188588020932,2
unselected,NFRA,2022-02-16,2022-02-17,2022-02-23,56.1400000000,54.81589714568973483773468543,54.67885740282551050064034872,755,1.32410285431026516226531457,7.550,0.01510456679018198017863112790,-1.283888932393807824282654803,stop,-1.103496297450102045903543937,-1.111048580845193035992859501,6
unselected_3x,VICI,2020-10-12,2020-10-13,2020-10-28,23.8676760075,22.43124167601823099101692534,22.0434240075,696,1.43643433148176900898307466,20.880,0.2104683700981544292507787163,-1.209715591876365782955064762,stop_gap,-1.269986354418425503789916954,-1.290871402444988042909346456,15
unselected_3x,GFL,2023-09-21,2023-09-22,2023-09-28,33.5598260075,32.09083218319163184769482103,31.85015094181769460883710987,680,1.46899382430836815230517897,20.400,0.1226526548434133018183552145,-1.187768783385797226402465360,stop,-1.163840880329946117811800776,-1.184263022005132944128579114,6
unselected_3x,WRLD,2019-10-01,2019-10-02,2019-10-30,121.1820989925,109.6448161063160397130941046,131.7239865145938305847541012,86,11.5372828861839602869058954,2.580,1.109264385189483461318160051,-0.6372468340274665160517963009,target,0.9137235886551652445312514677,0.9111233230383859790227307857,28
unselected_3x,MIRM,2023-12-15,2023-12-18,2023-12-19,27.5752760075,24.89733588096748537238689338,30.02631701302727076790600832,373,2.67794012653251462761310662,11.190,1.540260348479422588144245331,-0.07665406909817541863113177511,target,0.9152710253835882657291347364,0.9040683850770460162595593754,1
unselected_3x,EOLS,2023-03-02,2023-03-03,2023-03-10,9.0574250000,8.090944282338741769220227033,8.030262200221201205951075330,1034,0.966480717661258230779772967,31.020,0.3648029324922072483282975641,-1.125138846671881066477767790,stop,-1.062786645412215065649647534,-1.093827099144800238874773896,7
unselected_3x,APO,2020-09-14,2020-09-15,2020-09-21,46.0830520150,43.12347562286226076085661620,42.80004955569079380515019158,337,2.95957639213773923914338380,10.110,0.1375027811686438373041772107,-1.112676470777423605527385945,stop,-1.109281202550021775553651804,-1.119417788339696433286162388,6
unselected_3x,NEE,2017-11-30,2017-12-01,2017-12-04,39.8944812500,38.98416415656685752837494880,38.69178292539260609691213668,1098,0.91031709343314247162505120,32.940,0,-1.114425135283376627162021437,stop,-1.321186137537606441493095890,-1.354141687000990572248584370,3
unselected_3x,KAI,2026-03-13,2026-03-16,2026-04-02,312.3149149250,281.8734233295982961961647343,279.7593726546263089746934988,32,30.4414915954017038038352657,0.960,0.5346348099926354861378208956,-1.058256584571111398082728147,stop,-1.069446356409530278666984866,-1.070431853454114375436784498,17
unselected_3x,LPLA,2022-06-13,2022-06-14,2022-07-14,184.6243750000,169.1690797504936070614363708,171.2360240075,64,15.4552952495063929385636292,1.920,0.7437981490756149753054394718,-0.9669425112067845906427886573,time,-0.8662630364779083435411438046,-0.8682041187746673221137795723,30
unselected_3x,DIS,2021-03-08,2021-03-09,2021-03-23,201.6914270150,188.6145961176035918967955736,187.1999866467215649575696068,76,13.0768308973964081032044264,2.280,0.0006553564137398366639677237129,-1.049292915283620478077562245,stop,-1.108176780902143127766851891,-1.110470914720603148399213758,14
unselected_3x,RWM,2020-01-27,2020-01-28,2020-02-05,37.4890739925,36.63879841282523684960509657,36.36400742472904757323305835,1176,0.85027557967476315039490343,35.280,0.8713951396597910173830272447,-1.139717540600987437913639593,stop,-1.323178737182242621518713138,-1.358461415783308910208128345,8
unselected_3x,AGG,2020-06-18,2020-06-19,2020-06-19,118.6835030225,117.9392848367024693646311440,116.9165029775,1343,0.7442181857975306353688560,40.290,0,-1.267780122154508376693468007,stop_gap,-2.374303771019005676326683168,-2.414614530111584064059435317,0
unselected_3x,FBRT,2025-03-28,2025-03-31,2025-04-04,12.7045750000,12.26506697705220859073010013,12.1382750000,2275,0.43950802294779140926989987,68.250,0.3536340450796793193643128494,-2.046777198665288877060651321,stop_gap,-1.288486149130592881171049488,-1.356744288763151218510147995,4
unselected_3x,FCEL,2021-09-24,2021-09-27,2021-10-04,213.3885030225,182.4272283896502321813770322,181.0590241767278554400167045,32,30.9612746328497678186229678,0.960,0.7238558568167443329164348162,-1.136532860477428775334754879,stop,-1.044190823186288282200660344,-1.045159775542279793612092067,7
unselected_3x,ZWS,2021-10-22,2021-10-25,2021-11-22,36.7737500000,34.61526637813394900618941203,36.8515259925,463,2.15848362186605099381058797,13.890,0.7163593850497864132980098359,-0.7754295576044301431400941367,time,0.03603269986026632188020560275,0.02213405374774015056318681855,28
unselected_3x,IRT,2019-10-29,2019-10-30,2019-10-31,15.2737000000,14.85366632897178089233378082,15.57603066849550746435872254,2380,0.42003367102821910766621918,71.400,1.467263323179143746093901111,-0.5325763514443849683615214645,target,0.7197772210866304417323411896,0.6483543755643615590732189547,1
unselected_3x,TM,2018-05-24,2018-05-25,2018-05-29,130.7735030225,127.7298585348865979148565904,126.4742750000,328,3.0436444876134020851434096,9.840,0,-1.450071465462360072107340266,stop_gap,-1.412526344649119131787822332,-1.422382949164557711076072835,4
unselected_3x,XOP,2024-09-05,2024-09-06,2024-09-10,132.1940820525,126.1526716425145404796668819,125.2065266051956814260693803,165,6.0414104099854595203331181,4.950,0.03408342316219096085568991650,-1.086515334507095414186429325,stop,-1.156609959117334032852715663,-1.161575686979558874496111306,4
unselected_3x,CMS,2020-04-22,2020-04-23,2020-05-14,60.1779750000,53.67127742820978613652099169,53.26874284749821274049708425,153,6.50669757179021386347900831,4.590,0.0003112177840844158995345563586,-1.173863379345374047324223984,stop,-1.061864651963656955154789053,-1.066475285801944598110856555,21
unselected_3x,GENI,2025-01-30,2025-01-31,2025-02-14,9.0272000000,8.274453094845530022175789878,9.706597303365811452990528546,1328,0.752746905154469977824210122,39.840,1.571311674482779202509936089,-0.7070105454512471183427358696,target,0.9025574183216248874478079869,0.8627033853198634940801227632,14
unselected_3x,FDN,2018-11-13,2018-11-14,2018-11-19,125.4337500000,117.8796617245283590159543756,116.9955642615943963233347178,132,7.5540882754716409840456244,3.960,0,-1.087324995482287102231848092,stop,-1.117035627688473615832649080,-1.121006987157148469796040881,5
unselected_3x,FOUR,2026-08-06,2026-08-07,2026-08-25,44.0277510075,36.99436211685692024601840682,50.67818134890700665582673123,142,7.03338889064307975398159318,4.260,1.001259720171126517288406774,-0.6551255844291445116350246767,target,0.9455513472679514708376509264,0.9412859781171128588899703214,18
unselected_3x,PBA,2022-11-03,2022-11-04,2022-11-30,34.2146989925,32.34635887918673046323337962,35.81241631251967001524087073,535,1.86834011331326953676662038,16.050,1.282048161591001159597695688,-0.6447974776731695600334417939,target,0.8551533570546298703869590966,0.8390963234416231252289872493,26
unselected_3x,OGS,2020-11-09,2020-11-10,2020-11-24,74.9277780225,70.34445886113144445019769736,78.91476395498954138317878537,218,4.58331916136855554980230264,6.540,1.630308454292507161335972876,-0.2286074754146377122022207378,target,0.8698905295739971709083046853,0.8633450547895088582598795015,14
unselected_3x,SLF,2023-09-21,2023-09-22,2023-09-27,50.2238729850,48.82975431831630751549780027,48.46353116092893520913156677,717,1.39411866668369248450219973,21.510,0,-1.430203204826884383419408978,stop,-1.262691524143018744695025431,-1.284210495746321013973016712,5
unselected_3x,SGDJ,2026-03-13,2026-03-16,2026-03-19,93.7075770150,83.91060405215370625927599876,79.1618019850,102,9.79697296284629374072400124,3.060,0.2500181427762535056694195449,-1.546148904610144606399002916,stop_gap,-1.484721360890032188450531402,-1.487783531227111914731264066,3
unselected_3x,CFG,2018-02-28,2018-03-01,2018-03-28,43.8665510075,41.02244414918408087770129044,40.71477581806520027111853076,351,2.84410685831591912229870956,10.530,0.9821884801311877703805500356,-1.078212655243128703958221550,stop,-1.108177486446856023864623857,-1.118725613326225070769251202,27
unselected_3x,POET,2025-06-25,2025-06-26,2025-07-03,5.4203500000,4.851658513189131681892244509,5.944123675659786805721947325,1758,0.568691486810868318107755491,52.740,1.089606604584322060945376254,-0.8446583273010233228033752659,target,0.9210155027940131919263462824,0.8682628228335037723695621500,7
unselected_3x,MQ,2023-12-15,2023-12-18,2023-12-19,25.5905000000,23.36920227617560349038456875,27.60320924089571353579331552,450,2.22129772382439650961543125,13.500,1.300816171109725523671206095,-0.1037677198908533045442773261,target,0.9060961163866150778330818511,0.8925904977213471194630745201,1
unselected_3x,OSIS,2020-12-08,2020-12-09,2020-12-21,93.5866739925,89.51874330761163281718460603,88.84735273280454557105572148,245,4.06793068488836718281539397,7.350,0.06964941869646806944655619205,-1.102938161942433415430244744,stop,-1.165044743092890643922526295,-1.172419500020643768824136257,12
unselected_3x,TGTX,2020-02-25,2020-02-26,2020-02-27,14.0244000000,12.44669699684181968450823559,12.35334676936550603687442382,633,1.57770300315818031549176441,18.990,0.3014509061895449789884563581,-1.054951405092259594256490249,stop,-1.059168441265212173097020198,-1.078183426937387003563070851,1
unselected_3x,HYLB,2018-09-18,2018-09-19,2018-09-19,40.1226810075,39.96107665928396254455185852,39.5253209925,6187,0.16160434821603745544814148,185.610,0,-2.392763633952927015503081771,stop_gap,-3.696435285277296664938544103,-3.882073854605240216614255646,0
unselected_3x,PPG,2024-02-14,2024-02-15,2024-03-15,141.4026310450,136.5308587216600025616341181,136.8260509925,205,4.8717723233399974383658819,6.150,0.7363591146928973156956469462,-0.8010700800411025744961672231,time,-0.9394076218574970164891808651,-0.9455655450954681522502056475,29
unselected_3x,IWD,2017-11-30,2017-12-01,2017-12-01,124.0333260075,122.5327236307263493939961449,121.6137282034959017735411738,666,1.5006023767736506060038551,19.980,0,-1.774835925041143018311805578,stop,-1.612417680695882298574426838,-1.632409652229674671503249730,0
unselected_3x,ATR,2017-11-30,2017-12-01,2017-12-01,88.9924770150,86.83380454590876923458410418,86.18255101181445346532472340,463,2.15867246909123076541589582,13.890,0,-1.182428113364763618601770837,stop,-1.301691684782770167407475047,-1.315589114999513310947335759,0
unselected_3x,SR,2025-05-27,2025-05-28,2025-06-12,75.7539270150,72.53592009267952635742910187,71.99190069198442990974838361,310,3.21800692232047364257089813,9.300,0,-1.017376312117813930354950679,stop,-1.169054763966389893203109113,-1.178377304509083098595247244,15
unselected_3x,NNN,2022-11-03,2022-11-04,2022-11-10,43.1512270150,41.17996829348134825688995910,44.78406709349476185503671559,507,1.97125872151865174311004090,15.210,1.313259876413186189750190633,-0.5383499402769586352395236856,target,0.8283235785695480949263344067,0.8131048760864523747733888933,6
unselected_3x,EEMV,2020-02-25,2020-02-26,2020-02-28,54.7374770150,53.47720802174717652918056102,51.7092480150,793,1.26026899325282347081943898,23.790,0,-2.211810359473632172527381474,stop_gap,-2.402843374083158767620972651,-2.426647815960736309817625936,2
unselected_3x,SPHY,2025-10-17,2025-10-20,2025-10-20,23.9583510075,23.78666625845981941153445917,23.6016509925,5824,0.17168474904018058846554083,174.720,0,-1.038822658955336179871380210,stop_gap,-2.077645317910672359742760421,-2.252384193481844317199176038,0
unselected_3x,JETS,2024-02-14,2024-02-15,2024-03-12,20.3011250000,19.42776154977062978427139734,19.28205333814735006088936186,1144,0.87336345022937021572860266,34.320,0.2620627184935328101086830568,-1.111936845702616483234567336,stop,-1.166835710362063560714676451,-1.201185670842000226434369611,26
unselected_3x,CINF,2021-02-05,2021-02-08,2021-02-11,87.7230250000,82.52936294893091740710051288,92.21981189818606447345274097,192,5.19366205106908259289948712,5.760,1.401126012521758239844334778,-0.2393344017722777625054070825,target,0.8658220065089582095055082209,0.8600457354106443157247366719,3
unselected_3x,OPLN,2022-01-19,2022-01-20,2022-01-24,15.5255750000,14.43044525163255066280309132,14.1828250000,913,1.09512974836744933719690868,27.390,0.1410106886697280329112462332,-1.146507983982475473029224473,stop_gap,-1.226110423903366140142955348,-1.253504438215115150907646215,4
unselected_3x,UMC,2021-12-20,2021-12-21,2022-01-20,11.2336250000,10.45968765268005168655107985,11.0465250000,1292,0.77393734731994831344892015,38.760,0.9256240217386074216120312822,-0.4827587159268360815212635670,time,-0.2417508350616554857213206113,-0.2805136627038236555323287264,30
unselected_3x,IDYA,2026-04-13,2026-04-14,2026-04-27,33.6202739925,29.49994786370922383625093264,29.27869825473140465747905065,242,4.12032612879077616374906736,7.260,0.2535544456541851650642111675,-1.036392231833655893262643103,stop,-1.053697110874752772344125636,-1.060978087929062871580194572,13
unselected_3x,SCHZ,2026-02-12,2026-02-13,2026-02-13,23.7870760075,23.64823900686735122293029907,23.4329259925,7202,0.13883700063264877706970093,216.060,0,-1.419477564352220624435056349,stop_gap,-2.550833087622309374351337885,-2.766913814397569517233274898,0
unselected_3x,WCLD,2023-11-16,2023-11-17,2023-11-30,30.1846989925,28.53910012256597444763770861,31.59157062846577036071957420,607,1.64559886993402555236229139,18.210,1.036279277202206606347401968,-0.2216208330980570690648645896,target,0.8549298748741689929474567736,0.8366994296860273995155913492,13
unselected_3x,HSBC,2021-05-04,2021-05-05,2021-06-03,31.6858760075,30.46375659636377891583725832,31.3034509925,818,1.22211941113622108416274168,24.540,0.6088799389972685038915956365,-0.7821461624697614771578496709,time,-0.3129195163052473308872257867,-0.3374670357429008011410395275,29
unselected_3x,DFAR,2026-07-09,2026-07-10,2026-07-17,26.6383010075,25.91614292808943974024373535,27.15525564375873105780809267,1384,0.72215807941056025975626465,41.520,1.027057667353647285453443385,-0.6761691400012597826824460483,target,0.7158469191131665796281553876,0.6743047680865013449051379844,7
unselected_3x,SCHG,2023-12-15,2023-12-18,2024-01-03,20.6915312500,20.23154758625428288730902673,20.07981097935737576565420903,2173,0.45998366374571711269097327,65.190,0.4749489323620227214098515947,-1.046846416411420926753180995,stop,-1.329873903914962533082946244,-1.395093611405670845563772668,16
unselected_3x,LECO,2017-12-29,2018-01-02,2018-01-04,92.4582719775,89.59549828843445712320228570,94.60613782406630130522173144,349,2.86277368906554287679771430,10.470,1.083468817094115166994269228,-0.2788442483417430017414086582,target,0.7502744121095372278532767092,0.7397950647148807886223265241,2
unselected_3x,BSX,2024-10-31,2024-11-01,2024-11-08,84.9624770150,81.32108679577830297109477040,87.93933822996503430118844038,274,3.64139021922169702890522960,8.220,1.092309460272606460256021307,-0.4016260073639091376480548183,target,0.8175067860761438145680635096,0.8092681743938143838183832183,7
unselected_3x,VOOG,2024-12-30,2024-12-31,2025-01-10,62.2164840050,60.37149651837546652913187585,59.91871029448765053016338678,542,1.84498748662453347086812415,16.260,0.4915204041080574873990727271,-1.008037733850757779780490002,stop,-1.245414251950404060571172305,-1.261674524834360583698787594,10
unselected_3x,NTGR,2018-04-26,2018-04-27,2018-05-07,33.4375014025,30.72341346916161010436347688,35.88045241581960197141924920,368,2.71408793333838989563652312,11.040,1.062543907320207623535641521,-0.2174227280006208795751872006,target,0.9001001711520513099163062227,0.8890467341460146935613628006,10
unselected_3x,BABA,2022-04-14,2022-04-18,2022-05-11,94.4732719775,81.79179894450126505741920310,81.17836045241750556948855908,78,12.68147303299873494258079690,2.340,0.7133812451407909300907540481,-1.025375438930785696116733447,stop,-1.048372810515585842062601220,-1.050738466297208083571680162,23
unselected_3x,LNN,2024-08-07,2024-08-08,2024-09-06,119.4189739925,111.5936371681757469799520266,113.6214029775,127,7.8253368243242530200479734,3.810,0.7170330342917262104495383064,-0.7985568075582001993923865985,time,-0.7408717535300011638770143915,-0.7447054543244191232258591131,29
unselected_3x,MUX,2017-10-04,2017-10-05,2017-11-02,20.5530000000,18.18220188662915357730327869,19.1552490075,421,2.37079811337084642269672131,12.630,0.6103429861189772623122307383,-0.6550536678941062117283305712,time,-0.5895698096843221779418475185,-0.6022237762244530126822531316,28
unselected_3x,SDVY,2023-10-19,2023-10-20,2023-10-25,27.5954239925,26.59960338589532752160485248,26.40010636050111256519281609,1004,0.99582060660467247839514752,30.120,0,-1.150230257240215633406435795,stop,-1.200334301249715571730005732,-1.230460209270726830592257944,5
unselected_3x,HMN,2017-12-29,2018-01-02,2018-01-25,44.6322489925,42.99884709974994961866734949,42.67635574650182499652734437,612,1.63340189275005038133265051,18.360,0.1639235320397492794652591839,-1.152348972322410052578345129,stop,-1.197435398281048474731864080,-1.215801974279984652447656033,23
unselected_3x,QRVO,2019-08-05,2019-08-06,2019-08-21,69.4469750000,65.19358092423542508749119135,73.14761630769634060066499259,235,4.25339407576457491250880865,7.050,1.347870641158367608452350907,-0.2052426801866640103769853419,target,0.8700443085634209780024504499,0.8629911177549470871239752073,15
unselected_3x,MUR,2020-10-12,2020-10-13,2020-10-28,8.6141250000,7.296342631823559691782059573,7.241620062084882994093694126,758,1.317782368176440308217940427,22.740,0.4294146087134730536061539772,-1.042755642497726812081389590,stop,-1.041526257339747462795163832,-1.064291776688374264841878423,15
unselected_3x,HLF,2026-03-13,2026-03-16,2026-04-02,15.6968500000,13.91580080688615756716385509,13.81143230083451138541012618,561,1.78104919311384243283614491,16.830,0.08037397313531139022366643734,-1.194155674207733358695109761,stop,-1.058599451635121162886780919,-1.075443455785029243268967389,17
unselected_3x,GLD,2022-09-08,2022-09-09,2022-09-14,160.9179010075,157.7800800469570045366598301,156.5967294466048270026348814,318,3.1378209605429954633401699,9.540,0.2237520882576116233104732616,-1.015961410031609185064578712,stop,-1.377124958763549209099550674,-1.386685733701711564475799243,5
unselected_3x,CAKE,2019-04-10,2019-04-11,2019-04-16,48.3700729850,46.45434776074099633093445278,46.10594015253543885845244438,521,1.91572522425900366906554722,15.630,0,-1.017930421495745929573438047,stop,-1.181867213415389678517223283,-1.197527079256329316993332006,5
unselected_3x,HII,2020-02-25,2020-02-26,2020-02-27,226.0930790300,212.9720762308213239511401353,211.3747856590901640215065843,76,13.1210027991786760488598647,2.280,0.09122122663329682227385159069,-1.128959444389970058656137324,stop,-1.121735403625639355273439944,-1.124021814234581370269067029,1
unselected_3x,FR,2018-11-13,2018-11-14,2018-12-06,32.1694750000,31.00186360799294960085136549,30.76934963093300247884498025,856,1.16761139200705039914863451,25.680,0.3258995266789091744786287842,-1.292788859661010675137778915,stop,-1.199136440986816896877612581,-1.224829921031090780349769038,22
unselected_3x,ALAB,2025-08-21,2025-08-22,2025-09-08,177.1991050375,154.3429953401801682097977907,198.5548006243086830517756927,43,22.8561096973198317902022093,1.290,1.902812750658081512599306443,-0.4243550265528058281867070114,target,0.9343539154133876384294195178,0.9330413560847317263611405882,17
unselected_3x,REAX,2025-10-17,2025-10-20,2025-11-17,37.7812500000,33.94692987553545214258610870,35.9285009925,260,3.83432012446454785741389130,7.800,0.9828988915019961504649419505,-0.9339984361634675622750209407,time,-0.4832014405053702308226793194,-0.4910255133595348049330666809,28
unselected_3x,MLI,2018-02-28,2018-03-01,2018-03-12,6.6545375000,6.260803771304504943307387652,6.995409194480278843767417755,2539,0.393733728695495056692612348,76.170,1.150428492628100862872541170,-0.7099658465281954796594265029,target,0.8657416666071335251963294479,0.7895480417952715589492864032,11
unselected_3x,IBTG,2025-05-27,2025-05-28,2025-05-28,23.0515989925,23.00839857733702439291808894,22.7083990075,23147,0.04320041516297560708191106,694.410,0,-4.203616835970510797592195765,stop_gap,-7.944367749829760734695234159,-8.638805520550796232528536875,0
unselected_3x,BXMT,2023-10-19,2023-10-20,2023-10-27,20.4522489925,19.15588532246879753473392347,19.01221618255028155322341904,771,1.29636367003120246526607653,23.130,0.1371143079747997686235176508,-1.127962026631620125579864162,stop,-1.110824719359080756292777036,-1.133966373737036228720565989,7
unselected_3x,NFLX,2022-05-13,2022-05-16,2022-06-14,19.4749750000,16.23903960588495600276817933,16.6283450000,309,3.23593539411504399723182067,9.270,0.3903124896427078948727612573,-0.9416059435368547683799277329,time,-0.8796930881799912074507162781,-0.8889639778444013121090390979,29
unselected_3x,AMH,2026-06-09,2026-06-10,2026-06-15,33.8519979850,32.53028288029605490187374578,32.28630575869383449010969269,756,1.32171510470394509812625422,22.680,0,-1.015347392356992524960220590,stop,-1.184591309226862148710903949,-1.207289090233700070358724696,5
unselected_3x,SSO,2023-03-30,2023-03-31,2023-05-01,24.7190125000,23.26855806115013103516152153,25.5072509925,689,1.45045443884986896483847847,20.670,0.8555846131809796223769083510,-0.2888842894867175468877596068,time,0.5434424352722378585227103642,0.5227592623324601988372043168,31
unselected_3x,ENB,2026-02-12,2026-02-13,2026-02-17,52.8937500000,51.31076594191312236112488575,50.92593519734877394341644911,631,1.58298405808687763887511425,18.930,0.8251826626597082752348505586,-1.411100755303631047789320303,stop,-1.243104624205399333186367186,-1.262056173241374232541120229,4
unselected_3x,AMP,2018-05-24,2018-05-25,2018-05-29,142.8836570525,136.6497087197221151090126472,135.6248359043241992456950523,160,6.2339483327778848909873528,4.800,0.04593251856041686997524758502,-1.197260332309194582673063512,stop,-1.164401878342361295994317065,-1.169214237765082372585213753,4
unselected_3x,LLYVA,2025-11-14,2025-11-17,2025-11-18,81.0533719775,76.33349352849701826096460865,75.76099232703329062400737409,211,4.71987844900298173903539135,6.330,0,-1.049470665615624363793830350,stop,-1.121295751076950237088917309,-1.127651846964618095075481965,1
unselected_3x,CAR,2024-10-31,2024-11-01,2024-11-01,87.6525000000,79.87377287451032432059512644,94.71549292204850311180933701,128,7.77872712548967567940487356,3.840,1.714611887630702337949509074,-0.3409940928906184616793249242,target,0.9079882618461029178727228242,0.9041315897304691558179142482,0
unselected_3x,VC,2020-01-27,2020-01-28,2020-02-03,84.1363270150,77.98234945799607666148223925,77.39748183706110608652112246,162,6.15397755700392333851776075,4.860,0.4913370185366882251289908764,-1.161253668672656813322987812,stop,-1.095038959033791891508591608,-1.099913854940075560481211620,6
unselected_3x,FWONA,2017-12-29,2018-01-02,2018-01-22,31.7934095050,30.02280094311030745065384484,33.31228793138801985522605900,564,1.77060856188969254934615516,16.920,1.261421944450726223750845891,-0.8636564500557677418745032652,target,0.8578284659185132339825592793,0.8408851388355456010630724679,20
unselected_3x,SMH,2020-01-27,2020-01-28,2020-01-31,72.1621875000,69.69780788786007036124672258,69.17507432870111983353737216,405,2.46437961213992963875327742,12.150,0.2547551914921264159865905989,-1.494162864301006208032124367,stop,-1.212115680791985572197722910,-1.224289129984721619574209268,3
unselected_3x,EWT,2024-09-05,2024-09-06,2024-09-06,52.3597760075,50.20215681400251212290789283,49.82564063789749328198608363,463,2.15761919349748787709210717,13.890,0,-1.061251222829681410835067139,stop,-1.174505388735761271817033940,-1.188409603200673487613780170,0
unselected_3x,IHE,2024-04-12,2024-04-15,2024-04-17,64.6109719775,63.13914498868148401772801537,62.66560140126637288759505525,679,1.47182698881851598227198463,20.370,0,-1.013008314718330538065006547,stop,-1.321738622142837705456506014,-1.342121452616738709569070620,2
unselected_3x,XMMO,2024-10-03,2024-10-04,2024-10-17,121.8772760075,118.4001207465535157844060421,124.4142730339331355839770032,287,3.4771552609464842155939579,8.610,1.007352484900704943932279849,-0.6894351352166714945140339751,target,0.7296185634640206230693216874,0.7209908210284314863425064712,13
unselected_3x,RUN,2018-05-24,2018-05-25,2018-05-31,11.0119750000,10.09712009237852179973050459,11.83737868331431711376747419,1093,0.91485490762147820026949541,32.790,1.342316677507616458651008639,-0.3410103584743296306570700271,target,0.9022235946247209864278815070,0.8694315095081895691036981564,6
unselected_3x,NUGT,2025-06-25,2025-06-26,2025-07-22,74.0713969775,66.47469125076203631443292399,81.05559193395617895792532294,131,7.59670572673796368556707601,3.930,1.000249489164147227951980939,-0.6188727254436885110737846805,target,0.9193715286185242653508256054,0.9154224484409928865030477837,26
unselected_3x,DVY,2020-10-12,2020-10-13,2020-10-28,87.3804780225,83.96921860074056184677017273,82.0102720225,293,3.41125942175943815322982727,8.790,0.1845429794885866642698992344,-1.685735475238072831357141381,stop_gap,-1.574259045133010896288217215,-1.583053451037363602104092159,15
unselected_3x,BAH,2019-05-09,2019-05-10,2019-05-22,60.4600729850,58.70282711560802366247861667,61.75068896298403651498997296,569,1.75724586939197633752138333,17.070,1.206392942459165065650361495,-0.4723709979680946663617653643,target,0.7344538407881429985591410061,0.7173816709099572650762154729,12
unselected_3x,BP,2021-03-08,2021-03-09,2021-03-23,26.5174000000,24.73416668496151735020707297,24.3361000000,560,1.78323331503848264979292703,16.800,0.2874559350574593397613174452,-1.389273618380406419155148112,stop_gap,-1.223227483248834976563373351,-1.240050856694699850398655614,14
unselected_3x,MANU,2025-06-25,2025-06-26,2025-07-01,18.6488250000,17.24650693325370387398469548,17.11715813125430109492981026,713,1.40231806674629612601530452,21.390,0,-1.247095820463670201634616324,stop,-1.092239275144990512692802343,-1.113632424610437373327250324,5
unselected_3x,KYMR,2021-09-24,2021-09-27,2021-10-01,63.3818250000,56.63151403835989450314468194,56.20677768307219529437109683,148,6.75031096164010549685531806,4.440,0.2530507127311613708335691576,-1.078739489392463993062109355,stop,-1.062921005817560458172513397,-1.067365245523031889970036640,4
unselected_3x,BAR,2021-10-22,2021-10-25,2021-10-29,18.0443250000,17.68996110508015380972990815,17.5176250000,2821,0.35436389491984619027009185,84.630,0,-1.282086032220534430811518218,stop_gap,-1.486325236715028855353385012,-1.570983974329327062417371247,4
unselected_3x,ATI,2025-08-21,2025-08-22,2025-08-28,72.4795520150,67.43251559013425437281746039,76.94513902656675253497867056,198,5.04703642486574562718253961,5.940,1.208719230743866850977981803,-0.1069043235633775662539380439,target,0.8847938940098971019991574202,0.8788498116862197928851577823,6
unselected_3x,AIT,2017-11-01,2017-11-02,2017-11-08,63.9258760075,61.01007373945428260383110841,60.55249818640837548430237510,342,2.91580226804571739616889159,10.260,0,-1.051468764222776709201329304,stop,-1.156929555224124240540560575,-1.167218318741722829815743177,6
unselected_3x,ASH,2022-05-13,2022-05-16,2022-05-26,99.0070219775,92.37337237223454742380663151,104.8483665458947116818719182,150,6.63364960526545257619336849,4.500,1.102406436525578798853686808,-0.2859694271452386546201598172,target,0.8805627242895299167990063939,0.8760403268484308978301427275,10
unselected_3x,AEE,2019-10-29,2019-10-30,2019-11-05,77.3054780225,75.26419250949984163343445833,74.69971106567859282118369989,489,2.04128551300015836656554167,14.670,0.3010455781841196677545379095,-1.320480160826865614507530156,stop,-1.276532332310343016075198699,-1.291228953536987498975896809,6
unselected_3x,XLB,2022-11-03,2022-11-04,2022-11-10,37.6553125000,35.80596638325494904947360471,39.20837367711946306839744733,540,1.84934611674505095052639529,16.200,1.359770070745860325636011445,-0.3192012001728392752641766304,target,0.8397893520618707230690206449,0.8235674021908527330384262253,6
unselected_3x,FDUS,2024-04-12,2024-04-15,2024-04-23,19.7268500000,19.20647229360549742365462706,20.09537349859654380702278264,1921,0.52037770639450257634537294,57.630,1.255144084717653959015358890,-0.8779200076908335022730903803,target,0.7081846398645739486541110871,0.6505342070513420233653013872,8
unselected_3x,SHY,2025-04-28,2025-04-29,2025-04-29,83.5620520150,83.25062867013058803065430120,82.3179519850,3211,0.31142334486941196934569880,96.330,0,-2.029558879938933599304106985,stop_gap,-3.994883654344166103263269368,-4.091215546266333312838771172,0
unselected_3x,ROG,2018-12-13,2018-12-14,2018-12-20,105.2132250000,94.40195196706650299503672680,93.69393732731350422257395135,92,10.81127303293349700496327320,2.760,0.02652555338547280852352334907,-1.022379230117440997650378436,stop,-1.065488554178238924276019002,-1.068263435536670392345779966,6
unselected_3x,NAVI,2025-11-14,2025-11-17,2025-11-17,12.0900000000,11.40971568218793921523283281,11.32414281457152967111858656,1469,0.68028431781206078476716719,44.070,0,-1.139229554037883772525725008,stop,-1.125789857822432401385509832,-1.169889066365834353870376606,0
unselected_3x,AR,2022-02-16,2022-02-17,2022-02-22,20.4724000000,18.31834761993718528143859247,22.45675398721234360817219697,464,2.15405238006281471856140753,13.920,1.006288899964814340288810345,-0.5071376212161304513177191491,target,0.9212190035761699981172879253,0.9072917656511919785626266110,5
unselected_3x,AGX,2019-04-10,2019-04-11,2019-04-11,51.4832479850,49.51953405173160646811208839,49.14813754634361941960124773,509,1.96371393326839353188791161,15.270,0,-1.055779026606639521234105648,stop,-1.189129638027182993448793104,-1.204406812309930064652155768,0
unselected_3x,METU,2026-04-13,2026-04-14,2026-04-17,28.2805250000,24.83027869544752272915324155,31.49279051976833369131540776,289,3.45024630455247727084675845,8.670,1.170778733874754513857296003,-0.1508660408716866903064306629,target,0.9310249866885919422115421441,0.9223299552757864079736228898,3
unselected_3x,VNQ,2022-01-19,2022-01-20,2022-01-24,107.8025000000,104.3045608279684412583035214,103.3788039700,285,3.4979391720315587416964786,8.550,0.1422274589500813310200260595,-1.773187495538313046985392397,stop_gap,-1.264657792042385175989702835,-1.273234270512871665378914120,4
unselected_3x,VXF,2022-05-13,2022-05-16,2022-06-13,141.0600699625,130.7956385821795701611258420,129.8146712928132233849173982,97,10.2644313803204298388741580,2.910,0.7618478557412189757693346707,-1.019059271276794584786981141,stop,-1.095569569615625744912450885,-1.098492283878932893168678332,28
unselected_3x,BHVN,2024-10-03,2024-10-04,2024-10-07,46.8084489925,41.89769556650834628397227359,51.33130840035296631315751846,203,4.91075342599165371602772641,6.090,1.275069315099153604009143735,-0.1605556060556602751085635612,target,0.9210113022401734684505188689,0.9149022600224934093904435188,3
unselected_3x,VTES,2024-12-30,2024-12-31,2024-12-31,100.9313500000,100.5417353450164109450074750,99.4286500000,2566,0.3896146549835890549925250,76.980,0,-1.928443887798952497289071168,stop_gap,-3.856887775597904994578142337,-3.933886932627210344839235216,0
unselected_3x,PNR,2025-05-27,2025-05-28,2025-06-26,100.4477469775,95.55044259228362987057614417,101.8701990075,204,4.89730438521637012942385583,6.120,0.4864420985739379277268151702,-0.9429156560984275469849528859,time,0.2904561199614211792008097337,0.2843303010128253271663307278,29
unselected_3x,ORKA,2026-08-06,2026-08-07,2026-08-14,100.5384260075,90.06586935796339705926032505,110.1784002871088284186841274,95,10.47255664953660294073967495,2.850,1.034282014886907605712921755,-0.4811075438510942617826330842,target,0.9204986520684406884641427019,0.9176340220641401186391170454,7
unselected_3x,AVDV,2023-06-27,2023-06-28,2023-07-11,57.1957750000,55.77956165143423295257753448,58.17239843595152379456679703,706,1.41621334856576704742246552,21.180,1.090391501791644191943312656,-0.5901469583282831040237155497,target,0.6896019141046605611620902080,0.6684186651045139986694648494,13
unselected_3x,HGV,2025-09-19,2025-09-22,2025-09-30,44.5113500000,41.96818896056739793617264513,41.65342754336314245165135029,393,2.54316103943260206382735487,11.790,0.007333000038472093410090535651,-1.302060289795406082975488505,stop,-1.123767788324753933860756622,-1.135564131354093995113516345,8
unselected_3x,SLYG,2021-06-02,2021-06-03,2021-06-18,88.2771530225,85.48179896934794634783272551,84.84068547707783675022398007,357,2.79535405315205365216727449,10.710,0.5233129505904590164043482056,-1.029261756397445154294973620,stop,-1.229349656637300443134146886,-1.240081749756657494412760888,15
unselected_3x,URA,2018-04-26,2018-04-27,2018-05-02,13.1680250000,12.51931642078664246047406853,13.71310807736925735797948698,1541,0.64870857921335753952593147,46.230,1.667890690318962077600855844,-0.2127688833210330559956173921,target,0.8402587769538065763171514315,0.7940130497331509582778938929,5
unselected_3x,BHC,2023-12-15,2023-12-18,2023-12-28,7.3346000000,6.756498494685409713761705709,7.853356244024730859091507084,1729,0.578101505314590286238294291,51.870,1.272094940489406421021428913,-0.1809370829143213375562162964,target,0.8973445653673483784101464596,0.8454505645315009584609448450,10
unselected_3x,CUBE,2018-08-20,2018-08-21,2018-08-22,31.8067750000,30.74696208433467488869541384,30.51635986870216482703019824,943,1.05981291566532511130458616,28.290,0,-1.412302093960007981352404626,stop,-1.217587663090276197946854417,-1.245894545896254005875744337,1
unselected_3x,RELX,2020-12-08,2020-12-09,2020-12-15,24.5225500000,23.75293863149232251391296909,23.57479159175613009505862182,1299,0.76961136850767748608703091,38.970,0,-1.029805473815702454507637214,stop,-1.231476621871672962833129701,-1.270457335031058583469340812,6
unselected_3x,OSIS,2022-11-03,2022-11-04,2022-11-11,84.6904479850,80.13959933412006249566928942,88.57198691111083797304823025,219,4.55084865087993750433071058,6.570,1.043663364652138335461146362,-0.2374165936700813451748719972,target,0.8529263932695973203100891089,0.8463342162271462829227746727,7
unselected_3x,VCSH,2020-01-27,2020-01-28,2020-01-28,82.1414739925,81.93377673385544405524245999,80.9185240075,4814,0.20769725864455594475754001,144.420,0,-3.281097675276719291451820563,stop_gap,-5.888137344618993819248935369,-6.032578345890660554317800889,0
unselected_3x,VIOO,2024-01-17,2024-01-18,2024-01-23,95.0173229850,91.84338092379033370852740026,97.45483055836309379428655524,315,3.17394206120966629147259974,9.450,1.040559957084178687136807415,-0.5221651665463465957055651205,target,0.7679748169171369642336991543,0.7585228485379264526014848785,5
unselected_3x,ADNT,2025-12-15,2025-12-16,2026-01-08,19.0619000000,17.51676436316727705558346213,20.45248286955647752233341384,647,1.54513563683272294441653787,19.410,1.073109027113524868092589382,-0.2536346911286903832675164623,target,0.8999746277336185911557717801,0.8805588565321368062667044316,23
unselected_3x,XLY,2022-01-19,2022-01-20,2022-01-21,95.9542979850,91.62953364595949710056758117,90.94231214361480087231332431,231,4.32476433904050289943241883,6.930,0.1099948986134906454340745254,-1.337483278056096653662393244,stop,-1.158903803414445460142593153,-1.165840597572033208353040056,1
unselected_3x,DTE,2023-02-01,2023-02-02,2023-02-03,117.2427780225,112.9745039954071395225332923,112.1271952154415859761142926,234,4.2682740270928604774667077,7.020,0,-1.525856817336509825590047736,stop,-1.198513210395411080507515134,-1.205541812544564359472588034,1
unselected_3x,MTRN,2023-06-27,2023-06-28,2023-07-07,110.4219979850,103.8701597681758906153251578,116.0965324303104285642897809,152,6.5518382168241093846748422,4.560,1.316883098981994808097875801,-0.2567218434485887677118723808,target,0.8660980716433290231597088665,0.8615192040023416999455792472,9
unselected_3x,XLU,2025-11-14,2025-11-17,2025-12-03,44.7984875000,43.64696387669142171055599588,43.31961164761623604772682591,868,1.15152362330857828944400412,26.040,0.4789398053471019188282401324,-1.014730810856214716265410021,stop,-1.284277475901563684714791427,-1.310329915810528350962935757,16
unselected_3x,CIM,2022-07-13,2022-07-14,2022-07-27,27.5047489925,25.50380916406442476668594724,29.28439615477855841906419736,499,2.00093982843557523331405276,14.970,1.232046047795172007180398508,-0.7020445955130474625709407160,target,0.8894056367851734076786349954,0.8744126821877054021074345438,13
unselected_3x,STLD,2024-04-12,2024-04-15,2024-04-18,143.3571679475,136.5115057050728573519273389,135.4876694122848109217878839,146,6.8456622424271426480726611,4.380,0,-1.182818062117702704029912190,stop,-1.149559860906173383350310674,-1.153942198061820642188966888,3
unselected_3x,VCYT,2021-06-02,2021-06-03,2021-06-25,35.8871489925,29.97943252769543705947354758,41.48140396637477871847250403,169,5.90771646480456294052645242,5.070,1.117665860715682354483517780,-0.5107134051667478469854953848,target,0.9469403291784156320210345045,0.9418622249432638440180504727,22
unselected_3x,VRSK,2018-04-26,2018-04-27,2018-05-02,107.5002469775,104.1611847476625860139571506,103.3799758620551166188524720,299,3.3390622298374139860428494,8.970,0.07779280666855017624238132789,-2.288141235951753963844029254,stop,-1.233960564923495933401263069,-1.242945123441730187321305904,5
unselected_3x,FCFS,2019-10-01,2019-10-02,2019-10-22,90.1712500000,84.85434524888178065248798887,94.77199359048483270240567105,188,5.31690475111821934751201113,5.640,1.173380809330447922168888014,-0.5343800825851630787119525360,target,0.8653048730122976252126570352,0.8596624924536294299824769960,20
unselected_3x,REM,2021-12-20,2021-12-21,2021-12-27,33.2575729850,31.71451625235221477975523802,34.53962499476542683109292627,648,1.54305673264778522024476198,19.440,1.031993821942957347313817167,-0.1604445123512583957473552219,target,0.8308521538061071662845396171,0.8114102244426145182998465891,6
unselected_3x,LRGF,2020-09-14,2020-09-15,2020-09-18,33.7814739925,32.76171707770962968965387036,32.51600419962680746698146633,980,1.01975691479037031034612964,29.400,0.03189486340152555897737098539,-1.080133879480903671969915347,stop,-1.240952402007818696602471848,-1.270371177762006201995702874,3
unselected_3x,ICUI,2025-09-19,2025-09-22,2025-09-25,132.0832560450,123.0488229741065991858206151,122.1259568018007996919269605,110,9.0344330708934008141793849,3.300,0.1457466057546198484101383467,-1.924111774207985468461768678,stop,-1.102149870950844148100800678,-1.105470499900617677984583933,3
unselected_3x,IJK,2024-01-17,2024-01-18,2024-01-23,78.4943290300,76.62503985413883798019801577,79.76089106931720330465346935,534,1.86928917586116201980198423,16.020,1.003415626764059430320612987,-0.6068231949598846373063988288,target,0.6775634587054789893653777396,0.6615145774583175848118889531,5
unselected_3x,IQLT,2022-03-17,2022-03-18,2022-04-18,36.4312000000,34.90091115162404709547327222,35.6605250000,653,1.53028884837595290452672778,19.590,0.7507092541510625159092935987,-0.3726093937135693066093889199,time,-0.5036140731325938712227127426,-0.5232182152080184226051779612,31
unselected_3x,GOOS,2022-04-14,2022-04-18,2022-04-26,23.7770000000,21.32983038656440628014021334,21.16985665866517323303916174,408,2.44716961343559371985978666,12.240,0.2954433546536958940812666888,-1.208334716059445032916052004,stop,-1.065370919539428706157368030,-1.077629979898503224583976606,8
unselected_3x,VXUS,2019-06-07,2019-06-10,2019-06-20,52.4907479850,51.48992176345940182621948042,53.09038739999154368747716568,999,1.00082622154059817378051958,29.970,1.018408583890859289732973929,-0.9299786166346407686618547064,target,0.5991443889914304363110338080,0.5691691551752937952024347388,10
unselected_3x,GNRC,2025-11-14,2025-11-17,2025-12-08,151.1552239925,136.0327407664498076453034813,165.0306244144110659120362948,66,15.1224832260501923546965187,1.980,1.113889548145304800796791171,-0.8963619129131913830916099237,target,0.9175345222409713184924828259,0.9155507210654923073612091805,21
unselected_3x,FTGS,2026-03-13,2026-03-16,2026-03-20,35.1013000000,33.98454423352847658246212875,33.72966015177701300809366278,895,1.11675576647152341753787125,26.850,0.3122446379674831615758113677,-1.102569636949707584238238815,stop,-1.228236190404272213861324482,-1.255099718581778142571808079,4
unselected_3x,LNG,2026-03-13,2026-03-16,2026-03-19,254.5549540300,239.3748609980011007297889754,267.7120342090339075256844419,65,15.1800930319988992702110246,1.950,2.960129155682980685328179012,-0.4219315399779602900535742913,target,0.8667325128574259164645953253,0.8647562403842097473542305213,3
unselected_3x,PWR,2021-08-26,2021-08-27,2021-09-02,102.9866510075,98.16001338509035595888146459,107.0046889651853217108101464,207,4.82663762240964404111853541,6.210,2.433029556222881474160112943,-0.4924028264449412847005951211,target,0.8324714370579496442705955880,0.8262559300431464818655321013,6
unselected_3x,DLX,2022-03-17,2022-03-18,2022-03-23,33.3482479850,31.09850965589216938487854677,30.86527083347297811449195767,444,2.24973832910783061512145323,13.320,0.09856791437959777106202702622,-1.266035230919285565625682308,stop,-1.103673755921510134663141643,-1.117008640077525281275725122,5
unselected_3x,CBSH,2025-02-28,2025-03-03,2025-03-04,62.5321659950,60.10817511515313797948241365,59.65736380178948944463629555,412,2.42399087984686202051758635,12.360,0.3147998663461175297299708923,-1.327513655993331443150533109,stop,-1.185978964323549343415375531,-1.198355248512331142443501490,1
unselected_3x,FLNG,2022-09-08,2022-09-09,2022-09-19,33.2475000000,30.30120127252994579892813733,30.07394226298597120543617630,339,2.94629872747005420107186267,10.170,0.6864544932742419711848132172,-1.010589989480373532362314637,stop,-1.077133729660576118431274700,-1.087315996557103811452557467,10
unselected_3x,MUB,2018-01-30,2018-01-31,2018-01-31,110.1701229850,109.6811502702370109823852070,108.5298730150,2045,0.4889727147629890176147930,61.350,0,-1.881747093896629236919586515,stop_gap,-3.354481590644682448573409644,-3.415834707279301544745197587,0
unselected_3x,BSX,2024-01-17,2024-01-18,2024-01-31,61.3970489925,59.68403987306324675010003134,62.63673267609722760052571890,583,1.71300911943675324989996866,17.490,1.805564822980614673340892427,-0.9031189472060013387246543282,target,0.7236877314493470784042456733,0.7061746898317611990158908451,13
unselected_3x,NCLH,2023-09-21,2023-09-22,2023-09-22,17.1778739925,16.15501303935037490180791276,16.03385044155524709004435341,977,1.02286095314962509819208724,29.310,0,-1.483949492671624069167991990,stop,-1.118454612449561390916139593,-1.147784112131432198169620984,0
unselected_3x,JHMM,2022-09-08,2022-09-09,2022-09-14,48.6118750000,46.88746998187812710971980990,46.53581395701404115639691133,579,1.72440501812187289028019010,17.370,0.3352599847045567439126782597,-1.108715168367062637446824271,stop,-1.203928903690555456513093985,-1.221326208665157276049007298,5
unselected_3x,FWRD,2022-03-17,2022-03-18,2022-03-23,106.8957479850,98.91141478662919678856411078,98.16957917572947781264987995,125,7.98433319837080321143588922,3.750,0.03184411380174869555049118584,-1.008944865507838492351949833,stop,-1.092911404430252226652186691,-1.096668762653493896470123433,5
unselected_3x,SPHB,2025-02-28,2025-03-03,2025-03-03,88.2872219775,84.21435848110693494344633461,83.58275079249863293137048710,245,4.07286349639306505655366539,7.350,0,-1.258873021902323289759495452,stop,-1.155077057988232326337589322,-1.162442883046343910924063998,0
unselected_3x,OKLO,2024-05-10,2024-05-13,2024-06-11,9.2186250000,5.083236440725259168142846810,9.3791250000,241,4.135388559274740831857153190,7.230,0.7741412817956465648442350448,-0.5244065869303296338871045173,time,0.03881134691443560147046182490,0.03155688954725137689654372679,29
unselected_3x,WDAY,2019-10-29,2019-10-30,2019-11-20,160.9078320525,148.9737326094527680289856045,171.5456170093306277312317875,83,11.9340994430472319710143955,2.490,1.046762012258737583487222246,-0.2545510088128043977226701654,target,0.8913772679368921382256409910,0.8888634628405655860194047400,21
unselected_3x,EWU,2023-12-15,2023-12-18,2023-12-20,33.3885489925,32.67499260648703835116216981,32.42993016193838556352845354,1401,0.71355638601296164883783019,42.030,0.1141493638016722003400877698,-1.329327311889224303281275806,stop,-1.343438093123871592220759164,-1.385481021458697053830193812,2
unselected_3x,MAA,2020-12-08,2020-12-09,2020-12-11,125.4136030225,119.3230161481990895180040723,118.3159240075,164,6.0905868743009104819959277,4.920,0,-1.018556035819136369865989088,stop_gap,-1.165352233123624155013692947,-1.170277866830054696470125771,2
unselected_3x,SANM,2021-08-26,2021-08-27,2021-08-27,38.3454510075,36.77557612625374814682799830,39.61596094458065496427321169,636,1.56987488124625185317200170,19.080,1.022087818378380041498221550,-0.1818297820482319566515579618,target,0.8093064945864063036735553553,0.7901966914050315100521302836,0
unselected_3x,EWT,2023-07-26,2023-07-27,2023-07-31,48.9342750000,47.77190570776060867775185438,47.41361641495240411266871547,860,1.16236929223939132224814562,25.800,0,-1.010244341312275712923382523,stop,-1.308240500846278777997102821,-1.334049854379872871543771517,4
unselected_3x,SIL,2023-06-27,2023-06-28,2023-07-12,25.6408760075,24.32107066879708108953798790,26.75847623610639701863354701,757,1.31980533870291891046201210,22.710,1.385903616890676751914943132,-0.5537756107414233318225929064,target,0.8467917168032935381792789903,0.8240610919753295418995436931,14
unselected_3x,BX,2024-08-07,2024-08-08,2024-08-23,130.1589270150,121.1067895166527792618249993,138.1669815294971165826386882,110,9.0521374983472207381750007,3.300,1.163379918491385068212476806,-0.2429180970131629124132669180,target,0.8846589566231470257641542914,0.8813448222537257114550553609,15
unselected_3x,VNET,2022-08-10,2022-08-11,2022-09-06,5.2994500000,4.630637243163949627709169395,4.595907463840220005501350625,1495,0.668812756836050372290830605,44.850,0.3447153147775797397408694128,-1.449508835008131332430214063,stop,-1.051927507316136790883856551,-1.096783111060779567688133639,26
unselected_3x,DOC,2021-07-29,2021-07-30,2021-08-09,37.5394479850,36.22499850522427678972984214,35.9483509925,760,1.31444947977572321027015786,22.800,0.1145354137351004428887503500,-1.155957690560503306602876762,stop_gap,-1.210466447726450109723329955,-1.233289690811546635221099004,10
unselected_3x,ALLE,2020-03-24,2020-03-25,2020-04-23,85.3957020150,68.96111204978093829793541823,94.4165220225,60,16.43458996521906170206458177,1.800,0.8344777091502688970615026278,-0.1944499389253489942736553742,time,0.5488923074193508616012837249,0.5470668891969620001474334041,29
unselected_3x,TECK,2024-06-10,2024-06-11,2024-07-05,48.9242010075,45.68684240678282446476032698,51.77034791115554671872537547,308,3.23735860071717553523967302,9.240,1.184853908878136565939745953,-0.8569328732644658852288052960,target,0.8791571323068864634901453739,0.8698903183081672398272178112,24
unselected_3x,TXNM,2026-04-13,2026-04-14,2026-04-21,59.4324270150,58.80291670439182752347494795,58.36189482910888881704888584,1588,0.62951031060817247652505205,47.640,0,-1.195257650781092361202070296,stop,-1.700579272255073432262889251,-1.748235362226049249546725224,7
unselected_3x,ADT,2020-04-22,2020-04-23,2020-04-29,5.1483250000,4.343249656069331714321784017,5.908749841351188273535629363,1242,0.805075343930668285678215983,37.260,1.045461156331827265878012316,-0.1593950193201434447902051629,target,0.9445387280630404733840132672,0.9072751350016393173839653039,6
unselected_3x,INTR,2026-05-11,2026-05-12,2026-06-10,6.1306375000,5.293492988522561827170290869,5.5183000000,1194,0.837144511477438172829709131,35.820,0.4973603652554333907285562223,-0.7365962406081174636894054760,time,-0.7314597319873882587775010856,-0.7672958386436385256047410187,29
unselected_3x,YETI,2019-10-29,2019-10-30,2019-11-05,33.7915510075,31.16726255558609275817566722,30.93350808641919706248934972,381,2.62428845191390724182433278,11.430,0.3614126304630459922460104620,-1.216158614413131765552548439,stop,-1.089073466370062080388403767,-1.100505136535024641453339670,6
unselected_3x,MBUU,2017-11-01,2017-11-02,2017-11-07,31.0713000000,29.54264207154115502942665788,29.32107225600459636670595795,654,1.52865792845884497057334212,19.620,0.5551928814156861774142386515,-1.655896294962466130791192276,stop,-1.144944013576627871370546422,-1.164569071244202497648886424,5
unselected_3x,CAT,2022-11-03,2022-11-04,2022-11-14,225.7001540300,212.0011099236918200599836916,237.6037041502858685904661861,72,13.6990441063081799400163084,2.160,1.032907979578241565288614687,-0.2211947057389693339566388752,target,0.8689328998367472590657487452,0.8667429660160228259352544168,10
unselected_3x,ROL,2022-01-19,2022-01-20,2022-01-24,32.4012000000,30.80698453418000314196982880,30.57593215017365311840505508,627,1.59421546581999685803017120,18.810,0.08079146311239130658676595660,-1.249015608423928521770886209,stop,-1.144931716546550043263871681,-1.163749750020193000100516210,4
unselected_3x,LGIH,2022-02-16,2022-02-17,2022-02-23,127.8114510075,115.7134332477983328713746050,114.8455824984398453748392955,82,12.0980177597016671286253950,2.460,0.01558511454066914446087074797,-1.038306543849028121495626137,stop,-1.071734954154992775559150291,-1.074214699233556769126106754,6
unselected_3x,WM,2023-03-30,2023-03-31,2023-05-01,163.6079239925,157.8298146165712806143226759,165.5390680525,173,5.7781093759287193856773241,5.190,0.6857057818956865536112231863,-0.9878542653205765239729041719,time,0.3342172905284621621164218392,0.3290252808159118385204221419,31
unselected_3x,USLM,2024-07-10,2024-07-11,2024-07-12,74.2265590300,70.77776808620904287106566575,77.09278484898752495046732674,289,3.44879094379095712893433425,8.670,1.442081602236269638743996074,-0.1625378398215770125535083044,target,0.8310813458112747181595571399,0.8223826451683695269317835920,1
unselected_3x,RDVY,2024-12-30,2024-12-31,2025-01-15,59.6742250000,58.03525263132470567973873632,60.85334838841022961285930420,610,1.63897236867529432026126368,18.300,1.321422521448910038366329047,-0.6310210103394952999916681212,target,0.7194284729542210630112859632,0.7011243205637523849856416227,15
unselected_3x,JBTM,2023-03-02,2023-03-03,2023-03-10,113.5150229850,106.6081358473087490248865454,105.8085748284539334071998963,144,6.9068871376912509751134546,4.320,0.1759084795768254772282656130,-1.366030861212801345815820430,stop,-1.115762861462085945015936118,-1.120106352155062293533774059,7
unselected_3x,WTS,2024-12-30,2024-12-31,2025-01-10,205.1672989925,196.4308539914678435257399985,194.9576225865318346992969485,114,8.7364450010321564742600015,3.420,0.05868451154210075167565696626,-1.210710190615331251819684705,stop,-1.168630536192004382418081631,-1.172064427207910244259600637,10
unselected_3x,OSIS,2025-10-17,2025-10-20,2025-10-31,250.3435959700,235.3127880858774860207462408,263.3840958252165951244093560,66,15.0308078841225139792537592,1.980,2.142028111743083443987483466,-0.6056621201057590420854703291,target,0.8675847602969937516024905411,0.8655888595954958710070748938,11
unselected_3x,UBSI,2025-04-28,2025-04-29,2025-05-12,34.4061270150,32.12321542238670799371086132,36.41387081805619231624197014,438,2.28291159261329200628913868,13.140,1.245721908023851635753452404,-0.3093094000156546655707328885,target,0.8794662962650647695085559563,0.8663251829179384212927605268,13
unselected_3x,MUR,2019-08-05,2019-08-06,2019-08-07,22.7997239925,21.09207102478083846189162485,20.93388049209498217342743766,585,1.70765296771916153810837515,17.550,0.02358559277637945791227098124,-1.018781348076638594169983172,stop,-1.092636229770469443969815404,-1.110204202050030265319054884,1
unselected_3x,IQLT,2026-03-13,2026-03-16,2026-03-19,46.8890510075,45.36475042577915710070856012,44.8014490075,656,1.52430058172084289929143988,19.680,0.1252712193315756080914681271,-1.186805954936849397256101639,stop_gap,-1.369547466578556289006798669,-1.389228624192582664087012215,3
unselected_3x,OGE,2022-08-10,2022-08-11,2022-09-09,41.3981750000,39.87409921674694714561821006,41.5361230150,656,1.52407578325305285438178994,19.680,0.9919618280221576278278904916,-0.7467981661454039338999321456,time,0.09051256933271246392668877347,0.07082850878293671022845206304,29
unselected_3x,ABR,2022-02-16,2022-02-17,2022-02-28,17.1174250000,16.26501990501106576999052227,17.83505636927651722328440665,1173,0.85240509498893423000947773,35.190,1.129245948503505807797721987,-0.4662407608030068297741136623,target,0.8418900514500483892005148624,0.8066955175642678793868051155,11
unselected_3x,SJM,2026-08-06,2026-08-07,2026-08-24,119.0462040300,111.9825500426495413438017404,125.1640340822203302162767727,141,7.0636539873504586561982596,4.230,1.015592918742450382493948253,-0.4567330217161632267489467723,target,0.8660999056828231933606080669,0.8618528120321823512801806851,17
unselected_3x,VNLA,2023-02-01,2023-02-02,2023-02-02,48.0275229850,47.85344396634233009437936583,47.3124730150,5744,0.17407901865766990562063417,172.320,0,-2.168675972044643991176822463,stop_gap,-4.107617193121710901850044618,-4.279952723453460062059786797,0
unselected_3x,PRAA,2024-01-17,2024-01-18,2024-01-22,22.5881500000,20.44855463277198095747802919,24.54228727697380889970305603,467,2.13959536722801904252197081,14.010,1.412346954141613637083467961,-0.2608666145707341327962565193,target,0.9133209516645744030484454645,0.8992996089100016563734757062,4
unselected_3x,MTZ,2020-06-18,2020-06-19,2020-07-09,43.9068520150,38.48676058621990339195342525,38.19810988182325411651377456,184,5.42009142878009660804657475,5.520,0.4415325860173962230265531063,-1.268770666576703419146552820,stop,-1.053255689168626454572054219,-1.058790651151131631407565889,20
unselected_3x,BTI,2017-09-06,2017-09-07,2017-09-19,64.5203010075,62.52450696265113568638693036,62.05557316043125216873902838,501,1.99579404484886431361306964,15.030,0.2403549573354530233871877571,-1.012279304427422283189507613,stop,-1.234961018863744787107051690,-1.249992630004899290785972035,12
unselected_3x,UPS,2021-01-07,2021-01-08,2021-02-08,160.3033260075,152.8069535302060023696314176,162.2241220225,133,7.4963724772939976303685824,3.990,0.7052304309201502240729255041,-0.7394684594836199232765938318,time,0.2562300660510080691594506365,0.2522281304360332317221793398,31
unselected_3x,COHR,2019-12-26,2019-12-27,2020-01-07,34.2650729850,32.49848187434467880390707408,35.76142661493790628712222898,566,1.76659111065532119609292592,16.980,1.151894177846926519176740668,-0.6991283820860200934832493238,target,0.8470288460711377238786626583,0.8300469877231290393588462364,11
unselected_3x,FTLS,2024-10-03,2024-10-04,2024-10-08,64.1979010075,63.11180534820994751204891948,62.63846680809837290570855258,920,1.08609565929005248795108052,27.600,0,-1.029282271720647873691101823,stop,-1.435816620813107320580030475,-1.463438497158336508209247557,4
unselected_3x,XPEV,2023-11-16,2023-11-17,2023-12-13,16.8756250000,14.82079086372743150842497628,14.70963493224947577211178896,486,2.05483413627256849157502372,14.580,0.9073116740127464115799252334,-1.097716336410325779212856241,stop,-1.054094843722807993276239258,-1.068694562245306091752885724,26
unselected_3x,ADSK,2018-03-28,2018-03-29,2018-04-27,126.1389969775,117.1191329208630165457345570,125.6901990075,110,9.0198640566369834542654430,3.300,0.9524532707539625723122674171,-0.5919151268772691864004462455,time,-0.04975662240383391591867962209,-0.05308261488128433192114146180,29
unselected_3x,ONB,2023-06-27,2023-06-28,2023-07-12,13.9135750000,13.01394393913213724284741101,14.70210701541135378647394457,1111,0.89963106086786275715258899,33.330,1.218749604912810155311600805,-0.4597162303411683060701783551,target,0.8765059919681595693502318449,0.8431589886187427787267527888,14
unselected_3x,PRSU,2026-04-13,2026-04-14,2026-05-07,41.2571260075,38.37246789469759557666739300,43.81072073940013639015761245,346,2.88465811280240442333260700,10.380,1.460441698030984935479436866,-0.4912630724627821467239083915,target,0.8852330612653973553861459900,0.8748332153124724780253603777,23
unselected_3x,SBAC,2017-10-04,2017-10-05,2017-10-30,148.6163199625,143.8253207694278903705169643,152.2567642619053188072619129,208,4.7909991930721096294830357,6.240,1.050652240722311859551589129,-0.7214186066860351423919979242,target,0.7598507435921678836482059309,0.7535890017735967887401662734,25
unselected_3x,KRP,2025-12-15,2025-12-16,2026-01-13,11.7776750000,11.16322476022638485971754546,12.29918430047531302673033613,1627,0.61445023977361514028245454,48.810,1.240661896854116404082164566,-0.7611275408929903771739432831,target,0.8487413084376941715857894496,0.7999171758097159574088112094,28
unselected_3x,REMX,2024-10-31,2024-11-01,2024-11-15,48.1282750000,45.59126572924870881628839155,45.24933123627934350016622861,394,2.53700927075129118371160845,11.820,0.7101767505431505453032785953,-1.173930672755498538351874704,stop,-1.134778574485897468304358952,-1.146603521420804025275649442,14
unselected_3x,GAP,2019-05-09,2019-05-10,2019-05-13,25.0162250000,23.70012660605106602479991370,23.52237565650568302961391435,759,1.31609839394893397520008630,22.770,0,-1.911882129458500213197159776,stop,-1.135059012580392163347538826,-1.157853660866517214325060626,3
unselected_3x,AMCR,2020-05-20,2020-05-21,2020-06-01,47.4028739925,43.61089909266408328505270239,50.81088752564339733958519288,263,3.79197489983591671494729761,7.890,1.133216100055393779207689611,-0.1194293223089626346250531840,target,0.8987436950837586391974641732,0.8908322503109311250048363240,11
unselected_3x,CNP,2022-04-14,2022-04-18,2022-04-25,32.7336770150,31.59592971293301840198352665,31.35896024008602076396865020,878,1.13774730206698159801647335,26.340,0.2340792059151997889996954675,-1.356782839384066073800917842,stop,-1.208279529572592862355989891,-1.234647423344345209116412630,7
unselected_3x,TYL,2025-08-21,2025-08-22,2025-09-15,569.2375000000,543.6767618717479669436304695,539.5991861577098571915532410,39,25.5607381282520330563695305,1.170,0,-1.438437685778769078340915683,stop,-1.159524959474124314262202728,-1.160698634500622915034373941,24
unselected_3x,EQNR,2021-09-24,2021-09-27,2021-09-30,24.5830000000,23.45914414871131695290385014,25.51405443240401792424292874,889,1.12385585128868304709614986,26.670,1.127368780032758618773320006,-0.1628322705177544019222711611,target,0.8284464874533624400633118087,0.8017526726143863086006444053,3
unselected_3x,SFNC,2025-12-15,2025-12-16,2026-01-02,19.5757250000,18.72370296093521406000495955,18.58327518872819995455492235,1173,0.85202203906478593999504045,35.190,0.2984371158744937945421645499,-1.262555369085005750206941148,stop,-1.164817065484777063302445608,-1.200027422288374797394530699,17
unselected_3x,TJX,2018-05-24,2018-05-25,2018-06-04,44.4106020150,42.59574361628820398348112863,45.87876946060895754639497983,551,1.81485839871179601651887137,16.530,1.145764312232832132329910692,-0.3419556123169215746861500964,target,0.8089707971988762042628099310,0.7924405819372920006975216871,10
unselected_3x,MCHI,2023-12-15,2023-12-18,2023-12-20,41.3075000000,40.02281591026304194100376910,39.5809009925,778,1.28468408973695805899623090,23.340,0.1109229896582415047279404323,-1.601561050251099262305088663,stop_gap,-1.343987227127195923246633413,-1.367339271602303081384739202,2
unselected_3x,NKE,2017-11-01,2017-11-02,2017-11-17,55.5636270150,53.49569715191755482673636902,57.19932020149682683446415375,483,2.06792986308244517326363098,14.490,1.918039898649051458777314319,-0.4708220681859668047223644583,target,0.7909809784644588164383092900,0.7764737166198611661341310172,15
unselected_3x,STM,2022-01-19,2022-01-20,2022-01-24,47.2316010075,44.27412442576542952172613013,43.5707519850,338,2.95747658173457047827386987,10.140,0,-1.471389506302623434578645151,stop_gap,-1.237828574910608116056913533,-1.247972357683151624707360045,4
unselected_3x,MNDY,2023-02-01,2023-02-02,2023-02-10,146.1983260075,128.9554239024355135707242959,127.9882582231672472189438637,57,17.2429021050644864292757041,1.710,0.2285968434131673454643549158,-1.003794309219925185515697448,stop,-1.056090655353439371956635877,-1.057830501686568443765078304,8
unselected_3x,LASR,2025-08-21,2025-08-22,2025-09-15,27.3032500000,24.37834546673225534853100532,30.00144337426823656658297722,341,2.92490453326774465146899468,10.230,1.113454802697958153126892828,-0.1447059195218033340208626813,target,0.9224893816461684045707195199,0.9122326366280725228820149912,24
unselected_3x,AZTA,2026-05-11,2026-05-12,2026-05-28,18.0745510075,14.67033792818379634009532401,21.31767335616508213245539092,293,3.40421307931620365990467599,8.790,1.476243958709379677271349431,-0.6299696750859000160456403781,target,0.9526790107147231081280471870,0.9438664013682993437208631293,16
unselected_3x,SCHP,2021-12-20,2021-12-21,2022-01-05,31.3332500000,31.02801104502686011289113512,30.79530096218915866204445161,3276,0.30523895497313988710886488,98.280,0.5299159801350833580505635484,-1.402995892308976840957989682,stop,-1.762386579583786219032856987,-1.860670234114840127457020711,15
unselected_3x,MAT,2024-06-10,2024-06-11,2024-06-25,17.5204239925,16.86511434304970310845683262,16.73862598547683033514340638,1525,0.65530964945029689154316738,45.750,0.5944914863176420765052527884,-1.602944491022135214090961663,stop,-1.193020746267015719260447869,-1.238800630670008021847658873,14
unselected_3x,FBT,2024-10-03,2024-10-04,2024-10-10,172.9474540300,168.3123695235459073702386893,167.0500267521193130649618991,215,4.6350845064540926297613107,6.450,0,-1.056604474671513938408190919,stop,-1.272345147034288910817381141,-1.278817520937769354225152332,6
unselected_3x,CME,2021-08-26,2021-08-27,2021-09-07,200.2104010075,193.5518116697520610479605495,192.1001730822289205901008454,150,6.6585893377479389520394505,4.500,0.2597548677006988719876348152,-1.142944041368675208849117031,stop,-1.218009928813857760239955781,-1.222515387624769587442569417,11
unselected_3x,ULCC,2026-07-09,2026-07-10,2026-07-13,7.4958000000,6.499872981742222522149890123,6.451123934379155853233765947,1004,0.995927018257777477850109877,30.120,0.05442165842113073605939740258,-1.040036047834081483585310509,stop,-1.048948413356980411165225699,-1.079071102519967903449024999,3
unselected_3x,XIFR,2023-01-03,2023-01-04,2023-01-12,72.2679780225,68.87500410578837116075179556,75.09349479966754162295384291,294,3.39297391671162883924820444,8.820,1.126450739475235378672730328,-0.5417011941787382157898140245,target,0.8327552308170850626337706570,0.8239134298671163333565986712,8
unselected_3x,OFG,2026-07-09,2026-07-10,2026-07-21,50.0324500000,47.99624699368832479745299388,51.67813810876433763852790357,491,2.03620300631167520254700612,14.730,1.437749080482346200862495409,-0.3646242529348056871069139590,target,0.8082141631571863643170205882,0.7934808581247273393695731289,11
unselected_3x,WB,2018-08-20,2018-08-21,2018-09-10,78.1114739925,70.76485106942873453646674640,70.23411468640801902744324580,136,7.34662292307126546353325360,4.080,0.7130519780794776501228716513,-1.112275950197251349908748105,stop,-1.072242224567426207264868162,-1.076325733454997976115578378,20
unselected_3x,BBT,2018-05-24,2018-05-25,2018-06-07,39.7458760075,38.54306786951074370833778846,40.64156901439808686947474495,831,1.20280813798925629166221154,24.930,3.619963862049370201323989324,-0.8695277114173814744534868114,target,0.7446682297938421229272288350,0.7197265960847858863638892101,13
unselected_3x,BMA,2018-11-13,2018-11-14,2018-11-16,42.1336500000,36.52717769674571558133876805,47.38207138597987728552127271,178,5.60647230325428441866123195,5.340,1.082026392332087036415655537,-0.05594426994991867417031595422,target,0.9361361480254569357734066761,0.9307851896371337722946581391,2
unselected_3x,CVI,2025-09-19,2025-09-22,2025-10-01,34.6781479850,31.83698066492345804356046068,37.23792044028846789176624278,351,2.84116732007654195643953932,10.530,1.049516511727182597917816657,-0.2034902981301447795283853922,target,0.9009580101813598232564096624,0.8903989699629217939172727570,9
unselected_3x,SRCE,2026-04-13,2026-04-14,2026-05-12,74.3333489925,71.03957708011822297456794093,70.50678025201733630225868137,303,3.29377191238177702543205907,9.090,0.6395867909313267765374646895,-1.087916555190011728304902977,stop,-1.161758871674758167481763452,-1.170866970473957210846822205,28
unselected_3x,ERX,2019-05-09,2019-05-10,2019-05-23,200.9962500000,181.0710115684595166743329623,179.7129789816960702992754651,50,19.9252384315404833256670377,1.500,0.3765952425503728995189553098,-1.359896198637614123715194393,stop,-1.068156403318805985911980830,-1.069662031474929415795115084,13
unselected_3x,ACWX,2026-01-14,2026-01-15,2026-01-20,70.4343290300,69.37880216762576258857466074,68.6214490075,947,1.05552686237423741142533926,28.410,0,-1.444136652828784225958336577,stop_gap,-1.717511971625448567359019420,-1.745933796847897041342780020,5
unselected_3x,UBSI,2021-09-24,2021-09-27,2021-09-29,34.3456750000,32.68033515049513715936059581,35.74093223813357636933460866,600,1.66533984950486284063940419,18.000,1.215562097191074821052049686,-0.1535272215313991509622386552,target,0.8378213243071153554055445557,0.8198069832650033987071299291,2
unselected_3x,SWK,2020-06-18,2020-06-19,2020-07-20,141.0500000000,126.6266895414999103216628905,151.0684319475,69,14.4233104585000896783371095,2.070,0.9207318970364183144574132373,-0.7966272398462169287287989122,time,0.6946000348758933780683353741,0.6925200685542698911566826201,31
unselected_3x,YOU,2025-09-19,2025-09-22,2025-09-30,38.1238000000,35.83028237814634711729839073,35.56155526031024951391865280,436,2.29351762185365288270160927,13.080,0.3820332539201695592741955155,-2.072711783290294420277596343,stop,-1.117168106874587082662556280,-1.130248451108329477981234510,8
unselected_3x,SPHD,2025-03-28,2025-03-31,2025-04-03,50.0223770150,48.80873626924522068727820801,48.44267074722588153212362145,823,1.21364074575477931272179199,24.690,0.3605861013901911065252519627,-1.114315764142326577364206970,stop,-1.301625932797500252761058959,-1.326344944667312353713339862,3
unselected_3x,EPHE,2019-05-09,2019-05-10,2019-05-13,33.4792250000,32.45872118590055471233647715,32.21528077700630055199395357,979,1.02050381409944528766352285,29.370,0,-1.194730468573427286448475809,stop,-1.238549239631290160553457064,-1.267946483997764015375778317,3
unselected_3x,SYNA,2026-02-12,2026-02-13,2026-02-19,92.1560260075,82.38112753880800835290207507,81.76326908226694829025530951,102,9.77489846869199164709792493,3.060,0.1252157243801820494411705258,-1.263033886954741830084213401,stop,-1.063208682782741737030290539,-1.066277768369265930317685882,6
unselected_3x,DXYZ,2025-07-24,2025-07-25,2025-08-01,32.4415010075,28.26141194125681818155552782,28.04945135169739204519386136,239,4.18008906624318181844447218,7.170,0.2053779187225710238626537843,-1.007514658362303601994588187,stop,-1.050707194559833589100942970,-1.057884075129740257480111735,7
unselected_3x,SNPS,2019-01-14,2019-01-15,2019-01-25,88.3174540300,83.57937877047036759198147682,92.35761281985816016495838426,211,4.73807525952963240801852318,6.330,1.165566536515556471991331849,-0.1619752722281975569038389361,target,0.8527004255013127019816518037,0.8463687405117884495910918900,10
unselected_3x,DNOW,2020-11-09,2020-11-10,2020-11-24,5.5412500000,4.787021803755894746207194724,6.248262109772274464389359236,1325,0.754228196244105253792805276,39.750,1.224761954803701308704282632,-0.5187422081915541402225175424,target,0.9373981419589498521500059036,0.8976223815864345187144135042,14
unselected_3x,MTG,2018-07-23,2018-07-24,2018-08-21,12.5433750000,11.90280784572694456105409336,12.4658000000,1561,0.64056715427305543894590664,46.830,0.4162327060034448718527126519,-0.5828819000620205495658943700,time,-0.1211036180711382501039819371,-0.1679371152304569417329791412,28
unselected_3x,APG,2022-05-13,2022-05-16,2022-06-14,11.3578829975,10.25923651526395982405240026,10.4080169975,910,1.09864648223604017594759974,27.300,0.7422314781733434352344442127,-0.9143523542308818037331508203,time,-0.8645783838189405554050514415,-0.8918847107267025098935282827,29
unselected_3x,DVA,2024-12-30,2024-12-31,2025-01-14,152.0116050375,144.2585596294822108917115952,158.5664155671764056899762418,128,7.7530454080177891082884048,3.840,1.376025471418923712549127573,-0.4877578858998117223653444719,target,0.8454497793728600708717234493,0.8415803321529359378046069536,14
unselected_3x,AOR,2023-12-15,2023-12-18,2024-01-02,53.4176500000,52.73932059927727266024555108,52.34377569478269311529370945,1474,0.67832940072272733975444892,44.220,0.09191699480159502871144861845,-1.028481146853856779238386804,stop,-1.583116261912200002259195660,-1.627342562538468660821239904,15
unselected_3x,LMND,2026-01-14,2026-01-15,2026-01-22,82.2623770150,72.02030530167072856900525187,91.81066536286680189526228752,97,10.24207171332927143099474813,2.910,1.722075911853456634767308877,-0.6114365521235314368980526880,target,0.9322614227979322138648271415,0.9293323278999774085828041171,7
unselected_3x,URI,2017-12-29,2018-01-02,2018-01-12,174.2168979850,167.2133266123587800574344528,179.8613158374589107929963056,142,7.0035713726412199425655472,4.260,1.234099369467905077442482283,-0.6834948528831426421123397301,target,0.8059342230034647666913809832,0.8016506941574259980185220646,10
unselected_3x,APP,2025-11-14,2025-11-17,2025-12-02,558.6033445525,483.7367667348573898846678346,628.7188979523665405394671742,13,74.8665778176426101153321654,0.390,1.617499703839315644042937783,-0.9256915244784754318843567677,target,0.9365401150116885459261316509,0.9361394021585770687328419125,15
unselected_3x,MOG.A,2025-06-25,2025-06-26,2025-07-17,180.1712270150,170.8882933674740229327273110,188.0332544575570322392681438,107,9.2829336475259770672726890,3.210,1.550024112133430491523376995,-0.1477145121429850024338342382,target,0.8469334954960455986476067696,0.8437017585108312971951814144,21
unselected_3x,PH,2022-08-10,2022-08-11,2022-08-22,304.9500929475,290.7050776565444967333601127,288.3708630900,70,14.2450152909555032666398873,2.100,0.2281443007339873045080741568,-1.429981332518011510364969296,stop_gap,-1.163861850539854787329724549,-1.165967850385221587934135057,11
unselected_3x,SPTS,2021-07-29,2021-07-30,2021-07-30,30.9000250000,30.86632837430801777311338391,30.4399750000,29676,0.03369662569198222688661609,890.280,0,-6.826351163544904581398110322,stop_gap,-13.65270232708980916279622064,-14.54299918571972824742590572,0
unselected_3x,EWZ,2020-11-09,2020-11-10,2020-11-25,31.9679750000,30.01750721275711704811945807,33.66405446633856132974143787,512,1.95046778724288295188054193,15.360,1.067448544199276717716072969,-0.7628810943365296336850937720,target,0.8695757384109805898129795437,0.8541948127703643906089923711,15
unselected_3x,ROST,2025-07-24,2025-07-25,2025-08-06,138.2995290300,132.6349573001484201586286216,142.8843700041526929925610931,176,5.6645717298515798413713784,5.280,1.500638419883284802595885073,-0.6937036403461625163922903855,target,0.8093888104534290376442673061,0.8040927348751282497791552913,12
unselected_3x,ES,2019-10-29,2019-10-30,2019-11-04,83.7031020150,81.52068071744992030854142882,80.90927561206904590622736810,458,2.18242129755007969145857118,13.740,0.1589523459056326935246240350,-1.238579378800243918927727118,stop,-1.280149898677775610291453243,-1.293896098842554562434638195,5
unselected_3x,MTCH,2026-02-12,2026-02-13,2026-03-16,30.0738750000,27.65177109954034298780948779,30.0628259925,412,2.42210390045965701219051221,12.360,0.8922515667432228281819400091,-0.2162896479794202662577943184,time,-0.004561739691638812176038540338,-0.01694766582565260167533575867,31
unselected_3x,FTGC,2022-01-19,2022-01-20,2022-02-02,24.5326250000,23.85525564420319469290047950,25.02091939812832926729627410,1476,0.67736935579680530709952050,44.280,1.044297315705843168319595329,-0.9634713977166871935928527597,target,0.7208687460535282478473598322,0.6765797628816953515058325520,13
unselected_3x,HLT,2022-07-13,2022-07-14,2022-07-19,113.0213500000,104.0078672502829295750151178,121.1195715040941923967974956,110,9.0134827497170704249848822,3.300,1.024981381396663520173372094,-0.2120544359015938063929515452,target,0.8984564267733681846558241837,0.8951280795813860745378977629,5
unselected_3x,ICSH,2022-12-02,2022-12-05,2022-12-05,50.3548500000,50.28521617479228164590808017,49.6051500000,14360,0.06963382520771835409191983,430.800,0,-5.383159676806766425938936711,stop_gap,-10.76631935361353285187787342,-11.19714445779974865227314647,0
unselected_3x,SJNK,2018-12-13,2018-12-14,2018-12-14,26.8297239925,26.61082588180318797743817497,26.41124468768966406760738866,4568,0.21889811069681202256182503,137.040,0,-1.186506323299128206632482175,stop,-1.911753845102650127706848385,-2.048803908735003408272464460,0
unselected_3x,MAA,2021-10-22,2021-10-25,2021-11-22,203.5150000000,196.8378294486520789556051243,200.7827529775,149,6.6771705513479210443948757,4.470,0.6252651430563192601614488911,-0.9188016020890057967622981114,time,-0.4091923370069439124545381300,-0.4136852580382846346397834226,28
unselected_3x,CAE,2025-11-14,2025-11-17,2025-12-09,26.4972489925,24.97180462799503542529152597,27.81252315682742734039816047,655,1.52544436450496457470847403,19.650,1.365340523694478970273590534,-0.6406323398212793573752736731,target,0.8622236214784919917765506047,0.8425572208557884787603852694,22
unselected_3x,NEGG,2026-01-14,2026-01-15,2026-01-21,54.3949270150,45.66613752978094232271620205,45.32364149830758525529583053,114,8.72878948521905767728379795,3.420,0.4049900608768414831282066568,-1.533423281391473706469561404,stop,-1.039237517648160097418363108,-1.042674420331035043632195296,6
unselected_3x,HIG,2023-03-30,2023-03-31,2023-05-01,70.1824540300,66.08765593767365683912741907,70.7453990075,244,4.09479809232634316087258093,7.320,0.4438670549852222169758984299,-0.7723108584832176465872911760,time,0.1374780794576806130345067749,0.1301517108984542037518425500,31
unselected_3x,EIX,2019-11-26,2019-11-27,2019-12-16,69.8096760075,66.39023050855736124112108450,72.67990309514431896818732363,292,3.41944549894263875887891550,8.760,1.225439619902037437771290213,-0.4853634918331655071325392498,target,0.8393837797771161562157847632,0.8306104274867297170499739572,19
unselected_3x,UNFI,2019-06-07,2019-06-10,2019-06-20,10.3671750000,9.110688203753158196356609878,9.042358042225009509883935304,795,1.256486796246841803643390122,23.850,0.7264899262981764881704372146,-1.127886901981889480045944578,stop,-1.054381917686881093038767171,-1.078258014188341169882754919,10
unselected_3x,OXLC,2019-10-01,2019-10-02,2019-10-14,46.2946260075,44.41007203416868986310172213,47.81783613097507531087154079,530,1.88455397333131013689827787,15.900,1.090641086212424202307563871,-0.5808403595706206398762625055,target,0.8082602806978829290468321856,0.7923413946248195752514111769,12
unselected_3x,FERG,2026-05-11,2026-05-12,2026-05-13,244.9433949625,231.0439849983686525426041381,229.3111551108808876485346071,71,13.8994099641313474573958619,2.130,0,-1.003164522701478674839195310,stop,-1.124669312723308770290764180,-1.126827677724227344840192236,1
unselected_3x,KRE,2022-02-16,2022-02-17,2022-02-23,75.5020520150,71.61796916641484849723417759,71.08083439766673713350492126,257,3.88408284858515150276582241,7.710,0,-1.004626875150563491349789952,stop,-1.138291274848519919220900079,-1.146015105974039821779320634,6
unselected_3x,NWS,2019-10-01,2019-10-02,2019-10-08,14.2158250000,13.61520821945031893796153099,13.51309415780444154592681951,1664,0.60061678054968106203846901,49.920,0,-1.707952613413782401396333612,stop,-1.170015332492747178171203912,-1.219963986895216870411001156,6
unselected_3x,GO,2025-08-21,2025-08-22,2025-09-15,18.3969500000,16.80593968587613602012955423,16.67989513823206499997858257,628,1.59101031412386397987044577,18.840,0.5235981141069743270904090221,-1.094869709225772549187696904,stop,-1.079222960734532453154965793,-1.098078903863047223952291608,24
unselected_3x,IYT,2023-02-01,2023-02-02,2023-02-21,60.3291010075,57.93038108164195409678939910,57.4930457350,416,2.39871992585804590321060090,12.480,0.6819883283851167863174791361,-1.403498162169030280509824838,stop_gap,-1.182320304228729373927982637,-1.194826974839417156712667232,19
unselected_3x,YUM,2022-10-06,2022-10-07,2022-10-11,110.3011030225,105.3240966314767641231506019,104.5341659067406883922269724,200,4.9770063910232358768493981,6.000,0,-1.061100912392889951158363873,stop,-1.158716035840506885268497303,-1.164743755646957087724123333,4
unselected_3x,ARMK,2019-07-08,2019-07-09,2019-08-05,26.0495139775,25.01300845288369919985455895,24.82541088948707145585564976,964,1.03650552461630080014544105,28.920,0.7672424349058730857877935894,-1.231976045639224376495006133,stop,-1.180990413404765614542829954,-1.209933819192308871142206169,27
unselected_3x,GBIL,2018-05-24,2018-05-25,2018-05-25,100.8709030225,100.7277934154250118483424873,99.3691029775,6987,0.1431096070749881516575127,209.610,0,-5.596430867707812190075689226,stop_gap,-10.49405470181376596553825421,-10.70368423412238497278175687,0
unselected_3x,EMLC,2018-08-20,2018-08-21,2018-08-30,33.0661500000,32.41904742622645520999412057,32.17590457052975679591916467,1545,0.64710257377354479000587943,46.350,0.3304715645820271571883880927,-1.431227501691422609678711710,stop,-1.375740826185906782951924678,-1.422101327929944934711585200,9
unselected_3x,DXC,2022-03-17,2022-03-18,2022-04-07,32.7437500000,29.94135403450687081143195614,29.71679387924806928034621647,356,2.80239596549312918856804386,10.680,0.4946663558859590283880692847,-1.032598546255327453973324811,stop,-1.080131486779130570162520227,-1.090836612096680401218831154,20
unselected_3x,SBUX,2026-06-09,2026-06-10,2026-06-24,98.3118520150,92.92370217330301387793871831,102.9222518427717587261458221,185,5.38814984169698612206128169,5.550,1.178169162237081231995416534,-0.2620287216354289241152986216,target,0.8556554593366177222691361691,0.8500876854473615977625546689,14
unselected_3x,AMSF,2022-07-13,2022-07-14,2022-07-29,48.6018020150,46.03978148451538848308053552,45.69448312338152306945743150,390,2.56202053048461151691946448,11.700,0.2491002618465680851673342517,-1.362909068624644693549944513,stop,-1.134775797861600863041235079,-1.146485305901462447423785679,15
unselected_3x,UPWK,2023-06-27,2023-06-28,2023-07-11,9.1884000000,8.332530663440856138374334622,9.968937316534950282663472890,1168,0.855869336559143861625665378,35.040,1.217008199157537449025931300,-0.8160124100342013771118571620,target,0.9119818682521664955599807980,0.8769297887833434123507085831,13
unselected_3x,CLIK,2025-11-14,2025-11-17,2025-11-18,6.0450000000,4.184001716238193978634087934,7.846703296633592476205667726,537,1.860998283761806021365912066,16.110,1.399786352695755994897145634,-0.04030095065342867547688519099,target,0.9681380753300023656742229023,0.9520176950686308954834688260,1
unselected_3x,CPS,2025-10-17,2025-10-20,2025-10-21,33.0157750000,30.22249697438453969313228908,35.54048512792334435456620309,358,2.79327802561546030686771092,10.740,1.734244123061341729431728300,-0.3027901240921568118195928238,target,0.9038520708539420388256625223,0.8931120013997422859894092489,1
unselected_3x,AMP,2025-07-24,2025-07-25,2025-08-01,520.5752620900,497.8248241348605289542371360,494.0911379538490749870803575,43,22.7504379551394710457628640,1.290,0.4204206059180175240908832503,-1.051199899411052372891488061,stop,-1.164114914551259885335206560,-1.165433570484792048658255383,7
unselected_3x,OLN,2023-07-26,2023-07-27,2023-08-04,56.1681250000,52.94381580350314964565868860,58.94699094002312397668375156,310,3.22430919649685035434131140,9.300,1.055070960221827193386374442,-0.2351278843926284008042756197,target,0.8618484675856484640238286528,0.8525441489946788323349537725,8
unselected_3x,IWD,2021-06-30,2021-07-01,2021-07-08,160.3234800375,157.3229385318426279231978799,155.8225000000,333,3.0005415056573720768021201,9.990,0,-2.137439533966688767572092650,stop_gap,-1.500055916244992960701845666,-1.510054111551885562937932649,7
unselected_3x,KBR,2026-05-11,2026-05-12,2026-05-15,32.8646489925,30.14827857370779531077039075,29.92216648440498684593961282,368,2.71637041879220468922960925,11.040,0.02037608976930699520546447485,-1.076674952821936177335588202,stop,-1.083240521152246230079528126,-1.094284670283180689133088106,3
unselected_3x,SH,2021-01-07,2021-01-08,2021-02-05,71.0891979850,69.25021083764385005722168721,68.4825000000,543,1.83898714735614994277831279,16.290,0.9302974289187213247683377583,-1.157810693816472762791497963,stop_gap,-1.417463949515667982800574516,-1.433777277231486982631510908,28
unselected_3x,NEO,2022-12-02,2022-12-05,2022-12-20,11.6769250000,10.26983313038019424784458760,10.0242500000,710,1.40709186961980575215541240,21.300,0.9758246989025691246637886090,-1.348117376666064080114237902,stop_gap,-1.174532406648437578503524454,-1.195852976149067240932680660,15
unselected_3x,ACHC,2018-08-20,2018-08-21,2018-09-04,39.3932479850,37.03457133869046527638164674,41.43878519657471321319121561,423,2.35867664630953472361835326,12.690,1.308679602110631242946435331,-0.2387974569898225443954684744,target,0.8672393542265447602900219314,0.8545203577303785668783386608,14
unselected_3x,NAIL,2024-09-05,2024-09-06,2024-09-13,135.8110030225,116.4169436764651800118794412,154.0410244007708088382096546,51,19.3940593460348199881205588,1.530,1.209597256507120612886349860,-0.5306267160930406479560119418,target,0.9399796635147451691979835563,0.9384327980821541526146308224,7
unselected_3x,CROX,2024-08-07,2024-08-08,2024-08-21,128.5972989925,116.4498866576581217873141767,139.6891259923868141260906796,82,12.1474123348418782126858233,2.460,1.380762877324220565697918334,-0.1644219309795906989437138491,target,0.9131020413353899254846406519,0.9106323795528593082480343293,13
unselected_3x,KLAC,2025-02-28,2025-03-03,2025-03-11,71.9889005225,66.92821062845304281683713187,66.42624904873964499571085338,197,5.06068989404695718316286813,5.910,0.1624475110531979026789035932,-1.307114180278326613470595791,stop,-1.099188369614164747057840548,-1.105116415123392630935213210,8
unselected_3x,HEI.A,2018-02-28,2018-03-01,2018-03-29,58.4350000000,55.21928457874420845750934817,56.3342980150,310,3.21571542125579154249065183,9.300,0.3622826797108335148724962753,-0.8791194585545785699868302138,time,-0.6532611595896878713072296669,-0.6625903433233294788002681857,28
unselected_3x,NVS,2018-11-13,2018-11-14,2018-11-29,79.6069435200,77.25861076104055317998250605,81.34061170686725096886736275,425,2.34833275895944682001749395,12.750,1.086965409932383396055050482,-0.9926010319903956713066181611,target,0.7382549088296347157750055138,0.7254798879619391645754287215,15
unselected_3x,PBH,2018-09-18,2018-09-19,2018-10-17,38.5167250000,36.43881643401612865006177280,38.5288500000,481,2.07790856598387134993822720,14.430,0.7282678481492654750786757163,-0.7588043217163572198153804581,time,0.005835194194051998438702404891,-0.008602399688138513162210761850,28
unselected_3x,UPBD,2017-11-01,2017-11-02,2017-11-10,10.2059750000,9.025311945068423657359110955,11.30123826951958952007108237,846,1.180663054931576342640889045,25.380,1.688902681989622262234115089,-0.4370213820486680692349632192,target,0.9276679446728888740068273052,0.9022584937082877943478343374,8
unselected_3x,IYK,2022-10-06,2022-10-07,2022-10-24,60.9671819900,58.85224674145811391913146351,62.60900135925282193526202247,472,2.11493524854188608086853649,14.160,1.151879241541589112598309660,-0.6905714919673932828879928084,target,0.7762977000760436600281942010,0.7621128686393918286502285683,17
unselected_3x,FNDF,2025-07-24,2025-07-25,2025-07-30,41.3881020150,40.56841564394883059464688599,40.26415252661921436518703435,1219,0.81968637105116940535311401,36.570,0,-1.461660285340047104883346709,stop,-1.371194554497018012314767591,-1.407793918667887253593240128,5
unselected_3x,REZI,2021-08-26,2021-08-27,2021-09-09,21.9518613600,20.53342689165656538106336928,20.37942618996914114070539401,705,1.41843446834343461893663072,21.150,0.6844832536633795017237356908,-1.101326423507191859509977152,stop,-1.108570896382177619171725937,-1.129720974633615267495453495,13
unselected_3x,NBIX,2026-06-09,2026-06-10,2026-06-12,169.0585030225,159.5696194583373075706625167,158.3728473123997777638825478,105,9.4888835641626924293374833,3.150,0.03493519287685047081493428839,-1.013659927162226184518488950,stop,-1.126123599035134124452847619,-1.129285193315129615874604098,2
unselected_3x,DEI,2026-01-14,2026-01-15,2026-01-26,11.1530250000,10.56365843681591226203425549,10.48443099853979292006899857,1696,0.58936656318408773796574451,50.880,0.04576947808892646716155293613,-1.074076881084065871174867373,stop,-1.134428118636538214480392667,-1.185330225871674229859320863,11
unselected_3x,VOD,2021-06-02,2021-06-03,2021-06-24,18.3868750000,17.73847880202298847017298243,17.60544021100781605664668506,1542,0.64839619797701152982701757,46.260,0.8222210458101754692694938334,-1.105612590321537237106810583,stop,-1.205181016530095710408316876,-1.251449023797256815361348182,21
unselected_3x,PB,2018-03-28,2018-03-29,2018-04-24,72.6508260075,68.62288933078539862366091207,76.10367196408299186601654477,248,4.02793667671460137633908793,7.440,1.012721231711912844870863779,-0.6928671504777341193356112367,target,0.8572244882954108454432598453,0.8497765062619719310257394065,26
unselected_3x,WHD,2024-12-30,2024-12-31,2025-01-15,58.3040239925,54.55359614262206833940790841,61.58904345356009717313765090,266,3.75042784987793166059209159,7.980,1.358772441833766538291858275,-0.1823858556623782373342276084,target,0.8759052546943457325960425438,0.8679061673366256166603271858,15
unselected_3x,ARMK,2018-12-13,2018-12-14,2018-12-19,23.4889345925,21.54252170214203911910767360,21.38095278937597382571436605,513,1.94641289035796088089232640,15.390,0,-1.087689874531528392403438162,stop,-1.083008550532334113099280822,-1.098421518740987293731918887,5
unselected_3x,DOG,2018-11-13,2018-11-14,2018-11-20,57.1353239925,55.33102308873476565913638769,58.49757770954324508330713522,554,1.80430090376523434086361231,16.620,1.172019591126442151265229754,-0.2745246047742649414473643870,target,0.7550036217354209152545052622,0.7383766833254275042246329273,6
unselected_3x,TRLV,2020-08-14,2020-08-17,2020-08-18,24.9457000000,21.75610210452228576382602954,21.59293133873836862059733432,313,3.18959789547771423617397046,9.390,0.1737836611899886744297931279,-1.052076189527773759307336820,stop,-1.051157158717487377896310081,-1.060562733019669698359766321,1
unselected_3x,EXPD,2018-12-13,2018-12-14,2018-12-19,70.8070989925,66.91128829691744204273106590,66.40945363469056122741058291,256,3.89581069558255795726893410,7.680,0.2908003227119309394543850364,-1.113272263823757068900050904,stop,-1.128813923837703114828015176,-1.136514503343277362483661505,5
unselected_3x,SSNC,2024-09-05,2024-09-06,2024-09-18,73.6180250000,71.26594387598588886198572082,75.40033032808400530447917209,425,2.35208112401411113801427918,12.750,1.306067621833255228969019841,-0.9430044641549927824080558851,target,0.7577567414181214671912695973,0.7450020793047665635350668994,12
unselected_3x,MMYT,2020-12-08,2020-12-09,2020-12-16,25.3990739925,22.90118878823383478163541302,27.68773200279041897922685258,400,2.49788520426616521836458698,12.000,1.029240656499782019571554602,-0.5240729198700638193314738769,target,0.9162382668273126217143685059,0.9042281072135871091131820483,7
unselected_3x,SCHA,2026-07-09,2026-07-10,2026-07-17,35.1818979850,33.75596143585574060845636753,33.50279172508682255389294477,701,1.42593654914425939154363247,21.030,0,-1.032233156435553762442653977,stop,-1.177546266641984599391039616,-1.198585070940818063749519093,7
unselected_3x,OPCH,2020-09-14,2020-09-15,2020-09-23,10.9313750000,9.745346520584113674206556025,12.02652295332026717834999315,843,1.186028479415886325793443975,25.290,1.078072763168146723387418561,-0.2456728527661501625003492683,target,0.9233740777115424779252958732,0.8980795754962374418892238765,8
unselected_3x,LMT,2020-11-09,2020-11-10,2020-12-09,367.7375000000,346.8255965182102086286932217,358.6398809550,47,20.9119034817897913713067783,1.410,0.7523227626648121470262659206,-0.5158539493735617152225243337,time,-0.4350449997496526420137203204,-0.4364795893854609832565264055,29
unselected_3x,SEB,2024-09-05,2024-09-06,2024-09-10,3205.5828707825,3062.466669732695872786505809,3039.498169709700653740607015,6,143.116201049804127213494191,0.180,0,-1.129032699283776487447958907,stop,-1.160488469191564349238023583,-1.160698089065344817077159146,4
unselected_3x,SHO,2018-04-26,2018-04-27,2018-05-08,15.7573000000,15.17588738421257657940869779,16.21617227116901774493686744,1719,0.58141261578742342059130221,51.570,1.449400954017325102207115237,-0.5285403027999572848086466267,target,0.7892368667431719754983252262,0.7376383991740254784457401341,11
unselected_3x,VET,2017-11-30,2017-12-01,2017-12-04,36.0886500000,34.52607562942601465080694765,34.26713006220531954092589554,639,1.56257437057398534919305235,19.170,0.02646338041805357869137129963,-1.061485476298144380944668959,stop,-1.165717275348357225213481571,-1.184916361526239437511639754,3
unselected_3x,MDYG,2024-02-14,2024-02-15,2024-02-29,80.4690280225,78.39465554610692687730019924,81.92432499515137507427955225,482,2.07437247639307312269980076,14.460,1.123701265817558617887954155,-0.9010098445530267664515038139,target,0.7015601051465217440476723650,0.6870979001464997056143410383,14
unselected_3x,DOCU,2021-02-05,2021-02-08,2021-02-16,254.2003089925,233.3686211995697962716642029,272.9692568095394772003732786,48,20.8316877929302037283357971,1.440,1.020545345092731644903052527,-0.3072872950156471993897393455,target,0.9009806600216630988217855839,0.8995405462729258836446459417,8
unselected_3x,IIPR,2020-09-14,2020-09-15,2020-10-07,122.0485489925,112.9247539345300521899441312,130.1885514700914232014804498,109,9.1237950579699478100558688,3.270,1.026048365621984031239244572,-0.7254162276166506529898088268,target,0.8921728760753839973216186052,0.8888847706533103207113454411,22
unselected_3x,SPSC,2019-01-14,2019-01-15,2019-02-12,43.9572260075,40.88433657425802427080359163,46.67738957493641091122743531,325,3.07288943324197572919640837,9.750,1.208234813897268037455847441,-0.4953725282246860039428445057,target,0.8852136162174145824363075385,0.8754508178311578909344860937,28
unselected_3x,MRSH,2023-11-16,2023-11-17,2023-12-06,199.3338810450,193.5417579087076014757306508,192.0901947243922944646626709,172,5.7921231362923985242693492,5.160,0.4533960852014986674788782795,-1.136695627851312288791930638,stop,-1.250609862766914259370398518,-1.255789310664357152593837356,19
unselected_3x,EMGF,2023-03-30,2023-03-31,2023-04-21,41.8314000000,40.82513704662333124078086750,40.4443750000,993,1.00626295337666875921913250,29.790,0.05823428141060159399215296807,-1.243609332730319860724453317,stop_gap,-1.378392193954498812385296175,-1.408205474766766049364845127,21
unselected_3x,CZR,2019-08-05,2019-08-06,2019-08-26,41.4283989925,37.84515780341994018191434722,37.56131911989429063054998962,279,3.58324118908005981808565278,8.370,0.2711519979344297552870667940,-1.065626842015709512118201330,stop,-1.079212832334772479759409910,-1.087585140649218380297250726,20
unselected_3x,NVO,2017-11-01,2017-11-02,2017-11-09,25.2278010075,24.48162971829893097791984954,24.29801749541168899558545067,1340,0.74617128920106902208015046,40.200,0,-1.129500718799289522157156920,stop,-1.246072484353876591658208091,-1.286277730031609939247632642,7
unselected_3x,KSA,2019-09-03,2019-09-04,2019-09-16,30.4164260075,29.48908707556347525927170790,29.1199500000,1078,0.92733893193652474072829210,32.340,0.3812780638483985529008199743,-1.247037051582728115388387302,stop_gap,-1.398060582653012413331369738,-1.430411214085418903429830810,12
unselected_3x,AAPL,2025-02-28,2025-03-03,2025-03-05,243.6034179475,231.8328574022623030561304786,230.0941109717453357832095000,84,11.7705605452376969438695214,2.520,0.03624135408509430006014041450,-1.221133173076910618508009808,stop,-1.147719934308519772877752696,-1.150268665941537695073920122,2
unselected_3x,BLDR,2020-06-18,2020-06-19,2020-06-25,22.6989760075,19.75753247757823788280814255,19.60935098399640109868708148,339,2.94144352992176211719185745,10.170,0,-1.060355562081098315085132058,stop,-1.050377133565361421163559771,-1.060576207487680764125852168,6
unselected_3x,HPP,2024-12-30,2024-12-31,2025-01-31,20.5933010075,16.85297373016546782888487670,21.7456750000,267,3.74032727733453217111512330,8.010,0.9134759445261273346632433447,-0.9767327125725344608832063865,time,0.3080944278547773995075644277,0.3000737393493108706061609774,31
unselected_3x,CRI,2021-11-19,2021-11-22,2021-11-23,108.6286500000,102.8770119396218015883701856,102.1054343500746380764574092,173,5.7516380603781984116298144,5.190,0,-1.002957581725975823252542455,stop,-1.134149190447569383592972502,-1.139365095844444678778652246,1
unselected_3x,CHRD,2021-02-05,2021-02-08,2021-02-11,47.0804750000,42.39160693602636485403762075,51.38107299099383288236766141,213,4.68886806397363514596237925,6.390,1.019334716778005424172952715,-0.2325663646581401396109472501,target,0.9171932185588608081806034290,0.9107950858772224694153809819,3
unselected_3x,WY,2018-04-26,2018-04-27,2018-05-15,36.9450229850,35.79330628520750183129679472,35.52485648806844556756206876,868,1.15171669979249816870320528,26.040,0.3863589154174548154828051809,-1.054966890051092913424877894,stop,-1.233086658539745210113367087,-1.259134730956690299759343073,18
unselected_3x,SLB,2019-11-26,2019-11-27,2019-12-12,36.6830750000,34.35434494062545503447839168,38.71921652142923587828019626,429,2.32873005937454496552160832,12.870,1.269758162006195185626969602,-0.9288646364538116810408577533,target,0.8743570398950004925921505401,0.8614744819191492851993297952,15
unselected_3x,SNN,2024-01-17,2024-01-18,2024-02-15,27.9278989925,27.08229832428564609749890674,27.8098500000,1182,0.84560066821435390250109326,35.460,0.8302973659926466843366988282,-0.6479417686092830207001915684,time,-0.1396037124110637521883416693,-0.1750814516415100651092270388,28
unselected_3x,POWI,2025-02-28,2025-03-03,2025-03-11,62.0519250000,57.26457117173817262866197796,56.83508688795013633394701313,208,4.78735382826182737133802204,6.240,0.2063929334336974519478345174,-1.567029776598686933901046488,stop,-1.089712250064451925466447909,-1.095978759931112914660027184,8
unselected_3x,BHF,2026-01-14,2026-01-15,2026-02-13,64.2784989925,63.27265329922458122578086878,63.3612000000,994,1.00584569327541877421913122,29.820,0.2251816645577471712362163378,-0.8236829943587999629169319699,time,-0.9119679078337783534131364321,-0.9417935562414466422261693244,29
unselected_3x,USFD,2024-05-10,2024-05-13,2024-05-29,55.2714510075,52.67066020355086770569958997,52.1658009925,384,2.60079080394913229430041003,11.520,0.2724359804041579475198644107,-1.057928612836564920939695019,stop_gap,-1.194117577732231177757882592,-1.205652530852815480085566634,16
unselected_3x,ICFI,2021-10-22,2021-10-25,2021-11-01,98.2614739925,94.47930220496984745477123043,101.2783184366799264011395538,264,3.78217178753015254522876957,7.920,1.221129886994372760455212375,-0.4789515374400635661515281612,target,0.7976487091692884302547447855,0.7897167585109629108460041609,7
unselected_3x,PEN,2021-05-04,2021-05-05,2021-05-05,317.3625000000,297.4090882318374391561998755,295.1785200700986583625283764,50,19.9534117681625608438001245,1.500,0.1321829083990721478341363655,-2.422769176604412396764118834,stop,-1.111788810237347491517567117,-1.113292312512976748175396156,0
unselected_3x,QNCX,2026-04-13,2026-04-14,2026-05-12,25.1875000000,3.22108059824906903388823330,25.0110009925,45,21.96641940175093096611176670,1.350,0.2463988281844683645491245422,-0.1268982417670587651142142561,time,-0.008034946627939342865232086224,-0.009400667615566881144488203779,28
unselected_3x,FLRN,2023-08-23,2023-08-24,2023-08-24,30.9101000000,30.84192969056496123228867403,30.4499000000,14669,0.06817030943503876771132597,440.070,0,-3.375369745376734399153352206,stop_gap,-6.750739490753468798306704412,-7.190813773071165590895146682,0
unselected_3x,KRG,2024-02-14,2024-02-15,2024-03-15,21.5403489925,20.51693931716962751335101409,20.6142250000,977,1.02340967533037248664898591,29.310,0.3025679891095810297645314200,-0.9676965308934564164317985257,time,-0.9049396491205077163774097313,-0.9342534231869054525221433879,29
unselected_3x,BF.B,2018-07-23,2018-07-24,2018-08-21,53.0952510075,51.00347557946041003689906230,52.8307750000,478,2.09177542803958996310093770,14.340,0.9488355996035897758059130347,-0.3036903479143349561958620286,time,-0.1264361383898015642750550101,-0.1407780221302162668383930108,28
unselected_3x,RHI,2022-10-06,2022-10-07,2022-10-21,79.3305479850,74.96081032194040224828901767,64.9095019850,228,4.36973766305959775171098233,6.840,0.9976466211812822284694525143,-3.187959337413891061529406778,stop_gap,-3.300208642251235067963088562,-3.307074042948766790144606647,14
unselected_3x,HOMB,2021-03-08,2021-03-09,2021-03-12,26.5879239925,24.82881265080214562596057397,28.13443256919137046623413033,568,1.75911134169785437403942603,17.040,1.172225974911702292325360021,-0.1750446291835056390965426823,target,0.8791419508436091712038843612,0.8620878853681147773485886074,3
unselected_3x,AXP,2018-04-26,2018-04-27,2018-05-03,100.7399229850,96.10408122789955105952238536,95.38330061869030442657596747,215,4.63584175710044894047761464,6.450,0,-1.128149160179946714294030116,stop,-1.155479985507544327755342358,-1.161951302168439999285037735,6
unselected_3x,SEIC,2020-11-09,2020-11-10,2020-11-30,56.4603010075,53.32929114184120385332188987,52.92932145827739482442197570,319,3.13100986565879614667811013,9.570,0.2106981519718695837991981116,-1.271251506153432195042724677,stop,-1.127744625767779675036336465,-1.137326198898239197412366650,20
unselected_3x,EQNR,2024-12-30,2024-12-31,2025-01-02,23.5352010075,22.49008999884310786577500868,24.39595967603571544321830389,956,1.04511100865689213422499132,28.680,1.037975854731559602433520878,-0.1867753816418597333658469095,target,0.8236050155494063907091170587,0.7948999308727517786627350373,2
unselected_3x,FIS,2024-07-10,2024-07-11,2024-07-17,74.5953010075,71.88764072994606239917168485,76.72318907541603306882210279,369,2.70766027755393760082831515,11.070,1.253738151954100294997835161,-0.3638935119253979073117876210,target,0.7858770487405227099310659761,0.7747973722210216814898846959,6
unselected_3x,NAVI,2024-01-17,2024-01-18,2024-01-26,17.1577260075,16.22989021405157587224481642,17.94992008744131094679701970,1077,0.92783579344842412775518358,32.310,1.134115540627171329572389357,-0.6549941399019565783551405160,target,0.8538084923378706283111043126,0.8214751848584285576859079896,8
unselected_3x,SLAB,2021-03-08,2021-03-09,2021-04-07,142.5410959700,127.9743889413904697673209197,143.8926460300,68,14.5667070286095302326790803,2.040,0.7420283807981389758199803035,-0.7620867192699803026945131444,time,0.09278349989091615934727443821,0.09072400902993577895321176239,29
unselected_3x,STOK,2026-03-13,2026-03-16,2026-04-14,33.8117010075,28.81091725847590618004282610,35.5910509925,199,5.00078374902409381995717390,5.970,0.5955666435448677755887363388,-0.7900163665887335869080369544,time,0.3558142231899632331348506259,0.3498151635413922427604946114,29
unselected_3x,KC,2021-09-24,2021-09-27,2021-10-06,29.8824500000,25.95502640711370042012030691,25.6263500000,254,3.92742359288629957987969309,7.620,0.3354746359385491441808731958,-1.067480728993363005281736835,stop_gap,-1.083687536966735263035901008,-1.091326132420085056953120300,9
unselected_3x,RSPG,2021-10-22,2021-10-25,2021-10-29,51.9970760075,49.61857014151787370611460248,49.24643086545648965331874296,420,2.37850586598212629388539752,12.600,0.1021338631005190510862535413,-1.041442042640148119359543052,stop,-1.156459263516561182065573968,-1.169072223790935985875782159,4
unselected_3x,AMG,2024-12-30,2024-12-31,2025-01-07,187.4756020150,179.5917976103807120695169751,178.2448591283028567289955978,126,7.8838044046192879304830249,3.780,0.2238009588322864697195545314,-1.030669407556463633896895990,stop,-1.170848794940759256294329015,-1.174654064384331748375318458,7
unselected_3x,AIA,2018-09-18,2018-09-19,2018-10-04,61.9209489925,60.23093971180167491470880299,59.5996240075,591,1.69000928069832508529119701,17.730,0.8633396420741004870774036689,-1.728362693542748460302914539,stop_gap,-1.373557536938974865194067981,-1.391308918746537344842225492,15
unselected_3x,PDO,2022-06-13,2022-06-14,2022-07-14,14.2057500000,13.39396637056198075535865740,14.1927500000,1231,0.81178362943801924464134260,36.930,0.5226146285971538545813158587,-0.6969221594079900842177476654,time,-0.01601411943845138505493719779,-0.05296977968103150441248457731,30
unselected_3x,JNUG,2025-09-19,2025-09-22,2025-09-29,149.0293979850,135.2920263988123939457976114,161.5460187994036990087958707,72,13.7373715861876060542023886,2.160,1.137816351325603486075843912,-0.4207062427292103214294796403,target,0.9111365107855621692701047461,0.9089526869141773524234960436,7
unselected_3x,MUR,2018-10-16,2018-10-17,2018-10-23,35.5748260075,33.28661943882864900417737623,32.6929490075,437,2.28820656867135099582262377,13.110,0.02411276728920387823498013316,-1.553542436321259496674522858,stop_gap,-1.259447918495122677111190205,-1.272558622926593444362303180,6
unselected_3x,XP,2025-01-30,2025-01-31,2025-02-18,14.0747750000,13.07059605879184648517793995,14.96586178664909236346089460,995,1.00417894120815351482206005,29.850,1.100625550532134613997816665,-0.9259056945382301890835078738,target,0.8873784841345138435947581714,0.8575033306445330356869253772,18
unselected_3x,SLM,2024-10-31,2024-11-01,2024-11-04,22.3060489925,21.12966031854538040262339379,20.97118786615629004960371834,850,1.17638867395461959737660621,25.500,0,-1.025213026274447606511963434,stop,-1.134710964069689428858734057,-1.160212739685354087021747201,3
unselected_3x,MD,2019-11-26,2019-11-27,2019-12-03,27.1420510075,25.60537890856469488776840965,25.41333856675045967611014658,650,1.53667209893530511223159035,19.500,0,-1.029531289463859401553389206,stop,-1.124971581085705802270080465,-1.144494288643671959742689137,6
unselected_3x,UNIT,2018-05-24,2018-05-25,2018-06-04,34.0575158950,32.45793342872619597898618026,35.38967012356425049085621609,625,1.59958246627380402101381974,18.750,1.762684428248396363559003433,-0.5209264996140362979904174849,target,0.8328137227382078248005791707,0.8140588284876572973603075815,10
unselected_3x,CGNG,2025-10-17,2025-10-20,2025-11-17,31.6657250000,30.97875156587241846186138788,31.1545740075,1455,0.68697343412758153813861212,43.650,0.9815153927404662295681252708,-0.9472360468005378038662977049,time,-0.7440622404112811659285604220,-0.7877320513670692151474158713,28
unselected_3x,SHV,2025-04-28,2025-04-29,2025-04-29,111.2683020150,111.2045040355530222175346549,109.6117019850,15674,0.0637979794469777824653451,470.220,0,-13.13994615921510623463485254,stop_gap,-25.96634006844672771632224188,-26.43657439655633292470176077,0
unselected_3x,PDM,2025-06-25,2025-06-26,2025-07-10,7.2137000000,6.723782055484402906999700323,7.645840809931730114802797429,2041,0.489917944515597093000299677,61.230,1.013026784496969424704153144,-0.2933144246065172402377328365,target,0.8820677314830880263098677777,0.8208329873063620888907168723,14
unselected_3x,XPEL,2020-08-14,2020-08-17,2020-08-21,28.9353989925,25.76522362785658051776193109,25.57198445064765616387871661,315,3.17017536464341948223806891,9.450,0.3358177025073646202640585533,-1.320242103695349551398330565,stop,-1.060955358925596801276407665,-1.070418557818183739400192746,4
unselected_3x,FFBC,2021-03-08,2021-03-09,2021-03-23,25.1673500000,23.48615170415102475178786391,23.31000556636989206614945493,594,1.68119829584897524821213609,17.820,0.8640569072587817921208188437,-1.182103268190873096546458392,stop,-1.104774159131646048857908181,-1.122618574079051484687728671,14
unselected_3x,CM,2017-12-29,2018-01-02,2018-01-31,49.2012614925,48.15969967163182795140052316,49.1386730150,960,1.04156182086817204859947684,28.800,0.7716675970611708495819937693,-0.5820686591552139072798072723,time,-0.06009098667598115779162255681,-0.08889388574441487602272470663,29
unselected_3x,PIPR,2021-10-22,2021-10-25,2021-10-28,40.8566457650,38.84741144127216248374298764,38.55605585546262126511491523,497,2.00923432372783751625701236,14.910,0.6125996457776652242453547685,-1.006177697208125049509637520,stop,-1.145008266267805918957008103,-1.159939327142945375619353924,3
unselected_3x,GT,2017-10-04,2017-10-05,2017-10-09,33.6303510075,32.54880962893705823439734321,32.30469355672003029763936314,924,1.08154137856294176560265679,27.720,0,-1.183822489714838147856601012,stop,-1.225711264548553998066830068,-1.253449454316070238649955367,4
unselected_3x,R,2019-03-13,2019-03-14,2019-03-20,61.6489239925,58.73765119726935971155105774,58.29711881328983951371442481,343,2.91127279523064028844894226,10.290,0.07937318958173871324200493019,-1.002628127904019918330323927,stop,-1.151319513822688616001240901,-1.161624285003578005860853601,6
unselected_3x,FLCB,2024-12-30,2024-12-31,2024-12-31,21.2784010075,21.07989355552215183119262311,20.92179435385573569245867844,5037,0.19850745197784816880737689,151.110,0,-1.200962508584330218287368202,stop,-1.796439630306970717550794224,-1.947567458008611652057145052,0
unselected_3x,IMNM,2025-09-19,2025-09-22,2025-09-24,9.8634250000,8.497367281361680561297560239,11.14526159824853204291217146,732,1.366057718638319438702439761,21.960,1.783654502116329069611116663,-0.3685239599552293534444769424,target,0.9383473192671985685231451042,0.9163863145521826662470676184,2
unselected_3x,ACN,2023-03-30,2023-03-31,2023-04-25,285.2433949625,272.0109999189784791183240292,269.9709174195861405249365990,75,13.2323950435215208816759708,2.250,0.2574438736370589812082535016,-1.107388262994324050027953681,stop,-1.154173336926722674990687949,-1.156440500195452909121228064,25
unselected_3x,CARR,2026-01-14,2026-01-15,2026-01-29,56.5610489925,53.70609920698805179787740509,58.97037878717685859060667545,350,2.85494978551194820212259491,10.500,1.131001331051777466541248028,-0.6798893635013380323651522979,target,0.8439131948672150630302135446,0.8334051291379187368455830532,14
unselected_3x,EPP,2020-12-08,2020-12-09,2020-12-21,47.8461770150,46.71981580914793687176698200,46.36941719057932734522872964,887,1.12636120585206312823301800,26.610,0.2164696224738619405020264154,-1.133008672856950081026953518,stop,-1.311089033205420131410027454,-1.337723473244844052887573110,12
unselected_3x,KBWB,2025-09-19,2025-09-22,2025-10-02,79.2600229850,76.95207040969115110492312596,76.37492988161846747163620252,433,2.30795257530884889507687404,12.990,0.3379523580096197547040604924,-1.265202333981773285398226675,stop,-1.250066025726482277282077267,-1.263064559717582773417371305,10
unselected_3x,MWA,2024-10-03,2024-10-04,2024-10-15,22.1347739925,21.26621602842531296169099595,22.83080696690037688552168652,1151,0.86855796407468703830900405,34.530,1.111297170049321550735143030,-0.7078099769137984314639752291,target,0.8013661761099518502912748147,0.7668261669903989392368611768,11
unselected_3x,FIVN,2021-11-19,2021-11-22,2021-11-23,151.1250000000,138.0588400128377327780967935,136.9054519850,76,13.0661599871622672219032065,2.280,0,-1.415488178483323255334687723,stop_gap,-1.088272914840393571666156004,-1.090568922238854598428263300,1
unselected_3x,FFIV,2024-12-30,2024-12-31,2025-01-16,254.7161570525,245.4902307893866386690935532,261.9625176907462611209246484,108,9.2259262631133613309064468,3.240,1.229561197866319355622076151,-0.5458708327894772115297117873,target,0.7854344844721227772970192054,0.7821827784488539262182464188,16
unselected_3x,HGV,2024-11-29,2024-12-02,2024-12-13,42.4560489925,39.84273050242577392909142052,39.4221009925,382,2.61331849007422607090857948,11.460,0,-1.131147620822917514538661206,stop_gap,-1.160956083815802639272238682,-1.172435740854906170110000951,11
unselected_3x,CPA,2026-01-14,2026-01-15,2026-01-20,126.3203469775,119.4252398763588305926575577,132.2163381730513606367873740,145,6.8951071011411694073424423,4.350,1.071725197898228439567025284,-0.1624847824792420319440720098,target,0.8550978409857548319111472818,0.8507469295988911132850430917,5
unselected_3x,GSUS,2025-08-21,2025-08-22,2025-09-10,89.1274769775,87.83197588655458829828353170,89.74480573293207111395359479,771,1.29550109094541170171646830,23.130,1.275585203323948436231079275,-0.9212489173814901948974132034,target,0.4765173566790021217799717194,0.4533602939720096931287327443,19
unselected_3x,KEYS,2026-05-11,2026-05-12,2026-05-18,366.6594679475,345.7690892928601311229141256,343.1758211231636801394922697,47,20.8903786546398688770858744,1.410,0.1599076832318714011134275508,-1.431254954340387922177804559,stop,-1.124136963363297952984520953,-1.125573031157757812319579025,6
unselected_3x,FNKO,2024-06-10,2024-06-11,2024-06-17,9.7828250000,9.067692087137243678676768217,10.41922322851628564891330754,1398,0.715132912862756321323231783,41.940,1.016838949684245225162063036,-0.3815025082650038897855947302,target,0.8899020266997822777029663429,0.8479517829613048042545366099,6
unselected_3x,IGEB,2024-02-14,2024-02-15,2024-02-15,44.8942010075,44.42732602036832947043786553,44.09412107521556699940958154,2141,0.46687498713167052956213447,64.230,0,-1.058525346444879059410096263,stop,-1.713692003934214335894600048,-1.777949033817760534198737452,0
unselected_3x,LSCC,2019-08-05,2019-08-06,2019-09-04,19.2533260075,17.52442340056347214447709982,19.0560009925,578,1.72890260693652785552290018,17.340,0.7095101757487454192861292008,-0.7596292597574961595996715299,time,-0.1141331005045122664013900448,-0.1314851479128723670811832345,29
unselected_3x,AQN,2021-04-06,2021-04-07,2021-05-04,16.6136750000,15.90403252309567362932407857,15.78475227917245607710414798,1409,0.70964247690432637067592143,42.270,0,-1.146598500627378932860255097,stop,-1.168084983361697572978035752,-1.210359792122961428922740520,27
unselected_3x,DBMF,2026-08-06,2026-08-07,2026-09-01,31.0914510075,30.60148122985890467169880536,31.34456012925253711333893568,2040,0.48996977764109532830119464,61.200,1.058330566829041820282613105,-0.4723760894279850568549076883,target,0.5165810899013050552186805036,0.4553528236510239801331796719,25
unselected_3x,VSXY,2026-03-13,2026-03-16,2026-04-14,46.2946260075,38.78677035595327962351140931,48.1858740075,133,7.50785565154672037648859069,3.990,0.9120276561376547297270905504,-0.5733493299932037063676671436,time,0.2519025521768492165480814644,0.2479067374739094241483314349,29
unselected_3x,LXP,2018-05-24,2018-05-25,2018-06-18,42.1638729850,40.51203942444138169732289486,43.48708874646692866540702685,605,1.65183356055861830267710514,18.150,1.081300233660324650861502204,-0.2808224727212391949070666066,target,0.8010587707271443102044864490,0.7828971346420567922609055315,24
unselected_3x,FTDR,2024-11-29,2024-12-02,2024-12-18,59.3316739925,56.06475084903988934379911897,55.64426521767209017372062558,306,3.26692314346011065620088103,9.180,0.1464151394126117750934551806,-1.194296229561006106019203474,stop,-1.128709985788783624916030075,-1.137892938274230211899316098,16
unselected_3x,VIGI,2024-03-14,2024-03-15,2024-03-19,82.3530479850,80.99995646527411270988502899,80.39245679178455686456089127,739,1.35309151972588729011497101,22.170,0,-1.011052811325831401226578211,stop,-1.448971606601026269879350216,-1.471143055880434565959763964,4
unselected_3x,XLU,2020-07-17,2020-07-20,2020-08-17,30.2250000000,28.89748424337035253455672122,29.9238750000,753,1.32751575662964746544327878,22.590,0.5649650456158286011062207997,-0.6063958156276560318540103251,time,-0.2268334658147551833441476511,-0.2494320676393883273883964831,28
unselected_3x,AZO,2018-02-28,2018-03-01,2018-03-29,669.8061570525,615.5632953512228080291453040,643.8248269850,18,54.2428617012771919708546960,0.540,0,-0.7150459219150443364188824031,time,-0.4789815517216387683313102132,-0.4795346198869065610845820163,28
unselected_3x,CNMD,2023-09-21,2023-09-22,2023-10-04,102.6037959700,96.97409204129810664098265959,96.24678635098837084117528964,177,5.62970392870189335901734041,5.310,0.02774675755213618316232906105,-1.105528647478108867278906922,stop,-1.129190753105454903445892600,-1.134519630144094740172233266,12
unselected_3x,NEOG,2021-12-20,2021-12-21,2021-12-31,44.3703010075,41.35000153398223652079811665,47.03517097741013025310786922,331,3.02029947351776347920188335,9.930,1.135548982003896210418438157,-0.3212592049257572798086599175,target,0.8823197809607727245227963189,0.8723869910957138154583553790,10
unselected_3x,DV,2025-08-21,2025-08-22,2025-09-10,15.6666250000,14.62610858842331614744919212,14.0339500000,961,1.04051641157668385255080788,28.830,0.7432617029347103471087272737,-2.360967085831449135305436345,stop_gap,-1.569100671392606204440972181,-1.597932508801630159688176411,19
unselected_3x,GGG,2022-02-16,2022-02-17,2022-02-24,72.3485729850,68.56375825711549630405830478,68.04953007018713008177786749,264,3.78481472788450369594169522,7.920,0.1060625271938673955323857871,-1.074973090498963895100009745,stop,-1.135866145082295890887288866,-1.143792556850612036391276866,7
unselected_3x,NTCT,2023-05-26,2023-05-30,2023-06-05,31.3231750000,29.82016862967772468586321051,29.59651736495514175071923643,665,1.50300637032227531413678949,19.950,0.06442088464285000945455449759,-1.006766191999268844889284342,stop,-1.148802605989372838489284670,-1.168762601231154406097202407,6
unselected_3x,FNB,2020-05-20,2020-05-21,2020-06-04,7.1734000000,6.047276804393851837245780868,8.237276771639102051533562489,888,1.126123195606148162754219132,26.640,1.089223634488559748674998559,-0.2338998086778792090339105010,target,0.9447250316751167790978401602,0.9180849623496180081372580986,14
unselected_3x,EIX,2018-10-16,2018-10-17,2018-10-31,69.7693750000,67.50195325429201045009072966,66.99568860488482037171504919,441,2.26742174570798954990927034,13.230,0.5251003710508361666270108270,-1.239017842762546283674716089,stop,-1.223277672257267612862850090,-1.236508558860867981240113041,14
unselected_3x,PSX,2024-04-12,2024-04-15,2024-04-16,165.0285030225,157.7201418209643728416506806,156.5372407573071400453383005,136,7.3083612015356271583493194,4.080,0,-1.016438134029162378646927403,stop,-1.161855856742368254453666385,-1.165960744168251970133570977,1
unselected_3x,RACE,2024-03-14,2024-03-15,2024-03-25,425.6284409325,410.5539313609501545232539252,437.3976783752694716356704792,66,15.0745095715498454767460748,1.980,1.101962819331184908917551673,-0.2937693535886423465339990084,target,0.7807376675776954575279033318,0.7787475530829181902862956400,10
unselected_3x,FIDU,2024-07-10,2024-07-11,2024-07-15,66.0718520150,64.63732345847813828075470063,67.00008271723544775635095962,697,1.43452855652186171924529937,20.910,1.162853104189549141200859197,-0.3428652659188136390490306602,target,0.6470632445867952586581016066,0.6261504507190052796917069022,4
unselected_3x,JKHY,2024-06-10,2024-06-11,2024-06-13,164.5650459700,158.8716843014796880876795181,157.6801466692185904270219217,175,5.6933616685203119123204819,5.250,0,-1.328748533898450434667566351,stop,-1.209285427772723037821310034,-1.214554722391028379466184003,2
unselected_3x,VZ,2020-03-24,2020-03-25,2020-04-02,49.7302010075,44.29802288004557694049729681,54.74866129144226488655643292,184,5.43217812745442305950270319,5.520,1.062152023943992002238402058,-0.1638755185513693272676981853,target,0.9238394187736198569226567510,0.9183167721858029139969535967,8
unselected_3x,FN,2024-10-31,2024-11-01,2024-11-05,244.0064270150,225.5338739197940640917500819,216.1665029775,54,18.4725530952059359082499181,1.620,0.2995561012319456344332134056,-1.930779726612683644494864473,stop_gap,-1.507096712296099353543790005,-1.508720743356959355023106674,4
unselected_3x,UHAL,2025-04-28,2025-04-29,2025-05-12,60.8127010075,56.51644184325115395519702199,64.62064297046072969946695567,232,4.29625916424884604480297801,6.960,1.589126198278049743571222399,-0.3055451166502222458134575544,target,0.8863389794192052027901774707,0.8793561604473787738579945062,13
unselected_3x,DNOW,2021-07-29,2021-07-30,2021-08-04,9.9641750000,9.167280853741604138918012909,8.9325000000,1254,0.796894146258395861081987091,37.620,0.1327968093339285919452833587,-2.527531428680988629165047097,stop_gap,-1.294619874978320624570283101,-1.332266029289852472038825513,5
unselected_3x,DD,2021-05-04,2021-05-05,2021-05-17,101.1209635150,96.68937866989520705068498849,104.7609042474040070021951489,225,4.43158484510479294931501151,6.750,1.419148838354528493228443747,-0.2973244473600600767145378702,target,0.8213632051803656552728073612,0.8145936179900992811687396629,12
unselected_two_slot,QLTA,2023-06-27,2023-06-28,2023-07-05,47.1776510025,46.68964732953682446861357253,46.57292321121298240744203860,2049,0.48800367296317553138642747,20.490,0.2097279245431480991634439298,-1.142720912557721856283148894,stop,-1.239186966801067487299988938,-1.259678615848050365412816102,7
unselected_two_slot,SLQD,2024-04-12,2024-04-15,2024-04-16,48.9520770050,48.77673492724541439820310264,48.6281250000,5703,0.17534207775458560179689736,57.030,0,-1.437624147198789699110555881,stop_gap,-1.847542866769342272780827729,-1.904574242968706813610906176,1
unselected_two_slot,NTRA,2023-03-02,2023-03-03,2023-03-31,56.7916270050,51.04294839613983788092395742,55.3812000000,173,5.74867860886016211907604258,1.730,0.5146179141829918706810169766,-0.8761362997815342025779974928,time,-0.2453480357775048734529075447,-0.2470875659687713464984439038,28
unselected_two_slot,SPB,2021-08-26,2021-08-27,2021-09-27,79.1674260025,74.78314065756022885646498190,95.0118750000,228,4.38428534493977114353501810,2.280,4.256697392892062324536351246,-0.3347019838007735141474651178,time,3.613918290192323731149886247,3.611637416751560633555681071,31
unselected_two_slot,SCHW,2026-05-11,2026-05-12,2026-06-10,88.2400469925,83.64635082782163870576377498,89.0468220075,217,4.59369616467836129423622502,2.170,1.129798929107751963245378529,-0.9317220467060815880569061505,time,0.1756265512733335720407425502,0.1734496550134347256189710165,29
unselected_two_slot,RKDA,2025-10-17,2025-10-20,2025-10-22,5.0024750000,3.825189341316793346536973587,3.815626367963501363170631153,849,1.177285658683206653463026413,8.490,0.1924129444109325896213707322,-1.063017281124254994355611686,stop,-1.008122899725108486991128645,-1.016617014918174708804234074,2
unselected_two_slot,DSL,2021-12-20,2021-12-21,2022-01-20,15.9197000000,15.40507036148417166900126122,15.4413000000,1943,0.51462963851582833099873878,19.430,1.224762339413170149734737231,-0.8932637485197252698053760277,time,-0.9296005596950980401890186897,-0.9490320095215005911963142309,30
unselected_two_slot,MWA,2021-09-24,2021-09-27,2021-10-01,15.8695750000,15.19259845228716109604472152,15.15461695615644319330460972,1477,0.67697654771283890395527848,14.770,0.6062632470602145859230606795,-1.269726407663705400473690467,stop,-1.056104596620131308003147673,-1.070876157073421659635916082,4
unselected_two_slot,PLAB,2023-04-28,2023-05-01,2023-05-30,14.5162000000,13.61039231594828914333984374,21.0572259975,1103,0.90580768405171085666015626,11.030,7.986021897764157150117362660,-0.4042800767178017568045810233,time,7.221208334468694053276725834,7.210168463449638844188670645,29
unselected_two_slot,BYD,2020-06-18,2020-06-19,2020-07-07,22.1853239975,18.81356848917874192274599888,18.76653456795579506793913388,296,3.37175550832125807725400112,2.960,0.2386519427384683123776801717,-1.179007489626449605792277430,stop,-1.013949386634609303254901884,-1.016915200726206601912726344,18
unselected_two_slot,ODFL,2020-11-09,2020-11-10,2020-12-09,99.7838415100,93.66357947315223801695513763,101.1315394950,163,6.12026203684776198304486237,1.630,1.063052439720537572686019885,-0.4376999700130052741165178855,time,0.2202026607498216201622410638,0.2185687437802876661572401506,29
unselected_two_slot,TWLO,2025-02-28,2025-03-03,2025-03-06,120.2799530075,108.4352294180563945860368073,108.1641413445112535995717153,84,11.8447235894436054139631927,0.840,0.1007239201059348860526129080,-1.049408617570271665018775632,stop,-1.022886821418673146934451425,-1.023731079195098788324705489,3
unselected_two_slot,LLY,2024-01-17,2024-01-18,2024-02-15,622.8332290725,595.7611577761333583041200433,755.8855789275,36,27.0720712963666416958799567,0.360,5.216326352777180469041657228,-0.3743052004247633947476575699,time,4.914745842622578813167214367,4.914376458252593716911646457,28
unselected_two_slot,GMAB,2023-05-26,2023-05-30,2023-06-13,40.0398489975,38.40682320909801331626332582,38.31080615107526828297266751,612,1.63302578840198668373667418,6.120,0,-1.053167077773447175339528656,stop,-1.058797024948824269404555139,-1.064920626958677155778898179,14
unselected_two_slot,IVV,2017-11-30,2017-12-01,2017-12-01,267.2765099625,264.2525129383870243422780376,263.5918816560410567814223425,330,3.0239970241129756577219624,3.300,0,-1.556384786417093512683983676,stop,-1.218462940630620993114468313,-1.221769822191767133607700784,0
unselected_two_slot,GPK,2025-10-17,2025-10-20,2025-10-29,17.2831000000,16.38693609737500241780622648,16.34596875713156491176171091,1115,0.89616390262499758219377352,11.150,1.078932098434009504577757030,-1.230913225548201349156814334,stop,-1.045714115602556700973647311,-1.056872788665272695436133163,9
unselected_two_slot,ASB,2021-11-19,2021-11-22,2021-11-26,23.6590000000,22.55851917114525318843461897,22.50212287321739005546353242,908,1.10048082885474681156538103,9.080,0.2826028330940138190881305786,-1.598392224452073182794869719,stop,-1.051246960827617395440227152,-1.060333897862592228770499294,4
unselected_two_slot,PMT,2025-04-28,2025-04-29,2025-05-28,12.7718500000,11.84564920007588648492640771,12.2493000000,1079,0.92620079992411351507359229,10.790,0.4838583599114990077053920986,-0.6929922755978927548715963818,time,-0.5641865133811308858115645233,-0.5749833082023179662021790965,29
unselected_two_slot,GDX,2018-04-26,2018-04-27,2018-05-25,22.7266750000,21.92984066352252061053510519,22.2542240025,1254,0.79683433647747938946489481,12.540,0.4183102870208964734501318480,-0.8994027581293305615853441161,time,-0.5929099385808817913673994615,-0.6054595985819887165648089444,28
unselected_two_slot,TOWN,2024-11-29,2024-12-02,2024-12-18,36.9120500000,35.00627947718887734918051205,34.91876377849590515580756077,524,1.90577052281112265081948795,5.240,0.7177931359659165348425368524,-1.444061584046627907702263421,stop,-1.045921425295151188805164634,-1.051168646762953837404217208,16
unselected_two_slot,WABC,2024-02-14,2024-02-15,2024-03-15,46.1751510025,43.17695828195162535349321382,46.7727740025,333,2.99819272054837464650678618,3.330,0.8654710485139853250358388252,-0.4586603099511502765118597791,time,0.1993277469804188295176097646,0.1959924043483511408657739121,29
unselected_two_slot,BAH,2023-07-26,2023-07-27,2023-07-27,116.9115530075,113.8206133721716894417162318,113.5360618387412602181119412,323,3.0909396353283105582837682,3.230,0,-1.019609367804833069548003420,stop,-1.092059880490097307527990521,-1.095295142636825653220323420,0
unselected_two_slot,QTUM,2025-01-30,2025-01-31,2025-02-27,83.0070030075,78.57408249090232898084813515,78.37764728467507315839601481,225,4.43292051659767101915186485,2.250,0.7338275027310263120813149309,-1.052806381261713589710058508,stop,-1.044312819391136435735074503,-1.046568668545787000269736944,27
unselected_two_slot,BNDX,2024-10-03,2024-10-04,2024-10-08,50.1751239975,49.89489656003465385993251590,49.77015931863456722528268461,3568,0.28022743746534614006748410,35.680,0,-1.017477089606043692804890912,stop,-1.445128580300107330223546956,-1.480813879678533232456299836,4
unselected_two_slot,MKSI,2026-05-11,2026-05-12,2026-05-19,313.5619489975,282.3320642928096314578157602,281.6262341320776073791712208,32,31.2298847046903685421842398,0.320,0.2548213058661979038009985693,-1.048097433180213975310241094,stop,-1.022601113241574552725707452,-1.022921319354871478068476233,7
unselected_two_slot,AEVA,2025-11-14,2025-11-17,2025-12-16,9.9047000000,6.985678197372315204304282322,13.9849500000,342,2.919021802627684795695717678,3.420,2.543763117259279232832810265,-0.3681712822537200371063015894,time,1.397814156895637090725771899,1.394388351719739444525843532,29
unselected_two_slot,TFII,2020-10-12,2020-10-13,2020-10-29,48.5911760025,46.25378008265087093393311944,46.13814563244424375659828664,427,2.33739591984912906606688056,4.270,0.7909755389747301425440025804,-1.095739485446400214267805403,stop,-1.049471486291501264652969494,-1.053749751653000426459798991,16
unselected_two_slot,CVBF,2025-12-15,2025-12-16,2025-12-18,20.2505010025,19.24350601391426239298095815,19.19539724887947673699850575,993,1.00699498858573760701904185,9.930,0.06901622976059400082590410109,-1.182232301048475606755701566,stop,-1.047774582376374535068669766,-1.057705118390306822484168687,2
unselected_two_slot,MCRI,2020-03-24,2020-03-25,2020-04-23,22.7467260025,15.66555905469361125290461891,25.9549500000,141,7.08116694780638874709538109,1.410,1.210714852607145171847387490,-0.1704132964798719404296516650,time,0.4530643072175903101115193247,0.4516521106017348104204896639,29
unselected_two_slot,MXL,2020-05-20,2020-05-21,2020-06-19,17.4234489975,15.26122116769262971081391960,19.3714500000,462,2.16222782980737028918608040,4.620,2.116590555079349906682316977,-0.6074512497681676581585744280,time,0.9009231014631536568930512910,0.8962982419260849450565282433,29
unselected_two_slot,VOT,2025-11-14,2025-11-17,2025-11-20,279.7877209900,271.1411214640508567601718921,270.4632686603907296182714624,115,8.6465995259491432398281079,1.150,0.006045730445028531122849498616,-1.194426775405250181360101913,stop,-1.078395304607994871659964621,-1.079551828623012473975650356,3
unselected_two_slot,KOP,2017-10-04,2017-10-05,2017-11-02,47.7691270050,45.67299556353610696048796187,47.7802519950,477,2.09613144146389303951203813,4.770,1.064281061230590750730809582,-0.6770229084531602067498319532,time,0.005307391406824443538513831574,0.0005366982135501632573505841698,28
unselected_two_slot,MGA,2019-08-05,2019-08-06,2019-09-04,47.4984510025,45.11893951901109351183676837,50.3538000000,420,2.37951148348890648816323163,4.200,1.383288133022092861556615306,-0.3943876753744505071832917793,time,1.199972774795525340519330150,1.195770231513264008678337462,29
unselected_two_slot,DOCN,2025-02-28,2025-03-03,2025-03-10,43.3280510025,37.87877595635277141315761641,37.78407901646188948462472237,183,5.44927504614722858684238359,1.830,0,-1.404416539391032554895814582,stop,-1.017377896892511416339896919,-1.019213003381964586045959967,7
unselected_two_slot,XLF,2017-12-29,2018-01-02,2018-01-31,28.1602250000,27.54965124193036918627117235,29.6656500000,1637,0.61057375806963081372882765,16.370,3.553665664996620061136151723,-0.6063542612287949974140501368,time,2.465590733475838165494528791,2.449212695822179974847405695,29
unselected_two_slot,INTU,2021-06-30,2021-07-01,2021-07-30,494.9141929825,478.5533770341859390078247248,528.6450460725,61,16.3608159483140609921752752,0.610,2.286916748877405601190698470,-0.4696698506220794398682160664,time,2.061685260476014070832071824,2.061074044016419922431945466,29
unselected_two_slot,ECL,2020-08-14,2020-08-17,2020-09-15,196.2594290100,186.5415953604726461115282656,206.1134299875,102,9.7178336495273538884717344,1.020,1.379995735021894475224289232,-0.4218455633061164475852173844,time,1.014012107315632932198352281,1.012983071384308220766235567,29
unselected_two_slot,TNET,2026-02-12,2026-02-13,2026-02-23,40.8218010025,34.62751235006694996985669003,34.54094356919178259493204830,161,6.19428865243305003014330997,1.610,0.4000779002325941741154433586,-1.154580195369301787519031999,stop,-1.013975580689344221617305889,-1.015589971067498799131508095,10
unselected_two_slot,NUGT,2020-10-12,2020-10-13,2020-10-28,88.6510750000,77.41285948218685136816588660,77.21932733348138423974547188,88,11.23821551781314863183411340,0.880,0.4670605392537793205876713860,-1.471859475713163570670804887,stop,-1.017220896716094182002753468,-1.018110717700942664979536478,15
unselected_two_slot,VTIP,2021-11-19,2021-11-22,2021-12-01,52.2803770050,52.04529739994486025226895397,51.91518415644499810163828159,4253,0.23507960505513974773104603,42.530,0.4663186114094725886773120895,-1.362849001404663964221986984,stop,-1.553485886065458883599572545,-1.596024667758810896457695780,9
unselected_two_slot,KSA,2019-07-08,2019-07-09,2019-08-01,33.0825000000,32.20415019865225670930011630,32.12363982315562606752686601,1138,0.87834980134774329069988370,11.380,1.260886036862135453872580949,-1.050264938393009796123929616,stop,-1.091660948033568418916720599,-1.103045933815606465487169701,23
unselected_two_slot,MSOS,2023-11-16,2023-11-17,2023-12-18,6.4861750000,5.582690294735204870245171066,6.3441000000,1106,0.903484705264795129754828934,11.060,1.332424326593531572348173003,-0.5049061675773507486685588184,time,-0.1572522469634506661195495021,-0.1683205029524318849208551155,31
unselected_two_slot,UL,2017-11-01,2017-11-02,2017-12-01,62.9271966775,61.13688981072739627148846727,62.7481394925,558,1.79030686677260372851153273,5.580,1.082312400439512923147201548,-0.6789253284221386435101449248,time,-0.1000148009948637441269966722,-0.1056004356062234471250638356,29
unselected_two_slot,MANH,2018-07-23,2018-07-24,2018-07-25,50.3255010025,48.09407093129108186403693502,47.97383575396285415937684268,448,2.23143007120891813596306498,4.480,0.7504151795322940503178888884,-1.207969739799940705227328525,stop,-1.053882565660275472500540723,-1.058363996707129796164104987,1
unselected_two_slot,GSK,2023-05-26,2023-05-30,2023-06-28,34.3857489975,33.28130254454036210270504795,35.4411740025,905,1.10444645295963789729495205,9.050,1.977688458002430349296872614,-0.9559060058284078498313746334,time,0.9556144638535686520390201930,0.9465601543637762564908493384,29
unselected_two_slot,IBM,2021-10-22,2021-10-25,2021-11-19,122.2264120200,116.1363664319976726057417418,115.8460255159176784242273874,164,6.0900455880023273942582582,1.640,0.4193050680984531427767120184,-1.142259925558596904021700483,stop,-1.047674670391955565729045871,-1.049316694225028418970084529,25
unselected_two_slot,XIFR,2023-10-19,2023-10-20,2023-11-17,22.5662750000,18.64214543492445178912870542,23.2018500000,254,3.92412956507554821087129458,2.540,1.682850907567539407881436267,-0.1876275968440978504613539309,time,0.1619658549647719823530270953,0.1594175191276989070691813321,28
unselected_two_slot,ESGV,2025-03-28,2025-03-31,2025-04-04,96.4906250000,93.06320558932553826331817076,91.0917000000,291,3.42741941067446173668182924,2.910,0.8984529265398622104550235316,-2.302206428377334145434086775,stop_gap,-1.575215739044197470129778907,-1.578133386055489898659772894,4
unselected_two_slot,BMA,2020-10-12,2020-10-13,2020-10-28,13.7743500000,12.08096025986169923341645954,11.9700000000,590,1.69338974013830076658354046,5.900,0.3871819844299118257005659949,-1.372601914908358959913232014,stop_gap,-1.065525529788929158396730348,-1.071430844887379731502816919,15
unselected_two_slot,ICUI,2021-12-20,2021-12-21,2022-01-13,233.2717270050,219.9691989028966225958082072,219.4192759056393810393186867,75,13.3025281021033774041917928,0.750,0.6335840774256536671316767767,-1.028506077941430062123610407,stop,-1.041339735803323617133013322,-1.042091472610285807559533560,23
unselected_two_slot,BSX,2017-12-29,2018-01-02,2018-01-31,25.0023510025,24.12689768659423471250134361,27.8900990025,1142,0.87545331590576528749865639,11.420,4.155159311649189347671100914,-0.1854479268629278138137730226,time,3.298574518519317849516176647,3.287151864885692900768861519,29
unselected_two_slot,CVE,2022-07-13,2022-07-14,2022-08-11,15.8294750000,13.62509714567011160673827845,18.5135990025,453,2.20437785432988839326172155,4.530,1.724080103841964103078433675,-0.2855567609534686147976692261,time,1.217633355020230977574726003,1.213096927664840078574802746,28
unselected_two_slot,PINS,2021-12-20,2021-12-21,2022-01-10,36.1200739975,31.53059376322517416197071532,31.45176727881711122656578853,217,4.58948023427482583802928468,2.170,0.5457973179169379542226701771,-1.112342735322106079603025347,stop,-1.017175470943174928642566872,-1.019354366916038853409233389,20
unselected_two_slot,ALLE,2023-09-21,2023-09-22,2023-10-18,104.3402020050,100.0520863168863177489505414,99.80195610109410195457816505,233,4.2881156881136822510494586,2.330,0.5619713110072495404978170171,-1.040131687063232863139764398,stop,-1.058331032552493157289503072,-1.060663059187809739252622420,26
unselected_two_slot,LECO,2023-01-03,2023-01-04,2023-02-02,147.6381790100,141.1491970261353788814882462,171.7196190150,154,6.4889819838646211185117538,1.540,3.883785939407191702324307631,-0.1584498173298443170777234898,time,3.711127579777606037010454192,3.709586505996716244229555061,29
unselected_two_slot,ICUI,2024-10-31,2024-11-01,2024-11-14,172.4901479950,162.5164196921238616302734239,162.1101286428935519761977403,100,9.9737283028761383697265761,1.000,2.383245891924432616210620315,-1.036739089034357886672419809,stop,-1.040736125638508412154436475,-1.041738759728422039100059560,13
unselected_two_slot,BLK,2026-06-09,2026-06-10,2026-06-29,1009.4774220550,958.5928792040482720775494709,956.1963970060381513973555972,19,50.8845428509517279224505291,0.190,1.317346765624843268088925040,-1.223699704591831089280297826,stop,-1.047096467094727916130056155,-1.047292990428528741723123435,19
unselected_two_slot,DE,2018-04-26,2018-04-27,2018-05-25,137.0417469925,127.2109007993637894733467506,158.6025000000,101,9.8308461931362105266532494,1.010,2.476719860036024539143344825,-0.5881235326961738159170368603,time,2.193173668259959385533260376,2.192156461825890475899175900,28
unselected_two_slot,KRG,2019-12-26,2019-12-27,2020-01-07,19.3983750000,18.67132571372448364851371745,18.62464739944017243939243316,1375,0.72704928627551635148628255,13.750,0.3735991563810810530326707898,-1.208136802526395103387288375,stop,-1.064202407134503940838680485,-1.077956632864134168285810565,11
unselected_two_slot,APOG,2025-04-28,2025-04-29,2025-05-28,39.9496229950,35.73851838725174905104853022,38.4835519950,237,4.21110460774825094895146978,2.370,0.7884812452511033431116154053,-0.4487235941665227184530933137,time,-0.3481440468855825994792386863,-0.3505187207375691853913755384,29
unselected_two_slot,DSY,2025-09-19,2025-09-22,2025-10-20,28.0700000000,11.53308701529806106712450354,14.1645000000,60,16.53691298470193893287549646,0.600,0.1408969135990163090540003694,-0.8629180073210140472963885288,time,-0.8408764086056314530259236641,-0.8414811163893182183008335369,28
unselected_two_slot,VB,2021-02-05,2021-02-08,2021-03-04,214.1039320175,206.8620220935478643303102422,206.3448670383139946694844666,138,7.2419099239521356696897578,1.380,0.8044923291893883664627001493,-1.602330343701288829899155537,stop,-1.071411417797867616851509384,-1.072792268996655061686605907,24
unselected_two_slot,FELE,2019-11-26,2019-11-27,2019-12-27,55.3079229950,53.19932627946899980331811822,56.6579990025,474,2.10859671553100019668188178,4.740,1.025363450998040564551305113,-0.7103880907937314054233752007,time,0.6402722709164494255666192004,0.6355297803651057863043932979,30
unselected_two_slot,ADSK,2022-11-03,2022-11-04,2022-12-05,196.4900000000,180.7302770732851419534388430,197.8940240025,63,15.7597229267148580465611570,0.630,2.360447716814930440113242364,-0.5380808431362233315689739967,time,0.08908938367945478035960538651,0.08845485475743619271541299040,31
unselected_two_slot,LVHI,2026-06-09,2026-06-10,2026-07-10,40.3907260025,39.64239355462649422001853675,41.2366500000,1336,0.74833244787350577998146325,13.360,1.392794072289352873043777438,-0.2655571104322760030238688535,time,1.130412024633990730488345212,1.117048979869038418912761317,30
unselected_two_slot,FAZ,2021-07-29,2021-07-30,2021-08-09,262.3542620300,233.8498453473952116729007606,233.2652207340267236437185087,35,28.5044166826047883270992394,0.350,0.3699683486747398601379081530,-1.057880445889006887864571319,stop,-1.020509965872245448437256818,-1.020860788697751736987598107,10
unselected_two_slot,AIT,2018-04-26,2018-04-27,2018-05-25,66.5660020050,62.04130052573680085534530556,69.0269970075,221,4.52470147926319914465469444,2.210,1.322518407551260750553134908,-0.9096734942324301599307734719,time,0.5439021809016111250973587312,0.5416920903473877784975423070,28
unselected_two_slot,TKO,2019-11-26,2019-11-27,2019-12-27,61.5935989975,56.82543969224388909345573871,64.7576980050,209,4.76815930525611090654426129,2.090,0.9031583734530218868645593784,-0.3342168110329953477810673721,time,0.6635891976201595405849222111,0.6614919522556901433971829074,30
unselected_two_slot,RVTY,2020-11-09,2020-11-10,2020-12-09,128.0493280075,118.3846761187927893830734660,143.5502289900,103,9.6646518887072106169265340,1.030,2.104646005539767455720517470,-0.4541626597672662439511340294,time,1.603875769246508636148163906,1.602841070830553827544413015,29
unselected_two_slot,APEI,2026-03-13,2026-03-16,2026-04-14,57.8442510025,52.54246846010617894154827757,57.1767000000,188,5.30178254239382105845172243,1.880,0.2972107937094927592445286367,-0.8986126768505450717266673458,time,-0.1259106719602634592360543172,-0.1277968300438963792425830216,29
unselected_two_slot,DXJ,2018-01-30,2018-01-31,2018-02-05,60.5810750000,59.33291911904714561385064591,58.9323019950,801,1.24815588095285438614935409,8.010,0.5118959977276537393013005235,-2.933188919644474272325726949,stop_gap,-1.320967220649804245479588974,-1.328979040449400031835149720,5
unselected_two_slot,IEV,2025-04-28,2025-04-29,2025-05-28,60.2402250000,58.03030895619525280259965981,62.7028509975,452,2.20991604380474719740034019,4.520,1.588193818420958662499373844,-0.2806559107703364196871128895,time,1.114352739509583150242903421,1.109827680728262528087638842,29
unselected_two_slot,BKLC,2025-03-28,2025-03-31,2025-04-04,35.1209163325,33.97499734090394334761466646,33.1668750000,872,1.14591899159605665238533354,8.720,0.8078657167646733461705678084,-2.679872970970461809987935180,stop_gap,-1.705217687140672977828909586,-1.713944307498078713399904268,4
unselected_two_slot,TRS,2023-12-15,2023-12-18,2023-12-28,26.5863000000,25.22018891183653234784848178,25.15713843955694101697886058,732,1.36611108816346765215151822,7.320,0.3906717430406639137118265176,-1.058699407779740452173273807,stop,-1.046153254172289367122774422,-1.053473303095575325247488943,10
unselected_two_slot,BLV,2026-04-13,2026-04-14,2026-05-01,69.3228770050,68.18545102917219422172501040,68.01498740159926373617069787,879,1.13742597582780577827498960,8.790,0.2172651234029947974674767163,-1.136670018511805122688523378,stop,-1.149867886961935243961137391,-1.158659667888796979246737855,17
unselected_two_slot,OSK,2019-10-29,2019-10-30,2019-11-27,86.3453219925,81.97807798164871327205503667,91.2911970075,228,4.36724401085128672794496333,2.280,1.439048285803237564787169624,-0.7179179786404574982816915840,time,1.132493399203476931386941895,1.130203625612820441796318987,28
unselected_two_slot,UE,2020-07-17,2020-07-20,2020-08-17,10.6766250000,9.518374939451671495840123471,11.0922000000,863,1.158250060548328504159876529,8.630,0.9526224410276740774631734370,-0.7568529714429679738585289808,time,0.3587955780492358941808164052,0.3501618638448387121034340698,28
unselected_two_slot,VGT,2025-06-25,2025-06-26,2025-07-25,82.0333228775,79.48863276513700433696446600,85.8710343750,392,2.54469011236299566303553400,3.920,1.737610053584888173016857997,-0.2424935258332846077441442353,time,1.508125283646544488448135960,1.504195532062484606968084355,29
unselected_two_slot,DORM,2019-02-12,2019-02-13,2019-02-25,88.1899260025,82.49489986431748416248430837,82.28866261465669045207809760,175,5.69502613818251583751569163,1.750,1.020201462912723347286900632,-1.330972820595169739138157791,stop,-1.036213573854923747084765884,-1.037969492046932494125318358,12
unselected_two_slot,BBEU,2023-08-23,2023-08-24,2023-09-21,52.8117000000,51.67647858586644188269221027,51.54728738940177577798547974,880,1.13522141413355811730778973,8.800,1.222934119032278245475898407,-1.098200742585116859321608225,stop,-1.113802642247785186743723994,-1.122611496516652516274394205,28
unselected_two_slot,WPP,2025-10-17,2025-10-20,2025-10-30,23.1878239975,21.74028315564205631688186507,19.6706990025,690,1.44754084185794368311813493,6.900,0.9755690213807354128122021924,-2.651271650873827217219504149,stop_gap,-2.429724186908404805500467051,-2.436632454855556353367194111,10
unselected_two_slot,BCAT,2022-05-13,2022-05-16,2022-06-14,15.0274750000,14.24831253610417644156087140,14.4936750000,1283,0.77916246389582355843912860,12.830,1.479184449206341865475817150,-0.7796512642082579768160534680,time,-0.6850946044435871567132957591,-0.6979288982698064739990450239,29
unselected_two_slot,BNO,2024-02-14,2024-02-15,2024-03-15,29.4434260025,28.23467090274902177218148404,30.9524259975,827,1.20875509975097822781851596,8.270,1.428390248658061729036412080,-0.1848405872670397259232283581,time,1.248391833309225952144942564,1.240118858906007177103495712,29
unselected_two_slot,ASO,2026-05-11,2026-05-12,2026-06-10,51.4884010025,47.07548706897794747490034506,49.7553009975,226,4.41291393352205252509965494,2.260,1.280695269075715690124210858,-0.7202497149005674517953151741,time,-0.3927336973048036062003803711,-0.3949997736776139773260811086,29
unselected_two_slot,DECK,2022-02-16,2022-02-17,2022-02-22,53.6604856725,48.62492748860551008487586571,48.3637884975,198,5.03555818389448991512413429,1.980,0.07304976212498222751187431719,-1.275691281464219557388931503,stop_gap,-1.051858995878694375132376372,-1.053844873041624110444519031,5
unselected_two_slot,CGGO,2026-02-12,2026-02-13,2026-03-03,36.0498989975,34.93287371448718196198220255,34.84554153020096400707724704,895,1.11702528301281803801779745,8.950,0.9400852590083674510794934113,-1.360667498411993340956252749,stop,-1.078182817895282863147901765,-1.087135166738299381022172323,18
unselected_two_slot,IWF,2025-08-21,2025-08-22,2025-09-22,110.0268832550,107.4958001819635152957715191,117.8745730050,395,2.5310830730364847042284809,3.950,3.249841474042140415764268405,-0.3187893212971477471143735144,time,3.100526345263452446683266206,3.096575467433115878591130216,31
unselected_two_slot,FN,2018-10-16,2018-10-17,2018-10-23,45.9345500000,43.44686581140276996236136835,43.33824864687426303745546493,401,2.48768418859723003763863165,4.010,0.2393587589330482006477582127,-1.247967090931510381618906848,stop,-1.043661958791382843975993250,-1.047681761644910991653590462,6
unselected_two_slot,GT,2018-10-16,2018-10-17,2018-10-19,21.6740510025,20.19728338399043258001655023,20.14679017553045649856650885,677,1.47676761850956741998344977,6.770,0.04465766764750654731270097089,-1.140362898937094800072855558,stop,-1.034191708855951566906235392,-1.040963254950720717462724287,2
unselected_two_slot,NLR,2026-08-06,2026-08-07,2026-09-04,116.5205780075,108.4459480792069899478537883,119.6501220075,123,8.0746299282930100521462117,1.230,1.499688171475117081139500994,-0.4112363089068499570848429193,end_of_data,0.3875773908887476048406952315,0.3863389440386993306996679917,28
unselected_two_slot,ASH,2023-02-01,2023-02-02,2023-02-21,107.1672520050,101.5706349248513150423222555,101.3167083375391867547164499,178,5.5966170801486849576777445,1.780,0.2685097038942097224990825565,-1.009047952383758537917517508,stop,-1.045371442011427059553368323,-1.047158235686390137545128884,19
unselected_two_slot,LAD,2021-06-30,2021-07-01,2021-07-30,348.6895570175,327.5477737879429062239979728,376.2769509975,47,21.1417832295570937760020272,0.470,1.841871499659481484098239162,-0.8423864640046779160888840562,time,1.304875453525210392572381567,1.304402456527207897523890444,29
unselected_two_slot,ARQT,2023-01-03,2023-01-04,2023-01-12,14.7868750000,13.08396933080614468695534132,13.05125940747912932523795297,587,1.70290566919385531304465868,5.870,0.5420881594909490727310974764,-1.160883445138708136119472795,stop,-1.019208300212248415896657133,-1.025080616090281716616831513,8
unselected_two_slot,PSX,2025-02-28,2025-03-03,2025-03-04,131.0768750000,123.9632616577263183216859780,123.5403730050,140,7.1136133422736816783140220,1.400,0,-1.644294880421684102476066147,stop_gap,-1.059447798520794068260834811,-1.060853553868863599380571262,1
unselected_two_slot,LTC,2024-04-12,2024-04-15,2024-05-13,31.8293750000,30.72642141655166131882474533,34.1643750000,906,1.10295358344833868117525467,9.060,2.312541559569146589389883855,-0.5343606556473061009813523414,time,2.117042852066103492329090506,2.107976287389160864952948791,28
unselected_two_slot,VC,2017-09-06,2017-09-07,2017-10-05,113.8739709900,110.0125594826017787253358656,126.8819970075,258,3.8614115073982212746641344,2.580,3.759254350951253054464339629,-0.3351025881392948933914075949,time,3.368723067349191179102614202,3.366133340773600716974218006,28
unselected_two_slot,VRT,2025-02-28,2025-03-03,2025-03-10,93.8941540100,77.54585450937566608183770689,77.35198987310222691663311262,61,16.34829950062433391816229311,0.610,0.06152615383401724046634648599,-1.088440789167120990009488935,stop,-1.011858397643500204124637017,-1.012470082057504125735757863,7
unselected_two_slot,KKR,2018-11-13,2018-11-14,2018-11-19,22.8870750000,21.11200186299610765955477895,21.05922185833861739040589200,563,1.77507313700389234044522105,5.630,0.2889599246968240664655241880,-1.029296180485206468902011154,stop,-1.029733988733881974318864538,-1.035367559425441638333399298,5
unselected_two_slot,GS,2018-01-30,2018-01-31,2018-02-05,269.2213629700,259.3030063076770636497244131,256.8662349750,100,9.9183566623229363502755869,1.000,0.3396362063482244961338191352,-2.794955244481750353309028125,stop_gap,-1.245682971044354211158381376,-1.246691202583152085191379916,5
unselected_two_slot,H,2019-03-13,2019-03-14,2019-04-11,72.6511760025,69.79032711651765135313335796,75.9496490025,349,2.86084888598234864686664204,3.490,1.516620475397864269990151773,-0.7449463734146876961269030120,time,1.152970020947954215360093460,1.149474554952179945825796549,28
unselected_two_slot,BMRN,2019-04-10,2019-04-11,2019-04-17,92.5207260025,87.94018416886672235740532385,87.72033370844455555151181054,218,4.58054183363327764259467615,2.180,0.1504784854138685779132557802,-2.338310267980735716127283372,stop,-1.047996605730763910821331215,-1.050179753568553227062654824,6
unselected_two_slot,MSCI,2025-04-28,2025-04-29,2025-05-28,537.8713540725,500.1243799353417578339883747,561.2732930175,26,37.7469741371582421660116253,0.260,1.074487157040064464781454406,-0.1748837946192255343886697598,time,0.6199686062243345856586547747,0.6197036843271869155361188428,29
unselected_two_slot,IBG,2025-10-17,2025-10-20,2025-11-07,17.4435000000,10.84249664581600036951079271,10.81539040420146036858701573,151,6.60100335418399963048920729,1.510,0.4857594865434483513473122290,-1.096575719115780723913151277,stop,-1.004106382039233308371064120,-1.005621303250970243818896062,18
unselected_two_slot,LNN,2025-06-25,2025-06-26,2025-06-26,148.3599800125,142.8105587791316062231363107,142.4535323821837772075784699,180,5.5494212333683937768636893,1.800,0.4685221896413570270803724366,-1.549708456223996476133792279,stop,-1.064335789613707291452701200,-1.066137779331098088447574210,0
unselected_two_slot,ITM,2020-08-14,2020-08-17,2020-08-20,51.9896510025,51.70111685360991872790826198,51.57186406147589393108849133,3465,0.28853414889008127209173802,34.650,0,-1.350457143457360852297099719,stop,-1.447963586394289794742645170,-1.482621529096973340785565749,3
unselected_two_slot,SFBS,2019-04-10,2019-04-11,2019-04-22,17.3482625000,16.62490177768214096311333512,16.58333952323793561070555178,1382,0.72336072231785903688666488,13.820,0.6659713268041045162912688409,-1.359297608597464006746088334,stop,-1.057457162328399238309538176,-1.071281523662198340855868259,11
unselected_two_slot,GTES,2024-07-10,2024-07-11,2024-08-08,15.4184500000,14.74729671385917137717583240,16.4787000000,1489,0.67115328614082862282416760,14.890,5.440709410806330145107352122,-0.08708889788216784570429673194,time,1.579743438487056602360660565,1.564843712587626688638796283,28
unselected_two_slot,ADNT,2024-10-03,2024-10-04,2024-10-30,22.3156500000,20.50227164570209764751153252,20.45101596658784240339275369,551,1.81337835429790235248846748,5.510,0.5924571656288258620134180547,-1.061913524795307809670787138,stop,-1.028265297748136098808766361,-1.033779866716216544381047045,26
unselected_two_slot,HLF,2025-06-25,2025-06-26,2025-07-25,8.2405500000,7.477209851171609609639593169,9.7256250000,1310,0.763340148828390390360406831,13.100,3.392262288279225317004399996,-0.1186233950080842852554590433,time,1.945495729891007950588082150,1.932395410177249332669202079,29
unselected_two_slot,PPH,2022-10-06,2022-10-07,2022-11-04,68.6010750000,66.19423409692013337213651350,71.8100230050,415,2.40684090307986662786348650,4.150,2.043725446790271097651386282,-0.7649334019727299559875783142,time,1.333261372155397888443357344,1.329106548300109532381497883,28
unselected_two_slot,ENS,2025-04-28,2025-04-29,2025-05-22,86.4656250000,79.89359332285687834292314036,79.69385933954973614706583251,152,6.57203167714312165707685964,1.520,2.263283521856961845547276224,-1.501153293936740781939689288,stop,-1.030391512567079872919735346,-1.031913112049745030219864055,23
unselected_two_slot,RGLD,2021-02-05,2021-02-08,2021-03-09,106.7963239975,100.2569566581846857506202641,105.9444740025,152,6.5393673393153142493797359,1.520,0.7559865879957759406830845180,-0.7655668717983615718194642187,time,-0.1302648942625679928400590049,-0.1317940941807128299817210062,29
unselected_two_slot,XEL,2020-10-12,2020-10-13,2020-10-26,73.5734739975,70.63343974758398106297360210,70.45685614821502111031616809,340,2.94003424991601893702639790,3.400,0,-1.086204011940071979613475058,stop,-1.060061749067720555360263214,-1.063463069987803594034517748,13
unselected_two_slot,MAMA,2026-07-09,2026-07-10,2026-08-07,18.0450000000,16.00678191863191240371460686,17.8652250000,490,2.03821808136808759628539314,4.900,0.8021712764428816305083862564,-0.7727342890329143797751308026,time,-0.08820204356117372790498173654,-0.09310828990027392136374862496,28
unselected_two_slot,NTCT,2022-07-13,2022-07-14,2022-08-11,30.9672239975,28.75927082533298180753616443,32.9973019950,452,2.20795317216701819246383557,4.520,2.157100097293062083468203611,-0.1255565566310976865497991895,time,0.9194388826224784534259248194,0.9149098010613032234903276044,28
unselected_two_slot,BLX,2025-04-28,2025-04-29,2025-05-28,38.8368520050,36.30864580043936891476050291,41.0271759975,395,2.52820620456063108523949709,3.950,1.152258858373566377718296076,-0.3784703175215441308034064390,time,0.8663549628779783173726816789,0.8623995893083853781793596586,29
unselected_two_slot,CRSP,2021-11-19,2021-11-22,2021-12-02,82.6260479950,74.75637165714529823250017482,74.56948072800243498691892438,127,7.86967633785470176749982518,1.270,0,-1.199038637664264534426909385,stop,-1.023748235774815904794117673,-1.025018936064216374735793608,10
unselected_two_slot,SMG,2024-12-30,2024-12-31,2025-01-31,65.7038510025,61.26258592451979091113496278,70.7825990025,225,4.44126507798020908886503722,2.250,3.018543086736184162071906861,-0.08192598192438298541655072782,time,1.143536337243284812109560527,1.141284726536781388801080641,31
unselected_two_slot,CSGP,2020-05-20,2020-05-21,2020-06-19,65.5635020050,59.81054688201370568925865402,70.8903309975,173,5.75295512298629431074134598,1.730,1.047200067827532851540598673,-0.3586855730466500343332748840,time,0.9259291752887693258566080528,0.9241909381938814532648231232,29
unselected_two_slot,CSIQ,2021-08-26,2021-08-27,2021-09-27,36.3205750000,32.65538256657923801332623148,34.5833230050,272,3.66519243342076198667376852,2.720,0.6710217934463523261039422893,-0.8923340477780964995461242782,time,-0.4739865713895422277724232664,-0.4767149410949950180440638712,31
unselected_two_slot,JAZZ,2026-01-14,2026-01-15,2026-02-13,170.9763780075,159.7303133854765374032154344,165.8942230050,88,11.2460646220234625967845656,0.880,0.1434829023959198727886880669,-0.8533094313460703093654924750,time,-0.4519051929105478272498840424,-0.4527943928516913930048915001,29
unselected_two_slot,ATEN,2022-06-13,2022-06-14,2022-07-14,13.8846250000,12.51575698000301197060834406,13.3665000000,730,1.36886801999698802939165594,7.300,1.033974772822228911174000383,-0.7046880969592105014156814411,time,-0.3785061762208018048941297879,-0.3858114823963540713335822325,30
unselected_two_slot,PLD,2017-09-06,2017-09-07,2017-10-05,63.5184010025,61.72831785106263905403650199,64.4085750000,558,1.79008315143736094596349801,5.580,1.101399672924071222189857316,-0.7867790953560534074826177041,time,0.4972808088748435993859622373,0.4916944761997550575036100487,28
unselected_two_slot,VOT,2023-03-30,2023-03-31,2023-05-01,192.4699800125,185.4473211465680027199074645,190.0835980050,142,7.0226588659319972800925355,1.420,0.4613675602581055585300050942,-0.8885500679480710833939048446,time,-0.3398117512266910279591435983,-0.3412357133172478602686460977,31
unselected_two_slot,CNO,2024-04-12,2024-04-15,2024-05-13,25.6740260025,24.56978628424181055906951536,28.0796250000,905,1.10423971825818944093048464,9.050,2.676930514836674989954096604,-0.5379502228347730313372592518,time,2.178511565672130004654041959,2.169455561043195044330697204,28
unselected_two_slot,TRN,2023-03-02,2023-03-03,2023-03-07,28.2604760025,26.42954516000120338528474687,26.36347129710120037682153500,546,1.83093084249879661471525313,5.460,0.07074161103935040048556287347,-1.300145776806730796166505130,stop,-1.036087579807125585479733319,-1.041549282547548219729343152,4
unselected_two_slot,CNQ,2017-09-06,2017-09-07,2017-10-05,16.1028397075,15.45187546529796137490347413,16.3205064750,1536,0.65096424220203862509652587,15.360,1.209690550492012715479284720,-0.6710440899523681896599077724,time,0.3343759201944661482934793831,0.3190140933049081844994206790,28
unselected_two_slot,IVW,2025-12-15,2025-12-16,2026-01-15,121.8338239975,118.3508171661426344093370650,123.5104500000,287,3.4830068313573655906629350,2.870,1.072686957964986716292321735,-0.6040243672677834249175904055,time,0.4813731593648929586535978537,0.4785020768536643225066787506,30
unselected_two_slot,UMH,2026-03-13,2026-03-16,2026-03-20,14.8169500000,14.12718955828303136328710133,14.09187158438732378487888358,1449,0.68976044171696863671289867,14.490,0.1204041214559505612255209834,-1.285881222460630346525898089,stop,-1.051203246460166967734812853,-1.065701033510853368845652225,4
unselected_two_slot,ZGN,2025-06-25,2025-06-26,2025-07-25,8.7217500000,8.199515386155609000490932861,9.1371000000,1914,0.522234613844390999509067139,19.140,1.490230596304160898825249725,-0.9224781108506643276698542306,time,0.7953321916799656014482074824,0.7761837098771495282220558638,29
unselected_two_slot,SCHP,2024-12-30,2024-12-31,2025-01-07,25.9246510025,25.72445491447913072766194333,25.66014377719293290084278847,4995,0.20019608802086927233805667,49.950,0,-1.122149811821405570986981739,stop,-1.321240729136993758622890977,-1.371191755147839477219621539,7
unselected_two_slot,MS,2018-10-16,2018-10-17,2018-10-23,46.0748989975,43.73080119361898453216295301,43.62147419063493707083254563,426,2.34409780388101546783704699,4.260,0.7529980189297575558848088223,-1.179514776611404569992250205,stop,-1.046639266844173372501604235,-1.050905300447141413169774492,6
unselected_two_slot,CMCSA,2023-02-01,2023-02-02,2023-02-09,37.4410752650,35.71957266801086045308979114,35.63027373634083330195706666,580,1.72150259698913954691020886,5.800,0.6534981341112070862764901213,-1.132173874386723287209925769,stop,-1.051872667416365513507176112,-1.057681546251337777598446313,7
unselected_two_slot,SCHP,2022-06-13,2022-06-14,2022-06-14,28.1301489975,27.68822756501468348183373811,27.61900699610214677312915376,2262,0.44192143248531651816626189,22.620,0,-1.007305744363939070998526291,stop,-1.156635464641866317954996044,-1.179263921342328033019894506,0
unselected_two_slot,LXP,2024-08-07,2024-08-08,2024-09-06,48.7214979950,46.00167870426322228895344683,50.3737500000,367,2.71981929073677771104655317,3.670,1.278946368549985841900709526,-0.4123435695965647955338525069,time,0.6074859497567641313571498053,0.6038092348977813206123860257,29
unselected_two_slot,BF.B,2017-09-06,2017-09-07,2017-10-05,43.4523620050,42.02303995134412246549846121,43.5149409975,699,1.42932205365587753450153879,6.990,0.4559070458146641433155009136,-0.6131312413171456140116257773,time,0.04378228989046751918534102175,0.03678596602180384276304307220,28
unselected_two_slot,VPU,2026-08-06,2026-08-07,2026-08-31,187.8284010025,181.5603699791633400843359310,181.1064690542154317341250912,159,6.2680310233366599156640690,1.590,0.8266701262658529290768848004,-1.036752846038197867146755632,stop,-1.072415232671628250185642947,-1.074010630008171217973571964,24
unselected_two_slot,SJM,2025-10-17,2025-10-20,2025-10-29,105.4830510025,100.6709761760787275519902840,100.4192987356385307331103083,207,4.8120748264212724480097160,2.070,0.3339401516944159452284787652,-1.016828536338233189662096090,stop,-1.052301231697049207723403848,-1.054379337370945591007850886,9
unselected_two_slot,EDU,2024-08-07,2024-08-08,2024-08-29,68.8817739975,60.88444380122057494630010301,60.73223269171752350893435275,125,7.99733019627942505369989699,1.250,0.3436425575848484898413570227,-1.123096305524381621333607087,stop,-1.019032740398022351815617926,-1.020283157694116024584596058,21
unselected_two_slot,TOST,2024-08-07,2024-08-08,2024-09-06,23.1377000000,20.51121598547337984506254662,23.2317759975,380,2.62648401452662015493745338,3.800,1.070747426767366125007334667,-0.3303656124312595226004841908,time,0.03581822580289171346089010514,0.03201085444837679444970554607,29
unselected_two_slot,SPHB,2019-01-14,2019-01-15,2019-02-13,37.9245770050,35.97108695159736586707972481,40.8176980050,511,1.95349005340263413292027519,5.110,1.620393709958437235821142284,-0.1149614274251503472331207440,time,1.481001142012827228525298239,1.475882098799588559183347805,29
unselected_two_slot,EME,2023-12-15,2023-12-18,2024-01-18,215.7881250000,207.5439647960563320234427687,222.7018450125,121,8.2441602039436679765572313,1.210,1.461867637438059417170247127,-0.7857837353647166931984951972,time,0.8386202889643944597194928225,0.8374073091395705303751028542,31
unselected_two_slot,FWONK,2024-01-17,2024-01-18,2024-02-15,63.4983500000,60.75806723743591034125845900,68.3287500000,364,2.74028276256408965874154100,3.640,2.069730933421273765644912875,-0.3697972391184210213931659400,time,1.762737796985659335271015965,1.759088538545394224027079612,28
unselected_two_slot,CNC,2018-10-16,2018-10-17,2018-10-22,73.2125739975,70.49008036883137498589836197,70.31385516790929654843361607,367,2.72249362866862501410163803,3.670,0.1055745363270360698010646038,-1.402235420241148980337464883,stop,-1.064729334557986625793903400,-1.068402437736152841628918695,5
unselected_two_slot,UCTT,2018-11-13,2018-11-14,2018-12-14,8.9723750000,7.630704379158108755022181672,8.0298750000,745,1.341670620841891244977818328,7.450,0.7137556603863736380150822791,-0.6874824458936236881494964284,time,-0.7024824016855837659096358680,-0.7099357958679241772190219249,30
unselected_two_slot,JEF,2021-04-06,2021-04-07,2021-05-05,29.1645074450,27.17263163263741936535269262,31.2314776200,502,1.99187581236258063464730738,5.020,1.475363843850452681314557758,-0.07490951196551768841421250738,time,1.037700323570046925247896009,1.032679930261420462240281998,28
unselected_two_slot,BEPC,2023-07-26,2023-07-27,2023-08-01,31.8895239975,30.61738361627437121506107608,30.54084015723368528702342339,786,1.27214038122562878493892392,7.860,0.1497303326826919795483666514,-1.516754774847270934245187784,stop,-1.060169034935390563468193887,-1.068029802620766305454377653,5
unselected_two_slot,RYN,2023-03-30,2023-03-31,2023-04-26,33.0123250000,31.44942204145644240382814702,31.3414500000,639,1.56290295854355759617185298,6.390,0.4016077879748328150291367427,-1.485904155024528086761160980,stop_gap,-1.069084290144961842950016816,-1.075482640052315545907748644,26
unselected_two_slot,HHH,2023-12-15,2023-12-18,2024-01-17,79.4736857425,75.88850091588848277579468591,75.5399398425,278,3.58518482661151722420531409,2.780,0.8913142312164148369158149743,-1.267767482658853122142132896,stop_gap,-1.097222623168892511413436821,-1.100011879646208172578570636,30
unselected_two_slot,IBDR,2024-09-05,2024-09-06,2024-10-04,24.2504760025,24.15685593163763847070017458,24.09646379180854437452342414,10681,0.09362007086236152929982542,106.810,4.587947793069694615915787859,-1.073231429697569153637315086,stop,-1.645076843809288357010071798,-1.751891546125651824360130344,28
unselected_two_slot,DAR,2025-12-15,2025-12-16,2026-01-15,35.9897520050,33.37247113060521104641062104,40.3289250000,382,2.61728087439478895358937896,3.820,1.986889158849826259831368691,-0.7564163343599075973227542418,time,1.657893517448094091365775267,1.654072758240386830799719464,30
unselected_two_slot,IGE,2022-04-14,2022-04-18,2022-04-22,42.4157760025,40.59131477975988976993822864,40.48983649281049004551338307,548,1.82446122274011023006177136,5.480,0.1283809129953565946207139382,-1.483055363838462308230507095,stop,-1.055620961237527514852865540,-1.061102031416142362874623413,4
unselected_two_slot,ARCC,2025-02-28,2025-03-03,2025-03-04,23.5487250000,22.90454470938585033440716465,22.84728334761238570857114674,1552,0.64418029061414966559283535,15.520,0.1261665424791479728872595847,-1.286481458800777407030133703,stop,-1.088890272813023656022514331,-1.104413877222693165691936235,1
unselected_two_slot,SSYS,2017-12-29,2018-01-02,2018-01-31,20.3808250000,18.81871184670864618834553026,21.3365240025,640,1.56211315329135381165446974,6.400,2.444877947511703392566280130,-0.2117810731591073012998437857,time,0.6117988319132667070989815172,0.6053972469967514603741218089,29
unselected_two_slot,SKYW,2021-10-22,2021-10-25,2021-10-29,46.7565989975,43.45791242382400823351996349,43.34926764276444821293616358,303,3.29868657367599176648003651,3.030,0.3344973758056651016192776743,-1.332832901611660918600653192,stop,-1.032935769626178337584611766,-1.035967279221482566712284367,4
unselected_two_slot,BZH,2018-09-18,2018-09-19,2018-09-21,12.0801250000,11.30173255854704170265867174,11.27347822715067409840202506,1284,0.77839244145295829734132826,12.840,0.2053912544443199790760831675,-1.361941539438841080957201989,stop,-1.036298311612106190574456126,-1.049145301725902592705876496,2
unselected_two_slot,TSLA,2024-08-07,2024-08-08,2024-09-06,196.1892469925,168.8889284545897632143870545,210.2031710100,36,27.3003185379102367856129455,0.360,1.421622716731526270981105240,-0.1519855523567679887017710761,time,0.5133245605922049722635576467,0.5129582644998676748651464042,29
unselected_two_slot,VCR,2020-01-27,2020-01-28,2020-02-26,190.6855320175,186.9894381083903382883936943,186.5219645131193624426727101,270,3.6960939091096617116063057,2.700,3.886392320037183223585437609,-1.292047262578985485866167303,stop,-1.126477737516031841858941005,-1.129183296477981719029494465,29
unselected_two_slot,MP,2023-06-27,2023-06-28,2023-07-27,21.8043750000,19.98108956191507569174269457,23.2716750000,548,1.82328543808492430825730543,5.480,2.591269529889119987402616138,-0.05176150592149038482874177938,time,0.8047560570335979662118845139,0.7992714522695170150348117645,29
unselected_two_slot,TDG,2018-04-26,2018-04-27,2018-05-01,324.8701479950,311.1949880728515497362046489,310.4170006026694208618641373,73,13.6751599221484502637953511,0.730,0.1586717096803868106779926850,-1.006215874134961870323756431,stop,-1.056890557376377821645084507,-1.057621810250708298913042012,4
unselected_two_slot,EWH,2023-12-15,2023-12-18,2023-12-20,17.3733250000,16.84335907679126014347325550,16.7679740025,1886,0.52996592320873985652674450,18.860,0.05033342490870570201936758088,-1.553545169498970227583798796,stop_gap,-1.142245134998175938195386294,-1.161114272733398319458504413,2
unselected_two_slot,BDX,2020-02-25,2020-02-26,2020-02-28,190.1889626900,179.8288789166233120168837407,179.3793067193317537368415313,96,10.3600837733766879831162593,0.960,0.1807609234601417476699748194,-1.210319816353485684256364568,stop,-1.043394648839314171952390237,-1.044359891999383781603877426,2
unselected_two_slot,FIGS,2026-01-14,2026-01-15,2026-01-20,12.3808750000,11.48507898714095376638940560,11.3814750000,1116,0.89579601285904623361059440,11.160,0.1329822842365612915785658840,-1.178700267519657114338033601,stop_gap,-1.115655780617161425423871937,-1.126819036376788816112523847,5
unselected_two_slot,SBSW,2020-03-24,2020-03-25,2020-04-23,5.6942000000,3.428241775242100562196527850,7.5710250000,441,2.265958224757899437803472150,4.410,1.092606197655969837975243752,-0.5932148198114365684652729025,time,0.8282699034314829918240111704,0.8238567594066992054197166242,29
unselected_two_slot,AAUC,2026-05-11,2026-05-12,2026-05-15,29.8344000000,28.36107421449690656526824105,28.29017152896066429885507045,678,1.47332578550309343473175895,6.780,0.08524862677069890251853788939,-1.102540263656160223807637529,stop,-1.048124241246501551312093781,-1.054911606334655032033957641,3
unselected_two_slot,LEU,2025-06-25,2025-06-26,2025-07-25,163.8686570175,137.7189351469907426692952390,240.3975000000,38,26.1497218705092573307047610,0.380,3.327429194596075537160231747,-0.4921144890650948666819442731,time,2.926564319171843859717608178,2.926181905926704237387408837,29
unselected_two_slot,MMS,2021-06-30,2021-07-01,2021-07-19,88.5508270050,84.70755099341086018979050108,84.49578211592733303931602483,260,3.84327601158913981020949892,2.600,0.2729887189565088662388625219,-1.014973942344324237565064624,stop,-1.055101136854327498667331630,-1.057703083727215543635052668,18
unselected_two_slot,CVNA,2018-10-16,2018-10-17,2018-10-29,9.1147300000,7.598593345416993594413305836,7.579596862053451110427272571,659,1.516136654583006405586694164,6.590,0,-1.129667299331315241922791602,stop,-1.012529532417885654736898003,-1.019125243938856941757752379,12
unselected_two_slot,KN,2018-02-28,2018-03-01,2018-03-19,14.4761000000,13.60585888455721957656195581,13.57184423734582652762055092,1149,0.87024111544278042343804419,11.490,0.4756153124176474362212780434,-1.225062779822309571769762073,stop,-1.039086463059248043316518744,-1.050577531250058563640782528,18
unselected_two_slot,NTRA,2022-12-02,2022-12-05,2022-12-16,41.7140260025,36.41459093397254381192397679,36.32355445663761245239416685,188,5.29943506852745618807602321,1.880,0.3973959432029012362344359020,-1.042380353956285144161498767,stop,-1.017178524910246233111103090,-1.019065518499315469642521545,11
unselected_two_slot,QCMU,2026-07-09,2026-07-10,2026-07-29,25.4635000000,17.00823359682081140569724936,16.96571301282875937718300624,118,8.45526640317918859430275064,1.180,0.04098025815836104592415400627,-1.051829661648039278400409972,stop,-1.005028887555342342206540968,-1.006211582401744815111921763,19
unselected_two_slot,LRN,2023-08-23,2023-08-24,2023-09-22,41.4233000000,39.29742803869186415688529931,44.8974730050,470,2.12587196130813584311470069,4.700,1.828285555640121493120536126,-0.3073091944813072504048153566,time,1.634234360409081014032121283,1.629530408251093760849742355,29
unselected_two_slot,IART,2024-12-30,2024-12-31,2025-01-31,22.7467260025,21.11908061561772654736306099,26.0347500000,614,1.62764538688227345263693901,6.140,2.693014727179661355700900698,-0.9134213229011743813168530990,time,2.020110783343387233655401571,2.013966938940550306873952795,31
unselected_two_slot,PPL,2022-01-19,2022-01-20,2022-01-24,30.0148510025,29.20824195312251771315628471,29.13522134823971141887339400,1239,0.80660904937748228684371529,12.390,0.2543338655304293155999190486,-1.369747839244665420611573115,stop,-1.090527877091338736289512392,-1.102925456820598794779721103,4
unselected_two_slot,MOAT,2025-01-30,2025-01-31,2025-02-03,96.1798520050,93.96440726290266494953072181,93.72949624474540828715689501,451,2.21544474209733505046927819,4.510,0.2257551206294208325327020670,-1.196081741353393378086784759,stop,-1.106033345672557470323654770,-1.110547112055434219285383629,3
unselected_two_slot,TXT,2019-04-10,2019-04-11,2019-05-10,50.6864010025,48.84775569190760133262189408,51.3612769950,543,1.83864531059239866737810592,5.430,3.977710630411696709099584449,-0.3678811778450448827953159860,time,0.3670506696490361550154932235,0.3616118827648066622169996807,29
unselected_two_slot,FLOT,2024-12-30,2024-12-31,2024-12-31,51.0072010025,50.91625020311030061281297761,50.7528009975,10994,0.09095079938969938718702239,109.940,0,-1.398558378304985061530591853,stop_gap,-2.797116756609970123061183707,-2.907066312491856608207329192,0
unselected_two_slot,UE,2025-04-28,2025-04-29,2025-05-28,18.4760750000,17.33428048116910204048170070,17.9450250000,875,1.14179451883089795951829930,8.750,0.6953308908970002442800669532,-0.8898939198275157227787427144,time,-0.4651011992453342314764361312,-0.4738593425321308463239351639,29
unselected_two_slot,IMVT,2025-06-25,2025-06-26,2025-07-25,15.8094250000,14.27074693726874442107915208,16.9076259975,649,1.53867806273125557892084792,6.490,2.112575774447590180201171156,-0.3245805682791678410480640972,time,0.7137301974336466566729848064,0.7072311121199525516312255012,29
unselected_two_slot,LYB,2021-06-02,2021-06-03,2021-06-10,116.4303489975,110.5644747737545645053140041,110.2880635868201780940507191,170,5.8658742237454354946859959,1.700,0.2709993330687185240886718617,-1.045086506063148402314994185,stop,-1.047121908242671855918834419,-1.048826683970647637929032440,7
unselected_two_slot,BRO,2023-07-26,2023-07-27,2023-08-24,71.9594489975,69.71100894754571449978247808,72.1192529925,444,2.24844004995428550021752192,4.440,0.6540316707709857466162791412,-0.9915523420539179238179552360,time,0.07107327366955995965011702395,0.06662574570446997803544481103,28
unselected_two_slot,ERX,2017-11-01,2017-11-02,2017-11-15,301.6522439850,283.9592126910611054979271053,283.2493146593334527341822875,56,17.6930312939388945020728947,0.560,1.291342090308005086910716659,-1.263336712271413722784824285,stop,-1.040123030357768184338190974,-1.040688224633066035765685184,13
unselected_two_slot,VIV,2018-04-26,2018-04-27,2018-05-03,14.4159500000,13.75348900299307670892165975,13.71910528048559401714935560,1509,0.66246099700692329107834025,15.090,0.08158970904582195454939165886,-1.186409469464639503757527739,stop,-1.051903014159071091844879866,-1.066998242474671823491390812,6
unselected_two_slot,CPF,2024-10-03,2024-10-04,2024-10-30,28.5111010025,26.75271664882804367087389935,26.68583485720597356169671460,568,1.75838435367195632912610065,5.680,1.017353227560472417251926278,-1.018606653749915853648855517,stop,-1.038035934227010050310156091,-1.043722973001620073413230901,26
unselected_two_slot,BIV,2022-09-08,2022-09-09,2022-09-15,76.6010290100,75.54169140593543337682730158,75.35283717742059479338523333,943,1.05933760406456662317269842,9.430,0.04622982306310642063730977035,-1.067674748503560010357533843,stop,-1.178275771378477298810825535,-1.187715632629159852732346311,6
unselected_two_slot,MANH,2020-05-20,2020-05-21,2020-06-19,75.3679500000,67.09454057726506515592697541,88.3086740025,120,8.27340942273493484407302459,1.200,2.375326300907714214583666323,-0.1024913619855274614089241497,time,1.564134366049806153734177734,1.562925674506931401697108178,29
unselected_two_slot,SVAL,2026-01-14,2026-01-15,2026-02-13,36.5010250000,35.69191817999424031964381080,37.9149730050,1235,0.80910682000575968035618920,12.350,2.470594673748727225398376682,-0.5945135896847041676845654115,time,1.747541820238191438933063215,1.735182512724346957509341674,29
unselected_two_slot,KFRC,2022-02-16,2022-02-17,2022-03-11,71.9093280075,66.93652140425609413050588618,66.76918010074545389517962146,201,4.97280660324390586949411382,2.010,0.7803788287218981202848493956,-1.007343821541797234724940402,stop,-1.033651279219561575780957100,-1.035662216060233543634957748,22
unselected_two_slot,CBSH,2024-11-29,2024-12-02,2024-12-10,67.1243092925,64.30945821939530252976514095,64.14868457384681427344072810,355,2.81485107310469747023485905,3.550,0,-1.042269809771522853001308244,stop,-1.057116217296412659222804269,-1.060668803113668808337781281,8
unselected_two_slot,EOG,2024-08-07,2024-08-08,2024-09-06,123.7486020050,117.5791479311218008861907800,120.0491230050,162,6.1694540738781991138092200,1.620,1.204545962415849692194301027,-0.6189529834038584694858719046,time,-0.5996444670305259861285606558,-0.6012653559909188576278408535,29
unselected_two_slot,LASR,2025-09-19,2025-09-22,2025-09-25,31.3481750000,28.54258755623208934447851337,28.47123108734150912111731709,356,2.80558744376791065552148663,3.560,0.3178753176918535831988138459,-1.220128072501873773187157134,stop,-1.025433699829632939461614965,-1.028998015752921352833253342,3
unselected_two_slot,MRK,2017-12-29,2018-01-02,2018-01-31,54.1330882325,52.74502246957837345478209425,56.3949183525,720,1.38806576292162654521790575,7.200,4.845369684317866402023213502,-0.5303367118216028791304716752,time,1.629483400872346308015985545,1.622279131256941476869710132,29
unselected_two_slot,AGX,2024-12-30,2024-12-31,2025-01-31,139.6181790100,124.8115109707476154241764872,136.4580029925,67,14.8066680392523845758235128,0.670,3.501248751749390038373989005,-0.8724570562231813466228059682,time,-0.2134292474932505475010524363,-0.2141046188849431323825243192,31
unselected_two_slot,FHN,2017-09-06,2017-09-07,2017-09-07,16.5813510025,15.89211125148965115254168514,15.85238097336092702466033093,1450,0.68923975101034884745831486,14.500,0,-1.075606857284800900447255477,stop,-1.057643625560603487005617157,-1.072152365059944771034531052,0
unselected_two_slot,BAR,2022-04-14,2022-04-18,2022-04-19,19.8194250000,19.37572882877221391127500548,19.32728950670028337649681797,2253,0.44369617122778608872499452,22.530,0,-1.238291055069606457934809512,stop,-1.109172278719219797845723302,-1.131710223935939212832933741,1
unselected_two_slot,DIN,2026-01-14,2026-01-15,2026-01-21,38.5862270050,35.85022626413024075829687748,35.76060069846991515640113529,365,2.73600074086975924170312252,3.650,0.3997707232536405377170346661,-1.193796096693191980712688628,stop,-1.032757873315426858708053410,-1.036412843085947116777846353,6
unselected_two_slot,IRT,2026-07-09,2026-07-10,2026-08-07,16.8019000000,16.06028726517003815522373238,17.2168500000,1348,0.74161273482996184477626762,13.480,0.7390649786045937379330363850,-0.7037352185162540909204775704,time,0.5595238330085316029106247910,0.5460397064147605075277925271,28
unselected_two_slot,HYD,2023-04-28,2023-05-01,2023-05-18,51.4783729950,50.83769322732597622096302985,50.71059899425766128041062228,1560,0.64067976767402377903697015,15.600,0.2990963889739972412886183876,-1.433433739189443724250521686,stop,-1.198374038764683076500852684,-1.213982460482610611129677267,17
unselected_two_slot,AORT,2019-03-13,2019-03-14,2019-03-27,29.3832739975,27.43714497444797915642545374,27.36855211201185920853439011,513,1.94612902305202084357454626,5.130,0.4556357733719988012873121004,-1.085885864949413120837906395,stop,-1.035245793893227618732390354,-1.040384199354298991806141083,13
unselected_two_slot,CME,2024-04-12,2024-04-15,2024-05-03,211.5675929825,204.6641908777079563422414882,204.1525304005136864513858845,144,6.9034021047920436577585118,1.440,0.8521021850105890729670572996,-1.272936712812952283141195537,stop,-1.074117148244790388304052071,-1.075565709381488253808947336,18
unselected_two_slot,CRNC,2021-09-24,2021-09-27,2021-10-01,102.7662770050,93.90318448566226291386571548,93.66842652444810725658105119,112,8.86309251933773708613428452,1.120,0.1064777325680581131327665028,-1.325302650217364400804755094,stop,-1.026487138738758997741542282,-1.027615413094259826278793515,4
unselected_two_slot,AI,2024-07-10,2024-07-11,2024-07-23,30.2955489975,27.65167839461624192127301678,27.58254919862970131646983424,378,2.64387060288375807872698322,3.780,0.4608587883124819898718006349,-1.011981446664481358376420615,stop,-1.026146966463161653611503009,-1.029929299830419743169944655,12
unselected_two_slot,CHH,2018-08-20,2018-08-21,2018-09-19,76.8917469925,73.94578425834261252211634605,82.1441230050,339,2.94596273415738747788365395,3.390,1.869763980254654016580651648,-0.4215073660309445104986883010,time,1.782906467756897581901756568,1.779511991688326324824601990,29
unselected_two_slot,VNQ,2023-03-02,2023-03-03,2023-03-10,86.5257729950,83.19936933268781367601953526,82.99137090935609414182948642,300,3.32640366231218632398046474,3.000,0.2658219190347362094333555886,-1.847573721924074995643032590,stop,-1.062529519699704645555652347,-1.065535769396125731914565487,7
unselected_two_slot,TD,2022-12-02,2022-12-05,2022-12-06,68.4707530075,65.96961176814358070532046503,65.80468773872322175355716387,399,2.50114123935641929467953497,3.990,0.07166688137376976842085449175,-1.175764871341971709358281571,stop,-1.065939510662259260714042802,-1.069937685512462101793936431,1
unselected_two_slot,CODI,2026-06-09,2026-06-10,2026-06-11,10.6666000000,9.686479711035416131742300247,9.662263511757827591412944496,1020,0.980120288964583868257699753,10.200,0.4523934510818212702694777542,-1.088233772945129830558017530,stop,-1.024707374748022974523322122,-1.034910204046214703667875070,1
unselected_two_slot,OMF,2024-02-14,2024-02-15,2024-03-15,47.1074770050,44.42838769247342772985131930,48.1094250000,373,2.67908931252657227014868070,3.730,0.8221166740137016218433266787,-0.4507035280064123596091760129,time,0.3739882766562536098655167522,0.3702556649985372469532328991,29
unselected_two_slot,GO,2024-12-30,2024-12-31,2025-01-31,15.1878750000,13.50900491896500863333214930,16.1495259975,595,1.67887008103499136666785070,5.950,1.222325076360229195760961693,-0.2483068849157193377512826489,time,0.5727965542796262778496200689,0.5668401672351712412618831537,31
unselected_two_slot,FANG,2021-08-26,2021-08-27,2021-09-27,74.3854969925,67.52040272280551198468090559,95.2413029925,145,6.86509426969448801531909441,1.450,3.107678229806658276775254768,-0.1639445793874126995529698297,time,3.037948960448598445286308540,3.036492316212241145815222979,31
unselected_two_slot,BUFD,2025-01-30,2025-01-31,2025-02-03,26.0449500000,25.70233877733309732132833158,25.63808293038976457802501075,2918,0.34261122266690267867166842,29.180,0,-1.324971191738644109756292397,stop,-1.187547408526673636448932417,-1.216735010503513467041647306,3
unselected_two_slot,SAM,2018-10-16,2018-10-17,2018-11-14,271.3065800125,251.3048277561189383219305538,312.8858379675,49,20.0017522563810616780694462,0.490,2.680935765034925054047194620,-0.5557802071542773068143738667,time,2.078780769906555146539302920,2.078280813709127006278847590,28
unselected_two_slot,MGA,2023-03-02,2023-03-03,2023-03-10,56.8918750000,53.13306322266144859339038718,53.00023056460479497190691121,266,3.75881177733855140660961282,2.660,0.1990320463797507732289266153,-1.184383859505776252759303143,stop,-1.035339002303197676861367365,-1.037999417506823690372883192,7
unselected_two_slot,TFI,2024-02-14,2024-02-15,2024-03-15,46.7766500000,46.38169080149551865062124322,46.5034490025,2531,0.39495919850448134937875678,25.310,0.2363509961369866123279895428,-0.5991732839647103324171270963,time,-0.6917195460555912664533368355,-0.7170386170833458875342257087,29
unselected_two_slot,EMN,2021-02-05,2021-02-08,2021-03-09,105.7637500000,100.3997877131935498867294050,114.0441769950,186,5.3639622868064501132705950,1.860,2.434068194721279110175062065,-0.2878001218981545164234479187,time,1.543714618457903000082195355,1.541850324962664107513368117,29
unselected_two_slot,FLO,2018-07-23,2018-07-24,2018-08-09,20.3307010025,19.52398922105475156628302689,19.4013759975,1239,0.80671178144524843371697311,12.390,1.734571168643544210234909560,-1.562765081032306500309789040,stop_gap,-1.151991363427327522539926909,-1.164387364365958540248741566,16
unselected_two_slot,DPST,2020-07-17,2020-07-20,2020-08-17,100.8314520050,66.83144390666643454744607978,126.7822480050,29,34.00000809833356545255392022,0.290,1.463780651200471174212561000,-0.1597484915089243877313331678,time,0.7632585240846433908104673508,0.7629644065076393392234522676,28
unselected_two_slot,FCEL,2021-06-02,2021-06-03,2021-06-21,306.7650000000,257.0632471583394531935269474,256.4205890404436045605431300,20,49.7017528416605468064730526,0.200,1.445321379888781729298432080,-1.047548628030650688638740479,stop,-1.012930290807715047980515013,-1.013131490955159704939170857,18
unselected_two_slot,NAMS,2025-12-15,2025-12-16,2026-01-15,35.3782260025,31.24980878452976649419664972,31.17168426256844207796115810,242,4.12841721797023350580335028,2.420,0.4194767403744720919236284090,-1.067776527845055597241581564,stop,-1.018923601427991066359218355,-1.021345837232180588918274866,30
unselected_two_slot,KHC,2018-04-26,2018-04-27,2018-05-02,57.5735750000,54.87918208275195251284030839,54.74198412754507263155820762,371,2.69439291724804748715969161,3.710,0.2547597997329531548226433733,-1.285474727100145959942604195,stop,-1.050919802501191533612175254,-1.054631213682532385460418151,5
unselected_two_slot,ACWV,2025-10-17,2025-10-20,2025-10-29,120.5907260025,119.0207322347040859665773280,118.7231804041173257516608847,636,1.5699937677959140334226720,6.360,0.3180076301837275156527955700,-1.471806480954372201227966113,stop,-1.189524211299569595979008823,-1.195893663335063227171073304,9
unselected_two_slot,MCD,2021-05-04,2021-05-05,2021-05-12,234.7052949875,228.9180395524450966626600310,228.3457444535639839210033809,172,5.7872554350549033373399690,1.720,0.5554797172123615293127940413,-1.232931234429314240303468298,stop,-1.098888861102375622574603195,-1.100616795891537927903773300,7
unselected_two_slot,IBEX,2025-09-19,2025-09-22,2025-10-03,41.1325739975,37.39829622684904141656755995,37.30480048628191881302614105,267,3.73427777065095858343244005,2.670,0.3099466814163204434911777472,-1.037034799054311724710682173,stop,-1.025037168177991334589744216,-1.027715062168254625025558787,11
unselected_two_slot,TAN,2021-06-02,2021-06-03,2021-07-01,77.0621780075,71.19675040221114911624585223,88.0992000000,170,5.86542760528885088375414777,1.700,2.800788126288874359828252455,-0.3720412482002726136561624167,time,1.881707990487842187591086174,1.880003084951034775827118824,28
unselected_two_slot,BIDU,2023-03-02,2023-03-03,2023-03-09,152.2195959900,137.1205538099277084198421459,136.7777524254028891487925405,66,15.0990421800722915801578541,0.660,0.1616266767716464351343718775,-1.380855867633596858218626598,stop,-1.022703518570022167976818998,-1.023365812236119610572634654,6
unselected_two_slot,LGND,2021-07-29,2021-07-30,2021-08-03,74.3588575600,68.58797160146642905526218834,68.41650167246276298262403287,173,5.77088595853357094473781166,1.730,0.07921027088120733591751497725,-1.134748045110222123285832199,stop,-1.029712929736569941874371316,-1.031445765920104762813294376,4
unselected_two_slot,QRVO,2025-10-17,2025-10-20,2025-11-07,90.5558270050,84.33096448929963448112376324,84.12013707807638539492095383,160,6.22486251570036551887623676,1.600,2.529240759179820533487573421,-1.004973843072283657165982295,stop,-1.033868605240918912555233970,-1.035475066423760778096440131,18
unselected_two_slot,YPF,2024-01-17,2024-01-18,2024-02-15,15.0475250000,13.66701092384428790441890178,16.9575000000,724,1.38051407615571209558109822,7.240,1.993803647163638667544388924,-0.1068623656564297408184367867,time,1.383524465986371084356507722,1.376280787582274847053105805,28
unselected_two_slot,MEOH,2024-05-10,2024-05-13,2024-06-11,51.0472979950,48.10355222731839205968061148,50.7428240025,339,2.94374576768160794031938852,3.390,1.828521356733611338457268792,-0.4339022781868678817416227784,time,-0.1034308043319220312593458199,-0.1068278368167876156740588703,29
unselected_two_slot,JCPB,2026-01-14,2026-01-15,2026-01-16,47.7390489975,47.51311866338497033530299954,47.39433586672650790946474204,4426,0.22593033411502966469700046,44.260,0,-1.367895102313492286698473362,stop,-1.525749661388920084428009979,-1.570011092857031942215171167,1
unselected_two_slot,SJNK,2024-02-14,2024-02-15,2024-03-15,25.1627500000,24.95729055599820389884154245,25.0472259975,4867,0.20545944400179610115845755,48.670,0.4246580166898401187354283532,-0.7434557254942473138892456270,time,-0.5622715619681619667781309102,-0.6109429678924989431374923261,29
unselected_two_slot,LMBS,2021-07-29,2021-07-30,2021-08-05,50.9470500000,50.77992370841824029768661615,50.65297389914719469694239961,5983,0.16712629158175970231338385,59.830,0,-1.119225456567331656787788163,stop,-1.759604057922511845435364000,-1.819439048009083047923858545,6
unselected_two_slot,YPF,2025-10-17,2025-10-20,2025-11-17,26.1853010025,23.00230018567459122474097245,38.3838000000,314,3.18300081682540877525902755,3.140,4.277315269770721429115025335,-0.6865537045885923981321347376,time,3.832389527837529795189377565,3.829247838414410645734211675,28
unselected_two_slot,SPLB,2026-03-13,2026-03-16,2026-03-20,22.2454760025,21.88215245361174226299706892,21.82744707247771290733957625,2752,0.36332354888825773700293108,27.520,0.3427385807527119158183486715,-1.060968945391852568652793940,stop,-1.150569323957733091103512674,-1.178093000940959845700986059,4
unselected_two_slot,SPYG,2022-07-13,2022-07-14,2022-08-11,52.5911489975,49.77131370445136480609489792,60.1692000000,354,2.81983529304863519390510208,3.540,3.077786501890666015109713583,-0.2592874836705540528017345495,time,2.687409091297339591721472829,2.683862784878432193253193026,28
unselected_two_slot,LULU,2026-05-11,2026-05-12,2026-06-05,126.5756520050,115.7388381552944433500861532,110.1539250000,92,10.8368138497055566499138468,0.920,0.8825792458601537747986299806,-1.588626624371494629421543472,stop_gap,-1.515364869485710424819582823,-1.516287649939327952499838876,24
unselected_two_slot,BDC,2018-11-13,2018-11-14,2018-12-04,55.1575500000,50.29617231564652598671834567,50.17043188485740967175154981,205,4.86137768435347401328165433,2.050,0.4036816572216175550563714905,-1.048581149415041790212154015,stop,-1.025865184512163413385391879,-1.027922214566048215258237346,20
unselected_two_slot,EPD,2024-05-10,2024-05-13,2024-05-24,28.8719989975,28.06096355918711316734549753,27.99081115028914538442713379,1232,0.81103543831288683265450247,12.320,0.2318024510631458563778590206,-1.001189293514867414541427380,stop,-1.086497341033455438046308327,-1.098827258479235570755501192,11
unselected_two_slot,TALO,2020-12-08,2020-12-09,2021-01-08,8.5713750000,7.171770875397403491486666742,9.3166500000,714,1.399604124602596508513333258,7.140,0.9778657950072898514365854116,-0.6440213944467592582618702533,time,0.5324898568812187005420777734,0.5253449793946369864024369996,30
unselected_two_slot,BBVA,2022-05-13,2022-05-16,2022-06-10,5.0626250000,4.697272866679830592636481459,4.6084500000,2737,0.365352133320169407363518541,27.370,1.169761884558309204299988449,-1.539952688621512058658744664,stop_gap,-1.243115774014086183943719810,-1.270486628288629833064515094,25
unselected_two_slot,XLF,2018-11-13,2018-11-14,2018-11-23,27.0073510025,25.99729969145745111105235825,25.93230644222880748327472735,990,1.01005131104254888894764175,9.900,0,-1.066629972875324627677159344,stop,-1.064346482716367422674788086,-1.074246969840806930751239330,9
unselected_two_slot,BSAC,2024-05-10,2024-05-13,2024-06-11,19.0876010025,18.29914083484732348812066567,18.4836759975,1268,0.78846016765267651187933433,12.680,1.448898808548609633909851057,-0.9481785297102347398481174216,time,-0.7659549965573329522306894085,-0.7786379454370093774886680777,29
unselected_two_slot,CNQ,2019-01-14,2019-01-15,2019-01-23,13.5352226725,12.54328827211864257296768344,12.51193005143834596653526423,1008,0.99193440038135742703231656,10.080,0.2621910555778804461806470286,-1.139911744229544000265240299,stop,-1.031613200094926315474047805,-1.041694511919735916654710702,8
unselected_two_slot,ANAB,2022-12-02,2022-12-05,2023-01-04,18.4526846700,16.55057756005542608698521136,19.4113490025,525,1.90210710994457391301478864,5.250,1.666913662970530877033860589,-0.4342645404569617450165361085,time,0.5040012349924578202598411604,0.4987439075014253131100057809,30
unselected_two_slot,IAGG,2020-08-14,2020-08-17,2020-08-25,55.7590489975,55.48351547274235299376281350,55.34480668406049711127840647,3629,0.27553352475764700623718650,36.290,0.07603431385863895724610110973,-1.121634827456410461640549334,stop,-1.503418917185707126496483632,-1.539712141426916146517412559,8
unselected_two_slot,ASB,2024-04-12,2024-04-15,2024-05-13,20.4209260025,19.39445845743598117035159269,22.0846490025,974,1.02646754506401882964840731,9.740,2.093659958207413503554881540,-0.6341418251654541912689530738,time,1.620823773728020557084069498,1.611081624501688886745412946,28
unselected_two_slot,EWBC,2022-11-03,2022-11-04,2022-12-05,69.5835290100,64.17646295829831486147970172,64.01602180090256907432600247,184,5.40706605170168513852029828,1.840,1.047975174672903472248301178,-1.234223689185328130124031189,stop,-1.029672498146245603571915310,-1.031521929964607217512249453,31
unselected_two_slot,PAR,2021-03-08,2021-03-09,2021-03-30,69.9143479950,60.08634577812590414655591163,59.93612991368058938618952185,101,9.82800221687409585344408837,1.010,1.083195726871332148941938464,-1.008785689728239333925157441,stop,-1.015284476044114341623604283,-1.016301976832100591176190375,21
unselected_two_slot,LABU,2018-11-13,2018-11-14,2018-12-14,925.9089759400,668.0587194340190479016446656,830.5184760600,3,257.8502565059809520983553344,0.030,0.9222056952054431325033247153,-0.5736235361727056692210885932,time,-0.3699453363847531199336729796,-0.3699841185839081866866299800,30
unselected_two_slot,JEPI,2024-01-17,2024-01-18,2024-02-15,55.0973989975,54.54305943365474406945126734,56.2091230050,1803,0.55433956384525593054873266,18.030,2.295704808930518090158819171,-0.5563340912576274300632058103,time,2.005492806229392852953894883,1.987453321674775165137578702,28
unselected_two_slot,WYNN,2019-09-03,2019-09-04,2019-10-02,109.3226280075,100.4801148179151243449469341,110.9120269950,113,8.8425131895848756550530659,1.130,1.233515264115999833300582143,-0.2909385547233518660942296184,time,0.1797451644598131036153714637,0.1786142642524174882735983115,28
unselected_two_slot,CBZ,2024-06-10,2024-06-11,2024-07-11,74.1850000000,71.07645736513806012717419281,75.2414250000,321,3.10854263486193987282580719,3.210,0.9956430918109182092255658883,-0.3779899901717723572781837628,time,0.3398457489861383700547620350,0.3366288074239248823953942424,30
unselected_two_slot,CALX,2026-07-09,2026-07-10,2026-07-21,39.5887270050,36.67603219973991545242390155,35.1020240025,343,2.91269480526008454757609845,3.430,0.5737885726928285089130202983,-1.829484158579456607475984040,stop_gap,-1.540395854175105325248372532,-1.543829100934065732557499681,11
unselected_two_slot,AXTI,2026-01-14,2026-01-15,2026-01-22,23.0374500000,18.07019124463694307917495911,18.02501576652535072147702171,201,4.96725875536305692082504089,2.010,0.7292855432765204993344079104,-1.074526064147001714994116345,stop,-1.009094649652148125752157635,-1.011107832474404603921774087,7
unselected_two_slot,PPLT,2023-05-26,2023-05-30,2023-06-13,9.5047025000,9.114370787548256636336971003,9.091584860579385994746128575,2561,0.390331712451743363663028997,25.610,0.4209176317445948465765973218,-1.246894588561442951450547683,stop,-1.058375802534075838033806070,-1.083995037869038016190905071,14
unselected_two_slot,CFG,2026-07-09,2026-07-10,2026-08-07,70.4055780075,67.03124746992774296685437010,72.4883230050,296,3.37433053757225703314562990,2.960,1.272672888646446193892328246,-0.2565181442250646021515531615,time,0.6172320625703967930842653350,0.6142685117597537018957375117,28
unselected_two_slot,ALLY,2022-11-03,2022-11-04,2022-12-05,25.7542260025,23.14482277951312466149381088,25.0372500000,383,2.60940322298687533850618912,3.830,1.581117460557666993979861906,-0.3541905652442924997771158482,time,-0.2747662745964218556282489594,-0.2785985684756918505208360228,31
unselected_two_slot,HWM,2021-02-05,2021-02-08,2021-03-09,27.4183750000,25.18449133188474490343564538,29.6856000000,447,2.23388366811525509656435462,4.470,1.657036153150754911270510722,-0.07537321768508173386105788181,time,1.014925276710078301726128915,1.010448767864639149009807734,29
unselected_two_slot,LEN,2026-03-13,2026-03-16,2026-03-30,96.0695770050,88.13149832613868461819947618,87.91116958032333790665397749,125,7.93807867886131538180052382,1.250,0.1990941459434747554756406548,-1.431023609686555106383799565,stop,-1.027755928698725364689705830,-1.029015679377013483990651464,14
unselected_two_slot,PPC,2022-09-08,2022-09-09,2022-09-14,27.4985750000,25.93610730528617264413215798,25.87126703702295721252182759,640,1.56246769471382735586784202,6.400,0.6025250974372473027607800778,-1.042308910136078235407068271,stop,-1.041498629688526906917046631,-1.047898762013714944030540204,5
unselected_two_slot,SAIC,2019-06-07,2019-06-10,2019-07-09,86.8565989975,82.32594134995651984862399536,88.5181480050,220,4.53065764754348015137600464,2.200,0.4245299804417723601983412605,-0.6856838982712357677224115845,time,0.3667346192888555310420856800,0.3645274342005224953338862294,29
unselected_two_slot,LEVI,2023-03-30,2023-03-31,2023-04-06,18.1653010025,17.10023523515543906032157734,16.1794490025,938,1.06506576734456093967842266,9.380,0.2851457692206061729632338166,-2.939068270220079165340343976,stop_gap,-1.864534623952057035655456193,-1.873923715505466136815338481,6
unselected_two_slot,WINA,2023-09-21,2023-09-22,2023-10-20,369.2708810150,350.7552415337452084459155369,407.0996950125,54,18.5156394812547915540844631,0.540,2.708474208291369769043504098,-0.2366035490934667877283117876,time,2.043073588454659656012812841,2.042533504488879052727851815,28
unselected_two_slot,ALV,2025-10-17,2025-10-20,2025-11-17,118.2649260025,112.4759763952867309525996477,116.8272029925,172,5.7889496072132690474003523,1.720,1.239443506048067946872797118,-0.6503642729604603087785179141,time,-0.2483564562746474872111593908,-0.2500838853729314987274747581,28
unselected_two_slot,QDEL,2020-11-09,2020-11-10,2020-11-24,211.4773719925,166.8323022288576670033888999,166.4152214732855228358804277,22,44.6450697636423329966111001,0.220,0.2256157524408856988272588304,-1.007891268413798629845845854,stop,-1.009342145902789086855434859,-1.009566134801293255254881967,14
unselected_two_slot,APD,2020-07-17,2020-07-20,2020-08-03,294.1936409775,280.5728770380542371050536317,279.8714448454591015122909976,73,13.6207639394457628949463683,0.730,0.4130727209951881912624204553,-1.164666978153759975839027810,stop,-1.051497272525499571355564136,-1.052231445736668731815676062,14
unselected_two_slot,TNL,2017-09-06,2017-09-07,2017-10-05,44.2865111775,42.73501174694404571054045803,48.1051706625,644,1.55149943055595428945954197,6.440,2.626275422505254103481064814,-0.5309432677038236571317292336,time,2.461270310380743235867258790,2.454824932571989116917930008,28
unselected_two_slot,CMCSA,2018-07-23,2018-07-24,2018-08-21,32.1044289200,30.64406630943358196965881865,33.4120455375,684,1.46036261056641803034118135,6.840,1.177363805098461068187120426,-0.9276216127408098959815469146,time,0.8954054342659637236030595831,0.8885578198942691567618496473,28
unselected_two_slot,TDG,2022-10-06,2022-10-07,2022-10-13,541.4402520675,507.5747238856420733152549677,498.3809299875,29,33.8655281818579266847450323,0.290,0.06200186576817787222491572492,-1.234596042411591026539923152,stop_gap,-1.271479418504013554093556636,-1.271774704021082710318900897,6
unselected_two_slot,SNPE,2023-05-26,2023-05-30,2023-06-28,38.8669250000,38.06168899158182173746004911,39.8700759975,1241,0.80523600841817826253995089,12.410,2.487561384562121944057843512,-0.8282341984558277005336963220,time,1.245785070479659627601508939,1.233366351128491762889282414,29
unselected_two_slot,DORM,2024-07-10,2024-07-11,2024-08-08,90.5056989975,86.87640010437772933308333482,105.4756480050,275,3.62929889312227066691666518,2.750,5.217069070387558593789648169,-0.1916901908570807569809384398,time,4.124749558618308078987838584,4.121994205506182050205179861,28
unselected_two_slot,NNI,2019-10-01,2019-10-02,2019-10-30,62.2552479950,59.23299744782811976962116396,61.6554759975,330,3.02225054717188023037883604,3.300,0.06113027431590135282303629335,-0.9513595746357160299120963874,time,-0.1984521098230080014754168275,-0.2017609023416685279945032213,28
unselected_two_slot,SKYY,2025-04-28,2025-04-29,2025-05-28,103.5181520050,95.39709062600055340045084025,115.0915470075,123,8.12106137899944659954915975,1.230,1.706900655971626858405074766,-0.2755985825680030876638746886,time,1.425108672670307699170752949,1.423877306530672383721602614,29
unselected_two_slot,RBA,2021-01-07,2021-01-08,2021-01-11,70.4256250000,66.63458665976873864428363690,66.46800019311931679767292781,263,3.79103834023126135571636310,2.630,0.001154037392228830834806535960,-1.177942716276403411546005018,stop,-1.043942174069191745463155456,-1.046579973822857644514141824,3
unselected_two_slot,AGQ,2026-04-13,2026-04-14,2026-05-12,126.8964520050,101.0556342149295460647799390,153.7147559850,38,25.8408177900704539352200610,0.380,1.065118999661696007609060220,-0.8957321781779760052688380781,time,1.037827215758827615206496578,1.037440231102179380877993565,28
unselected_two_slot,CNI,2021-06-02,2021-06-03,2021-06-17,111.3677209900,106.5107472531676110636474268,106.2444703850346920359883082,205,4.8569737368323889363525732,2.050,0.3134210915031210601162811276,-1.121629081229680415569188162,stop,-1.054823617042364104598119725,-1.056882512260216729691983369,14
unselected_two_slot,IBN,2019-02-12,2019-02-13,2019-03-14,9.6240000000,9.164692403586098646616440598,11.0722500000,2177,0.459307596413901353383559402,21.770,3.474795567199322808510676926,-0.3788310956721066219804873340,time,3.153115714408783995880694146,3.131343812358662925651930506,29
unselected_two_slot,FNDA,2019-09-03,2019-09-04,2019-10-02,18.2003885025,17.62872401316736465000570441,18.2742000000,1749,0.57166448933263534999429559,17.490,2.378336459357861599546205043,-0.1056380160511615433893408493,time,0.1291168139307865656283304143,0.1116240359349483744808969925,28
unselected_two_slot,MLKN,2024-11-29,2024-12-02,2024-12-19,25.1326750000,23.70556830961773645588438132,21.9749259975,700,1.42710669038226354411561868,7.000,0.5797211978442857137142925055,-2.972921386041264044943093238,stop_gap,-2.212693012919845626146839363,-2.219700197503446316006124148,17
unselected_two_slot,CNK,2025-05-27,2025-05-28,2025-06-04,33.7742239975,31.94023056957572878503188412,31.86037999315178946306930441,545,1.83399342792427121496811588,5.450,0.1285577139536704596545522407,-1.403616260726477452827498586,stop,-1.043539183515131162962630219,-1.048991765758742625581565580,7
unselected_two_slot,ORLY,2026-06-09,2026-06-10,2026-06-22,90.6059469925,86.01798176574057440916597683,85.7450990025,217,4.58796522675942559083402317,2.170,0.2798739624290815299922318018,-1.274191216272384751232380333,stop_gap,-1.059477949320317131009091677,-1.061657564793789933706238131,12
unselected_two_slot,PLUS,2017-10-04,2017-10-05,2017-10-19,47.7440625000,45.80566671244302704674634487,45.69115254566191947912947901,515,1.93839578755697295325365513,5.150,0.5834399286563450108706688322,-1.080305948579890720430031023,stop,-1.059076772409536506704774560,-1.064235677553776086795369035,14
unselected_two_slot,TIPX,2022-06-13,2022-06-14,2022-06-14,19.5788260025,19.34991098964749116739577745,19.30153621217337243947728801,4368,0.22891501285250883260422255,43.680,0,-1.305397137463127190000171806,stop,-1.211321996191166613581306001,-1.255006330719470589417470239,0
unselected_two_slot,BIV,2018-04-26,2018-04-27,2018-05-01,80.9518750000,80.52837409884520177256889079,80.2987500000,2361,0.42350090115479822743110921,23.610,0,-1.350358401695506458959882738,stop_gap,-1.542204510590331602209165964,-1.565817211230949119563564678,4
unselected_two_slot,CROX,2018-10-16,2018-10-17,2018-10-19,20.4209260025,18.96267925525879922463518330,18.91527255712065222657359534,685,1.45824674724120077536481670,6.850,0,-1.344715499081208359435843874,stop,-1.032509380341724643886028327,-1.039366930354381009249306779,2
unselected_two_slot,MFC,2026-02-12,2026-02-13,2026-03-02,36.1000229950,34.46683321265848179803705928,34.38066612962683559354196663,612,1.63318978234151820196294072,6.120,0.7286219996392080811907597485,-1.016430553845376963563767176,stop,-1.052759993947615639825578655,-1.058882981066517960051159293,17
unselected_two_slot,LIN,2021-03-08,2021-03-09,2021-04-07,261.8630159775,250.1278209411091575931769317,280.6466309850,85,11.7351950363908424068230683,0.850,2.140313385897055214898974975,-0.3274787479528693380607138975,time,1.600622311708668300932794197,1.599770174188244482003043491,29
unselected_two_slot,ACWI,2019-06-07,2019-06-10,2019-07-09,73.2526750000,71.56178388790623198127560354,73.9746039900,591,1.69089111209376801872439646,5.910,0.9978921693607137656883348667,-0.8295489815799651772978305247,time,0.4269517917721277704573424387,0.4210377503956742806140083673,29
unselected_two_slot,APD,2017-09-06,2017-09-07,2017-10-05,144.8612500000,142.0151151994644899785627996,152.9267230050,351,2.8461348005355100214372004,3.510,3.059854016177103596850822215,-0.3763901132857232631306191289,time,2.833833802770850347470794005,2.830320265745787983695055604,28
unselected_two_slot,AGQ,2020-06-18,2020-06-19,2020-07-20,27.6288989975,24.82305670406178099579549387,34.8825759975,356,2.80584229343821900420450613,3.560,2.644874239673086945105902129,-0.3595704576338529772508259747,time,2.585204812459897624552317147,2.581640820277091721250374812,31
unselected_two_slot,WGO,2022-03-17,2022-03-18,2022-03-28,59.1775739975,53.33846582928841345750750567,53.20511966471519242386373691,171,5.83910816821158654249249433,1.710,0.6066726117158027341517407203,-1.239500072442867351460343327,stop,-1.022836734777266946477027268,-1.024549325075634859660728054,10
unselected_two_slot,AMAT,2026-06-09,2026-06-10,2026-07-10,504.0469840225,450.6124285240655202913214791,600.9937500000,18,53.4345554984344797086785209,0.180,4.409562253856556534549215336,-0.1715552592697916845115288019,time,1.814308457760827386415533183,1.814121312945890299889096192,30
unselected_two_slot,BKNG,2018-04-26,2018-04-27,2018-05-10,86.0553989925,82.13359819766202442424191196,81.7950000000,254,3.92180079483797557575808804,2.540,0.5146110455575496812976168293,-1.064561208207028505339985774,stop_gap,-1.086337428996317289100240295,-1.088887278038411008657189139,13
unselected_two_slot,HLIO,2023-12-15,2023-12-18,2024-01-03,46.1150000000,42.95528399588450817187698276,42.84789578589479690144729030,316,3.15971600411549182812301724,3.160,0.1534941745930001236813752677,-1.128266273094363345671995577,stop,-1.033986665209733858199243196,-1.037151506602749914423833303,16
unselected_two_slot,SHOO,2024-10-03,2024-10-04,2024-10-22,48.6513239975,46.36825740353352030541574436,46.25233676002468650465220500,438,2.28306659396647969458425564,4.380,0.3191658992452055204575386036,-1.375923946240405368967005529,stop,-1.050774096478473445696041865,-1.055154170203185315142718119,18
unselected_two_slot,PTY,2018-05-24,2018-05-25,2018-06-14,18.3457489975,18.02006918921609257492238866,17.97501901624305234348508269,3070,0.32567980828390742507761134,30.700,1.793942969871458136844981871,-3.610137833522227646085562768,stop,-1.138326576677938502201744373,-1.169031581242675353241122468,20
unselected_two_slot,MGA,2026-02-12,2026-02-13,2026-03-05,63.3479739975,60.68894109974414815439907228,60.53721874699478778401307460,376,2.65903289775585184560092772,3.760,2.479107350670044054574636158,-1.289181491659284947242520884,stop,-1.057059223628789896425873656,-1.060819989435200082491485163,20
unselected_two_slot,DAN,2021-02-05,2021-02-08,2021-03-09,22.3156500000,20.44796543409061972838643333,25.1968500000,535,1.86768456590938027161356667,5.350,1.860245066761757939526793220,-0.9078883184829362630317625931,time,1.542658783281820684025476017,1.537304560099529205877393704,29
unselected_two_slot,YINN,2021-09-24,2021-09-27,2021-10-25,197.6929969925,169.9585855505648005872914537,258.7514940150,36,27.7344114419351994127085463,0.360,2.477319453897374389269763586,-0.5730424107168667814110869708,time,2.201542915389863252244478702,2.201182352483347784509892200,28
unselected_two_slot,AVB,2018-06-22,2018-06-25,2018-07-24,171.6179770050,166.3034711684127928540700402,170.1535519950,188,5.3145058365872071459299598,1.880,0.6664828497534528830245523360,-0.6356135657514335208909037461,time,-0.2755524323481415860179684726,-0.2774340748389929378807584182,29
unselected_two_slot,CME,2026-05-11,2026-05-12,2026-05-29,286.7450739975,275.4765184894689533751108498,274.7878271932452809916730727,88,11.2685555080310466248891502,0.880,1.887103984831470183716480368,-1.283667191166676947803995245,stop,-1.061116200362401847228001911,-1.062003625551271267708034921,17
unselected_two_slot,INDB,2019-08-05,2019-08-06,2019-08-14,72.7614520050,68.85087650120490381331509562,68.67874930995189155378180788,255,3.91057550379509618668490438,2.550,0.03287163101063999365346786186,-1.158767808114781241321224642,stop,-1.044015820967008049129236869,-1.046572989340383093303040221,8
unselected_two_slot,AAOI,2024-10-03,2024-10-04,2024-11-01,14.5863750000,12.15356437671942727075310757,16.7979000000,411,2.43281062328057272924689243,4.110,2.365011458327737777408091090,-0.1177136425086108159647599706,time,0.9090411636799844077746513976,0.9049306916587321750041665449,28
unselected_two_slot,FUTU,2024-07-10,2024-07-11,2024-07-17,71.1273719925,65.22177007044550204797289965,65.05871564526938829285296740,169,5.90560192205449795202710035,1.690,0,-1.491358901047635495224887402,stop,-1.027610128032366394858905332,-1.029303435527857236073336854,6
unselected_two_slot,GLDM,2021-06-30,2021-07-01,2021-07-30,35.5285989975,34.73445175551164952500180596,35.9898019950,1259,0.79414724198835047499819404,12.590,1.172830368544757744938739526,-0.4389601563397656140397157641,time,0.5807525016963611022505737253,0.5681603783831044250267754622,29
unselected_two_slot,ZBH,2019-07-08,2019-07-09,2019-08-06,117.3411673650,112.9038400271422617354500967,130.8855590175,225,4.4373273378577382645499033,2.250,3.929287678699305208718961792,-0.3241255953171040702009185334,time,3.052376041078589526597177943,3.050122432264409092496210352,28
unselected_two_slot,KO,2024-01-17,2024-01-18,2024-02-15,59.8392239975,58.59254722293516787693704404,59.2515019950,802,1.24667677456483212306295596,8.020,0.9391159171218803525490507988,-0.9458939330217510907273506851,time,-0.4714309390300076785020122745,-0.4794522643679170360558331777,28
unselected_two_slot,FMB,2020-05-20,2020-05-21,2020-06-19,53.8643250000,53.27315406416739649379691406,54.7527740025,1691,0.59117093583260350620308594,16.910,1.921060274048348605297863309,-0.2305999698851934534691931387,time,1.502863129170433403173577716,1.485947547916568093069033165,29
unselected_two_slot,CYTK,2024-10-31,2024-11-01,2024-11-21,51.7390260025,48.34539434692635810295968145,48.22453086105904220770228225,294,3.39363165557364189704031855,2.940,2.254508966797906415506853355,-1.231431524289456005893882242,stop,-1.035614792097077417895589250,-1.038561487853989094821824348,20
unselected_two_slot,CI,2021-07-29,2021-07-30,2021-08-05,228.8106050125,220.8852678826039105271020139,215.8689789900,126,7.9253371298960894728979861,1.260,0.7027335110440937683549167441,-3.678152807220984275902984154,stop_gap,-1.632943281829788860621330540,-1.634205057806772581919108700,6
unselected_two_slot,MQQQ,2025-11-14,2025-11-17,2025-11-18,184.5903300125,174.1001321060028124991433580,173.6648817757378054678954996,95,10.4901979064971875008566420,0.950,0,-1.106779311123296090873842908,stop,-1.041491145748111318061693415,-1.042444416610027700065413864,1
unselected_two_slot,PPLI,2025-10-17,2025-10-20,2025-10-30,33.2328770050,31.41294982493884353319201823,31.2616500000,549,1.81992718006115646680798177,5.490,0.6028400515251013682857262004,-1.062063376038511582861973469,stop_gap,-1.083135098259128853888953685,-1.088629823602845057969107070,10
unselected_two_slot,TEAM,2021-06-02,2021-06-03,2021-07-01,228.9008270050,212.0886229713848332624414258,257.7839180175,59,16.8122040336151667375585742,0.590,2.571297487739585257100637603,-0.4645929224617207503763120443,time,1.717983612068334076122904723,1.717388806058366227957463187,28
unselected_two_slot,TCMD,2022-06-13,2022-06-14,2022-07-14,6.5964500000,4.705576563203703513229938389,6.8628000000,528,1.890873436796296486770061611,5.280,0.9432413430175768952834498088,-0.1620679597251192506852138678,time,0.1408608290839794825257194116,0.1355722678268373957029028390,30
unselected_two_slot,AVSC,2025-04-28,2025-04-29,2025-05-28,46.3856750000,43.55667519740808599293362471,49.3263759975,353,2.82899980259191400706637529,3.530,1.574522909446289821780566892,-0.2953962737057663491339983091,time,1.039484341711776004576273686,1.035949523508240587152128463,29
unselected_two_slot,RYAN,2024-09-05,2024-09-06,2024-10-04,64.4707729950,62.05993155132616247599996195,72.0494279925,414,2.41084144367383752400003805,4.140,3.293136935999221065677197713,-0.9460489411217230033039880805,time,3.143572555294646497756336562,3.139424625937350739027274115,28
unselected_two_slot,EZPW,2025-04-28,2025-04-29,2025-05-06,16.1803489975,15.19554786845484003547633272,15.15755899878370293538764189,1015,0.98480112904515996452366728,10.150,0.3042756488211326192476590947,-1.482887208827552904091713036,stop,-1.038575168681995943202779789,-1.048729503100454383676298949,7
unselected_two_slot,RELX,2022-10-06,2022-10-07,2022-10-13,25.3432010025,24.17563211648281180022112522,23.8302740025,856,1.16756888601718819977887478,8.560,0,-1.347416003749898097697589435,stop_gap,-1.295792495088574722196263596,-1.304357300231774458351387165,6
unselected_two_slot,PKX,2018-03-28,2018-03-29,2018-04-04,78.8666729950,74.33125998837182098401913292,74.1342000000,220,4.53541300662817901598086708,2.200,0.1153866261430208860524939253,-1.053195593878491565141052173,stop_gap,-1.043449182705926014443711151,-1.045654053571134038762175775,6
unselected_two_slot,STAA,2025-04-28,2025-04-29,2025-05-28,18.2054000000,16.16193459644447893592034067,18.0348000000,489,2.04346540355552106407965933,4.890,1.440983534576388075776419849,-0.4724327597228978633276355776,time,-0.08348563166431155529696978407,-0.08837927947581868046091877493,29
unselected_two_slot,PLAY,2023-03-30,2023-03-31,2023-04-05,36.8619250000,33.79930744937900823284400913,33.71480918075556071226189911,326,3.06261755062099176715599087,3.260,0.04834851154365518880316732342,-1.140176970282156023155395373,stop,-1.027590212367951142266368507,-1.030855393160104687396349484,5
unselected_two_slot,LLY,2024-05-10,2024-05-13,2024-06-11,765.4087500000,726.3444382555373099845696027,863.6554569825,25,39.0643117444626900154303973,0.250,2.988181790161616986951548971,-0.3808775922465608854466944880,time,2.514999051440508979624467855,2.514743063313406817492758621,29
unselected_two_slot,LW,2022-03-17,2022-03-18,2022-04-18,53.7239750000,49.38990941037041062026053362,66.9921039900,230,4.33406558962958937973946638,2.300,3.566172380266388198183788081,-0.09782408485337091540115713681,time,3.061358605589067640283720037,3.059051303174464669469307025,31
unselected_two_slot,ENPH,2023-03-02,2023-03-03,2023-03-17,213.8934010025,191.8914158380188583154143120,191.4116872984238111696257762,45,22.0019851644811416845856880,0.450,0.7520503660829646589779674404,-1.470021807610046765465076647,stop,-1.021803875241653007803303994,-1.022258379684104113483310869,14
unselected_two_slot,ERX,2023-03-02,2023-03-03,2023-03-13,61.7239250000,55.85387880702331419392527528,54.8525269950,170,5.87004619297668580607472472,1.700,0.6262432831275337048011602238,-1.479362123315149546631289414,stop_gap,-1.170586700530806416661280839,-1.172290264637672332975876970,10
unselected_two_slot,ADBE,2018-11-13,2018-11-14,2018-11-19,242.7654040100,223.1152478215115822580721297,222.5574597019578033024269494,50,19.6501561884884177419278703,0.500,0.007358719626091852963990492386,-1.223674905143320658575525539,stop,-1.028385938218676654510361097,-1.028894840026075939459411957,5
unselected_two_slot,IGSB,2019-07-08,2019-07-09,2019-08-06,53.3430239975,53.15978399862144958010342568,53.4161240025,5457,0.18323999887855041989657432,54.570,1.129529599250766725573908677,-0.9988212105442459460993230221,time,0.3989303942773429554290564734,0.3443571566589128396679075551,28
unselected_two_slot,CNO,2021-09-24,2021-09-27,2021-10-25,23.6790510025,22.40150966279396662743051033,25.9848740025,782,1.27754133970603337256948967,7.820,2.090694770092210472461590391,-0.1166694163762222480067877930,time,1.804891104761101312733996427,1.797063569409250362714268129,28
unselected_two_slot,TSLX,2018-03-28,2018-03-29,2018-04-27,17.7342260025,17.01067354555120613853825193,17.9150990025,1382,0.72355245694879386146174807,13.820,0.4364203237338290174004940259,-0.1716876244520740536756912341,time,0.2499791110692067831552935616,0.2361584130618089524588770948,29
unselected_two_slot,LHX,2022-04-14,2022-04-18,2022-04-25,258.1537850250,244.9845852079972363010114099,244.3721237449772432102588814,75,13.1691998170027636989885901,0.750,0.4978439135334006838602206018,-1.601751611192488388734133425,stop,-1.046507112924905554198378953,-1.047266460504026420186516583,7
unselected_two_slot,CVS,2024-10-03,2024-10-04,2024-10-18,63.8793010025,60.65258763399568268161885320,59.3911509975,309,3.22671336850431731838114680,3.090,1.215076007608747764735912050,-1.986324557074281202761508914,stop_gap,-1.390935448065657613995495329,-1.394034576763486548556686528,14
unselected_two_slot,KSS,2023-07-26,2023-07-27,2023-08-22,28.1301489975,26.16858269643783815067829372,26.10316123969674355530159799,509,1.96156630106216184932170628,5.090,0.7748150045588676058900211028,-1.243979362909473199745548215,stop,-1.033351641851549832289501682,-1.038449608713330203460392305,26
unselected_two_slot,CHCT,2019-10-01,2019-10-02,2019-10-30,43.6288000000,41.68954085696949467494034098,47.7802519950,515,1.93925914303050532505965902,5.150,2.223116500697701291436285854,-0.2314285852991542119945298491,time,2.140741225802587845805133403,2.135584617395743946250888086,28
unselected_two_slot,EPC,2020-10-12,2020-10-13,2020-10-22,29.8544510025,27.83362528002595633111165726,27.76404121682589144028387812,494,2.02082572247404366888834274,4.940,0.5619232697165875799307621076,-1.011691399096519465912412469,stop,-1.034433480545207508684676966,-1.039381952790383239905651974,9
unselected_two_slot,MAT,2019-12-26,2019-12-27,2020-01-28,13.6841250000,12.90743816935435486743195112,14.4737250000,1287,0.77668683064564513256804888,12.870,1.436711626837285410425439669,-0.7906983558476064995429802952,time,1.016625966663578411624892719,1.003750764451527013301375841,32
unselected_two_slot,FSLR,2025-09-19,2025-09-22,2025-10-20,213.7630709900,197.2324744259463418609321145,228.4275000000,60,16.5305965640536581390678855,0.600,2.073544162618808769021434681,-0.1665442610816996734297604342,time,0.8871082754441117592075273984,0.8865033365986652894447012716,28
unselected_two_slot,UGI,2025-04-28,2025-04-29,2025-05-28,32.5712270050,30.88273606447301510143567757,35.5209759975,592,1.68849094052698489856432243,5.920,2.237957518339204227063694938,-0.3679178786746186710523038952,time,1.746973538146062736472569801,1.741051090023907601143804807,29
unselected_two_slot,UFPT,2025-09-19,2025-09-22,2025-10-20,194.2343750000,178.1006668759798240295610200,196.7668450125,61,16.1337081240201759704389800,0.610,0.5743022576567601784529765633,-0.4477817464197337036640393740,time,0.1569676352784397889873928405,0.1563478149666348538875447714,28
unselected_two_slot,DORM,2024-05-10,2024-05-13,2024-06-11,92.8816270050,88.24992489240317555529061029,90.4632769950,215,4.63170211259682444470938971,2.150,0.4919092246462711525419151957,-0.8013531342841533891406553280,time,-0.5221298674245093877505781869,-0.5242889009195182818012395227,29
unselected_two_slot,DIS,2023-03-30,2023-03-31,2023-05-01,99.1372239975,94.45532094544132584367787693,101.9544740025,213,4.68190305205867415632212307,2.130,0.7417447486386949544779380727,-0.5718240996730593351438379235,time,0.6017318115464245400238438741,0.5995959279348228620250045631,31
unselected_two_slot,IJH,2020-10-12,2020-10-13,2020-10-28,39.8694250000,38.44234293964959623815603828,37.9708369950,700,1.42708206035040376184396172,7.000,0.3045206803968195129785820957,-1.478139946263534559671660410,stop_gap,-1.330398620899083629770345783,-1.337405926419793920098817260,15
unselected_two_slot,BILI,2026-02-12,2026-02-13,2026-03-02,30.3156000000,27.51223784159575380256054793,26.8527000000,356,2.80336215840424619743945207,3.560,0.3618512138929011763969687106,-1.254065939878841944639550075,stop_gap,-1.235266727710693497382751329,-1.238833872958060425383510090,17
unselected_two_slot,STZ,2017-09-06,2017-09-07,2017-09-26,203.4674070175,198.4866251945382918981976340,197.9904086315519461684521399,200,4.9807818229617081018023660,2.000,0.3317928873899813417839475213,-1.234223910222309044176601032,stop,-1.099626239539093460823477264,-1.101633956470981420633108443,19
unselected_two_slot,GIB,2019-09-03,2019-09-04,2019-10-02,78.6962500000,76.16443186062596707080928446,76.4184759975,394,2.53181813937403292919071554,3.940,0.7479786839935549343394897259,-0.9938510040938872496795985433,time,-0.8996594056566626712315612584,-0.9036091364230566593077842034,28
unselected_two_slot,LLY,2025-03-28,2025-03-31,2025-04-04,811.0024299500,764.1135696234236337544407227,760.2047100375,21,46.8888603265763662455592773,0.210,0.3627211224914372807578603965,-1.627303743758348072134915909,stop_gap,-1.083364354746496411022238179,-1.083577625018589845785026704,4
unselected_two_slot,MPLX,2019-10-29,2019-10-30,2019-11-01,26.3156250000,25.27099011841026643281072994,25.20781264311424076672870312,957,1.04463488158973356718927006,9.570,0.3775232925401060219750453928,-1.096675039470804265557976383,stop,-1.060478044922147045282758582,-1.070050767579830006684246646,2
unselected_two_slot,FBNC,2026-07-09,2026-07-10,2026-08-07,63.2777989975,60.17395606139457858801963478,64.5083230050,322,3.10384293610542141198036522,3.220,1.051020322115036285335597471,-0.9175074435542491863376993407,time,0.3964517640973201278142103289,0.3932299515875197440308471236,28
unselected_two_slot,IETC,2025-04-28,2025-04-29,2025-05-28,77.7689344925,72.26098683655000133612614542,86.6129269950,181,5.50794765594999866387385458,1.810,1.878932436171639088702940172,-0.2863014667171912310327763061,time,1.605678386022099492640853389,1.603862827737118801034211162,29
unselected_two_slot,UMH,2024-01-17,2024-01-18,2024-02-05,15.2480250000,14.56646872760519403956543921,14.53005255578618105446652561,1467,0.68155627239480596043456079,14.670,0.9419251586435732089987252591,-1.082852626983797059965394617,stop,-1.053430909954149968379387003,-1.068103212748551202212460335,18
unselected_two_slot,BNO,2025-10-17,2025-10-20,2025-11-17,27.5787750000,26.44650570941708235994596444,29.2566750000,883,1.13226929058291764005403556,8.830,2.235533561717343806032338203,-0.09606901900871980212157018785,time,1.481891290309727844191573676,1.473059469043205835465239725,28
unselected_two_slot,VXUS,2024-10-03,2024-10-04,2024-10-22,64.4808000000,62.98909768267353971933968864,62.7128240025,670,1.49170231732646028066031136,6.700,0.1402437990275079595580003716,-1.126767036879352998217256922,stop_gap,-1.185206979277673802060904609,-1.191910729673344396011153668,18
unselected_two_slot,TER,2022-06-13,2022-06-14,2022-07-14,92.2901479950,82.90449985270107252178826289,91.6802289900,106,9.38564814229892747821173711,1.060,0.7415419691298217355631886185,-0.9930211375596183835226446076,time,-0.06498421800527949427023385633,-0.06604967452446566874056756656,30
unselected_two_slot,UVV,2020-09-14,2020-09-15,2020-09-23,43.6087500000,41.41706687803936932001042968,41.31352421084427089671040361,456,2.19168312196063067998957032,4.560,0.1648281160630707137635215478,-1.327175890918892613692223796,stop,-1.047243447813054046831946278,-1.051806151198319989729364460,8
unselected_two_slot,BKLN,2024-04-12,2024-04-15,2024-04-16,21.1828239975,21.07906535463109458849259627,21.02636769124451685202136478,9637,0.10375864286890541150740373,96.370,0,-1.087369633800514090015840845,stop,-1.507886976250826358856510742,-1.604264489713821152142029706,1
unselected_two_slot,VTR,2022-12-02,2022-12-05,2023-01-04,46.0147520050,43.28030756561033785134156135,46.9124240025,365,2.73444443938966214865843865,3.650,0.6053317343575124423067908208,-0.9525708284573483719023045971,time,0.3282831366287930956248230789,0.3246260866423497667448351178,30
unselected_two_slot,ARCC,2020-11-09,2020-11-10,2020-12-09,15.3282250000,14.67245499842508475483044396,17.1669740025,1524,0.65577000157491524516955604,15.240,3.296544512265309165184936911,-0.1955334945057738514442245541,time,2.803954127337343730424262688,2.788704878399478739085270717,29
unselected_two_slot,EFXT,2026-08-06,2026-08-07,2026-09-04,20.5713000000,18.53156955385014943923391619,22.2043500000,490,2.03973044614985056076608381,4.900,1.205404863491148479555365079,-0.6330733565493553467873333811,end_of_data,0.8006204952632386062957183255,0.7957178866764639294254711297,28
unselected_two_slot,SBUX,2023-03-30,2023-03-31,2023-05-01,102.0945959900,98.48877689321472958929002399,114.2735980050,277,3.60581909678527041070997601,2.770,3.712168206645091256608979391,-0.07060808741819186322088039270,time,3.377596514993794186023757082,3.374823220013767208677022685,31
unselected_two_slot,QBTS,2025-07-24,2025-07-25,2025-07-30,19.7492510025,16.83914028335459558590246277,16.79704243264620909693770661,343,2.91011071914540441409753723,3.430,0.0002573776643865817641105621812,-1.023758643580028328899109676,stop,-1.014466064961524599389212711,-1.017902360334828005129693316,5
unselected_two_slot,QQEW,2023-06-27,2023-06-28,2023-07-27,105.1722790100,102.4980343827778738176708595,109.7748779925,373,2.6742446272221261823291405,3.730,2.620448749776222219637290718,-0.1579059019887207068226096261,time,1.721083754136940530618426602,1.717344380446812747406502106,29
unselected_two_slot,TDW,2025-12-15,2025-12-16,2025-12-19,55.2076750000,50.03080922619341617382730730,49.90573220312793263339273903,193,5.17686577380658382617269270,1.930,0.04487734667093186347014089840,-1.094807987619992245145862443,stop,-1.024160762231529440195631004,-1.026092432944453282048824858,3
unselected_two_slot,REM,2018-07-23,2018-07-24,2018-08-08,44.5811760025,43.89771500855001073036718953,43.78797072102863570354127156,1463,0.68346099394998926963281047,14.630,0.8761641158761104183166993748,-1.216127928086002002191097836,stop,-1.160571398357526925280331110,-1.175202811252366872276889132,15
unselected_two_slot,TLT,2021-04-06,2021-04-07,2021-05-05,137.7936219925,134.4951505610352331256048272,139.3407769950,303,3.2984714314647668743951728,3.030,0.9660153418654933528036945846,-0.2769819328385954945112490500,time,0.4690521153954478844777400090,0.4660204080704706129488148391,28
unselected_two_slot,SPXU,2018-03-28,2018-03-29,2018-04-17,4607.4900000000,4166.753518865521668898727782,4145.6100000000,2,440.736481134478331101272218,0.020,0.7090631553702639156398873710,-1.196837617440275552337154617,stop_gap,-1.047973153506823773177662087,-1.047995842801738184361804671,19
unselected_two_slot,SUSA,2026-08-06,2026-08-07,2026-09-04,159.0365989975,155.5584441408661642483750266,157.7346799875,287,3.4781548566338357516249734,2.870,0.3776160224709251601451721867,-0.7436707404118624720858451248,end_of_data,-0.3743131239590635868261971061,-0.3771882115880480010473720247,28
unselected_two_slot,TAL,2021-06-02,2021-06-03,2021-06-04,36.9220770050,29.72621799925543081397075663,29.65190245425729223693582974,138,7.19585900574456918602924337,1.380,0.03445328692544986075611494340,-1.046723955956755380606011340,stop,-1.010327543235465187741600943,-1.011717231386944648396238721,1
unselected_two_slot,AXON,2019-06-07,2019-06-10,2019-06-18,69.9344020050,66.09415636230505750518197171,65.92892097139929486141901678,260,3.84024564269494249481802829,2.600,0.6290212188887021266365148533,-1.152113801213799323066896768,stop,-1.043027297282422421259330297,-1.045631297372630809465556457,8
unselected_two_slot,MRK,2022-06-13,2022-06-14,2022-07-14,84.9819219925,81.33936985988293342791920822,93.6452970075,274,3.64255213261706657208079178,2.740,2.947954790089718239077267784,-0.5303751112305901372878336318,time,2.378380514426740643518383833,2.375635186525883588626690005,30
unselected_two_slot,FELE,2019-03-13,2019-03-14,2019-03-25,51.7590760025,49.65374967274290238160600771,49.52961529856104512565199269,474,2.10532632975709761839399229,4.740,0.5514214025119524211425590471,-1.063529188255738849157329017,stop,-1.058962058483436760316408773,-1.063711915956199071559826822,11
unselected_two_slot,IWR,2024-12-30,2024-12-31,2025-01-31,89.0320229950,86.69968378057807859874048212,91.8398250000,428,2.33233921442192140125951788,4.280,1.791324340458566728948990628,-0.8669497912211561046395558067,time,1.203856620699971272565809633,1.199569079703290592182273082,31
unselected_two_slot,FIVN,2024-09-05,2024-09-06,2024-10-04,29.9146000000,26.53277203420565913771895081,29.3364750000,295,3.38182796579434086228104919,2.950,0.05482242203779644657535415961,-0.9801208203154266549011267391,time,-0.1709504462815591730117401485,-0.1739074269739969533016729510,28
unselected_two_slot,SLS,2021-06-30,2021-07-01,2021-07-30,10.5563250000,7.854001039887886355224162532,8.5386000000,370,2.702323960112113644775837468,3.700,0.04576616343026059266795933702,-0.9644754065281903309910581690,time,-0.7466628834228627801977623067,-0.7503634019941391572075022976,29
unselected_two_slot,AX,2024-11-29,2024-12-02,2024-12-16,83.6185290100,77.85680239689590451480896084,77.66216039090366475352193844,173,5.76172661310409548519103916,1.730,0,-1.020272464269695165212933180,stop,-1.033781888496680607642237476,-1.035517479348432693858097947,14
unselected_two_slot,SONY,2018-10-16,2018-10-17,2018-10-18,11.6069450000,11.14504907500061858042345682,11.11718645231311703397239818,2164,0.46189592499938141957654318,21.640,0.03692390228388102883373660716,-1.049901013958175639271556667,stop,-1.060322295953442024071620480,-1.081972194683363471643439071,1
unselected_two_slot,FITB,2023-10-19,2023-10-20,2023-10-20,24.9622500000,23.48375372206659574893183110,23.42504433776142925955950152,676,1.47849627793340425106816890,6.760,0.01200544111264885534067867716,-1.178393903321328499501564280,stop,-1.039708848227354773130683989,-1.046472477023213283181770567,0
unselected_two_slot,EBS,2020-09-14,2020-09-15,2020-10-13,105.2625000000,93.33936339560553726538086679,93.10601498711652342221741462,83,11.92313660439446273461913321,0.830,0.8980439757818072145862726114,-1.036010607766356546774833277,stop,-1.019571058877494497064578262,-1.020409764356748533290758650,28
unselected_two_slot,WY,2024-10-31,2024-11-01,2024-12-02,31.5085750000,30.13472976048630405159361077,31.8900740025,727,1.37384523951369594840638923,7.270,0.7798745951758410396857643979,-0.8433082320175336560997011344,time,0.2776870287333384997192361507,0.2704081885027316451254489455,31
unselected_two_slot,JEPI,2026-05-11,2026-05-12,2026-06-02,56.0297239975,55.18011235803114885838859348,55.04216207713607098624262200,1177,0.84961163946885114161140652,11.770,0.5182097114103174205822704859,-1.094295268931618783887033614,stop,-1.162368633486847927908128362,-1.174138717058503874679553710,21
unselected_two_slot,WDAY,2024-03-14,2024-03-15,2024-04-15,269.9732379700,255.8663694440942705349557780,258.9809299875,70,14.1068685259057294650442220,0.700,0.7292030836687435052932920057,-0.8600946374256356758777600443,time,-0.7792167313613097168034047235,-0.7799256059057655673578116262,31
unselected_two_slot,KOF,2020-03-24,2020-03-25,2020-04-23,39.5486260025,34.09129409033367323587826317,39.6007509975,183,5.45733191216632676412173683,1.830,0.8065067451161941243573878218,-0.3332445289694838183108173335,time,0.009551369760705760711805429031,0.007718972508541849576311712623,29
unselected_two_slot,AOK,2022-08-10,2022-08-11,2022-08-19,35.9195770050,35.39309834109468323060617257,35.30461559524194652252965714,1899,0.52647866390531676939382743,18.990,0.09577595153802543554927511886,-1.043875170407356666373354571,stop,-1.168065207422441082755385211,-1.187059329474457277733445779,8
unselected_two_slot,CATY,2025-12-15,2025-12-16,2026-01-02,50.6763739975,48.18845559262921989708309729,48.06798445364764684734038955,401,2.48791840487078010291690271,4.010,0.5119247480168670818016759186,-1.168195062912826534519156712,stop,-1.048422463833909454733840244,-1.052441888257323931467986558,17
unselected_two_slot,IVLU,2021-06-30,2021-07-01,2021-07-08,25.9246510025,25.42812738598636789456390833,25.1769000000,2014,0.49652361651363210543609167,20.140,0.09133099814750698007064421649,-1.449379200838560535855781310,stop_gap,-1.505972682126128881954969096,-1.526112711054089147470694287,7
unselected_two_slot,IYE,2018-08-20,2018-08-21,2018-09-19,40.6413510025,39.44605895440623027359420418,41.3862769950,836,1.19529204809376972640579582,8.360,0.8856831258840180417594693227,-0.9548720786022178124930824225,time,0.6232167223801033255522008647,0.6148505661625096251209167346,29
unselected_two_slot,OUNZ,2025-04-28,2025-04-29,2025-05-14,32.0749885025,30.86738388854483930694386303,30.6232509975,828,1.20760461395516069305613697,8.280,0.7742679074715075876315734814,-1.279381914118263379163915501,stop_gap,-1.202162933317431124657457659,-1.210443789389393191413165383,15
unselected_two_slot,WGO,2022-06-13,2022-06-14,2022-07-14,45.3230239975,40.29698065295776752960423452,51.1917000000,198,5.02604334454223247039576548,1.980,1.768185109694754876720618565,-0.2632337022991790059084879782,time,1.167653281158583752315459500,1.165663644517097368347518753,30
unselected_two_slot,SCHB,2020-07-17,2020-07-20,2020-08-17,12.7835461675,12.32603352573184940743116874,13.4047371675,2185,0.45751264176815059256883126,21.850,1.449404392274789970671549883,-0.2591101462067894811471627834,time,1.357757017596893333420392495,1.335899698067201284864949926,28
unselected_two_slot,GMED,2020-05-20,2020-05-21,2020-06-19,50.0247520050,45.55774471912515740614952811,48.4884759975,223,4.46700728587484259385047189,2.230,1.886105944273147560679495512,-0.7890634107863770181863819168,time,-0.3439161633691240983886268339,-0.3461547986253550598578902067,29
unselected_two_slot,DDS,2022-03-17,2022-03-18,2022-04-18,279.0057729950,247.4371120335380570475623747,301.5143140275,31,31.5686609614619429524376253,0.310,0.8550957241409044177727029258,-0.8554614662930373508712463583,time,0.7130027168392647181525547101,0.7126859469891843585657687936,31
unselected_two_slot,FWRD,2025-08-21,2025-08-22,2025-09-22,28.1401750000,24.98132215891532531487290043,27.7105509975,316,3.15885284108467468512709957,3.160,1.221907190419996964143682900,-0.8959505688869586906122199569,time,-0.1360063365131239762873337606,-0.1391720427055549724183596048,31
unselected_two_slot,KNSL,2024-04-12,2024-04-15,2024-04-26,457.7214369675,430.3812150637275374626754807,391.0200000000,36,27.3402219037724625373245193,0.360,0.8847246052952631511258655047,-3.351159009973429593058925089,stop_gap,-2.439681623736067499563953122,-2.440047385215078033071102029,11
unselected_two_slot,ESGE,2026-03-13,2026-03-16,2026-03-27,46.5761489975,44.36463562513695650586606245,44.25372403607411411460139729,452,2.21151337236304349413393755,4.520,0.3318324960955878729139656267,-1.130966707575218719831795536,stop,-1.050151896185159070173672239,-1.054673686613816895808125905,11
unselected_two_slot,VGT,2022-11-03,2022-11-04,2022-12-05,39.0849677475,36.68430885337757475492910912,42.4685634975,416,2.40065889412242524507089088,4.160,1.990612770602260640747978397,-0.4738156471479088037733920999,time,1.409444614678126944941217852,1.405279091610904369830283817,31
unselected_two_slot,GEO,2025-04-28,2025-04-29,2025-05-08,30.2253750000,26.73198559753549321088408440,26.66515563354165447785687419,286,3.49338940246450678911591560,2.860,0.5337581314824363585736276826,-1.126520277763390227088734447,stop,-1.019130407834492116178215944,-1.021992957309493450808898401,9
unselected_two_slot,REZI,2026-05-11,2026-05-12,2026-05-13,25.9101237750,23.90752541747595316356029543,22.0532876025,499,2.00259835752404683643970457,4.990,0.2387823914882333258316381838,-2.662805926592780570285945334,stop_gap,-1.925915977115090494875580467,-1.930909489649657687448952808,1
unselected_two_slot,PFFD,2024-12-30,2024-12-31,2025-01-13,19.5387250000,19.22484309381322787871476913,19.17678098607869480901798221,3185,0.31388190618677212128523087,31.850,1.405863132924342444979992139,-1.334017640860262570804605356,stop,-1.153121625640740880620314403,-1.184980741451161648734981949,13
unselected_two_slot,PG,2024-08-07,2024-08-08,2024-09-06,169.8435479950,163.1230718633291327521099153,175.1510210100,148,6.7204761316708672478900847,1.480,1.070823683322984405759745100,-0.5986987999315539245644591054,time,0.7897465761373723251061873000,0.7882585863277107637367486891,29
unselected_two_slot,SLM,2021-01-07,2021-01-08,2021-01-27,13.0826250000,12.38312188621047908905435215,12.35216408149495289133171627,1429,0.69950311378952091094564785,14.290,1.525904572772453739871437458,-1.504818176287250608204400379,stop,-1.044256850477496715326351011,-1.058552712501363245270104963,19
unselected_two_slot,NSSC,2023-04-28,2023-05-01,2023-05-03,30.9571989975,28.38978238148695561745359097,28.31880792553323822840995699,389,2.56741661601304438254640903,3.890,0.4100616144390688945489237656,-1.054444760003160086729166171,stop,-1.027644308099841629331244015,-1.031539273933446405135055852,2
unselected_two_slot,FDMT,2026-05-11,2026-05-12,2026-05-15,10.8169750000,9.551610301254175905164019040,9.527731275501040465401108992,790,1.265364698745824094835980960,7.900,0.03005062496028913226385648831,-1.321338426508334567175843578,stop,-1.018871259627207333101237938,-1.026774119577316243624277120,3
unselected_two_slot,CORP,2020-07-17,2020-07-20,2020-08-14,116.6910020050,115.3507919182082717923642137,115.0624149384127511128833032,746,1.3402100867917282076357863,7.460,0.9767110454552349299389258949,-1.090126853542360089468292458,stop,-1.215172966266694826654889610,-1.222634483008401027128778999,25
