instrument_id,signal_date,session_date,arm,fill,spread_bps,entry_price,stop_price,exit_date,exit_price,exit_reason,shares,net_r,per_dollar
CHRD,2022-09-20,2022-09-21,O,141.370000,66.36543349336345665066365435,142.3082081332956791866704320,128.9346282381608850869127715,2022-09-23,127.1505224512849477548715052,stop_gap,74,-1.133405251313822213591185577,-0.106513
CHRD,2022-09-20,2022-09-21,T,139.380000,21.85831511807073494105421579,139.6846611961156699036084137,126.3110813009808758038507532,2022-09-23,126.0349865591827666045805022,stop,74,-1.020644789500121082086293229,-0.097718
CHRD,2022-09-20,2022-09-21,C,137.220000,6.559288681582975001822024635,137.3100065592886815829750018,123.9364266641538874832173413,2022-09-23,123.6655225172906134968885973,stop,74,-1.020256666426453760473361941,-0.09937
RMBS,2022-09-26,2022-09-27,O,25.390000,55.40166204986149584487534625,25.53066481994459833795013851,23.80921226342334636479488814,2022-10-04,27.24159532342474380519376518,target,580,0.9938876892068581343753511095,0.067015
RMBS,2022-09-26,2022-09-27,T,25.895000,3.861003861003861003861003861,25.90499806949806949806949806,24.18354551297681752491424769,2022-10-04,27.61578404276603215791539524,target,580,0.9938037309173105693051697145,0.066041
RMBS,2022-09-26,2022-09-27,C,25.500000,3.920031360250882007056056448,25.50999607996863974911799295,23.78854352344738777596274258,2022-10-04,27.22093456365727014245769380,target,580,0.9938923249480260772616279897,0.067069
BMI,2022-10-03,2022-10-04,O,96.790000,56.08058988472323190362446775,97.33280402949423616159518125,92.24651147457957633783621723,2022-10-07,92.11829238527128040161374218,stop,196,-1.025208752332659963478911779,-0.053574
BMI,2022-10-03,2022-10-04,T,97.185000,13.89961389961389961389961390,97.32008339768339768339768336,92.23379084276873785963871934,2022-10-07,92.10558943464751490354037981,stop,196,-1.025205276090017196976210026,-0.053581
BMI,2022-10-03,2022-10-04,C,96.060000,5.72409845449341728677733257,96.11498568975386376645678303,91.02869313483920394269781901,2022-10-12,90.90216676600313400671569077,stop,196,-1.024875951878507872046617584,-0.054235
ALIT,2022-10-06,2022-10-07,O,162.000000,36.90036900369003690036900369,162.5977859778597785977859778,148.7704543643603825586562058,2022-10-11,148.6792401066262560212198746,stop,72,-1.006596663787615794245530334,-0.085601
ALIT,2022-10-06,2022-10-07,T,163.200000,6.13120784794604537093807480,163.3000613120784794604537093,149.4727296985790834213239372,2022-10-11,149.3810848612408988208203664,stop,72,-1.006627803534321347708492280,-0.085236
ALIT,2022-10-06,2022-10-07,C,159.300000,6.277463904582548650345260515,159.4000000000000000000000000,145.5726683865006039608702280,2022-10-11,145.4834147578148279927765001,stop,72,-1.006454870048725751317402564,-0.087306
FDS,2022-10-12,2022-10-13,O,394.650000,41.43593902454477489007438194,396.2852693336036595410367854,374.1516181630626989500748241,2022-10-25,417.9410430029977835566341635,target,45,0.9784094590872167909207536502,0.054647
FDS,2022-10-12,2022-10-13,T,393.690000,11.42102992309839851780411664,394.1396345270424608512474304,372.0059833565015002602854691,2022-10-18,415.7978587323695625562699632,target,45,0.9785201744822546985665903948,0.054951
FDS,2022-10-12,2022-10-13,C,409.370000,5.863812944367074690317378875,409.6100469105035549365975226,387.4763957399625943456355613,2022-11-10,431.2506023115552385244697101,target,45,0.9777218965958238047398151453,0.052832
ADNT,2022-10-25,2022-10-26,O,34.940000,70.8194825841884665414077179,35.18744327214915450209567857,32.08708970902241544999597808,2022-11-03,32.06427790061275924677544916,stop,322,-1.007357808696712079325120732,-0.088758
ADNT,2022-10-25,2022-10-26,T,35.180000,7.10934167496089862078771506,35.20501066401251244134793120,32.10465710088577338924823071,2022-11-03,32.08183280321700773206833008,stop,322,-1.007361837030531161046466312,-0.088714
ADNT,2022-10-25,2022-10-26,C,34.850000,2.869440459110473457675753228,34.85999999999999999999999999,31.75964643687326094790029950,2022-11-04,37.93336625076848031539267666,target,322,0.9912954081498234835395714929,0.088163
VUSB,2022-11-04,2022-11-07,O,48.740000,1.025746230382603343932711048,48.74499948712688480869832803,48.66334727630916765015087261,2022-11-10,48.82164332255246486580284102,target,12247,0.9386620969355263545493528909,0.001572
VUSB,2022-11-04,2022-11-07,T,48.744500,1.025746230382603343932711048,48.74949994871268848086983280,48.66784773789497132232237738,2022-11-10,48.82614332250511787599135558,target,12247,0.9386564432839468211223314228,0.001572
VUSB,2022-11-04,2022-11-07,C,48.760000,1.025535842477694595426110142,48.76500051276792123884729771,48.68334830195020408029984229,2022-11-10,48.84164229659583578806072967,target,12247,0.9386369708838865778975190311,0.001572
EXE,2022-11-07,2022-11-08,O,102.460000,21.45294978059483178937103852,102.6798069234519746465138957,94.23815100420679219983723666,2022-11-21,94.18247663378288113709609611,stop,118,-1.006595195416219858438497093,-0.082756
EXE,2022-11-07,2022-11-08,T,101.612800,5.90783773139031114612051989,101.6728311933832217408428515,93.23117527413803929416619246,2022-12-06,93.17609580863539767977420771,stop,118,-1.006524722877779480705333354,-0.083569
EXE,2022-11-07,2022-11-08,C,104.700000,3.342724798242681820352418700,104.7349983286376008786590898,96.29334240939241843198243076,2022-11-21,96.23645386523562889765869163,stop,118,-1.006739026643705737526284049,-0.081143
SBUX,2022-11-21,2022-11-22,O,98.350000,4.570616017469910111218323092,98.39495200853181656594383218,93.06082962107042011429720441,2022-12-02,103.7184973515967621954208270,target,187,0.9980170975414224371805206035,0.054104
SBUX,2022-11-21,2022-11-22,T,98.050000,1.019679820536351585602120934,98.05999796064035892729682879,92.72587557317896247565020102,2022-12-01,103.3835774582936487453777440,target,187,0.9980235005794225538930484029,0.054289
SBUX,2022-11-21,2022-11-22,C,98.400000,0.5081559022308044107932313635,98.40500025407795111540220538,93.07087786661655466375557761,2022-12-02,103.7285445725435752261120484,target,187,0.9980169054574680218803197282,0.054098
SHM,2022-12-01,2022-12-02,O,46.970000,6.38162093171665603063178047,46.99997447351627313337587747,46.73545171124083217265792306,2023-01-03,47.02499953162538535133411289,time,3780,0.09460455460938461147752699035,0.000532
SHM,2022-12-01,2022-12-02,T,46.980000,1.064169415770990741726082792,46.98499946791529211450462912,46.72047670563985115378667471,2023-01-03,47.02499953162538535133411289,time,3780,0.1512159610235816577828553350,0.000851
SHM,2022-12-01,2022-12-02,C,47.030000,1.063038163070054214946316573,47.03499946848091846497289254,46.77047670620547750425493813,2023-01-03,47.02499953162538535133411289,time,3780,-0.03780369133269683831373508250,-0.000213
THO,2022-12-01,2022-12-02,O,85.840000,25.63505010487065951992542531,86.06005127010020974131903989,79.46030668860913475792983379,2022-12-07,79.37977259399230117540490491,stop,151,-1.012202607786169594357674529,-0.077623
THO,2022-12-01,2022-12-02,T,88.760000,10.13513513513513513513513514,88.84995945945945945945945950,82.25021487796838447607025340,2022-12-07,82.16685317370017327558774977,stop,151,-1.012631050071543428989321399,-0.075218
THO,2022-12-01,2022-12-02,C,90.430000,1.105705440070765148164528970,90.43999889429455992923485184,83.84025431280348494584564574,2022-12-06,83.75528108208104898137350488,stop,151,-1.012875230196141625653836558,-0.073913
OPCH,2022-12-13,2022-12-14,O,30.750000,100.7802340702210663198959688,31.05989921976592977893368011,28.95491006749876696801193910,2023-01-04,28.94568288137145697216489897,stop,475,-1.004383483932623559647669925,-0.068069
OPCH,2022-12-13,2022-12-14,T,31.380000,3.186743148502230720203951562,31.39000000000000000000000000,29.28501084773283718907825899,2022-12-16,29.27567846696555457684464578,stop,475,-1.004433457890854801498468372,-0.067357
OPCH,2022-12-13,2022-12-14,C,31.340000,4.78545222523528473440740150,31.35499760727388738235763279,29.25000845500672457143589178,2022-12-16,29.24068722860296207157246415,stop,475,-1.004428158878502125644322056,-0.067431
CBZ,2022-12-16,2022-12-19,O,48.010000,39.60808838857619345424223473,48.20015843235355430477381695,45.96873680273079338756696231,2023-01-05,45.93977099504161204327738010,stop,448,-1.012980876094706601047602463,-0.046896
CBZ,2022-12-16,2022-12-19,T,47.620000,6.301197227473219911783238815,47.65000630119722747321991179,45.41858467157446655601305715,2023-01-10,45.38996552559363828471122157,stop,448,-1.012825521452737087276065317,-0.04743
CBZ,2022-12-16,2022-12-19,C,47.040000,3.187759005419190309212623526,47.05499521836149187121453616,44.82357358873873095400768152,2023-01-19,46.38521079757730315588141536,time,448,-0.3001604053185685716089058249,-0.014234
ARW,2022-12-21,2022-12-22,O,104.380000,86.73151564521539125017969235,105.2853035603047582538693756,99.76196121018419483781917735,2023-01-09,110.7279168954825668093120264,target,181,0.9853840283970460912780098386,0.051694
ARW,2022-12-21,2022-12-22,T,102.945000,7.28544368352032638787702171,103.0200000000000000000000000,97.49665764987943658394980175,2023-01-04,108.4642637093292763962220981,target,181,0.9856828282987816439262317252,0.052847
ARW,2022-12-21,2022-12-22,C,103.415000,4.352241404323226461627738285,103.4600087044828086464529233,97.93666635436224523040272505,2023-01-06,108.9039518479484082186574979,target,181,0.9856247899148908053089767966,0.052619
ICSH,2022-12-22,2022-12-23,O,50.000000,0.999900009999000099990001000,50.00499950004999500049995000,49.93660555953096176191339931,2023-01-06,50.06838660190883735535096559,target,14621,0.9267941191544952912975673959,0.001268
ICSH,2022-12-22,2022-12-23,T,50.010000,0.999900009999000099990001000,50.01500049995000499950004999,49.94660655943097176091349930,2023-01-06,50.07838660180885735235136554,target,14621,0.9267794979763263903358289092,0.001267
ICSH,2022-12-22,2022-12-23,C,50.005000,0.999900009999000099990001000,50.01000000000000000000000000,49.94160605948096676141344931,2023-01-06,50.07338660185884735385116557,target,14621,0.9267868085654108408166981526,0.001267
PFG,2023-01-06,2023-01-09,O,87.360000,23.41920374707259953161592506,87.56459016393442622950819676,83.59304695755952007320250077,2023-01-26,91.50999960300210080573457628,target,251,0.9934197449330821652542618154,0.045057
PFG,2023-01-06,2023-01-09,T,87.560000,2.855021983669274253411751270,87.58499857248900816536287328,83.61345536611410200905717729,2023-01-26,91.53040218491117523803878895,target,251,0.9934182778344747143937199224,0.045047
PFG,2023-01-06,2023-01-09,C,86.950000,1.724633515377982178787007761,86.96499568841621155504455305,82.99345248204130539873885706,2023-01-26,90.91057631302477524640667848,target,251,0.9934628479618026730338574456,0.04537
FNB,2023-01-12,2023-01-13,O,13.280000,11.29092961987203613097478359,13.29499435453519006398193451,12.79881295571178815576379655,2023-01-18,12.79396675618293098493616921,stop,2015,-1.009766991548552594768977428,-0.037685
FNB,2023-01-12,2023-01-13,T,13.203000,3.786444528587656190836804241,13.20799924271109428246876183,12.71181784388769237425062387,2023-01-19,12.62572826496048174633044787,stop_gap,2015,-1.173504244881721465907553931,-0.044085
FNB,2023-01-12,2023-01-13,C,13.410000,3.729951510630361805296531145,13.41500186497575531518090265,12.91882046615235340696276469,2023-01-18,12.91392882644536652570302869,stop,2015,-1.009858571318043073481272931,-0.037352
NSIT,2023-01-17,2023-01-18,O,111.470000,83.45297918162239770279971285,112.4002503589375448671931084,108.0841202143718628239085801,2023-02-02,116.5904275749023241476246033,target,231,0.9708180883378860692118508588,0.037279
NSIT,2023-01-17,2023-01-18,T,111.210000,10.79136690647482014388489208,111.3300107913669064748201439,107.0138806468012244315356156,2023-02-02,115.5213429421168339261786600,target,231,0.9710856740562181071836700363,0.037648
NSIT,2023-01-17,2023-01-18,C,110.975000,4.054967334985357062401441766,111.0200000000000000000000000,106.7038698554343179567154717,2023-02-02,115.2116666947693881417989695,target,231,0.9711631842350717048670544759,0.037756
VOYA,2023-01-24,2023-01-25,O,67.730000,42.84236962623725808834392082,68.02017136947850494903235337,64.82773588277333626151693812,2023-02-08,71.18645075287941165401763280,target,313,0.9918068498445188534693607715,0.046549
VOYA,2023-01-24,2023-01-25,T,68.040000,3.672959670902813487107911555,68.06499081760082274296628222,64.87255533089565405545086697,2023-02-08,71.23125373899918690854293243,target,313,0.9918016932790655827371933588,0.046518
VOYA,2023-01-24,2023-01-25,C,68.555000,0.729341404711545474436583765,68.55999999999999999999999997,65.36756451329483131248458472,2023-02-08,71.72608110652199629028941235,target,313,0.9917447415013006006206966034,0.04618
EFV,2023-01-25,2023-01-26,O,49.760000,5.027652086475615887380593265,49.78501759678230266465560582,48.62828619682901727312943889,2023-02-06,48.62336081587116970731629907,stop,864,-1.004258016128935790425917652,-0.023333
EFV,2023-01-25,2023-01-26,T,49.370000,1.012863364732097640028360174,49.37500050643168236604882001,48.21826910647839697452265308,2023-02-24,48.16577074509803921568627451,stop_gap,864,-1.045385092323488327242451527,-0.024491
EFV,2023-01-25,2023-01-26,C,49.720000,1.005732676254651513627677764,49.72500050286633812732575682,48.56826910291305273579958989,2023-02-06,48.56334980086677368660119026,stop,864,-1.004252760879904976434319346,-0.023362
PRI,2023-01-25,2023-01-26,O,156.520000,71.13010749258396861344135755,157.6333284424739242767375842,151.6501656971829736627872496,2023-02-01,163.3819417276186731331752255,target,167,0.9607984154649973452419589273,0.036468
PRI,2023-01-25,2023-01-26,T,156.730000,14.33531904048931222324870186,156.9546774553215889904749769,150.9715147100306383765246423,2023-02-01,162.7042636083081350208759139,target,167,0.9609610163975163327598474121,0.036632
PRI,2023-01-25,2023-01-26,C,158.140000,8.222123837834419075327303775,158.2700246663715135032572259,152.2868619210805628893068913,2023-02-02,164.0177252271661176839854796,target,167,0.9606458666561147796483356127,0.036316
DVA,2023-01-26,2023-01-27,O,79.580000,39.70504821327283040272263188,79.89597277368122518434486669,75.90657722766839838533945657,2023-02-01,83.84382548531510234760267237,target,250,0.9895866845240579545573557411,0.049412
DVA,2023-01-26,2023-01-27,T,80.780000,4.952333787297263835582518262,80.82000495233378729726383560,76.83060940632096049825842548,2023-02-01,84.76740005238977536203808601,target,250,0.9894719775283211053640177088,0.048842
DVA,2023-01-26,2023-01-27,C,81.210000,1.848314952867968701866798102,81.22501016573224077382786028,77.23561461971941397482245016,2023-02-01,85.17220469368799436863724055,target,250,0.9894217012150498053211352034,0.048596
SIGI,2023-01-26,2023-01-27,O,94.420000,44.89041457618167414840242936,94.84385529442830736730921574,89.75237157121621449586045901,2023-02-03,99.75850024947148323474279669,target,196,0.9652677337722384509056777446,0.051818
SIGI,2023-01-26,2023-01-27,T,93.235000,17.69531878384899994637782186,93.39998230468121615100005360,88.30849858146912327955129687,2023-02-03,98.31718223900808841020467870,target,196,0.9657695480610769346455560151,0.052647
SIGI,2023-01-26,2023-01-27,C,92.840000,5.92576630932500134676507030,92.89501481441577331250336691,87.80353109120368044105461018,2023-02-03,97.81310830481421828947679413,target,196,0.9659450481942697390098671723,0.052942
EXLS,2023-02-02,2023-02-03,O,34.350000,41.76818656456665506439262096,34.49347372084928646014618865,32.71371658435792237867070034,2023-03-01,32.66538939535921849890033839,stop,561,-1.027153811049734974820379065,-0.052998
EXLS,2023-02-02,2023-02-03,T,34.520000,14.77276018885960084581293630,34.57099556817194334211974627,32.79123843168057926064425796,2023-03-01,32.74279672151588588109170294,stop,561,-1.027218157562886352468156224,-0.052882
EXLS,2023-02-02,2023-02-03,C,34.350000,11.06194690265486725663716814,34.38799778761061946902654868,32.60824065111925538755106037,2023-03-01,32.56006927918729460706370110,stop,561,-1.027066261426503639428334827,-0.053156
UTHR,2023-02-13,2023-02-14,O,255.270000,37.22570532915360501567398119,256.2202605799373040752351097,245.0353857656764979378270631,2023-02-22,238.6682190105799373040752351,stop_gap,89,-1.569265804117751175951730383,-0.068504
UTHR,2023-02-13,2023-02-14,T,254.920000,13.32183998119269649713972259,255.2596003448005642191050857,244.0747255305397580816970391,2023-02-22,238.6682190105799373040752351,stop_gap,89,-1.483376578615478208001299150,-0.064998
UTHR,2023-02-13,2023-02-14,C,253.360000,3.750123359321030297049245041,253.4550131254317576236060398,242.2701383111709514861979932,2023-02-22,238.6682190105799373040752351,stop_gap,89,-1.322034833684373279659551316,-0.058341
ELF,2023-02-15,2023-02-16,O,74.120000,29.64160603610886553489625438,74.33970358393963891134465100,69.27018309079845369326849256,2023-03-13,68.15737097817299919159256265,stop_gap,197,-1.219510329257182250820380556,-0.083163
ELF,2023-02-15,2023-02-16,T,74.555000,11.40250855188141391106043330,74.64001140250855188141391104,69.57049090936736666333775260,2023-03-10,69.49116309761210170705116451,stop,197,-1.015647991138923617966955788,-0.068982
ELF,2023-02-15,2023-02-16,C,74.325000,3.363605785401950891355533132,74.34999999999999999999999998,69.28047950685881478192384154,2023-03-13,68.15737097817299919159256265,stop_gap,197,-1.221541372641717659848498516,-0.08329
JMST,2023-02-22,2023-02-23,O,50.580000,1.977456990310460747478742338,50.59000197745699031046074747,50.49614610705176541759079973,2023-03-01,50.44002472928613802649792367,stop_gap,10654,-1.597952770810414347018865119,-0.002965
JMST,2023-02-22,2023-02-23,T,50.570000,0.988630746416213544241225902,50.57499950568462679189322790,50.48114363527940189902328016,2023-03-01,50.44002472928613802649792367,stop_gap,10654,-1.438106916655634263024720484,-0.002669
JMST,2023-02-22,2023-02-23,C,50.577700,0.988630746416213544241225902,50.58270026693030153237765697,50.48884439652507663950770923,2023-03-01,50.44002472928613802649792367,stop_gap,10654,-1.520155713522857651011005933,-0.002821
CHDN,2023-03-03,2023-03-06,O,123.710000,100.9566456340321595766334216,124.9589346631386118461225320,120.1837507118146403066661713,2023-03-10,118.6004364488499898229187869,stop_gap,209,-1.331571365439368976059440706,-0.050885
CHDN,2023-03-03,2023-03-06,T,122.990000,18.05896556621958890489621168,123.2121072174989347239413185,118.4369232661749631844849578,2023-03-10,118.2230384342716786497890350,stop,209,-1.044790909435851711089891685,-0.040492
CHDN,2023-03-03,2023-03-06,C,122.740000,3.462533352343320365806464754,122.7824991343666619141699085,118.0073151830426903747135478,2023-03-10,117.7942061788974313717439740,stop,209,-1.044628438677461256819277429,-0.040627
IMVT,2023-03-06,2023-03-07,O,16.750000,92.3443550789395293416741138,16.90467679475722371164730413,15.31021964953572779796241139,2023-03-10,15.29207957886092243327288247,stop,627,-1.011376957185190082460849920,-0.095394
IMVT,2023-03-06,2023-03-07,T,16.860000,11.84834123222748815165876778,16.87997630331753554502369669,15.28551915809603963133880395,2023-03-10,15.26740835340635238059077219,stop,627,-1.011358602358153292818998418,-0.095531
IMVT,2023-03-06,2023-03-07,C,16.881000,2.961208172934557299378146284,16.88599881551673082617708026,15.29154167029523491249218752,2023-03-10,15.27342372992758652989444796,stop,627,-1.011363077660598715764814647,-0.095498
BKE,2023-03-10,2023-03-13,O,36.930000,71.92292034197313068258922515,37.19561134482290677161080203,34.77571745724439133250397627,2023-03-22,34.72756498222743703821914661,stop,413,-1.019898589464655585149249966,-0.066353
BKE,2023-03-10,2023-03-13,T,36.160000,13.84657989476599279977845472,36.21006923289947382996399888,33.79017534532095839085717312,2023-04-06,33.00093019839869724521644728,stop_gap,413,-1.326148659233990250924532167,-0.088626
BKE,2023-03-10,2023-03-13,C,35.925000,4.175365344467640918580375783,35.94000000000000000000000002,33.52010611242148456089317426,2023-04-06,33.00093019839869724521644728,stop_gap,413,-1.214544909050662754704974723,-0.081777
NSSC,2023-03-15,2023-03-16,O,31.890000,223.6220472440944881889763780,32.60313070866141732283464568,29.88471495934568908220955549,2023-03-21,35.26862235480367066750010186,target,367,0.9805312696607217647551933097,0.081756
NSSC,2023-03-15,2023-03-16,T,33.420000,14.98351813005693736889421636,33.47007491759065028468684448,30.75165916827492204406175429,2023-03-22,36.13426757630567972620298661,target,367,0.9800534224338761726076566038,0.079599
NSSC,2023-03-15,2023-03-16,C,34.320000,4.369992716678805535324107793,34.33499781500364166059723235,31.61658206568791341997214216,2023-03-23,36.99789451492722220883211828,target,367,0.9795766893249780549137629506,0.077556
REGN,2023-03-29,2023-03-30,O,816.010000,19.80198019801980198019801980,817.6258613861386138613861386,780.7034372808859400509739755,2023-04-26,780.2930108828349439480310136,stop,27,-1.011115911481895573747638882,-0.04566
REGN,2023-03-29,2023-03-30,T,808.850000,5.257135788724989949593345085,809.2752234282710208120728581,772.3527993230183470016606950,2023-04-26,771.9467629687340500075354443,stop,27,-1.010997012361020285103754621,-0.046126
REGN,2023-03-29,2023-03-30,C,812.280000,4.124320564354790059771869672,812.6150103108014108869751495,775.6925862055487370765629864,2023-04-26,775.2847940799497536046793370,stop,27,-1.011044565341552695419223293,-0.045938
BLDR,2023-03-30,2023-03-31,O,86.970000,23.55915646727575705338160088,87.17489398379589725909325978,81.85197363854034999106035092,2023-04-11,92.48199823084755998260742378,target,187,0.9970286802773628144756367519,0.060879
BLDR,2023-03-30,2023-03-31,T,87.750000,1.709888857224280421772584782,87.76500427472214306070105439,82.44208392946659579266814553,2023-04-12,93.07200761947270696760622304,target,187,0.9970097240851686642537874659,0.060468
BLDR,2023-03-30,2023-03-31,C,88.680000,0.5638567803777840428531153085,88.68500028192839018889202147,83.36207993667284292085911261,2023-04-12,93.99184631758681281672140939,target,187,0.9969801709297693931328786117,0.059839
PUK,2023-03-30,2023-03-31,O,27.230000,3.667033370003667033370003667,27.23998533186651998533186651,25.32457205671842939165510889,2023-04-13,29.15006757783066203072209851,target,522,0.9972167733965734477816609911,0.070121
PUK,2023-03-30,2023-03-31,T,27.350000,1.828487840555860303528981532,27.35500091424392027793015176,25.43958763909582968425339414,2023-04-14,29.26506212974867717058814783,target,522,0.9972057938029483974604984906,0.069825
PUK,2023-03-30,2023-03-31,C,27.315000,1.829826166514181152790484904,27.31999817017383348581884720,25.40458489502574289214208958,2023-04-14,29.23006578588778220272114960,target,522,0.9972091352276293605861934402,0.069915
GVA,2023-04-03,2023-04-04,O,41.190000,87.42107819329771733851384165,41.55008742107819329771733851,39.38282323009642338625848251,2023-04-04,39.32298607147890539681367347,stop,461,-1.027609535960824313610391196,-0.0536
GVA,2023-04-03,2023-04-04,T,39.435000,15.19371992909597366421878956,39.49491643454038997214484680,37.32765224355862006068599080,2023-04-26,36.85496843127731908693540554,stop_gap,461,-1.218101611353240406783669786,-0.066843
GVA,2023-04-03,2023-04-04,C,39.505000,3.796987723073028730540437920,39.52000000000000000000000001,37.35273580901823008854114401,2023-04-26,36.85496843127731908693540554,stop_gap,461,-1.229675449726977012277866925,-0.067435
ISRG,2023-04-05,2023-04-06,O,257.950000,12.38677711542927924440659596,258.2695169156924982581094682,246.1566805571629323420466949,2023-04-19,270.2660188501425662978554186,target,82,0.9903957734888758739634592627,0.04645
ISRG,2023-04-05,2023-04-06,T,255.660000,4.302589376515684893999843542,255.7699999999999999999999999,243.6571636414704340839372266,2023-04-14,267.7675773739428560191263463,target,82,0.9904845585975784018353356949,0.046908
ISRG,2023-04-05,2023-04-06,C,256.780000,0.3894384297842511098995248851,256.7899999999999999999999999,244.6771636414704340839372266,2023-04-17,268.7871385098264514192671583,target,82,0.9904483272721138617005709846,0.04672
CGGO,2023-04-06,2023-04-10,O,22.940000,4.366812227074235807860262008,22.95001746724890829694323144,22.37359202478589934056695425,2023-04-28,23.52130276487693540554731735,target,1734,0.9910827238766239796532300632,0.024893
CGGO,2023-04-06,2023-04-10,T,22.884000,2.184837229626392833733886826,22.88899978151627703736071663,22.31257433905326808098443944,2023-04-14,23.46029841051544957556051643,target,1734,0.9911058515357510056292938669,0.02496
CGGO,2023-04-06,2023-04-10,C,23.002200,2.173440556400782438600304282,23.00719939143664420778091718,22.43077394897363525140463999,2023-04-28,23.57847219574498861244992821,target,1734,0.9910610500940974464478367047,0.02483
KOLD,2023-04-06,2023-04-10,O,35.920000,6.234845860755109109802563215,35.94239556633183235192241080,28.56191269868838275433989400,2023-05-04,43.27845686199431064393089151,target,135,0.9939812106094414814169980120,0.204106
KOLD,2023-04-06,2023-04-10,T,36.480000,10.25360585139107252717205550,36.51740515414587463257912367,29.13692228650242503499660687,2023-05-08,39.21728257849402611836621284,time,135,0.3658131145029279809138771111,0.073934
KOLD,2023-04-06,2023-04-10,C,35.920000,8.335648791330925257015837735,35.94994165045846068352320090,28.56945878281501108594068410,2023-05-04,43.28599520866370338697648222,target,135,0.9939801622420955574658608816,0.204063
MKC,2023-04-10,2023-04-11,O,85.370000,20.52906328816939409936066632,85.54525661329110211742624204,82.11413186197265864461843776,2023-05-03,88.96607482211393461541761703,target,291,0.9969961621209923701050278509,0.039988
MKC,2023-04-10,2023-04-11,T,86.330000,1.158345882080389204216379011,86.34000000000000000000000001,82.90887524868155652719219573,2023-05-09,88.43973359816662798793223486,time,291,0.6119665562611166138022512064,0.024319
MKC,2023-04-10,2023-04-11,C,86.200000,1.160362032954281735901601300,86.21000232072406590856347179,82.77887756940562243575566751,2023-05-09,88.43973359816662798793223486,time,291,0.6498543302996388806059346209,0.025864
OMAB,2023-04-14,2023-04-17,O,89.640000,26.66370403288523497389178980,89.87901344295078324630596601,85.63286512699676068978577520,2023-04-18,85.53208105662367701694569779,stop,235,-1.023735409805260077566934632,-0.048364
OMAB,2023-04-14,2023-04-17,T,89.270000,11.76932130247155747351902707,89.37506473126716359356610438,85.12891641531314103704591357,2023-04-20,85.02872545837083447639030834,stop,235,-1.023595727112465619268604846,-0.04863
OMAB,2023-04-14,2023-04-17,C,90.170000,6.657050926439587262842560745,90.23002662820370575834905136,85.98387831224968320182886055,2023-04-18,85.88268112318073496738182776,stop,235,-1.023832702378463974778786255,-0.048181
RACE,2023-04-14,2023-04-17,O,280.620000,5.16777447119411230108523264,280.7650180872106491793930537,271.6714757845164474462538648,2023-05-04,289.7392407383921737416091090,target,109,0.9868786389790779796208326324,0.031963
RACE,2023-04-14,2023-04-17,T,279.420000,4.116478442181375619708982872,279.5350226406314319975659083,270.4414803379372302644267194,2023-05-04,288.5097516167869390199180226,target,109,0.9869343185984307645096320387,0.032106
RACE,2023-04-14,2023-04-17,C,281.000000,5.15748101513453911682583720,281.1449252165252805491828061,272.0513829138310788160436172,2023-05-04,290.1189914797560196421828687,target,109,0.9868614412858601083891653959,0.03192
HWM,2023-04-17,2023-04-18,O,42.970000,8.12347684809098294069861901,43.00490658001624695369618197,41.10799203928206313761180036,2023-05-01,44.89656144860321858391084582,target,527,0.9972272487588310242050105137,0.043987
HWM,2023-04-17,2023-04-18,T,42.690000,1.171371676232868689235094296,42.69500058568583811643434460,40.79808604495165430034996299,2023-05-01,44.58669175578321508913902389,target,527,0.9972463858942294867603766996,0.044307
HWM,2023-04-17,2023-04-18,C,43.415000,1.151675688126223655418634112,43.41999999999999999999999998,41.52308545926581618391561837,2023-05-02,45.31160624571945566991873975,target,527,0.9972016161504705330414487760,0.043565
CNR,2023-04-18,2023-04-19,O,61.320000,40.06868918145392100744132799,61.56570120206067544361763024,57.17822599760051566422448331,2023-04-21,57.07171435931228274446444742,stop,227,-1.024276294069982838730661787,-0.072995
CNR,2023-04-18,2023-04-19,T,61.820000,18.62800680327204989066169920,61.93515833805782781242407063,57.54768313359766803303092370,2023-04-21,57.44048327030514787714206720,stop,227,-1.024433155356307057663822585,-0.072571
CNR,2023-04-18,2023-04-19,C,61.580000,9.746588693957115009746588695,61.64001949317738791423001950,57.25254428871722813483687257,2023-04-21,57.14589421026574224781158318,stop,227,-1.024307847561866333285766129,-0.072909
PH,2023-04-20,2023-04-21,O,320.680000,37.12021960197142678894503712,321.8703712021960197142678895,304.9698927212553969551180042,2023-05-09,338.5684075965198915312257654,target,59,0.9880215174472691196324738069,0.051878
PH,2023-04-20,2023-04-21,T,317.540000,5.975782355716307595533888975,317.7297549929234156313885831,300.8292765119827928722386978,2023-05-04,334.4302657293758038653168854,target,59,0.9881679240789693307356424496,0.052562
PH,2023-04-20,2023-04-21,C,320.350000,2.809690309690309690309690310,320.4400084290709290709290709,303.5395299481303063117791856,2023-05-04,337.1388995770569923243462466,target,59,0.9880720931551199581726046059,0.052112
HD,2023-04-21,2023-04-24,O,300.000000,7.995735607675906183368869935,300.2398720682302771855010661,289.2623851283928816860623183,2023-04-26,289.2142196852850501818519043,stop,91,-1.004387656607728558766269685,-0.036723
HD,2023-04-21,2023-04-24,T,300.297500,1.665112561609164779539096843,300.3475029139469828160383643,289.3700159741095873165996165,2023-04-26,289.3218326092544338619378675,stop,91,-1.004389289198814311943033940,-0.03671
HD,2023-04-21,2023-04-24,C,301.540000,0.6632619221330503415798898985,301.5600000000000000000000000,290.5825130601626045005612522,2023-04-26,290.5341278008945609071649952,stop,91,-1.004407680877528814636328864,-0.036563
EWJ,2023-04-24,2023-04-25,O,58.950000,0.848536274925753075943996606,58.95500212134068731438268988,57.89965221297436331612441412,2023-05-09,60.00525560915247143906876683,target,947,0.9951708712777271139625172281,0.017814
EWJ,2023-04-24,2023-04-25,T,58.875000,0.8492569002123142250530785565,58.88000000000000000000000001,57.82465009163367600174172425,2023-05-09,59.93025985741869203868305213,target,947,0.9951769068180322001820528268,0.017837
EWJ,2023-04-24,2023-04-25,C,58.625000,0.852878464818763326226012793,58.62999999999999999999999998,57.57465009163367600174172422,2023-05-09,59.68028108884119734653867843,target,947,0.9951970247166902613590035849,0.017914
CDP,2023-04-25,2023-04-26,O,21.880000,45.47521600727603456116416553,21.97949977262391996361982720,20.76984469003308129691465371,2023-04-28,23.17869043515374113996835583,target,826,0.9913492530130119400921517909,0.05456
CDP,2023-04-25,2023-04-26,T,22.160000,4.512635379061371841155234657,22.16999999999999999999999999,20.96034491740916133329482650,2023-04-28,23.36910469672324352290250869,target,826,0.9912781866339962524769984189,0.054087
CDP,2023-04-25,2023-04-26,C,21.865000,2.286759661559570089183626801,21.87000000000000000000000001,20.66034491740916133329482652,2023-04-28,23.06924007578461536405774337,target,826,0.9913901020579217952420713045,0.054835
FERG,2023-04-26,2023-04-27,O,134.740000,5.197891141308383455855053095,134.8100363852379891586841909,129.5631489488705288069001239,2023-04-28,140.0259856895485452804018854,target,190,0.9941035266275269279692170318,0.038691
FERG,2023-04-26,2023-04-27,T,135.820000,2.208968411751711950519107577,135.8500022089684117517119506,130.6031147726009513999278836,2023-04-28,141.0657217881135756881870942,target,190,0.9940597434954932761846866183,0.038393
FERG,2023-04-26,2023-04-27,C,138.105000,1.810216863980304840519894284,138.1299999999999999999999999,132.8831125636325396482159329,2023-05-09,143.3452159348352386905621133,target,190,0.9939637543369619983844535049,0.037756
LVS,2023-05-01,2023-05-02,O,64.400000,12.44942421413009648303765951,64.48017429193899782135076253,60.88597269629184926110785911,2023-05-04,60.87157998349625588408608592,stop,278,-1.004004425576190285669143661,-0.055964
LVS,2023-05-01,2023-05-02,T,63.465000,2.363879914900323063588369711,63.48000236387991490032306359,59.88580076823276634008016017,2023-05-12,59.87164448407039156275605328,stop,278,-1.003938645005199239215095919,-0.056842
LVS,2023-05-01,2023-05-02,C,63.620000,1.571832756994655768626218170,63.63000000000000000000000001,60.03579840435285143975709659,2023-05-12,60.02160666255054598279395174,stop,278,-1.003948510239239984602676782,-0.056709
DOLE,2023-05-09,2023-05-10,O,12.250000,28.51323828920570264765784114,12.28492871690427698574338085,11.73653628444670141389337696,2023-05-18,12.82804645920592906702306276,target,1823,0.9903815409481757423863069482,0.04421
DOLE,2023-05-09,2023-05-10,T,12.170000,4.110152075626798191533086724,12.17500205507603781339909577,11.62660962261846224154909188,2023-05-18,12.71816497890741790091484191,target,1823,0.9904639299948763486063906409,0.044613
DOLE,2023-05-09,2023-05-10,C,12.115000,4.127115146512587701196863392,12.12000000000000000000000000,11.57160756754242442814999611,2023-05-18,12.66318553051246353914476344,target,1823,0.9905051535416385488933448212,0.044817
DXJ,2023-05-09,2023-05-10,O,73.900000,14.21319796954314720812182741,74.00503553299492385786802032,72.32911216712437169408924585,2023-05-17,75.67579895075755582828607707,target,596,0.9969211312324893343239650929,0.022576
DXJ,2023-05-09,2023-05-10,T,73.330000,0.6818026863025840321810867935,73.33499965909865684870798393,71.65907629322810468492920946,2023-05-15,75.00580876008716297655490548,target,596,0.9969483897735446572485712762,0.022783
DXJ,2023-05-09,2023-05-10,C,73.370000,2.044014444368740205764120733,73.38499693397833344688969135,71.70907356810778128311091688,2023-05-15,75.05580262613920749751576462,target,596,0.9969463557738394818761855500,0.022768
MFC,2023-05-19,2023-05-22,O,19.340000,20.66115702479338842975206612,19.37995867768595041322314050,18.64378641481911238843260127,2023-05-24,18.63893252614042998479072868,stop,1358,-1.006593414236744200324498815,-0.038237
MFC,2023-05-19,2023-05-22,T,19.200000,2.603488674824264514449362145,19.20499869825566258786774277,18.46882643538882456307720354,2023-05-24,18.46401809734264158349816756,stop,1358,-1.006531539272422618087296696,-0.038583
MFC,2023-05-19,2023-05-22,C,19.340000,2.585983966899405223687613137,19.34500129299198344970261184,18.60882903012514542491207261,2023-05-24,18.60398424256197824307793773,stop,1358,-1.006581051484200685850515665,-0.038305
WST,2023-05-19,2023-05-22,O,350.430000,83.9881562464411798200660517,353.3731969593440382644345746,338.4599463141907570700645755,2023-05-24,338.0717986785711360633865555,stop,67,-1.026027030917351791903253660,-0.043301
WST,2023-05-19,2023-05-22,T,353.040000,11.46805227166541603545185542,353.4448681173988758477155925,338.5316174722455946533455934,2023-05-24,338.1433876437672792795448403,stop,67,-1.026032542315279049252657389,-0.043292
WST,2023-05-19,2023-05-22,C,350.890000,3.134974920200638394892840858,351.0000031349749202006383949,336.0867524898216390062683958,2023-05-24,335.7013264452848838596683514,stop,67,-1.025844536091265678934750891,-0.043586
CVLT,2023-05-24,2023-05-25,O,67.260000,33.46969133506879880996653031,67.48511714391967274079583488,64.83527804571247503602739260,2023-06-02,70.09867328494004847430428530,target,377,0.9863074866653715161068449340,0.038728
CVLT,2023-05-24,2023-05-25,T,67.690000,5.173305742369374030005173305,67.72501810657009829280910500,65.07517900836290058804066272,2023-06-02,70.33845013948770608759432041,target,377,0.9862606505752663068610928802,0.038589
CVLT,2023-05-24,2023-05-25,C,68.600000,3.644049267546097223234458130,68.62499817797536622695138840,65.97515907976816852218294612,2023-06-02,71.23796462368583213454873920,target,377,0.9860849466212198556482776010,0.038076
EPRT,2023-05-25,2023-05-26,O,23.620000,48.63607528018608585324592937,23.73487840981179953478536689,22.73111056612499662478470497,2023-06-06,24.71771677274268146133020307,target,996,0.9791490822429140993470990596,0.041409
EPRT,2023-05-25,2023-05-26,T,23.640000,8.460236886632825719120135365,23.66000000000000000000000001,22.65623215631319708999933809,2023-06-06,24.64290171183935214611741264,target,996,0.9792121933585656441582368086,0.041543
EPRT,2023-05-25,2023-05-26,C,23.980000,2.085505735140771637122002086,23.98500104275286757038581856,22.98123319906606466038515664,2023-06-07,24.96762779601121052228124657,target,996,0.9789382668896729156171981730,0.040968
GXO,2023-05-30,2023-05-31,O,56.510000,49.56629491945477075588599752,56.79009913258983890954151179,53.53883083989376726897594284,2023-06-07,59.97139541483958900486715317,target,307,0.9784785492469161404699980422,0.056019
GXO,2023-05-30,2023-05-31,T,55.770000,11.65396683101748095024652622,55.83499417301658449125952490,52.58372588032051285069395595,2023-06-02,59.01740353141823528648993238,target,307,0.9788209006161960026640041458,0.056997
GXO,2023-05-30,2023-05-31,C,55.840000,2.685044303231003311554640652,55.85499328738924192249172111,52.60372499469317028192615216,2023-06-02,59.03737933888933785025408569,target,307,0.9788137320593570527398668103,0.056976
XHB,2023-05-30,2023-05-31,O,69.970000,9.995716121662144795087819505,70.03994002570327002713122948,67.60761461674878385486489847,2023-06-02,72.46700429016159229695114325,target,411,0.9978369898711762586710671883,0.034653
XHB,2023-05-30,2023-05-31,T,68.880000,0.725952813067150635208711434,68.88500036297640653357531759,66.45267495402192036130898658,2023-06-02,71.31214847060443674266881073,target,411,0.9978714602464801858407491408,0.035235
XHB,2023-05-30,2023-05-31,C,68.905000,0.7256367462448298381830055875,68.91000000000000000000000003,66.47767459104551382773366902,2023-06-02,71.33714629277234791555691062,target,411,0.9978707141063150532335777083,0.035222
XLK,2023-05-30,2023-05-31,O,82.360000,0.607090820786789703739679456,82.36500000000000000000000000,79.73611339254237415391829275,2023-06-13,84.99131064483882125066282312,target,380,0.9990201317122248238664170040,0.031886
XLK,2023-05-30,2023-05-31,T,82.500000,0.3030762236702530686467646612,82.50250037884527958781633577,79.87361377138765374173462852,2023-06-13,85.12880685637454347283018734,target,380,0.9990185465127926597613867417,0.031833
XLK,2023-05-30,2023-05-31,C,82.300000,0.3037759348704395637777575260,82.30250007594398371760989096,79.67361346848635787152818371,2023-06-13,84.92881261500690122577483229,target,380,0.9990208522545604590235108022,0.03191
VSAT,2023-06-02,2023-06-05,O,46.630000,48.10261892036344200962052378,46.85430251202565473009086048,43.26720397053232519747372608,2023-06-09,43.20001887119920046890622030,stop,278,-1.018729649758981862105980164,-0.077992
VSAT,2023-06-02,2023-06-05,T,45.070000,15.52795031055900621118012422,45.13998447204968944099378880,41.55288593055635990837665440,2023-06-14,41.48836281575735934951271550,stop,278,-1.017987550119584732414664067,-0.080896
VSAT,2023-06-02,2023-06-05,C,44.350000,10.15686717074822254824511906,44.39504570590226836700146711,40.80794716440893883438433271,2023-06-15,40.74458078682445290451727629,stop,278,-1.017665078572975624566485920,-0.082227
MSI,2023-06-05,2023-06-06,O,282.700000,40.77022185354489136765562400,283.8525741717997140789636244,274.9662135481373680133646527,2023-06-30,292.5384431307978766270531631,target,112,0.9774382704962119063509121426,0.0306
MSI,2023-06-05,2023-06-06,T,277.320000,6.84882128181097253262201716,277.5099315117871818902746739,268.6235708881248358246757022,2023-06-29,286.2001444333886260370804224,target,112,0.9779271053282931770288749309,0.031315
MSI,2023-06-05,2023-06-06,C,278.210000,1.617279735484914374022893493,278.2549943395209258027996908,269.3686337158585797372007191,2023-06-29,286.9446969809072830368256117,target,112,0.9778696824713219943305158206,0.031229
ANDE,2023-06-13,2023-06-14,O,45.580000,52.67778753292361720807726075,45.82010535557506584723441615,43.03208179737264162605413140,2023-06-26,42.99409276025291296427875808,stop,358,-1.013625794878226230131153742,-0.061676
ANDE,2023-06-13,2023-06-14,T,45.270000,8.828073273008165967777532555,45.30996468770690796733612888,42.52194112950448374615584413,2023-07-14,46.61845330613165013525698828,time,358,0.4693248070214977212825062104,0.028879
ANDE,2023-06-13,2023-06-14,C,44.360000,6.762849413886384129846708745,44.39000000000000000000000001,41.60197644179757577881971526,2023-07-03,47.13637445331767257763918541,target,358,0.9850614228985909760717290924,0.061869
ASLE,2023-06-20,2023-06-21,O,14.990000,43.52192835621024439236692334,15.05523937060595915634415801,14.07766857553765822289172229,2023-07-06,14.06823314083555523480667422,stop,1022,-1.009651919584446825631510919,-0.065559
ASLE,2023-06-20,2023-06-21,T,14.915000,6.702412868632707774798927615,14.92499664879356568364611260,13.94742585372526475019367688,2023-07-06,13.93807771307263387569622803,stop,1022,-1.009562622676322627296166909,-0.066125
ASLE,2023-06-20,2023-06-21,C,15.060000,3.321155762205247426104284291,15.06500166057788110262371305,14.08743086550958016917127733,2023-07-06,14.07798888771768366771740918,stop,1022,-1.009658612797691863517598389,-0.065517
LECO,2023-06-20,2023-06-21,O,193.160000,45.61032803360218517277810704,194.0410090962970598087973820,186.6049539363037331925751565,2023-07-17,201.3019921804185331961694065,target,134,0.9764563236682592945104104887,0.03742
LECO,2023-06-20,2023-06-21,T,195.715000,8.68942956450623594356982212,195.8850651707217337967695767,188.4490100107284071805473512,2023-07-17,203.1444458753060358767507032,target,134,0.9762408358184928942536352366,0.037059
LECO,2023-06-20,2023-06-21,C,195.360000,4.604993860008186655751125665,195.4499631600491199345067541,188.0139080000557933182845286,2023-07-17,202.7097219434609334863575631,target,134,0.9762916798237317971844255265,0.037144
XP,2023-06-20,2023-06-21,O,23.620000,6.341154090044388078630310715,23.63497780596068484464172479,21.85713889097279394389140610,2023-06-27,21.85250912209099500427185698,stop,562,-1.002604155439937860509838668,-0.075417
XP,2023-06-20,2023-06-21,T,23.600000,2.118195297606439313704723576,23.60499894090235119678034314,21.82716002591446029603002445,2023-06-27,21.82253660714176077044306617,stop,562,-1.002600583626402967060824793,-0.075512
XP,2023-06-20,2023-06-21,C,24.635000,2.029632636492794804140450578,24.64000000000000000000000000,22.86216108501210909924968131,2023-06-27,22.85731843280176974125365299,stop,562,-1.002723898194326757635187354,-0.072349
AIR,2023-06-23,2023-06-26,O,55.000000,111.1010748803179477915274140,55.61105591184174871285340076,52.82223949834168325243868714,2023-07-11,58.35201665285450867135065895,target,358,0.9828401495861662323702001129,0.049288
AIR,2023-06-23,2023-06-26,T,54.915000,8.19448238186287899481016116,54.95999999999999999999999999,52.17118358649993453958528637,2023-06-29,57.70149424763267944665310636,target,358,0.9830314517519656361584298150,0.049882
AIR,2023-06-23,2023-06-26,C,55.380000,6.32168337397272645172943195,55.41500948252506095908967758,52.62619306902499549867496396,2023-06-30,58.15613087343892718998827179,target,358,0.9828977546333570766629292231,0.049465
ROCK,2023-06-30,2023-07-03,O,62.550000,35.92814371257485029940119760,62.77473053892215568862275451,59.33946282345439984707377980,2023-07-06,59.26295747251360448868915607,stop,291,-1.022270564415204004496289842,-0.055942
ROCK,2023-06-30,2023-07-03,T,62.050000,12.89282836422240128928283642,62.13000000000000000000000002,58.69473228453224415845102531,2023-08-01,65.48073554113677404513763037,target,291,0.9753928423248166978261661675,0.053931
ROCK,2023-06-30,2023-07-03,C,62.040000,7.25513905683192261185006046,62.08501088270858524788391777,58.64974316724082940633494306,2023-08-01,65.43580442754210890108229407,target,291,0.9754097270923381456013374824,0.053971
AN,2023-07-03,2023-07-05,O,166.480000,15.62687823055655727851905277,166.7401562687823055655727851,157.9092277241020162761164699,2023-07-11,175.4207537892342321856029040,target,113,0.9829767590726434553118855751,0.052061
AN,2023-07-03,2023-07-05,T,169.340000,8.562402196699046325548436625,169.4849957187989016504768373,160.6540671741186123610205221,2023-07-12,178.1632429973171874400583980,target,113,0.9827106214947262831281878217,0.051204
AN,2023-07-03,2023-07-05,C,168.010000,2.380385622470840276124732206,168.0499928588431325874791716,159.2190643141628432980228564,2023-07-11,176.7294688445254538461571606,target,113,0.9828497582975912136384521898,0.051648
WCC,2023-07-13,2023-07-14,O,177.900000,60.3542655026247087555792606,178.9737023832916935687617550,168.3713879079580328361369753,2023-07-27,168.2396228149602974984199324,stop,94,-1.012427955547280502351266947,-0.059976
WCC,2023-07-13,2023-07-14,T,172.350000,7.825860119996521839946668215,172.4848786991681400539114809,161.8825642238344793212867012,2023-08-02,182.9439116981471574828280643,target,94,0.9864858303639277634267107621,0.060637
WCC,2023-07-13,2023-07-14,C,172.210000,1.741957960747880617814423412,172.2399982580420392521193821,161.6376837827083785194946024,2023-08-02,182.6992228970288942718782132,target,94,0.9865039056632676804144708834,0.060725
SHW,2023-07-17,2023-07-18,O,268.170000,17.73148925845045448606678239,268.6455053474438658379528528,259.4262157971158088501637677,2023-07-25,277.7827411397274735480258722,target,108,0.9910997742725707647968077598,0.034012
SHW,2023-07-17,2023-07-18,T,270.990000,2.953010224797903362740393488,271.0700236240817983832269018,261.8507340737537413954378167,2023-07-21,261.7734092842446782404725699,stop,108,-1.008387282890611852862829082,-0.034296
SHW,2023-07-17,2023-07-18,C,267.525000,1.308386759125997644903833573,267.5600026167735182519952897,258.3407130664454612642062046,2023-07-25,276.6975589591233975201757123,target,108,0.9911345437702117355949036026,0.034151
MTH,2023-07-21,2023-07-24,O,70.210000,70.43756670224119530416221985,70.70454215581643543223052295,66.64366084791677816835495379,2023-07-28,74.67228269769971742490610232,target,246,0.9770639033859009942059939718,0.056117
MTH,2023-07-21,2023-07-24,T,70.280000,12.45773269264993771133653675,70.36755294536394376223527320,66.30667163746428649835970404,2023-07-28,74.33571329939763818446948698,target,246,0.9771672829526949722552597929,0.056392
MTH,2023-07-21,2023-07-24,C,70.670000,3.538069629210302858760260402,70.69500353806962921030285876,66.63412223016997194642728960,2023-07-28,74.66275596290792591085412662,target,246,0.9770668295869183920527534531,0.056125
ACH,2023-07-26,2023-07-27,O,19.200000,18.22442072376985160114553502,19.23499088778963811507419944,18.08774917695191895857781988,2023-08-04,18.06377919394509160771832105,stop,871,-1.020893576985903346532506834,-0.06089
ACH,2023-07-26,2023-07-27,T,18.880000,13.25205406838059899284389080,18.90501987808110257089848926,17.75777816724338341440210970,2023-08-09,20.02568822344185535881894135,target,871,0.9768371693376085309769983764,0.059279
ACH,2023-07-26,2023-07-27,C,18.310000,2.730002730002730002730002730,18.31499863499863499863499863,17.16775692416091584213861907,2023-08-07,19.43644887970086998582958734,target,871,0.9775187165077434576034533148,0.061231
APG,2023-07-28,2023-07-31,O,18.860000,37.04357029458458281883930146,18.92986417357558652319633092,18.28042388735046340479812238,2023-08-03,19.57244896104027521945112400,target,1539,0.9894439890689842113601501939,0.033946
APG,2023-07-28,2023-07-31,T,19.050000,3.501400560224089635854341736,19.05667016806722689075630252,18.40722988184210377235809398,2023-08-03,19.69921055567390030677035332,target,1539,0.9893756227249845885893084105,0.033717
APG,2023-07-28,2023-07-31,C,19.160000,1.740038280842178527927614408,19.16333391334609361405950930,18.51389362712097049566130076,2023-08-08,18.50741117136917743876506081,stop,1539,-1.009981603989294201375665877,-0.034228
DECK,2023-07-28,2023-07-31,O,89.880000,25.99331600445599702933531378,90.11362792424805050129966577,85.44112108448123415922077475,2023-08-28,85.37310101141303403945615340,stop,214,-1.014557511717113868065958222,-0.052606
DECK,2023-07-28,2023-07-31,T,89.950000,7.961046414752004147149760245,90.02160961250069427730361209,85.34910277273387793522472107,2023-08-07,94.61873002663946731579571016,target,214,0.9838659571375168925983802903,0.051067
DECK,2023-07-28,2023-07-31,C,90.360000,3.779533365904921689912333262,90.39415186349431687239004781,85.72164502372750053031115679,2023-08-28,85.65340162424922155075432085,stop,214,-1.014605307561558261645926863,-0.052445
MANH,2023-07-31,2023-08-01,O,189.060000,53.2784723321200611911167379,190.0672827979110618768792531,180.4392397800388127962838935,2023-08-29,199.6063140289281675010054586,target,103,0.9907549450402419752939859976,0.050188
MANH,2023-07-31,2023-08-01,T,190.675000,4.457379585201499777131020740,190.7599910852408295970004457,181.1319480673685805164050861,2023-08-29,200.2987135498800908609902538,target,103,0.9907228755555843759959032560,0.050004
MANH,2023-07-31,2023-08-01,C,191.500000,8.877284595300261096605744125,191.6699999999999999999999999,182.0419569821277509194046403,2023-08-29,200.2320943358746736292428198,time,103,0.8892870877270815360117483919,0.044671
VSH,2023-07-31,2023-08-01,O,28.030000,39.18774492340577128607053794,28.13984324902030637691485572,27.01947148738507136775985755,2023-08-03,27.00989351096274415352102031,stop,892,-1.008548927017178395758240207,-0.040155
VSH,2023-07-31,2023-08-01,T,28.210000,3.544842254519673874512584190,28.21999999999999999999999999,27.09962823836476499084500182,2023-08-03,27.09002184763865199368412093,stop,892,-1.008574288513030728662580259,-0.040042
VSH,2023-07-31,2023-08-01,C,28.170000,1.774622892635314995563442768,28.17499911268855368234250221,27.05462735105331867318750404,2023-08-03,27.04503691243188892534163821,stop,892,-1.008560050288514996070553194,-0.040105
BOTZ,2023-08-01,2023-08-02,O,28.270000,7.102272727272727272727272725,28.29007812499999999999999999,27.25441474933837795471855262,2023-08-03,27.24950492863051660037614250,stop,965,-1.004740749574855603938419666,-0.036782
BOTZ,2023-08-01,2023-08-02,T,27.755000,1.801477211313276887047378850,27.76000000000000000000000000,26.72433662433837795471855263,2023-08-09,26.71952229599675691743613170,stop,965,-1.004648545516582989226741161,-0.037481
BOTZ,2023-08-01,2023-08-02,C,27.730000,1.802776275464214890932035334,27.73499909861186226789255455,26.69933572295024022261110718,2023-08-09,26.69452589846403048738815436,stop,965,-1.004644196752769240554341490,-0.037515
GDRX,2023-08-01,2023-08-02,O,8.560000,35.41912632821723730814639906,8.590318772136953955135773318,7.517014611171643805079367666,2023-08-14,7.512499887681450625616857535,stop,931,-1.004206378447403688114143568,-0.125469
GDRX,2023-08-01,2023-08-02,T,8.330000,6.006006006006006006006006005,8.335003003003003003003003006,7.261698842037692852946597354,2023-08-15,7.257337461351784328710593392,stop,931,-1.004063508597587079269227545,-0.129294
GDRX,2023-08-01,2023-08-02,C,8.400000,5.94883997620464009518143962,8.404997025580011897679952410,7.331692864614701747623546758,2023-08-15,7.327289445476795019847196279,stop,931,-1.004102675921750245584339249,-0.128222
FOXF,2023-08-02,2023-08-03,O,107.230000,193.7351197423089491620372532,109.3074216889967788618645254,103.0421294154817935451556651,2023-08-04,102.8825541059547909083829335,stop,159,-1.025469731109204408416744975,-0.058778
FOXF,2023-08-02,2023-08-03,T,106.520000,15.48641419118682246937913558,106.6849612839645220329438266,100.4196690104495367162349663,2023-08-04,100.2641549517257657879119219,stop,159,-1.024821517007461754135115086,-0.060185
FOXF,2023-08-02,2023-08-03,C,106.320000,6.580184245158864448204549725,106.3899605188945290468133108,100.1246682453795437301044505,2023-08-04,99.96961103705923189270741418,stop,159,-1.024748599355177547695548587,-0.060347
UFPT,2023-08-02,2023-08-03,O,183.340000,238.2107248720021557531662624,187.7073554298032875235785502,174.9346425631579056618518041,2023-08-10,174.1631296234735327452988172,stop,78,-1.060403216430168029135354203,-0.072156
UFPT,2023-08-02,2023-08-03,T,184.620000,44.10292486268567872507373035,185.4342281988149030006223112,172.6615153321695211388955651,2023-08-11,171.9000275484323087699018159,stop,78,-1.059618327890683186798150989,-0.072987
UFPT,2023-08-02,2023-08-03,C,186.539900,10.46389954656435298221137077,186.7350934775026159748866411,173.9623806108572341131598950,2023-08-11,173.1951556307557776570749072,stop,78,-1.060067503913360889183876870,-0.072509
BOTZ,2023-08-07,2023-08-08,O,27.320000,14.76559616094499815430047988,27.36033960871170173495754891,26.28542246636810564907449450,2023-08-11,26.28055569679462516293321057,stop,930,-1.004527576481727396792809009,-0.039465
BOTZ,2023-08-07,2023-08-08,T,27.005000,1.851508979818552119977781892,27.00999999999999999999999999,25.93508285765640391411694558,2023-08-16,25.93028095377607501133706834,stop,930,-1.004467231650859633858094128,-0.039975
BOTZ,2023-08-07,2023-08-08,C,27.145000,1.841959845275372996868668263,27.15000000000000000000000000,26.07508285765640391411694559,2023-08-14,26.07025503265035755160738867,stop,930,-1.004491346184618901109845800,-0.03977
CSWC,2023-08-14,2023-08-15,O,22.250000,18.03426510369702434625788999,22.29012623985572587917042381,21.50176420250270921432858832,2023-08-17,21.48715371720089536888283843,stop,1268,-1.018532710366000906055633090,-0.036024
CSWC,2023-08-14,2023-08-15,T,22.066200,6.79501698754246885617214043,22.08119402038505096262740657,21.29283198303203429778557108,2023-09-13,22.68962622806215722120658135,time,1268,0.7717675114341654501298653426,0.027554
CSWC,2023-08-14,2023-08-15,C,21.880000,4.570383912248628884826325412,21.89000000000000000000000001,21.10163796264698333515816452,2023-09-13,22.66295205182367146665508001,target,1268,0.9804531613659564908704959482,0.035311
XLG,2023-08-15,2023-08-16,O,34.850000,4.299842339114232478142468110,34.86498495055181310018632651,34.04780831827170981046412756,2023-08-18,34.04294504040879426842578102,stop,1223,-1.005951317831184088895544304,-0.023578
XLG,2023-08-15,2023-08-16,T,35.009900,1.428367376089130124267961720,35.01490069990001428367376089,34.19772406761991099395156194,2023-08-18,34.11532563766661889064067651,stop_gap,1223,-1.100833071698810433207853002,-0.025691
XLG,2023-08-15,2023-08-16,C,34.680000,1.441961067051189617880317232,34.68500072098053352559480895,33.86782408870043023587261000,2023-08-29,35.49710633806948403188388163,target,1223,0.9937944686731881563470697600,0.023414
ADP,2023-08-18,2023-08-21,O,250.380000,12.36883054702150580537046642,250.6896907792363244623548658,243.0404938653283307247051255,2023-09-19,245.7715903883610923401041460,time,130,-0.6429564366336285614465777049,-0.019618
ADP,2023-08-18,2023-08-21,T,250.730000,2.990609486213290268556731862,250.8049835516478258269035229,243.1557866377398320892537826,2023-09-19,245.7715903883610923401041460,time,130,-0.6580289695686707579518828267,-0.020069
ADP,2023-08-18,2023-08-21,C,251.550000,2.782525738363079858488691020,251.6199944349485232738402830,243.9707975210405295361905427,2023-09-19,243.8978353828979849672760770,stop,130,-1.009538535739599365468258438,-0.03069
TXRH,2023-08-21,2023-08-22,O,102.950000,32.95212250436131033145958519,103.2892421011823996898623765,99.43286504793532301285530350,2023-09-19,99.39915082873766996073178753,stop,259,-1.008742459238851039378879654,-0.037662
TXRH,2023-08-21,2023-08-22,T,103.223300,3.390651489464761443448776944,103.2582994235892467909905546,99.40192237034217011398348160,2023-09-19,99.36821864272810398703759231,stop,259,-1.008739738658513053173753970,-0.037673
TXRH,2023-08-21,2023-08-22,C,104.680000,1.432870038687491044562258203,104.6949992835649806562544777,100.8386222303179039792474047,2023-09-07,100.8044313678518237986780304,stop,259,-1.008866057959060670831840851,-0.037161
YANG,2023-08-30,2023-08-31,O,198.600000,5.03271263210870659285354806,198.6999496728736789129340715,172.7490547991087681429872005,2023-09-21,224.5387992376377724311687824,target,38,0.9956824105856137702882332712,0.13004
YANG,2023-08-30,2023-08-31,T,200.600000,4.987531172069825436408977556,200.7000498753117206982543641,174.7491550015468099283074931,2023-09-21,226.5379018838651219263218330,target,38,0.9956439704387307905089604831,0.128739
YANG,2023-08-30,2023-08-31,C,200.400000,4.992511233150274588117823265,200.5000499251123315027458811,174.5491550513474207327990101,2023-09-21,226.3380016842643359174445263,target,38,0.9956478142598817917263426699,0.128868
ALNY,2023-09-06,2023-09-07,O,201.140000,34.36939629408248655110579797,201.8313060370591751344889421,192.1019450472192043479833936,2023-09-12,211.3933923346462112335693121,target,102,0.9828072272755000291831016655,0.047377
ALNY,2023-09-06,2023-09-07,T,202.430000,7.90670092903735916188970152,202.5900553469065032615141332,192.8606943570665324750085847,2023-09-14,192.7082051739417516626148242,stop,102,-1.015673093359781788217640333,-0.048778
ALNY,2023-09-06,2023-09-07,C,201.010000,9.449915448124937829503630755,201.1999527504227593753108525,191.4705917605827885888053040,2023-09-12,210.7625382401715953682510194,target,102,0.9828585350810507927597715980,0.047528
HOV,2023-09-07,2023-09-08,O,122.882100,133.7683523654159869494290375,124.5258736052202283849918434,112.2513975157795748748959393,2023-09-15,111.5692790794287070006913722,stop,81,-1.055572101927647482537431002,-0.104047
HOV,2023-09-07,2023-09-08,T,124.960000,60.76703287858666344722121615,125.7193448428508189464364764,113.4448687534101654363405723,2023-09-15,112.7554979464656230007943762,stop,81,-1.056162951634048682676227751,-0.103117
HOV,2023-09-07,2023-09-08,C,123.150000,32.11773793552059194210676098,123.5455299426759360897670447,111.2710538532352825796711406,2023-09-15,110.5948926744418290133493433,stop,81,-1.055086764914971304076014424,-0.104825
BOTZ,2023-09-08,2023-09-11,O,26.060000,7.68639508070714834742505765,26.08003074558032282859338971,25.13300322297873158819948337,2023-09-20,25.12815035500750572768814924,stop,1055,-1.005124315667082711343846155,-0.036498
BOTZ,2023-09-08,2023-09-11,T,25.895000,1.930874686232863487159683336,25.89999999999999999999999999,24.95297247739840875960609365,2023-09-21,24.73097617217524980784012298,stop_gap,1055,-1.234413784103454675123733108,-0.045136
BOTZ,2023-09-08,2023-09-11,C,25.960000,1.926411096127913696782893470,25.96500096320554806395684838,25.01797344060395682356294204,2023-09-21,24.73097617217524980784012298,stop_gap,1055,-1.303050610018485210759976797,-0.047526
VOO,2023-09-11,2023-09-12,O,410.700000,0.2435104465981590610237179175,410.7100009740417863926362442,402.9123575906565666019555988,2023-09-21,401.7902037505478985048458579,stop_gap,128,-1.143909356319075891879822336,-0.021718
VOO,2023-09-11,2023-09-12,T,410.050000,0.2438786459857574870744317628,410.0600002438786459857574870,402.2623568604934261950768416,2023-09-21,401.7902037505478985048458579,stop_gap,128,-1.060550744209662754876075373,-0.020167
VOO,2023-09-11,2023-09-12,C,410.010000,0.1219467580454373620477299611,410.0149999390266209772813190,402.2173565556414011866006736,2023-09-21,401.7902037505478985048458579,stop_gap,128,-1.054779730758610462775820132,-0.02006
CWCO,2023-09-15,2023-09-18,O,30.980000,105.0929668552950687146321746,31.30557801131770412287793046,28.92070047527473304525700965,2023-09-21,28.85042500028216525071969309,stop,419,-1.029467121028432363326323321,-0.078425
CWCO,2023-09-15,2023-09-18,T,30.840000,24.29936821642637291430422809,30.91493925157945893406771425,28.53006171553648785644679344,2023-09-27,28.46073546805016883525017884,stop,419,-1.029069101636701353278130534,-0.079386
CWCO,2023-09-15,2023-09-18,C,30.190000,8.287750704458809878998839715,30.21502071937676114702469750,27.83014318333379006940377669,2023-09-28,27.76251769366102045154518984,stop,419,-1.028355959017071781308710608,-0.081168
GCT,2023-09-15,2023-09-18,O,11.380000,52.67778753292361720807726075,11.43994732221246707638279192,8.148868978645003548164773822,2023-09-28,8.132968746491549882704940117,stop,303,-1.004831313780339282277642834,-0.289073
GCT,2023-09-15,2023-09-18,T,10.230000,19.51219512195121951219512195,10.24996097560975609756097561,6.958882632042292569342957512,2023-09-28,6.945304324467575900914971253,stop,303,-1.004125792873103729529637047,-0.322407
GCT,2023-09-15,2023-09-18,C,9.990000,5.01253132832080200501253133,9.995007518796992481203007517,6.703929175229528952984989419,2023-10-16,9.025473684210526315789473685,time,303,-0.2945945776348522758320018863,-0.097002
SCHL,2023-09-15,2023-09-18,O,39.950000,131.2205991582074770982916564,40.47422629363703887100767518,37.95132187086817926994975097,2023-09-22,32.41893835800940826937360733,stop_gap,396,-3.192862901554963188737029576,-0.199023
SCHL,2023-09-15,2023-09-18,T,39.980000,7.503751875937968984492246125,40.01000000000000000000000002,37.48709557723114039894207581,2023-09-22,32.41893835800940826937360733,stop_gap,396,-3.008858192756856732364746316,-0.189729
SCHL,2023-09-15,2023-09-18,C,38.680000,10.33057851239669421487603306,38.71995867768595041322314048,36.19705425491709081216521627,2023-09-22,32.41893835800940826937360733,stop_gap,396,-2.497526367947479469342254636,-0.162733
TNET,2023-09-18,2023-09-19,O,115.070000,54.8780487804878048780487805,115.7014817073170731707317073,111.4712510180638999153523300,2023-10-09,119.8745946394432484302377148,target,236,0.9864977204973467157841233210,0.036068
TNET,2023-09-18,2023-09-19,T,115.480000,4.762523271420530804866432870,115.5349976187383642897345975,111.3047669294851910343552202,2023-10-09,119.7081898392991572830454701,target,236,0.9865164637859383201805415818,0.036121
TNET,2023-09-18,2023-09-19,C,116.760000,2.997730289923343754014817352,116.7950014988651449616718770,112.5647708096119717062924997,2023-10-10,120.9675936396458195592001237,target,236,0.9863746086900347119160694997,0.035726
AZZ,2023-09-25,2023-09-26,O,45.990000,90.1487998262191810578907353,46.40459433040078201368523951,44.64168816899963527743915261,2023-10-02,44.60289460986950307211441730,stop,567,-1.022005458928851509808654651,-0.038826
AZZ,2023-09-25,2023-09-26,T,46.070000,8.689984792526613078427112755,46.11003475993917010645231370,44.34712859853802337020622680,2023-10-03,44.30859101122667162276307561,stop,567,-1.021860260151749832945184401,-0.039068
AZZ,2023-09-25,2023-09-26,C,45.575000,7.679648930334613274821722435,45.60999999999999999999999999,43.84709383859885326375391309,2023-10-04,43.80899078073346212470220428,stop,567,-1.021613775423592069222213676,-0.039487
CVX,2023-09-25,2023-09-26,O,167.440000,4.182600382409177820267686424,167.5100334608030592734225622,162.2721789606745114712924173,2023-10-04,162.2576510267796765453198763,stop,190,-1.002773642126652884377231974,-0.031356
CVX,2023-09-25,2023-09-26,T,167.540000,0.8952818645736966188188247935,167.5549995523590677131516905,162.3171450522305199110215456,2023-10-04,162.3026130926030558995699038,stop,190,-1.002774410710932762078928512,-0.031347
CVX,2023-09-25,2023-09-26,C,167.600000,0.5966587112171837708830548925,167.6099999999999999999999999,162.3721454998714521978698550,2023-10-04,162.3576086161536565502350820,stop,190,-1.002775350807747500887681576,-0.031337
EPI,2023-09-27,2023-09-28,O,36.750000,6.814774430966335014311026305,36.77504429603380128117759304,36.12606911926817659653534508,2023-10-23,35.99545318249965926127845168,stop_gap,1540,-1.201264919591352666261639292,-0.021199
EPI,2023-09-27,2023-09-28,T,36.650100,1.363698349924996590754125188,36.65509796808945861175507979,36.00612279132383392711283183,2023-10-17,37.29898599455577127085574895,target,1540,0.9921612559594875943181373877,0.017566
EPI,2023-09-27,2023-09-28,C,36.730000,1.361470388019060585432266848,36.73500068073519400953029273,36.08602550396956932488804477,2023-10-23,35.99545318249965926127845168,stop_gap,1540,-1.139562073731858574079913207,-0.020132
VCTR,2023-10-03,2023-10-04,O,32.140000,219.7131522734208117180347879,32.84615807140677448886176382,31.38097472460135298181395068,2023-10-11,31.35638533835734627990060328,stop,682,-1.016782463640212400254972868,-0.045356
VCTR,2023-10-03,2023-10-04,T,31.900000,7.83576241968343519824478922,31.92499608211879015828240088,30.45981273531336865123458774,2023-10-18,29.68317058285016783643576442,stop_gap,682,-1.530064823734541141606393718,-0.070222
VCTR,2023-10-03,2023-10-04,C,32.250000,6.20155038759689922480620155,32.27000000000000000000000000,30.80481665319457849295218686,2023-10-12,30.78067873072694443990959778,stop,682,-1.016474335802589219897436594,-0.046152
MGK,2023-10-10,2023-10-11,O,47.070000,4.246825497940289633498959528,47.08998980761880494330487960,45.62160200927932309532799855,2023-10-20,45.61580388150860341859484947,stop,681,-1.003948635215626592092643891,-0.031306
MGK,2023-10-10,2023-10-11,T,47.210000,1.270917178563863588222834146,47.21599999999999999999999998,45.74761220166051815202311893,2023-10-20,45.74179805903798133548187473,stop,681,-1.003959541634104905596714082,-0.031223
MGK,2023-10-10,2023-10-11,C,47.260000,1.269142905491158304425078264,47.26599796937135121414671293,45.79761017103186936616983188,2023-10-19,45.79178967408151581361323330,stop,681,-1.003963869052123443868092770,-0.03119
AIQ,2023-10-17,2023-10-18,O,27.210000,9.19963201471941122355105796,27.23503219871205151793928243,26.33139157201269481027417631,2023-10-20,26.32166442329750726139708943,stop,1106,-1.010764399505494780486919093,-0.033537
AIQ,2023-10-17,2023-10-18,T,27.053800,3.694126339120797931289250092,27.06379401551533062430735131,26.16015338881597391664224519,2023-10-23,26.12594296228150873965041398,stop_gap,1106,-1.037858442309552184101219723,-0.034653
AIQ,2023-10-17,2023-10-18,C,26.910000,7.43494423791821561338289963,26.93000743494423791821561338,26.02636680824488121055050726,2023-10-23,26.01675233953108553961938406,stop,1106,-1.010639703915165410713264655,-0.033912
R,2023-10-17,2023-10-18,O,104.180000,95.8832228211610933549587368,105.1789114153508562705719602,100.0255114042307560535580705,2023-10-19,99.95680582285212635162745462,stop,194,-1.013332087792598197224142593,-0.04965
R,2023-10-17,2023-10-18,T,101.867500,6.868805809047198508487881465,101.9374708075753115494063389,96.78407079645521133239244920,2023-10-25,94.22776602766779563993703191,stop_gap,194,-1.496042372661034423211736650,-0.075632
R,2023-10-17,2023-10-18,C,101.435000,5.422191551239710159215261005,101.4900000000000000000000000,96.33659998887989978298611030,2023-10-25,94.22776602766779563993703191,stop_gap,194,-1.409212162196146988280937096,-0.071556
TSLX,2023-10-17,2023-10-18,O,20.050000,19.94017946161515453639082752,20.08998005982053838484546361,19.51311756308425883844090844,2023-10-20,19.50822092128674710472988186,stop,1733,-1.008488403779437059514792846,-0.028958
TSLX,2023-10-17,2023-10-18,T,19.930000,2.509410288582183186951066500,19.93500125470514429109159348,19.35813875796886474468703831,2023-10-20,19.35328100671215988527808297,stop,1733,-1.008420986429502013145889594,-0.029181
TSLX,2023-10-17,2023-10-18,C,19.830000,2.52206809583858764186633039,19.83500126103404791929382093,19.25813876429776837288926576,2023-10-23,19.25330610714236115372417435,stop,1733,-1.008377485419400619173697067,-0.029327
FNGR,2023-10-19,2023-10-20,O,6.490000,84.0336134453781512605042017,6.544537815126050420168067226,4.983059476125202781289056046,2023-10-25,4.961139859661308927412417970,stop,640,-1.014037733291849369002439114,-0.241942
FNGR,2023-10-19,2023-10-20,T,6.870000,43.98826979472140762463343108,6.900219941348973607038123166,5.338741602348125968159111986,2023-10-24,5.315257401751286704369555775,stop,640,-1.015039722300513139257966206,-0.229697
FNGR,2023-10-19,2023-10-20,C,6.340000,23.56637863315003927729772192,6.354941084053417124901806754,4.793462745052569486022795574,2023-11-08,4.772377131804537655439117588,stop,640,-1.013503621998063710820816552,-0.249029
BAH,2023-10-20,2023-10-23,O,122.030000,49.23278903749897431689505210,122.6307877246245999835890703,117.8438545505973473959401161,2023-10-27,116.9016161796176253384754246,stop_gap,208,-1.196835497117879293968823853,-0.046719
BAH,2023-10-20,2023-10-23,T,121.760000,4.516897302180429515870734612,121.8149977415513489097852420,117.0280645675240963221362878,2023-10-27,116.9752041926116516516832225,stop,208,-1.011042638990502801192039549,-0.039731
BAH,2023-10-20,2023-10-23,C,121.340000,1.236348650319390067999175768,121.3550018545229754790851021,116.5680686804957228914361479,2023-10-27,116.5154160810013914763412603,stop,208,-1.010999234286371856817240555,-0.03988
AMD,2023-10-24,2023-10-25,O,100.380000,2.488181139586961930828564320,100.4049763622791739238616571,93.23402463707241320523299294,2023-10-26,93.22930941810528265280264686,stop,139,-1.000657544374557144028595787,-0.071467
AMD,2023-10-24,2023-10-25,T,98.859900,0.505740150710564911748343701,98.86489974207252313761189497,91.69394801686576241898323081,2023-11-01,106.0304888085291053661856236,target,139,0.9992521691742355345425243675,0.072479
AMD,2023-10-24,2023-10-25,C,96.010000,0.5207519658386710409831797115,96.01499973962401708066447951,88.84404801441725636203581535,2023-11-01,103.1807329369662741439146329,target,139,0.9992722684429515959293664489,0.074631
HNI,2023-11-09,2023-11-10,O,37.980000,48.65220249835634451019066404,38.16478106508875739644970413,36.38562416097381060175665251,2023-12-04,39.89087747774620724083571171,target,562,0.9701766093059160300232404328,0.045227
HNI,2023-11-09,2023-11-10,T,37.690000,13.28374070138150903294367694,37.74006641870350690754516473,35.96090951458856011285211311,2023-11-14,39.46672701128442281262312839,target,562,0.9704937145157832371397305796,0.045751
HNI,2023-11-09,2023-11-10,C,38.010000,7.89265982636148382004735596,38.04000000000000000000000002,36.26084309588505320530694840,2023-11-15,39.76626216858875797057682814,target,562,0.9702697747433907998833396516,0.04538
FBCG,2023-11-15,2023-11-16,O,31.220000,4.813091609176961334830739612,31.23502647200385047328734157,30.21763233691478781445525431,2023-12-12,32.24206004795154052912163910,target,982,0.9898165727675777884325555662,0.032241
FBCG,2023-11-15,2023-11-16,T,31.125000,3.212335367812399614519755862,31.13499839383231609380019275,30.11760425874325343496810549,2023-12-12,32.14206410215333462196969335,target,982,0.9898481557816922343232743151,0.032345
FBCG,2023-11-15,2023-11-16,C,31.300000,1.598210004794630014383890043,31.30500239731500719194502158,30.28760826222594453311293432,2023-12-13,32.31201349464872000501714189,target,982,0.9897944784648862607436973326,0.032168
PAA,2023-11-15,2023-11-16,O,15.380000,9.71817298347910592808551992,15.39494655004859086491739553,14.78020609179508316453040260,2023-12-08,14.77532652557131456658899276,stop,1626,-1.007937603842817767241592792,-0.040248
PAA,2023-11-15,2023-11-16,T,15.145000,3.301419610432485968966655662,15.15000000000000000000000001,14.53525954174649229961300708,2023-11-30,15.75953585592328204581439902,target,1626,0.9915336590257747897544008506,0.040233
PAA,2023-11-15,2023-11-16,C,15.260000,3.277613897082923631596197968,15.26500163880694854146181580,14.65026118055344084107482287,2023-11-30,15.87449952786367167392479130,target,1626,0.9914718982191625519254646009,0.039928
CBZ,2023-11-24,2023-11-27,O,58.050000,76.0748781947174972219847850,58.49161466792033507137362165,56.56322898810697850516312872,2023-12-13,60.36805743134121081602498106,target,518,0.9730640416301430731835268399,0.032081
CBZ,2023-11-24,2023-11-27,T,58.160000,8.596973865199449793672627235,58.21000000000000000000000002,56.28161432018664343378950709,2023-12-13,60.08668486681489253890116481,target,518,0.9731895888153100086730848955,0.03224
CBZ,2023-11-24,2023-11-27,C,58.090000,6.88586675847822344637631262,58.12999999999999999999999998,56.20161432018664343378950705,2023-12-13,60.00675364260581413449951415,target,518,0.9732252537715693043904496747,0.032285
MLTX,2023-11-24,2023-11-27,O,46.090000,106.3137339986981991755261445,46.57999999999999999999999998,39.60170429007024040884270698,2023-12-06,53.48917336657428990788197705,target,143,0.9900946669174377194856997116,0.148329
MLTX,2023-11-24,2023-11-27,T,46.455000,12.90600129060012906001290600,46.51495482899548289954828997,39.53665911906572330839099697,2023-12-06,53.42421214287586596780942606,target,143,0.9901066966894024855582541391,0.148538
MLTX,2023-11-24,2023-11-27,C,43.900000,26.21680155021087427333865268,44.01509175880542573805995667,37.03679604887566614690266367,2023-12-05,50.92757539628682845419567439,target,143,0.9905690335887157023390048161,0.157048
MBIN,2023-11-27,2023-11-28,O,32.990000,121.1470633338445023769360528,33.38966416193835301334151203,31.77388419624026503273593190,2023-12-05,34.90434921375513800278050229,target,618,0.9374327470153861303271436978,0.045364
MBIN,2023-11-27,2023-11-28,T,32.880000,28.87976896184830521355829154,32.97495668034655722754217966,31.35917671464846924693659953,2023-12-04,34.49083939778885431911374133,target,618,0.9381739776599898081111525224,0.045971
MBIN,2023-11-27,2023-11-28,C,33.410000,5.98981731057202755315962863,33.43001197963462114405510632,31.81423201393653316344952619,2023-12-05,34.94458050788608783367899424,target,618,0.9373606310294276359648898657,0.045306
BRZE,2023-11-30,2023-12-01,O,55.370000,93.2042349108677947697040992,55.88607184870147497963985160,52.41336884919317575249043710,2023-12-07,52.36698533693725258810770220,stop,287,-1.013356602123040932659456308,-0.062969
BRZE,2023-11-30,2023-12-01,T,56.490000,8.849557522123893805309734515,56.53999115044247787610619466,53.06728815093417864895678016,2023-12-07,53.02032594903069707493115469,stop,287,-1.013523241667983401518994901,-0.062251
BRZE,2023-11-30,2023-12-01,C,56.300000,2.664061806233904626587336826,56.31499866796909688304768672,52.84229566846079765589827222,2023-12-07,52.79553257494888544558331799,stop,287,-1.013465906390075225809430826,-0.062496
WNC,2023-12-13,2023-12-14,O,26.210000,53.53728489483747609942638625,26.35032122370936902485659657,24.98106589681889227411967474,2023-12-15,27.70919857360598585579733962,target,730,0.9924207145372748819934670608,0.05157
WNC,2023-12-13,2023-12-14,T,26.710000,3.743916136278547360539123924,26.71999999999999999999999999,25.35074467310952324926307816,2024-01-02,25.34125356690469003202262025,stop,730,-1.006931582458318518321037658,-0.0516
WNC,2023-12-13,2023-12-14,C,27.220000,1.836547291092745638200183654,27.22499908172635445362718089,25.85574375483587770289025906,2023-12-18,25.84606358120995637091613317,stop,730,-1.007069662929779950696799534,-0.05065
GNE,2023-12-14,2023-12-15,O,27.600000,43.43105320304017372421281216,27.71986970684039087947882736,25.50293089703479497717619475,2023-12-22,29.85250916144247819527873147,target,451,0.9619748840921320580559301146,0.076935
GNE,2023-12-14,2023-12-15,T,28.410000,28.15909890883491728264695530,28.49000000000000000000000001,26.27306119019440409769736740,2023-12-27,30.62047083709231016938520177,target,451,0.9609966804988775770260214407,0.07478
GNE,2023-12-14,2023-12-15,C,27.380000,5.477451159393828738360416285,27.39499726127442030308563083,25.17805845146882440078299822,2023-12-22,29.52855152740925234419744820,target,451,0.9623875303630613605376172183,0.077881
ANF,2023-12-18,2023-12-19,O,87.210000,17.81097385808675667911519678,87.36532950301637460499856366,81.91577603776935588140865346,2023-12-21,92.74730562418120771597174745,target,183,0.9875994713120733737312925490,0.061603
ANF,2023-12-18,2023-12-19,T,89.350000,7.280873704844581349761971435,89.41505460655278633436012320,83.96550114130576761077021300,2024-01-08,94.79553834875676963561716584,target,183,0.9873256178724535896194881583,0.060174
ANF,2023-12-18,2023-12-19,C,91.110000,1.097574360662934913840412688,91.11999999999999999999999998,85.67044653475298127641008978,2024-01-08,96.49924239299564872955985312,target,183,0.9870978287120662433675245581,0.059035
CGUS,2023-12-18,2023-12-19,O,28.120000,10.67235859124866595517609392,28.15001067235859124866595517,27.67773642570101790957292131,2024-01-19,28.61721274376913000250508880,target,2117,0.9892601062138537246525200148,0.016597
CGUS,2023-12-18,2023-12-19,T,28.220000,1.772107035264930001772107036,28.22500088605351763246500089,27.75272663939594429337196703,2024-01-19,28.66491756780712639602907286,time,2117,0.9314856460351823567010369883,0.015586
CGUS,2023-12-18,2023-12-19,C,28.210000,1.772735330615139159723453288,28.21500088636766530756957985,27.74272663971009196847654599,2024-01-19,28.68219144081665717605360031,target,2117,0.9892357200407172592399721462,0.016558
AAOI,2023-12-20,2023-12-21,O,21.190000,32.84842796809009854528390427,21.25960581886438291881745658,17.68437618516882658854040562,2024-01-02,17.66235330075392144957584721,stop,279,-1.006159851721787464583229792,-0.169206
AAOI,2023-12-20,2023-12-21,T,20.090000,12.45330012453300124533001246,20.11501867995018679950186799,16.53978904625463046922481703,2024-01-17,16.51919155055568323327310493,stop,279,-1.005761167200232819181213597,-0.178763
AAOI,2023-12-20,2023-12-21,C,20.755000,2.409058058299205010840761262,20.76000000000000000000000000,17.18477036630444366972294904,2024-01-11,17.16336965601016665394496280,stop,279,-1.005985828180819829061555064,-0.173248
SNEX,2023-12-28,2023-12-29,O,21.760000,106.5658301821931935372980406,21.99188724647645238913716054,20.96547302605249757222552967,2024-01-08,20.93823210507219274736932471,stop,974,-1.026539890463572406911769385,-0.047911
SNEX,2023-12-28,2023-12-29,T,21.660000,12.99322984339738767694727484,21.68814333584079874170826779,20.66172911541684392479663692,2024-01-08,20.63488285588098124035629389,stop,974,-1.026155385420102600296506310,-0.048564
SNEX,2023-12-28,2023-12-29,C,21.730000,13.64815067558345844138119285,21.75965743141804285519312133,20.73324321099408803828149046,2024-01-08,20.70630403155013757170641364,stop,974,-1.026245914084104743672463734,-0.048409
SPOT,2024-01-03,2024-01-04,O,190.000000,23.88138039627345492717491143,190.4537462275291956436163233,181.0598396244721419514192320,2024-01-11,199.7443083002156907209950190,target,106,0.9889987696559674903541770003,0.048781
SPOT,2024-01-03,2024-01-04,T,193.431600,5.17116558072189471506877650,193.5316266832143965249767298,184.1377200801573428327796385,2024-01-12,202.8205971329534900091806606,target,106,0.9888293382346583161472844719,0.047997
SPOT,2024-01-03,2024-01-04,C,192.440000,1.299139969340296723568997324,192.4650006495699846701483618,183.0710940465129309779512705,2024-01-12,201.7545226692923465439762601,target,106,0.9888880539539618157709107839,0.048266
GRPN,2024-01-04,2024-01-05,O,12.550000,123.4567901234567901234567901,12.70493827160493827160493827,11.24315685262235434030726470,2024-01-12,14.15013749820681109614931187,target,684,0.9886561751535653692789396216,0.113751
GRPN,2024-01-04,2024-01-05,T,12.810000,11.70503316426063207179087008,12.82499414748341786968396410,11.36321272850083393838629053,2024-01-17,11.34991205031686885769368075,stop,684,-1.009098951465139364079196700,-0.115016
GRPN,2024-01-04,2024-01-05,C,13.570000,7.369196757553426676492262345,13.58000000000000000000000000,12.11821858101741606870232643,2024-01-16,12.10403416597915924146623319,stop,684,-1.009703513024628085168993438,-0.108687
PLD,2024-01-04,2024-01-05,O,129.210000,11.22508225275788658796206696,129.3550392877878846526030579,123.8491199820765323827566421,2024-01-10,134.8047217936005109811269465,target,181,0.9897861198509773156774260668,0.04213
PLD,2024-01-04,2024-01-05,T,131.930000,4.169983699154630577353197620,131.9850145949429470412070208,126.4790952892315947713606050,2024-01-17,126.4263537126676026737646019,stop,181,-1.009579068205609672603970179,-0.042116
PLD,2024-01-04,2024-01-05,C,130.700000,1.147710317915758062664983358,130.7150005738551589578790313,125.2090812681438066880326155,2024-01-18,125.1568692853563779805922895,stop,181,-1.009482881947301448480351006,-0.042521
MOD,2024-01-09,2024-01-10,O,60.880000,28.68147176923707285093829386,61.05461280013111529951651231,57.03485820646675857805567186,2024-01-18,64.99993592782217654644355513,target,248,0.9814835795969711909769684798,0.06462
MOD,2024-01-09,2024-01-10,T,61.220000,11.43790849673202614379084968,61.29002287581699346405228758,57.27026828215263674259144713,2024-01-18,65.23507674361756432745780255,target,248,0.9814165954355711962425958121,0.064367
MOD,2024-01-09,2024-01-10,C,61.610000,2.435262602483967854533647212,61.62500365289390372595178182,57.60524905922954700449094137,2024-01-18,65.56967437274683760049564705,target,248,0.9813212791821260534365834763,0.064011
KMPR,2024-01-10,2024-01-11,O,52.730000,68.25938566552901023890784985,53.08993174061433447098976109,50.53506805407343842498148648,2024-01-17,55.58655080352798648467460070,target,391,0.9772024535265507196311308800,0.047026
KMPR,2024-01-10,2024-01-11,T,52.490000,10.46721857455514321058140642,52.54494243029783994671234182,49.99007874375694390070406721,2024-01-16,55.04213194543467984123903619,target,391,0.9774257344108472249494148354,0.047525
KMPR,2024-01-10,2024-01-11,C,53.640000,0.9322270905192504894192225225,53.64500046611354525962524470,51.09013677957264921361697009,2024-01-19,56.14103852645982727438773297,target,391,0.9769750431287159000644241351,0.046529
ALNY,2024-01-11,2024-01-12,O,195.110000,47.67763764995386035066133498,196.0402383881882497693017532,183.8488178473376991951283606,2024-01-17,183.6269663379581291968698422,stop,82,-1.018197346948716792798196337,-0.06332
ALNY,2024-01-11,2024-01-12,T,194.835000,12.06706205550848545533903310,195.0701086035584995763690980,182.8786880627079490021957054,2024-01-17,182.6580072149596814317034412,stop,82,-1.018101323550345797467931431,-0.063629
ALNY,2024-01-11,2024-01-12,C,193.565000,4.133298889175923533970550246,193.6450061999483337638853010,181.4535856590977831897119084,2024-01-26,181.2346244912634974362929128,stop,82,-1.017960266984523990345673146,-0.064088
NTNX,2024-01-18,2024-01-19,O,54.000000,12.03146691346598796853308654,54.06496992133271633503007869,51.40575920834620755924565869,2024-01-24,56.71106096932994712100638731,target,376,0.9950663311766883096787478628,0.048943
NTNX,2024-01-18,2024-01-19,T,54.055000,2.312887527429587768629003647,54.06750231352952063668332406,51.40829160054301186089890406,2024-01-24,56.71359277581291876779130599,target,376,0.9950661109181620505601896814,0.04894
NTNX,2024-01-18,2024-01-19,C,55.010000,1.817851299763679331030721687,55.01999999999999999999999999,52.36078928701349122421557999,2024-02-02,57.66587016028150382013509381,target,376,0.9949832660345962446744688044,0.048089
OC,2024-01-23,2024-01-24,O,150.090000,47.43769626511658983096144852,150.8019923832431348967729004,144.2385054198399622507623977,2024-02-07,157.2068980775700767995424390,target,152,0.9758388688877647678387203126,0.042472
OC,2024-01-23,2024-01-24,T,148.860000,10.07725898555592878736983540,149.0100100772589855559287874,142.4465231138558129099182847,2024-02-01,155.4167215985654210589746217,target,152,0.9761140011443781454489889116,0.042995
OC,2024-01-23,2024-01-24,C,146.790000,2.043457530140998569579728902,146.8199959130849397180028609,140.2565089496817670719923582,2024-01-30,153.2289143683828169870929605,target,152,0.9764502452785932714289638758,0.043652
UDOW,2024-01-23,2024-01-24,O,37.880000,0.659065445198708231727410532,37.88249653990641270678178343,36.11636259681038151922517098,2024-02-02,39.64600665728058548365119196,target,566,0.9985143676491156460106174555,0.046552
UDOW,2024-01-23,2024-01-24,T,37.780000,0.661769571835087022698696314,37.78250016544239295877175569,36.01636622234636177121514324,2024-02-02,39.54601690027235714717898502,target,566,0.9985181145086430786490890738,0.046675
UDOW,2024-01-23,2024-01-24,C,37.240000,0.671366230278616985565626049,37.24250016784155756965424641,35.47636622474552638209763396,2024-01-30,39.00605263822824208334697091,target,566,0.9985383482835841122194171140,0.047353
OII,2024-01-26,2024-01-29,O,21.390000,48.93964110929853181076672104,21.49468189233278955954323001,20.24887157200888690844752892,2024-01-30,20.23936505953376536529802304,stop,802,-1.007630786420720861581793059,-0.058401
OII,2024-01-26,2024-01-29,T,21.290000,4.694835680751173708920187794,21.29999530516431924882629108,20.05418498484041659773058998,2024-02-05,19.86231548123980424143556281,stop_gap,802,-1.154011811004043956234659592,-0.067497
OII,2024-01-26,2024-01-29,C,21.500000,2.326122354035822284252151663,21.50500116306117701791114212,20.25919084273727436681544102,2024-01-30,20.24967948553411132720660748,stop,802,-1.007634675237471261322640108,-0.058373
FFIV,2024-01-31,2024-02-01,O,184.010000,25.47839757142082723478072316,184.4788279937117146419472000,177.6026942253801976811247363,2024-03-01,189.9137802243267238828055638,time,145,0.7904081586728339416281504543,0.029461
FFIV,2024-01-31,2024-02-01,T,184.915000,11.08557523320264972286061917,185.1199889144247667973502772,178.2438551460932498365278135,2024-03-01,189.9137802243267238828055638,time,145,0.6971637654840392966489003699,0.025896
FFIV,2024-01-31,2024-02-01,C,185.840000,2.959455460195324060372891388,185.8949985202722699023379698,179.0188647519407529415155061,2024-03-01,189.9137802243267238828055638,time,145,0.5844536827603929871390733785,0.021619
PBUS,2024-02-01,2024-02-02,O,49.090000,3.056546102903718797758532858,49.10500458481915435557819662,48.31337224625979442152045942,2024-02-07,49.89157795177521118568281246,target,1263,0.9936094429738562772098562274,0.016018
PBUS,2024-02-01,2024-02-02,T,49.300000,1.013890297069857041468113150,49.30499847916455439521443778,48.51336614060519446115670058,2024-02-09,50.09155156893371622379419950,target,1263,0.9935838285744598318159127630,0.015953
PBUS,2024-02-01,2024-02-02,C,49.540000,1.007353681877707263020046338,49.54499043014002216178100133,48.75335809158066222772326413,2024-02-12,50.33151918735813710120264011,target,1263,0.9935530913876855138529751029,0.015875
FTNT,2024-02-07,2024-02-08,O,69.680000,3.580379520229144289294665234,69.70494808449695667740780526,65.61410839553722410276945236,2024-02-21,62.00778990619405656999641962,stop_gap,244,-1.881559475204032045153716579,-0.110425
FTNT,2024-02-07,2024-02-08,T,69.450000,1.439677512237258854016700259,69.45999856032248776274114598,65.36915887136275518810279308,2024-02-21,62.00778990619405656999641962,stop_gap,244,-1.821681909032095936783441891,-0.107288
FTNT,2024-02-07,2024-02-08,C,67.832000,0.737191301142646516771102101,67.83700051603391079985256173,63.74616082707417822521420883,2024-02-21,62.00778990619405656999641962,stop_gap,244,-1.424942323105840236824899583,-0.08593
TT,2024-02-13,2024-02-14,O,272.330000,51.22157939344805984449275895,273.7249172716217710137450713,262.5950967526213164031324701,2024-02-23,284.7548533204178919104725974,target,89,0.9910255093481683454282501097,0.040296
TT,2024-02-13,2024-02-14,T,271.040000,3.506505490449386361539171358,271.1350403248131401679431577,260.0052198058126855573305565,2024-02-22,282.1658845153826183404124986,target,89,0.9911071047136827242722685285,0.040684
TT,2024-02-13,2024-02-14,C,272.930000,2.015205642575799212237794266,272.9850010076028212878996060,261.8551804886023666772870048,2024-02-23,284.0151965084431677091226763,target,89,0.9910488207792720722769400248,0.040406
COR,2024-02-15,2024-02-16,O,233.800000,15.41821919568289862520878838,234.1604779647950661698573815,226.4038643276682012958351755,2024-03-18,239.2790073242683242683242683,time,128,0.6598922672870448335196984838,0.021859
COR,2024-02-15,2024-02-16,T,232.170000,4.737499461647788449114948964,232.2799905250010767044231018,224.5233768878742118304008958,2024-03-04,239.9228868338285571365071150,target,128,0.9853393073808551081998430731,0.032904
COR,2024-02-15,2024-02-16,C,231.670000,1.295001295001295001295001295,231.7000012950012950012950013,223.9433876578744301272727953,2024-02-26,239.3431723736952639814962637,target,128,0.9853747313273532769422317744,0.032987
CINF,2024-02-21,2024-02-22,O,111.330000,46.72477311528439212867283674,111.8501868990924611375685147,107.6830272476838674415788638,2024-03-06,115.9703146096445839766822581,target,239,0.9887136695517357961181961215,0.036836
CINF,2024-02-21,2024-02-22,T,110.962200,4.053871447232106661862078285,111.0071826494302058465834872,106.8400229980216121505938363,2024-03-06,115.1276521030680887999992379,target,239,0.9887956781893565307718439685,0.037119
CINF,2024-02-21,2024-02-22,C,112.220000,2.228263291590534337537323410,112.2450055706582289763358438,108.0778459192496352803461929,2024-03-06,116.3649732267964023577427764,target,239,0.9886752610367427706614634282,0.036705
RXO,2024-02-22,2024-02-23,O,21.690000,60.2409638554216867469879518,21.82066265060240963855421686,20.18277868722417824235782135,2024-03-05,20.16408227343332675718657742,stop,610,-1.011414980675608447295575402,-0.075918
RXO,2024-02-22,2024-02-23,T,21.615000,9.263547938860583603520148215,21.63502315886984715145900880,19.99713919549161575526261329,2024-03-14,19.97861474973386530064912314,stop,610,-1.011309986648591822479692155,-0.076561
RXO,2024-02-22,2024-02-23,C,21.470000,2.328288707799767171129220024,21.47499883585564610011641444,19.83711487247741470392001893,2024-03-15,19.81873866601842682554677204,stop,610,-1.011219480054671198198654681,-0.077125
CBOE,2024-02-23,2024-02-26,O,197.980000,41.67192827377194090162899356,198.8050208359641368859704507,191.4025134574137831256105664,2024-02-29,191.2618583402086796182582945,stop,135,-1.019001010064869161959845756,-0.037943
CBOE,2024-02-23,2024-02-26,T,197.300000,7.348655702810227301522945545,197.4449889770164457846590478,190.0424815984660920242991635,2024-03-01,189.9028259218486144714343363,stop,135,-1.018865996273390621519328002,-0.038199
CBOE,2024-02-23,2024-02-26,C,197.030000,4.315925766076823478636167458,197.1150366853690116529995685,189.7125293068186578926396842,2024-03-01,189.5731161007801473617908752,stop,135,-1.018833241077540414145065158,-0.038262
META,2024-02-26,2024-02-27,O,480.100000,3.536729981068092454282563921,480.2697984063910791187301057,453.9549551552603492978598745,2024-03-07,506.5480881482125280058652223,target,38,0.9986109166997333242399674856,0.054716
META,2024-02-26,2024-02-27,T,485.020000,0.7215676572759790126892826585,485.0549974745131995340734555,458.7401542233824697132032243,2024-03-07,511.3329419318465300135753408,target,38,0.9985977954173899999639242435,0.054175
META,2024-02-26,2024-02-27,C,486.030000,2.159760575113387430193452840,486.1349708432322359692696923,459.8201275921015061483994611,2024-03-07,512.4128373731802077445519904,target,38,0.9985948340702668186112827046,0.054055
SXC,2024-02-26,2024-02-27,O,11.100000,36.00360036003600360036003600,11.13996399639963996399639964,10.51301502183279664514175603,2024-02-28,10.50822985341138890884446802,stop,1595,-1.007632468694463997019738115,-0.056709
SXC,2024-02-26,2024-02-27,T,10.980000,4.551661356395084205735093309,10.98499772416932180245789713,10.35804874960247848360325352,2024-02-28,10.35333411658035628128936947,stop,1595,-1.007519962889132284618978500,-0.057502
SXC,2024-02-26,2024-02-27,C,11.040000,4.531037607612143180788400544,11.04500226551880380607159039,10.41805329095196048721694678,2024-02-28,10.41331134589463142008576019,stop,1595,-1.007563526299098358172863517,-0.057192
NRDS,2024-02-28,2024-02-29,O,16.890000,53.2544378698224852071005917,16.97994674556213017751479290,15.48032485708411061229409149,2024-03-15,15.45243237986413924182148952,stop,666,-1.018599673313837602990410764,-0.08996
NRDS,2024-02-28,2024-02-29,T,16.620000,18.01801801801801801801801802,16.64994594594594594594594595,15.15032405746792638072524454,2024-03-18,15.12302617628329948634555941,stop,666,-1.018203176010141977934161201,-0.091707
NRDS,2024-02-28,2024-02-29,C,16.880000,8.894159501927067892084198045,16.89501334123925289060183813,15.39539145276123332538113672,2024-03-15,15.36765200870220407614621575,stop,666,-1.018497625482902409026433597,-0.090403
ASML,2024-02-29,2024-03-01,O,951.575000,6.08278885381380373567136160,952.1538229803567870289771474,908.6804153291552716287668213,2024-03-04,995.3435394118471991698500544,target,23,0.9934743735299695877730979432,0.04536
ASML,2024-02-29,2024-03-01,T,965.435000,2.849371843025514829685273928,965.7100883305271337909597199,922.2366806793256183907493938,2024-03-06,1008.895942077939010151120755,target,23,0.9933855218781844987778045644,0.044719
ASML,2024-02-29,2024-03-01,C,990.810000,3.329936125770678398805259281,991.1399334012774845864320240,947.6665257500759691862216979,2024-03-07,1034.318541240237651223532570,target,23,0.9932188473789171412284177721,0.043565
ETN,2024-03-04,2024-03-05,O,294.350000,22.22109137787729208013163028,295.0040778247078180923786745,285.2970769640507077351152725,2024-03-20,304.6121718690153609491629922,target,103,0.9898107749479614185215079890,0.032569
ETN,2024-03-04,2024-03-05,T,292.660000,3.245921243700350217818399248,292.7549951311181344494746733,283.0479942704610240922112713,2024-03-08,302.3638192099550734622206409,target,103,0.9898859819598774282472123976,0.032822
ETN,2024-03-04,2024-03-05,C,292.180000,2.224541829942333031023802598,292.2449966631872550865004534,282.5379958025301447292370514,2024-03-08,301.8539862835103252465582261,target,103,0.9899030357840716852020115243,0.03288
ALVO,2024-03-11,2024-03-12,O,15.620000,218.4235517568850902184235518,15.96117758784425451092117759,14.86874866977375189816503575,2024-03-22,14.83998900116683941867148636,stop,915,-1.026326352343097166958209598,-0.070245
ALVO,2024-03-11,2024-03-12,T,15.490000,19.34235976789168278529980658,15.51996131528046421663442941,14.42753239720996160387828757,2024-03-25,13.97787274453941120607787274,stop_gap,915,-1.411614563869985814124247678,-0.099362
ALVO,2024-03-11,2024-03-12,C,15.305000,6.53167864141084258654474200,15.31499673416067929457870672,14.22256781609017668182256488,2024-03-25,14.19505801373797131106468758,stop,915,-1.025182235564392078236386472,-0.073127
ELF,2024-03-11,2024-03-12,O,195.250000,18.66673485565244073950955072,195.6144679980566139054389240,177.2671336222396290931638674,2024-04-03,174.6334137938987904978648324,stop_gap,54,-1.143547818685435726005719587,-0.107257
ELF,2024-03-11,2024-03-12,T,204.115000,12.49234537660747091243110839,204.3699875076546233925290876,186.0226531318376385802540310,2024-04-02,185.0938460651034341677960467,stop_gap,54,-1.050623542783328477211581227,-0.09432
ELF,2024-03-11,2024-03-12,C,205.570000,2.918004085205719288007003210,205.6299854099795739714035599,187.2826510341625891591285033,2024-03-19,187.0486910781860480189664567,stop,54,-1.012751713746761819927886017,-0.090363
AXTA,2024-03-18,2024-03-19,O,33.320000,22.52590479050908544826550533,33.39505631476197627271362068,32.31521650951180331329559456,2024-03-28,34.46967185934841046122209510,target,926,0.9951620039950940360719970053,0.032179
AXTA,2024-03-18,2024-03-19,T,33.000000,1.515381118351265343233823306,33.00500075769055917563267161,31.92516095244038621621464549,2024-03-27,34.07967541055962276512570141,target,926,0.9952167420056230209842254343,0.032561
AXTA,2024-03-18,2024-03-19,C,33.205000,1.505797319680770968227676554,33.21000000000000000000000001,32.13016019474982704058197389,2024-03-27,34.28464358767095638524627010,target,926,0.9951879736661376959492466359,0.032359
RL,2024-03-18,2024-03-19,O,182.510000,27.11660138595962639349201566,183.0049050918951491413076229,174.5337174740471679991622601,2024-03-21,191.3823136046937349758478988,target,118,0.9889296389975106072263215155,0.045777
RL,2024-03-18,2024-03-19,T,183.740000,4.897692642577274706138441446,183.8299902046147148454505877,175.3588025867667337033052249,2024-04-02,175.2729172350426968833591133,stop,118,-1.010138525505335828935923688,-0.046549
RL,2024-03-18,2024-03-19,C,184.280000,2.170963364993215739484396201,184.3200065128900949796472185,175.8488188950421138375018557,2024-04-02,175.7626935483912986968544070,stop,118,-1.010166856235052247253895450,-0.046426
AYI,2024-03-19,2024-03-20,O,264.420000,81.81437649834468587084744475,266.5833357433692301837969480,256.9947937581979767306550226,2024-04-15,256.6295990873655462515857123,stop,104,-1.038086569511528088962331549,-0.037338
AYI,2024-03-19,2024-03-20,T,263.850000,14.21019723753765702267947479,264.2249360541124310805433978,254.6363940689411776274014724,2024-04-15,254.2745507305836758118677353,stop,104,-1.037737055218311088671339203,-0.037659
AYI,2024-03-19,2024-03-20,C,265.450000,8.28937452901281085154483798,265.6700414468726450640542578,256.0814994617013916109123324,2024-04-15,255.7176026000778745990171009,stop,104,-1.037951219506186240525060382,-0.037462
CGUS,2024-03-22,2024-03-25,O,31.090000,14.48109412711182622687047466,31.13502172164119066773934029,30.56653487306095847717742581,2024-04-12,30.56161984896173658322708372,stop,1759,-1.008645800886154048656208816,-0.018417
CGUS,2024-03-22,2024-03-25,T,31.091300,1.607975558771506673098568902,31.09629940504904325454253096,30.52781255646881106398061648,2024-04-12,30.52290375882345508857235460,stop,1759,-1.008634848207334004176910792,-0.018439
CGUS,2024-03-22,2024-03-25,C,31.040000,1.610565308423256563053631825,31.04499919471734578837171847,30.47651234613711359780980399,2024-04-12,30.47161179744019494310682766,stop,1759,-1.008620337848021520438121065,-0.01847
SNPS,2024-03-22,2024-03-25,O,588.050000,34.31088047523129971663650951,590.0676513263459765798368100,553.8365847999215581154966763,2024-04-12,551.3717018473251169301150524,stop_gap,27,-1.068032304563784427943757800,-0.065579
SNPS,2024-03-22,2024-03-25,T,583.330000,7.805463824677274091864305015,583.7853161212848994296007208,547.5542495948604809652605871,2024-04-15,547.1268581061343815204963489,stop,27,-1.011796271258379596325544200,-0.062794
SNPS,2024-03-22,2024-03-25,C,584.245000,2.822128911427911710124601268,584.4098814705857200277081747,548.1788149441613015633680410,2024-04-15,547.7509359532111906705236228,stop,27,-1.011809726623367427911598978,-0.062728
ARKW,2024-03-25,2024-03-26,O,84.360000,14.19278533412182140745121230,84.47973033707865168539325841,79.99386088202631716127808055,2024-04-02,79.23737825121230041395623891,stop_gap,222,-1.168636791238319979399416912,-0.062055
ARKW,2024-03-25,2024-03-26,T,84.210000,4.747774480712166172106824926,84.24998100890207715133531153,79.76411155384974262722013367,2024-04-02,79.23737825121230041395623891,stop_gap,222,-1.117420559807908423439622831,-0.059497
ARKW,2024-03-25,2024-03-26,C,83.470000,4.188356369293364446837790941,83.50496021061449171303775503,79.01909075556215718892257717,2024-04-02,78.98157427330432352378837060,stop,222,-1.008363257699258209470668444,-0.054169
TOL,2024-03-25,2024-03-26,O,126.600000,29.24901185770750988142292490,126.9702924901185770750988142,120.6326334954345429910591824,2024-04-10,118.7815535305138339920948617,stop_gap,157,-1.292076296069791169536145729,-0.064493
TOL,2024-03-25,2024-03-26,T,126.930000,5.51398188263095706971248523,126.9999889720362347380858606,120.6623299773522006540462288,2024-04-10,118.7815535305138339920948617,stop_gap,157,-1.296762013925953323322301042,-0.064712
TOL,2024-03-25,2024-03-26,C,125.880000,1.588940970842933185032176054,125.9000015889409708429331851,119.5623425942569367588935533,2024-04-10,118.7815535305138339920948617,stop_gap,157,-1.123198339386518103905612407,-0.05654
AMAT,2024-03-26,2024-03-27,O,208.120000,11.55457127726156660728900872,208.3604737374223677242308989,197.0119254686881673112932864,2024-04-18,196.9399269577360337381499218,stop,88,-1.006344292613222869616730728,-0.054811
AMAT,2024-03-26,2024-03-27,T,205.165000,3.654525520769886709708856134,205.2399780728468753806797418,193.8914298041126749677421294,2024-04-18,193.8205716862649056870863581,stop,88,-1.006243804596838771337943832,-0.055639
AMAT,2024-03-26,2024-03-27,C,207.680000,1.203630148527960328350304518,207.7049969909246286800991790,196.3564487221904282671615666,2024-04-18,196.2846897568881294140976752,stop,88,-1.006323184569783103850801360,-0.054983
TOL,2024-03-26,2024-03-27,O,126.900000,16.13347499311376067367095581,127.1047337976626136229488845,121.0011934454560105449120835,2024-04-10,118.9377989172470782670286861,stop_gap,163,-1.338065189896378187993949061,-0.064254
TOL,2024-03-26,2024-03-27,T,126.700000,9.472687085569940006315124725,126.8200189453741711398800126,120.7164785931675680618432116,2024-04-10,118.9377989172470782670286861,stop_gap,163,-1.291417697480683748827719544,-0.062153
TOL,2024-03-26,2024-03-27,C,127.540000,2.744775124495157432458926401,127.5750068619378112378935812,121.4714665097312081598567802,2024-04-10,118.9377989172470782670286861,stop_gap,163,-1.415114416597268361374412937,-0.067703
GIII,2024-04-01,2024-04-02,O,27.640000,112.2781600869250271640709888,27.95033683448026077508149222,25.49293772173783679437942280,2024-04-30,28.13473151328873621406617248,time,406,0.07503652046276418071916459159,0.006597
GIII,2024-04-01,2024-04-02,T,27.500000,7.270083605961468556888404215,27.51999272991639403853144310,25.06259361717397005782937368,2024-04-30,28.13473151328873621406617248,time,406,0.2501582995552977374776655781,0.022338
GIII,2024-04-01,2024-04-02,C,27.640000,5.42397396492496836015187127,27.65499186403905261254745977,25.19759275129662863184539035,2024-04-30,28.13473151328873621406617248,time,406,0.1952225207383186034737518502,0.017347
RCUS,2024-04-03,2024-04-04,O,17.800000,67.34006734006734006734006735,17.91986531986531986531986532,16.04110847371113011912313644,2024-04-15,16.03219674678129060239029025,stop,532,-1.004743416875942087978232920,-0.105339
RCUS,2024-04-03,2024-04-04,T,17.990000,5.555555555555555555555555555,17.99999444444444444444444445,16.12123759829025469824771557,2024-04-15,16.11228135518009344563757795,stop,532,-1.004767111363290389797967678,-0.104873
RCUS,2024-04-03,2024-04-04,C,17.330000,2.884338044418805884049610614,17.33499855783097779059705797,15.45624171167678804440032909,2024-04-17,15.44765491072585649548677335,stop,532,-1.004570469546662575075005720,-0.108875
SKYW,2024-04-05,2024-04-08,O,69.500000,20.83183679333381222613318009,69.64478126571366999497162560,66.08032556849061833660709926,2024-04-16,65.97307502244056652503826408,stop,280,-1.030088898603398866381529607,-0.05272
SKYW,2024-04-05,2024-04-08,T,70.850000,16.23032954625643920683085174,70.96499188483522687178039657,67.40053618761217521341587023,2024-04-11,67.29114289622024239075631444,stop,280,-1.030690040972358691690984404,-0.05177
SKYW,2024-04-05,2024-04-08,C,70.570000,6.379811441128517757141844475,70.61502232934004394981214996,67.05056663211699229144762362,2024-04-11,66.94174135284674383878350003,stop,280,-1.030530686453763639643745649,-0.052018
GSLC,2024-04-17,2024-04-18,O,99.220000,11.07754279959718026183282981,99.32991137965760322255790534,97.09217921826508014883611802,2024-05-06,101.5574429139997044697961856,target,446,0.9954415335193314392333760189,0.022426
GSLC,2024-04-17,2024-04-18,T,99.580100,1.004318569850356533092296876,99.59010101436175554886009845,97.35236885296923247513831113,2024-05-06,101.8176064173756752000025364,target,446,0.9954298559250990111770942101,0.022367
GSLC,2024-04-17,2024-04-18,C,98.770000,0.5062522148534399837999291245,98.77500025312610742671999191,96.53726809173358435299820459,2024-05-03,101.0025875182231078901675559,target,446,0.9954664385351598462399103785,0.022552
HSBC,2024-04-19,2024-04-22,O,41.270000,1.212268153715601891138319796,41.27500303067038428900472785,39.97620418167536805651040507,2024-04-30,42.56865203064161131132347315,target,769,0.9960349140840600088629101025,0.031342
HSBC,2024-04-19,2024-04-22,T,41.335000,1.209628644006290068948832708,41.33999999999999999999999999,40.04120115100498376750567721,2024-04-30,42.63364113775163955217105020,target,769,0.9960288606296751718490113088,0.031293
HSBC,2024-04-19,2024-04-22,C,41.585000,1.202356618973187447396897920,41.59000000000000000000000001,40.29120115100498376750567723,2024-04-30,42.88361089703553939491932650,target,769,0.9960055770271961914478012598,0.031104
BRSP,2024-04-23,2024-04-24,O,6.440000,46.51162790697674418604651163,6.469953488372093023255813952,6.145783564059895196819477789,2024-05-01,6.140985918810824240381679602,stop,3084,-1.014799785202931088899284965,-0.050845
BRSP,2024-04-23,2024-04-24,T,6.409500,7.80640124902419984387197502,6.414503512880562060889929746,6.090333588568364234453593583,2024-05-01,6.085579229795086822873223877,stop,3084,-1.014666254999950700693084809,-0.051278
BRSP,2024-04-23,2024-04-24,C,6.395000,7.81860828772478498827208757,6.400000000000000000000000002,6.075830075687802173563663839,2024-05-01,6.071087038938631367807564179,stop,3084,-1.014631328798420351628170959,-0.051393
USFD,2024-04-23,2024-04-24,O,50.620000,37.51974723538704581358609794,50.80992496050552922590837284,48.60429276828119424471969649,2024-05-07,53.00511690909994497428745938,target,453,0.9952665527522109384363304309,0.043204
USFD,2024-04-23,2024-04-24,T,50.790000,1.969279243796770382040173296,50.80000196927924379677038202,48.59436977705490881558170567,2024-05-07,52.99519587198772537528517908,target,453,0.9952674387177280899844399065,0.043212
USFD,2024-04-23,2024-04-24,C,50.835000,0.9835743090390479000688502015,50.84000000000000000000000000,48.63436780777566501881132365,2024-05-07,53.03518602597931246543814688,target,453,0.9952638675288431610080048099,0.043178
SNAP,2024-04-24,2024-04-25,O,10.630000,14.13094677343382006594441828,10.64502119642016015073009892,9.536753268387995883033878910,2024-04-26,11.74791496390159175979878060,target,902,0.9951508471780149816100496927,0.103607
SNAP,2024-04-24,2024-04-25,T,10.935000,4.572473708276177411979881116,10.94000000000000000000000000,9.831732071967835732303779990,2024-04-26,12.04275888919904485102146179,target,902,0.9950291453052320640883179180,0.100801
SNAP,2024-04-24,2024-04-25,C,11.485000,4.353504571179799738789725729,11.49000000000000000000000000,10.38173207196783573230377999,2024-04-26,12.59250740314508966126380290,target,902,0.9948022272039370755148475143,0.095954
TQQQ,2024-04-24,2024-04-25,O,25.450000,0.986290561199329322418384456,25.45251010947825229312555478,22.81568647768686111813653459,2024-04-29,28.08657474571505456295122023,target,379,0.9989536670100629697864617253,0.103489
TQQQ,2024-04-24,2024-04-25,T,25.450000,0.9822217856792063647971712015,25.45249975444455358019840880,22.81567612265316240520938861,2024-04-29,28.08656439169844981905589108,target,379,0.9989536673957899318665265774,0.103489
TQQQ,2024-04-24,2024-04-25,C,26.350000,0.948856627763544928361324604,26.35250023721415694088623208,23.71567660542276576589721189,2024-05-06,28.98647647445992336898242492,target,379,0.9989201422077326047121640778,0.099952
USA,2024-04-25,2024-04-26,O,6.710000,7.47943156320119670905011219,6.715018698578908002991772624,6.502608844421013238556727550,2024-05-24,6.774981495188749074759437454,time,4707,0.2822976214901393196282963603,0.00893
USA,2024-04-25,2024-04-26,T,6.750000,7.41289844329132690882134915,6.755003706449221645663454411,6.542593852291326881228409337,2024-05-24,6.774981495188749074759437454,time,4707,0.09405302225139210962969464286,0.002957
USA,2024-04-25,2024-04-26,C,6.750200,7.40192450037009622501850481,6.755196447076239822353811988,6.542786592918345057918766914,2024-05-24,6.774981495188749074759437454,time,4707,0.09314562260281034921571536835,0.002929
SVIX,2024-05-08,2024-05-09,O,43.260000,2.304147465437788018433179724,43.26996774193548387096774194,39.96481492386507828468887071,2024-05-17,46.56438154212255860885896120,target,302,0.9967508256124748757804711070,0.076136
SVIX,2024-05-08,2024-05-09,T,43.360000,2.305741295826608254553839060,43.36999769425870417339174545,40.06484487618829858711287422,2024-05-20,46.66438843012658978970066726,target,302,0.9967438473211647066929712827,0.07596
SVIX,2024-05-08,2024-05-09,C,43.470000,4.600874166091557395905221992,43.48999999999999999999999999,40.18484718192959441372112876,2024-05-20,46.78436306644069140468185050,target,302,0.9967354757181807437833763654,0.07575
TECL,2024-05-14,2024-05-15,O,79.220000,1.260557166267490230681961427,79.22998613387117105760746249,73.19912904764362962848578026,2024-05-22,85.25558960969634026955700046,target,165,0.9991288783124425706382227888,0.076052
TECL,2024-05-14,2024-05-15,T,81.140000,0.6161809107153860373405631895,81.14499969190954464230698130,75.11414260568200321318529907,2024-05-23,87.17048516825489141457541141,target,165,0.9991093123572001705175030532,0.074256
TECL,2024-05-14,2024-05-15,C,82.870000,1.206418144528893714561467004,82.87999758716371094221257090,76.84914050093616951309088867,2024-05-31,76.84440520359801336240304032,stop,165,-1.000785178171270213735030361,-0.072823
TREX,2024-05-14,2024-05-15,O,90.140000,31.75664382416847735249874645,90.42625438743105465485542373,84.32803219886954368642725483,2024-06-03,84.30013364388535658551643858,stop,163,-1.004574866923759627197438216,-0.067747
TREX,2024-05-14,2024-05-15,T,90.690000,3.308337009263343625937362152,90.72000330833700926334362592,84.62178111977549829491545702,2024-06-03,84.59378538274866475997007255,stop,163,-1.004590803050657187481038853,-0.067529
TREX,2024-05-14,2024-05-15,C,91.835000,1.633542063708140484617478900,91.85000163354206370814048463,85.75177944498055273971231573,2024-05-29,85.35806486846063847568109644,stop_gap,163,-1.064562189494900359718427307,-0.07068
THC,2024-05-16,2024-05-17,O,128.180000,38.13823163138231631382316314,128.6688558530510585305105853,120.9303416159111003200083996,2024-06-05,136.3325325958237985329096995,target,129,0.9903292166850264718875707601,0.059561
THC,2024-05-16,2024-05-17,T,127.540000,5.48632337957520181832432009,127.6099725683831021239909084,119.8714583312431439134887227,2024-05-30,135.2742302487679336456976202,target,129,0.9904042876346027338756294643,0.06006
THC,2024-05-16,2024-05-17,C,128.590000,1.943785717062551024375072892,128.6149951405357073436224390,120.8764809033957491331202533,2024-06-05,136.2787014330370787010108327,target,129,0.9903330352124240871870692620,0.059586
WSM,2024-05-16,2024-05-17,O,157.100000,24.18610571874104954969290010,157.4799637208414218884256755,149.4532834104065206096073440,2024-05-22,165.4854245506479342671937177,target,124,0.9973563814917602982271573684,0.050835
WSM,2024-05-16,2024-05-17,T,156.020000,1.282092374755601141062213532,156.0400032052309368890028526,148.0133228947960356101845211,2024-05-22,164.0456486512771506024289829,target,124,0.9973793818147532706217693100,0.051305
WSM,2024-05-16,2024-05-17,C,154.880000,4.196933010492332526230831316,154.9450020984665052461662631,146.9183217880316039673479316,2024-05-22,162.9507879337696521217633395,target,124,0.9973968721409533377084968168,0.051669
VITL,2024-05-17,2024-05-20,O,37.530000,53.0082162735223959713755632,37.72893983567452955208057248,34.38439450632137924587251504,2024-05-22,41.02101520441829345070267102,target,298,0.9843117806929128009633258294,0.087256
VITL,2024-05-17,2024-05-20,T,39.150000,12.77465508431272355646397548,39.20001277465508431272355648,35.85546744530193400651549904,2024-05-30,42.49020889845891393086450660,target,298,0.9837498971617071603235993157,0.083934
VITL,2024-05-17,2024-05-20,C,38.860000,3.856536829926725800231392210,38.87498650212109525645969918,35.53044117276794495025164174,2024-05-30,42.16559783577742102822387855,target,298,0.9838740425422024089930464976,0.084646
NWG,2024-05-20,2024-05-21,O,8.130000,6.138735420503376304481276855,8.134990791896869244935543281,7.855084489206880442473155876,2024-06-11,7.850280156185958803058799206,stop,3572,-1.017164075888075643423597580,-0.034998
NWG,2024-05-20,2024-05-21,T,8.175000,6.11620795107033639143730887,8.180000000000000000000000001,7.900093697310011197537612596,2024-05-23,7.895261835721442383349516197,stop,3572,-1.017262425112021715600586555,-0.034809
NWG,2024-05-20,2024-05-21,C,8.215000,6.08642726719415702982349361,8.219999999999999999999999997,7.940093697310011197537612592,2024-05-23,7.935237370889638102003950444,stop,3572,-1.017349828759489337846257607,-0.034643
CP,2024-05-21,2024-05-22,O,80.880000,12.97978861487112924160949379,80.98498053031707769330613756,77.46008355188352941594913228,2024-05-29,77.08981100908585203040979047,stop_gap,283,-1.105044926153338300135836809,-0.048097
CP,2024-05-21,2024-05-22,T,80.870000,1.854484762316869629721209124,80.88499721827285652469555543,77.36010023983930824733855015,2024-05-29,77.08981100908585203040979047,stop_gap,283,-1.076680037007371430466965092,-0.046921
CP,2024-05-21,2024-05-22,C,80.160000,0.623791404154450751668642006,80.16500031189570207722537582,76.64010333346215379986837054,2024-05-29,76.62589054308072421085930798,stop,283,-1.004032115113828291990256618,-0.044148
BNY,2024-05-28,2024-05-29,O,57.650000,5.207429265752473528901232425,57.68002082971706300989411559,56.02788371683393647694430550,2024-05-31,59.32701338715558708125172557,target,605,0.9968861207677704462692217475,0.028554
BNY,2024-05-28,2024-05-29,T,57.670000,0.8670770831526922743431891095,57.67500043353854157634613718,56.02286332065541504339632709,2024-05-31,59.32199342628411312203250359,target,605,0.9968863842489573767408431116,0.028556
BNY,2024-05-28,2024-05-29,C,57.850000,0.8643789437289307632466073125,57.85500043218947186446538164,56.20286331930634533151557155,2024-05-31,59.50197781754766363643388460,target,605,0.9968769374619697414133803241,0.028467
TXRH,2024-05-28,2024-05-29,O,170.590000,23.09738911791363330701985206,170.9840183609624886705844516,164.7866869861219609786444734,2024-06-27,174.0080603782918149466192171,time,161,0.4879587413392336443771648829,0.017686
TXRH,2024-05-28,2024-05-29,T,168.680000,5.629462830730941305442801695,168.7749577790287695179402092,162.5776264041882418260002310,2024-06-27,174.0080603782918149466192171,time,161,0.8444122611400146084518819013,0.031006
TXRH,2024-05-28,2024-05-29,C,168.615000,3.558718861209964412811387900,168.6750053380782918149466193,162.4776739632377641230066411,2024-06-27,174.0080603782918149466192171,time,161,0.8605405645830509622677601596,0.031617
PENG,2024-05-29,2024-05-30,O,20.820000,52.68199233716475095785440615,20.92968390804597701149425288,19.32125830745733986333335813,2024-06-12,22.52158192894116418593748314,target,621,0.9897243741411468714396607219,0.076059
PENG,2024-05-29,2024-05-30,T,20.430000,7.33317037399168907357614275,20.44498166707406502077731605,18.83655606648542787261642130,2024-06-12,22.03723512838062245578572617,target,621,0.9899453606830423620842864728,0.07788
PENG,2024-05-29,2024-05-30,C,20.400000,7.354743809757293454278009315,20.41500367737190487864672714,18.80657807678326773048583239,2024-06-12,22.00727912204905788452445815,target,621,0.9899590283159049113951719554,0.077995
ITT,2024-05-30,2024-05-31,O,131.710000,72.17079161156244095975817115,132.6605614963158889098809749,127.4167046573557439804748843,2024-06-04,127.3539924640969083816505867,stop,190,-1.011959173407043546583877311,-0.040001
ITT,2024-05-30,2024-05-31,T,132.000000,4.921818801347821148676787946,132.0649680081777912391625336,126.8211111692176463097564430,2024-06-10,126.7586921162815985528932759,stop,190,-1.011903271743098431791262480,-0.040179
ITT,2024-05-30,2024-05-31,C,132.440000,1.510003775009437523593808984,132.4599984899962249905624764,127.2161416510360800611563858,2024-06-04,127.1535281712547803587070225,stop,190,-1.011940348812748277603047524,-0.040061
ALSN,2024-05-31,2024-06-03,O,76.180000,33.49753694581280788177339902,76.43518423645320197044334976,73.74036282060757801088465967,2024-06-04,73.71074425206268274591844545,stop,371,-1.010990920723257306853863529,-0.035644
ALSN,2024-05-31,2024-06-03,T,74.725000,4.016601954746284643191859686,74.75501405810684161199625117,72.06019264226121765243756108,2024-06-14,72.03124893119858762794200442,stop,371,-1.010740493189062625182310413,-0.036436
ALSN,2024-05-31,2024-06-03,C,74.810000,4.009087264466123212615261259,74.83999198182547106775357476,72.14517056597984710819488467,2024-06-14,72.11619272266776523092556017,stop,371,-1.010753159055992119734075981,-0.036395
BV,2024-06-03,2024-06-04,O,13.790000,75.8396533044420368364030336,13.89458288190682556879739978,12.99104259907576414904631342,2024-07-01,12.98629614580609817749021320,stop,1106,-1.005253172835630434328685913,-0.06537
BV,2024-06-03,2024-06-04,T,13.690000,3.653635367190354402630617464,13.69500182681768359517720132,12.79146154398662217542611496,2024-07-01,12.78678801035710568942851682,stop,1106,-1.005172468475752857471960760,-0.066317
BV,2024-06-03,2024-06-04,C,13.755000,3.635041802980734278444202108,13.76000000000000000000000000,12.85645971716893858024891364,2024-07-01,12.85176243557698792676690819,stop,1106,-1.005198751711691999033146933,-0.066006
GKOS,2024-06-03,2024-06-04,O,113.200000,86.72566371681415929203539825,114.1817345132743362831858407,107.3737861088874324793357144,2024-07-02,120.8548243830434893624305054,target,146,0.9801910169397214259926055245,0.058443
GKOS,2024-06-03,2024-06-04,T,111.970000,11.14628382897142092826251728,112.0948049400329930001337554,105.2868565356460891962836291,2024-06-28,118.7702209607375883007024337,target,146,0.9805326985737865867778763733,0.059552
GKOS,2024-06-03,2024-06-04,C,111.570000,4.481893151667264252420222302,111.6200044818931516672642524,104.8120560775062478634141261,2024-06-28,118.2959497286646022013842142,target,146,0.9806104350716886876535144417,0.05981
SPUS,2024-06-04,2024-06-05,O,38.790000,7.739938080495356037151702785,38.82002321981424148606811144,37.99018528095405806676601315,2024-06-11,39.64475887310517070064683176,target,1205,0.9938514674609088082205608967,0.021245
SPUS,2024-06-04,2024-06-05,T,38.850100,1.286835671084802470724488483,38.85509936945052116844678935,38.02526143059033774914469106,2024-06-12,39.67983050901739475573399266,target,1205,0.9938460281771110258760023390,0.021226
SPUS,2024-06-04,2024-06-05,C,39.160000,1.276976120546545779593921594,39.16500063848806027327288979,38.33516269962787685397079150,2024-06-12,39.98969189885418266520494883,target,1205,0.9937979715640258600187375749,0.021057
MTUM,2024-06-05,2024-06-06,O,190.280000,4.993298467845785918898320675,190.3750124832461696144647972,184.5601442827167083551106190,2024-06-17,196.1743671056093289973166570,target,171,0.9973320842998833028587158984,0.030463
MTUM,2024-06-05,2024-06-06,T,189.690000,0.790743034871767837844961649,189.7049996046284825641160810,183.8901314040990213047619028,2024-06-17,195.5044072077933460788942184,target,171,0.9973411955642967091444760759,0.030571
MTUM,2024-06-05,2024-06-06,C,189.235000,0.528485360955501532607546771,189.2450007927280414332522990,183.4301325921985801738981208,2024-06-17,195.0444447699785609042599784,target,171,0.9973474509228708973366544641,0.030645
CSWC,2024-06-06,2024-06-07,O,25.870000,21.22322978969708662936523249,25.92490449546594636311016785,25.03828605330140391617292993,2024-06-14,25.02866704213993583937071213,stop,1127,-1.010849098895331729996786861,-0.034571
CSWC,2024-06-06,2024-06-07,T,26.020000,3.841721091048789857856319631,26.02999615827890895121014214,25.14337771611436650427290422,2024-06-14,25.13371833166714623285366761,stop,1127,-1.010894635152905652612952376,-0.034432
CSWC,2024-06-06,2024-06-07,C,26.140000,3.825554705432287681713848508,26.15000000000000000000000000,25.26338155783545755306276208,2024-06-14,25.25367607125926260202432076,stop,1127,-1.010946632863287277845042217,-0.034276
EWT,2024-06-13,2024-06-14,O,52.900000,3.783579265985622398789254635,52.92001513431706394248959513,51.41420336258145269379605289,2024-06-18,54.42068803088450857092148284,target,664,0.9965873057545276660037920765,0.028357
EWT,2024-06-13,2024-06-14,T,52.955000,0.944197903880653384949485412,52.96000000000000000000000002,51.45418822826438875130645778,2024-06-18,54.46066912120480815066231825,target,664,0.9965847985602638529011739810,0.028336
EWT,2024-06-13,2024-06-14,C,53.100000,0.9415309292910272102438565105,53.10499952923453535448639490,51.59918775749892410579285266,2024-06-20,54.60565495961418681216840094,target,664,0.9965757065705386611392101726,0.028258
OC,2024-06-13,2024-06-14,O,178.440000,33.87173529658763261764129552,179.0444072446323097164291914,170.3200506524270215960596268,2024-06-26,170.0539180126962483869405246,stop,114,-1.030504557776621309587850329,-0.050214
OC,2024-06-13,2024-06-14,T,176.040000,15.62544390465638228358760192,176.3150703144975709537202761,167.5907137222922828333507115,2024-07-01,167.3288457926713823658421377,stop,114,-1.030015729739298418026982039,-0.050967
OC,2024-06-13,2024-06-14,C,176.690000,3.396162336559687553065036508,176.7500067923246731193751062,168.0256502001193849990055416,2024-07-01,167.7631026629448469105670830,stop,114,-1.030093627466936558273668199,-0.050845
NOW,2024-06-14,2024-06-17,O,144.680000,26.09415987850338257628054674,145.0575303051221869391136270,136.7628931524901949093755915,2024-06-27,153.2705040745511147426986034,target,120,0.9901546768471781295358246515,0.056619
NOW,2024-06-14,2024-06-17,T,144.620000,5.32521871434005325218714340,144.6970133130467858501331304,136.4023761604147938203950949,2024-06-27,152.9101790656590174047734787,target,120,0.9901778223060777792199610326,0.056761
NOW,2024-06-14,2024-06-17,C,145.240000,2.685081275344757550930483934,145.2789981204431072586697143,136.9843609678111152289316788,2024-06-27,153.4918539534165579650894650,target,120,0.9901404584487953052245759712,0.056532
HACK,2024-06-21,2024-06-24,O,62.660000,29.48442106940792094987648418,62.84474938242091003267192602,61.18074948400861851462233363,2024-06-28,64.44736109753661166819902371,target,600,0.9631080606704582569316212344,0.025501
HACK,2024-06-21,2024-06-24,T,63.010000,9.516256938937351308485329105,63.06996193497224425059476606,61.40596203655995273254517367,2024-06-28,64.67235933203635064340853511,target,600,0.9629792637565884095440529822,0.025407
HACK,2024-06-21,2024-06-24,C,62.740000,4.779353194201051457702724232,62.76998566194041739684562687,61.10598576352812587879603448,2024-06-28,64.37266852413349935843378051,target,600,0.9631508173301480869444147208,0.025533
AAAU,2024-06-24,2024-06-25,O,23.000000,2.174385736029571646010002174,23.00500108719286801478582300,22.42881440999673716924123362,2024-07-05,23.57606698528706856741828851,target,1735,0.9911126388293993697270549407,0.024824
AAAU,2024-06-24,2024-06-25,T,23.030000,2.171552660152008686210640608,23.03500108577633007600434310,22.45881440858019923045975372,2024-07-05,23.60606046921285778128366670,target,1735,0.9911013323241803505814367065,0.024791
AAAU,2024-06-24,2024-06-25,C,22.955000,2.178174689610106730559790895,22.96000000000000000000000000,22.38381332280386915445541062,2024-07-05,23.53107567031726089313513344,target,1735,0.9911295989977737837201505804,0.024873
TECL,2024-06-24,2024-06-25,O,94.750000,8.451299387280794422142404395,94.83007606169448552714979924,86.72144614973767686819387668,2024-07-03,102.9224430784003092009796848,target,123,0.9979943719928561451789068773,0.085335
TECL,2024-06-24,2024-06-25,T,95.040000,1.579862025383116541155405761,95.05501500868924113960714102,86.94638509673243248065121846,2024-07-03,103.1473464881450261454272645,target,123,0.9979899893474000656559502684,0.085133
TECL,2024-06-24,2024-06-25,C,97.590000,1.024485196188915070177235939,97.59999795102960762216985969,89.49136803907279896321393713,2024-07-05,105.6919273582948074945207278,target,123,0.9979404036350231514507345902,0.082909
STNG,2024-06-25,2024-06-26,O,83.740000,20.27913634736967672670881546,83.90981748777287367290945966,79.87820157237489245274153513,2024-07-01,79.82569095160777813869264032,stop,248,-1.013024708173851606793633318,-0.048673
STNG,2024-06-25,2024-06-26,T,83.720000,6.57383613219386840375306281,83.77503615609872706627622062,79.74342024070074584610829609,2024-07-01,79.69099822297244200314485909,stop,248,-1.013002731120315314105673795,-0.04875
STNG,2024-06-25,2024-06-26,C,83.520000,2.993832704628465361355607448,83.54500449074905694269804205,79.51338857535107572253011752,2024-07-01,79.46111777667009431854112384,stop,248,-1.012965222823271221457622204,-0.048882
AER,2024-06-26,2024-06-27,O,94.680000,40.64396938506202164159408815,95.06481710213776722090261284,90.68428483558488291789537017,2024-07-26,93.57002332629558541266794626,time,228,-0.3412356501184867596310689298,-0.015724
AER,2024-06-26,2024-06-27,T,94.520000,5.289885738468049090139652985,94.56999999999999999999999997,90.18946773344711569699275730,2024-07-26,93.57002332629558541266794626,time,228,-0.2282774359042247895383647140,-0.010574
AER,2024-06-26,2024-06-27,C,93.790000,1.066325442525058647899338878,93.80000106632544252505864791,89.41946879977255822205140524,2024-07-16,98.12859695257104883037859377,target,228,0.9881438197125420051151525095,0.046147
FIX,2024-07-09,2024-07-10,O,303.440000,94.5607105983382225208541602,306.3093502023959750241727986,280.4802786335143246079905818,2024-07-16,331.4245440497065189589904892,target,38,0.9723614641096441072552714067,0.081993
FIX,2024-07-09,2024-07-10,T,304.090000,21.49337971090583930827413083,304.7435921836289356675253080,278.9145206147472852513430912,2024-07-16,329.8621513741027551631515569,target,38,0.9724917569525092011381310496,0.082425
FIX,2024-07-09,2024-07-10,C,310.250000,12.41755229079649728265251818,310.6352545598219613281942944,284.8061829909403109120120776,2024-07-16,335.7411505766377833774055466,target,38,0.9720014887048013050038767784,0.080821
KALU,2024-07-12,2024-07-15,O,93.600000,121.3798977853492333901192504,94.73611584327086882453151618,89.41444717697155814882060180,2024-07-17,99.80659341875117486551378851,target,187,0.9527984347447765921589436449,0.053522
KALU,2024-07-12,2024-07-15,T,95.690000,25.10460251046025104602510460,95.93022594142259414225941418,90.60855727512328346654849980,2024-07-25,83.96827086882453151618398638,stop_gap,187,-2.247782758131841432814157002,-0.124694
KALU,2024-07-12,2024-07-15,C,95.080000,10.51856526769748606290102030,95.18001051856526769748606290,89.85834185226595702177514852,2024-07-25,83.96827086882453151618398638,stop_gap,187,-2.106809039191344826988868533,-0.117795
ETN,2024-07-15,2024-07-16,O,330.550000,17.26644856415848782260996002,331.1207424572882588149763722,316.9603848606160984379476497,2024-07-17,316.8321780863170372305076925,stop,70,-1.009053922079566070286221562,-0.043152
ETN,2024-07-15,2024-07-16,T,333.890000,4.044883222723255082320864107,334.0250546059235067639436112,319.8646970092513463869148887,2024-07-17,319.7353154746039285751600580,stop,70,-1.009136883285901190375595930,-0.04278
ETN,2024-07-15,2024-07-16,C,332.620000,2.255266046217918840492550104,332.6950146592293004164724632,318.5346570625571400394437407,2024-07-17,318.4058135135363157404659729,stop,70,-1.009098890910149327632351313,-0.04295
LMB,2024-07-16,2024-07-17,O,65.210000,128.2149712092130518234165067,66.04608982725527831094049906,60.45881515198825940057986591,2024-07-17,60.17116304027534435312371024,stop,178,-1.051483438425938491349728179,-0.088952
LMB,2024-07-16,2024-07-17,T,63.760000,47.57819202870290928944700102,64.06335855237500974962951407,58.47608387710799083926888092,2024-07-18,58.19786524232883262686771083,stop,178,-1.049795052319646696408285550,-0.091558
LMB,2024-07-16,2024-07-17,C,59.900000,15.03257056956739602472022716,59.99004509771170870218807418,54.40277042244468979182744103,2024-08-02,54.14393187663943855734483640,stop,178,-1.046326440142819933747893244,-0.097451
MTB,2024-07-18,2024-07-19,O,168.410000,35.11904761904761904761904762,169.0014398809523809523809524,160.8506174179931222170353722,2024-08-02,160.7085362171426516086380031,stop,122,-1.017431517064216147735201918,-0.04907
MTB,2024-07-18,2024-07-19,T,164.200000,8.833115043708689957661965825,164.3450397490176966891048095,156.1942172860584379537592293,2024-07-23,172.3434946324287439259486974,target,122,0.9813064779363514034827272077,0.048669
MTB,2024-07-18,2024-07-19,C,165.250000,2.721911386662634205353092394,165.2949795856646000302434598,157.1441571227053412948978796,2024-07-23,173.2925953762894768733468883,target,122,0.9812035321551147759169161454,0.048384
CGEM,2024-07-22,2024-07-23,O,18.940000,95.03695881731784582893347415,19.11999999999999999999999999,16.47902154197567875998760697,2024-08-05,16.29366519324181626187961985,stop_gap,378,-1.070184725729465044560509938,-0.147821
CGEM,2024-07-22,2024-07-23,T,20.505000,26.71848433325236822929317464,20.55978625212533398105416565,17.91880779410101274104177263,2024-08-02,17.27425653431890179514255544,stop_gap,378,-1.244057749817577330193058062,-0.159804
CGEM,2024-07-22,2024-07-23,C,20.630000,7.269202810758420159922461835,20.64499636539859462078992003,18.00401790737427338077752701,2024-08-02,17.27425653431890179514255544,stop_gap,378,-1.276322349710226634285890396,-0.163272
DIOD,2024-07-26,2024-07-29,O,81.050000,101.0848126232741617357001972,81.86929240631163708086785012,76.19363443801718180347334436,2024-08-01,75.90646658502249239414298452,stop,176,-1.050596398620014769843428381,-0.072833
DIOD,2024-07-26,2024-07-29,T,80.880000,37.68921841210997837503861600,81.18483039851714550509731236,75.50917243022269022770280660,2024-08-01,75.22458426103865660991535704,stop,176,-1.050141881482959206425228049,-0.073416
DIOD,2024-07-26,2024-07-29,C,79.810000,9.40497836854975233556962819,79.88506113235939557339018122,74.20940316406494029599567546,2024-08-01,73.92971372365666341258166643,stop,176,-1.049278769434431586891307469,-0.074549
AVPT,2024-08-01,2024-08-02,O,10.270000,19.55034213098729227761485826,10.29007820136852394916911046,9.772632434806801179923359711,2024-08-05,9.541309872922776148582600196,stop_gap,1932,-1.447046969619824021485936674,-0.072766
AVPT,2024-08-01,2024-08-02,T,10.265000,4.870920603994154895275207014,10.27000000000000000000000000,9.752554233438277230754249251,2024-08-05,9.541309872922776148582600196,stop_gap,1932,-1.408244446406738752224822116,-0.070953
AVPT,2024-08-01,2024-08-02,C,10.270000,4.866180048661800486618004866,10.27499756690997566909975669,9.757551800348252899854005941,2024-08-05,9.541309872922776148582600196,stop_gap,1932,-1.417902592695543187858428000,-0.071405
QQQM,2024-08-01,2024-08-02,O,185.550000,1.079505586441409834295892481,185.5700302261564203594753602,177.8872100454362146772086107,2024-08-05,174.6811380377287202461272737,stop_gap,130,-1.417304054018214660354639229,-0.058678
QQQM,2024-08-01,2024-08-02,T,183.330000,0.8183082840075284362128692615,183.3450020457707100188210905,175.6621818650505043365543410,2024-08-05,174.6811380377287202461272737,stop_gap,130,-1.127693191334047171261726872,-0.047254
QQQM,2024-08-01,2024-08-02,C,184.390000,1.627251030592319375135604252,184.4200048817530917769581253,176.7371847010328860946913758,2024-08-05,174.6811380377287202461272737,stop_gap,130,-1.267616137686490429551614325,-0.052808
CAVA,2024-08-05,2024-08-06,O,81.000000,42.41194910566107320671215194,81.34353678775585469297436842,72.32975540277833719809901755,2024-08-09,90.16010321855497996044808295,target,110,0.9781207302734151979662875013,0.108387
CAVA,2024-08-05,2024-08-06,T,82.590000,21.82611858857766460531102219,82.77026191342306293197526371,73.75648052844554543709991284,2024-08-13,91.58371435704357661362358523,target,110,0.9777752607034740635611546413,0.106481
CAVA,2024-08-05,2024-08-06,C,82.680000,2.418672148990204377796589672,82.69999758132785100979562221,73.68621619635033351492027134,2024-08-13,91.51360338471285042135775888,target,110,0.9777922746244840984000882736,0.106573
NMIH,2024-08-06,2024-08-07,O,36.930000,42.06812321888994436151445244,37.08535757904736056452707286,34.84583555121109281192164578,2024-08-23,39.29295142317032631849883350,target,446,0.9857433044567328187783354246,0.059527
NMIH,2024-08-06,2024-08-07,T,36.980000,8.119079837618403247631935045,37.01002435723951285520974291,34.77050232940324510260431583,2024-08-23,39.21767936500670690231491410,target,446,0.9857706154826874895082224180,0.05965
NMIH,2024-08-06,2024-08-07,C,36.565000,4.102283604539860522357445644,36.58000000000000000000000002,34.34047797216373224739457294,2024-08-23,38.78800414797604886133132256,target,446,0.9859265149132423828893754597,0.060361
CAVA,2024-08-07,2024-08-08,O,82.820000,81.46762416269386277231307705,83.49471486331543057148029693,74.51987262830930579273573419,2024-08-13,92.36831305770295510714067187,target,111,0.9887191286523454804503159560,0.106277
CAVA,2024-08-07,2024-08-08,T,82.290000,10.94890510948905109489051095,82.38009854014598540145985401,73.40525630513986062271529127,2024-08-09,91.25491711736909692088302505,target,111,0.9888551068460152158522381256,0.10773
CAVA,2024-08-07,2024-08-08,C,83.880000,4.768148766241506735010132316,83.91999523185123375849326497,74.94515299684510897974870223,2024-08-13,92.79312779079875558993428264,target,111,0.9886672463542715927535300740,0.105733
CRBG,2024-08-15,2024-08-16,O,27.890000,30.49327354260089686098654708,27.97504573991031390134529149,26.22962090942393701996065768,2024-09-03,29.70987881324401911816017123,target,572,0.9939317024900349418361699792,0.062014
CRBG,2024-08-15,2024-08-16,T,28.050000,3.563791874554526015680684248,28.05999643620812544547398431,26.31457160572174856408935050,2024-09-10,26.30519364007466312269088673,stop,572,-1.005372884287702149106341463,-0.062538
CRBG,2024-08-15,2024-08-16,C,28.225000,1.771479185119574844995571302,28.23000000000000000000000000,26.48457516951362311861536619,2024-09-06,26.47513661813460899776054960,stop,572,-1.005407595454216147161149998,-0.062163
BAR,2024-08-16,2024-08-19,O,24.600000,4.066693777958519723464823099,24.61000406669377795851972346,23.96824696599163705924552213,2024-09-12,25.24665050939806499848249109,target,1558,0.9920364605358283803160811972,0.025869
BAR,2024-08-16,2024-08-19,T,24.705000,2.023881805302570329892734264,24.70999999999999999999999999,24.06824289929785910072579866,2024-09-13,25.34662620470928476875421059,target,1558,0.9920049252478196789038557158,0.025764
BAR,2024-08-16,2024-08-19,C,24.740000,2.020610224287734895938573449,24.74499898969488785613255202,24.10324188899274695685835069,2024-09-13,25.38161811102232787931782262,target,1558,0.9919938877667587047407928909,0.025727
MLI,2024-08-21,2024-08-22,O,35.000000,51.50951495206753469738159965,35.18028330233223637144083560,33.08377293090869806390397304,2024-09-06,33.03181383578591170201034887,stop,476,-1.024783609864761100061760372,-0.06107
MLI,2024-08-21,2024-08-22,T,35.040000,15.70531125071387778412335808,35.09503141062250142775556825,32.99852103919896312021870569,2024-09-06,32.94669583482557811246279396,stop,476,-1.024719746241081317441392914,-0.061215
MLI,2024-08-21,2024-08-22,C,34.610000,6.497725795971410006497725795,34.63248862897985705003248864,32.53597825755631874249562608,2024-09-19,36.67131496428054593596266033,target,476,0.9724856900737954625899146088,0.05887
ALHC,2024-08-26,2024-08-27,O,9.410000,37.25385843533794571580627994,9.445055880787653006918573709,8.476125486451584497192108923,2024-09-11,10.39701617255697998239738227,target,1032,0.9824857361623279394197911170,0.100789
ALHC,2024-08-26,2024-08-27,T,9.195000,16.29549158066268332428028246,9.209983704508419337316675717,8.241053310172350827590210931,2024-09-11,10.16232705794468694343579155,target,1032,0.9828810810386780229087443038,0.103403
ALHC,2024-08-26,2024-08-27,C,9.115000,5.485463521667580910586944595,9.119999999999999999999999996,8.151069605663931490273535210,2024-09-11,10.07248998630618898472419460,target,1032,0.9830324158205968567506410303,0.10444
CRBG,2024-09-04,2024-09-05,O,28.610000,41.87020237264480111653872994,28.72979064898813677599441731,27.28871261959371676446597738,2024-09-06,27.27899787676011273571394250,stop,693,-1.006741302438485185014593580,-0.050498
CRBG,2024-09-04,2024-09-05,T,28.090000,3.559985760056959772160911356,28.10000000000000000000000000,26.65892197060557998847156007,2024-09-06,26.64943143234619743952585998,stop,693,-1.006585721290449990392850346,-0.051622
CRBG,2024-09-04,2024-09-05,C,27.625000,1.809954751131221719457013574,27.62999999999999999999999999,26.18892197060557998847156006,2024-09-10,26.17959875167692011663515153,stop,693,-1.006469614232185429090575216,-0.052494
PRU,2024-09-04,2024-09-05,O,120.230000,22.87377833229361613641089624,120.5050114368891661468080683,115.9266484433054375548393816,2024-09-06,115.8825680074615172819933148,stop,218,-1.009627990595262121771305931,-0.038359
PRU,2024-09-04,2024-09-05,T,118.310000,3.802442012759305420592335967,118.3549866914529553424310280,113.7766236978692267504623413,2024-09-06,113.7333607964673583554835014,stop,218,-1.009449425801863783097507091,-0.039049
PRU,2024-09-04,2024-09-05,C,117.630000,2.125759959185408783640151354,117.6550053143998979635219591,113.0766423208161693715532724,2024-09-06,113.0336455832739265423528846,stop,218,-1.009391290643074806178116651,-0.039279
EZA,2024-09-05,2024-09-06,O,46.220000,26.00780234070221066319895969,46.34020806241872561768530559,44.58317157788983911011662196,2024-09-18,48.01835349520302883581945562,target,569,0.9550999353518055627050132851,0.036214
EZA,2024-09-05,2024-09-06,T,45.660000,16.40240568616730453799890650,45.73489338436303991252050302,43.97785689983415340495181939,2024-09-17,47.41403167883906924170741106,target,569,0.9556650127992396304514851788,0.036715
EZA,2024-09-05,2024-09-06,C,45.380000,4.406256884776382463097598590,45.39999559374311522361753691,43.64295910921422871604885328,2024-09-17,47.07968320116165946481467398,target,569,0.9559776488471257954736125396,0.036998
MS,2024-09-06,2024-09-09,O,97.755000,18.92486317835404838627180196,97.93999999999999999999999998,93.37514596451257253213908772,2024-09-20,102.4943804629896766323170417,target,219,0.9977056062655391159696508612,0.046502
MS,2024-09-06,2024-09-09,T,97.885000,1.021763563911310922652498212,97.89500153264534586696638400,93.33014749715791839910547174,2024-09-20,102.4493865934144599831020662,target,219,0.9977066134783441126743162149,0.046523
MS,2024-09-06,2024-09-09,C,98.130000,1.019056353816366045042290838,98.13999999999999999999999999,93.57514596451257253213908773,2024-09-24,102.6943600277183984060985886,target,219,0.9977011296117141828413312975,0.046407
CDRE,2024-09-25,2024-09-26,O,37.830000,51.66247185057623526294873495,38.02543913101072989799973505,35.98002614387016164773902224,2024-10-09,39.96537475011194227000759067,target,488,0.9484322390135938408798538510,0.051017
CDRE,2024-09-25,2024-09-26,T,37.990000,26.32271650434324822321663596,38.09000000000000000000000002,36.04458701285943174973928721,2024-10-09,40.02976567735604451177621503,target,488,0.9483491546945657143539853011,0.050926
CDRE,2024-09-25,2024-09-26,C,37.900000,3.957261574990106846062524733,37.91499802136921250494657695,35.86958503422864425468586414,2024-10-09,39.85522435147237675216647036,target,488,0.9485743672800024165335861933,0.051173
TPC,2024-09-25,2024-09-26,O,26.160000,36.29417382999044890162368672,26.25494555873925501432664757,24.00128898302486749617409311,2024-10-21,28.44194133445102294744612518,target,443,0.9704210478557547079589106087,0.083298
TPC,2024-09-25,2024-09-26,T,25.610000,23.38269680436477007014809042,25.66988308651597817614964926,23.41622651080159065799709480,2024-10-04,27.85824689606770700600687511,target,443,0.9710280763865002334310962511,0.08525
TPC,2024-09-25,2024-09-26,C,25.780000,3.877471888328809616130283056,25.78999612252811167119038386,23.53633954681372415303782940,2024-10-04,27.97807907540950815460558149,target,443,0.9709034537295440299015413096,0.084842
OKE,2024-09-30,2024-10-01,O,90.450000,14.92289835848118056707013762,90.58497761565246227822914942,86.76082822527234682397654518,2024-10-03,94.39382486215564771285900552,target,261,0.9959985496603706147292455333,0.042047
OKE,2024-09-30,2024-10-01,T,92.540000,1.620833108217623858663352964,92.55499918958344589118807064,88.73084979920333043693546640,2024-10-11,96.36352712846753829265358092,target,261,0.9959150519759191988801143022,0.041149
OKE,2024-09-30,2024-10-01,C,92.130000,0.542740841248303934871099050,92.13500027137042062415196744,88.31085088099030516989936320,2024-10-11,95.94359628506971855135096458,target,261,0.9959328532719085166995668512,0.041337
QQQM,2024-10-07,2024-10-08,O,199.440000,0.752275633792221469946588430,199.4550033852403520649966148,193.5072229528202945171950524,2024-10-25,205.3925530668601077544720927,target,168,0.9982799044254330134967820930,0.029769
QQQM,2024-10-07,2024-10-08,T,200.785000,0.4980823828261194401554017034,200.7950007471235742391791602,194.8472203147035166913775978,2024-11-05,202.5599037806438811448980604,time,168,0.2967330508537612317874468815,0.00879
QQQM,2024-10-07,2024-10-08,C,201.600000,0.992112704003174760652810159,201.6200009921127040031747606,195.6722205596926464553731982,2024-11-05,202.5599037806438811448980604,time,168,0.1580258046191435483954686693,0.004662
GWRE,2024-10-11,2024-10-14,O,187.260000,20.28939078434513321586843932,187.6399391318276469646003524,180.7095510563711629243415639,2024-11-07,194.4036181339566946711289414,target,144,0.9759452037155284838598793981,0.036046
GWRE,2024-10-11,2024-10-14,T,186.720000,8.56806254685659205312198779,186.8799828638749062868158938,179.9495947884184222465571053,2024-11-07,193.6443130012876234723444052,target,144,0.9760391573695778771409800176,0.036196
GWRE,2024-10-11,2024-10-14,C,187.520000,1.866218774160868058332666826,187.5549953344530645978298542,180.6246072589965805575710657,2024-11-07,194.3187471169589995978075343,target,144,0.9759557053463310994294603290,0.036063
MSI,2024-10-14,2024-10-15,O,476.120000,21.74209879525665129664835569,477.1551848078397596815360217,464.5975496936346234200313746,2024-10-24,464.2407647376847888172093137,stop,79,-1.028411795111504807288848797,-0.027065
MSI,2024-10-14,2024-10-15,T,475.295000,7.679441189156208249613397995,475.6600000000000000000000001,463.1023648857948637384953530,2024-10-25,462.7467281482249016617544851,stop,79,-1.028320359234492130993688910,-0.027148
MSI,2024-10-14,2024-10-15,C,474.690000,3.580002527060607336899296635,474.8599391399570399696752729,462.3023040257519037081706258,2024-10-25,461.9472816902141861961970467,stop,79,-1.028271432662995436034590282,-0.027193
COLB,2024-10-18,2024-10-21,O,27.530000,16.37852593266606005459508644,27.57509008189262966333030028,26.26440070069302147360547185,2024-10-30,28.88043519307131421977981786,target,762,0.9959225503024734272089952016,0.047338
COLB,2024-10-18,2024-10-21,T,27.025000,1.850138760407030527289546716,27.03000000000000000000000001,25.71931061880039181027517158,2024-10-25,28.33544596040752685610970821,target,762,0.9959994939554005589020832222,0.048296
COLB,2024-10-18,2024-10-21,C,26.550000,1.882884579175296554321220109,26.55499905855771041235172284,25.24430967735810222262689441,2024-10-24,27.86053290073053648947672212,target,762,0.9960665439876658598137792574,0.049163
SCHG,2024-10-18,2024-10-21,O,26.520000,5.65504241281809613572101791,26.53499717247879359095193215,25.88691559095094354032641224,2024-11-06,27.17796049402660096719568263,target,1543,0.9921024449298861503391623114,0.024231
SCHG,2024-10-18,2024-10-21,T,26.555000,1.882884579175296554321220109,26.56000000000000000000000000,25.91191841847214994937448009,2024-10-31,25.90703950331145099438495373,stop,1543,-1.007528242276530880026257614,-0.024584
SCHG,2024-10-18,2024-10-21,C,26.660000,1.875117194824676542283892744,26.66499906244140258766172885,26.01691748091355253703620894,2024-10-31,26.01201879564130370394695339,stop,1543,-1.007558747867359846545004825,-0.024488
QQQM,2024-10-21,2024-10-22,O,202.790000,0.4929265046581554690195691822,202.7999960565879627347562479,197.5743069575471485111279638,2024-11-06,208.0154707941854091504223212,target,191,0.9980453560765330117684437561,0.025717
QQQM,2024-10-21,2024-10-22,T,203.680000,0.4910144358244132377491898262,203.6900009820288716488264755,198.4643118829880574251981914,2024-11-07,208.9054320190996834328066964,target,191,0.9980369934422839415346870048,0.025605
QQQM,2024-10-21,2024-10-22,C,204.430000,0.7337295472888693227676278525,204.4449996331352263555653387,199.2193105340944121319370546,2024-10-31,199.2095285783576894366541352,stop,191,-1.001871897763400848510562085,-0.025608
OUNZ,2024-10-25,2024-10-28,O,26.430000,1.890716581584420495367744375,26.43499716392512762336925694,25.92372182480318346280561536,2024-11-06,25.68514374891283796558895822,stop_gap,1955,-1.466633255380702601418015931,-0.028366
OUNZ,2024-10-25,2024-10-28,T,26.490000,1.887148518588412908095867144,26.49499905642574070579354596,25.98372371730379654522990438,2024-11-06,25.68514374891283796558895822,stop_gap,1955,-1.583990553707782768282423156,-0.030566
OUNZ,2024-10-25,2024-10-28,C,26.470000,1.888574126534466477809254013,26.47499905571293673276676108,25.96372371659099257220311950,2024-11-06,25.68514374891283796558895822,stop_gap,1955,-1.544872686714331363865617778,-0.029834
EXLS,2024-11-01,2024-11-04,O,41.720000,20.41551579200192146030983548,41.80517353188423201633241265,40.20215793467661732700854180,2024-11-06,43.38236629201326737983495317,target,623,0.9838910880695349347399136823,0.037727
EXLS,2024-11-01,2024-11-04,T,42.005000,5.94883997620464009518143962,42.02998810232004759071980964,40.42697250511243290139593879,2024-11-06,43.60704712385869876887173303,target,623,0.9838076586939149143773062591,0.037522
EXLS,2024-11-01,2024-11-04,C,42.140000,2.372479240806642941874258600,42.14999762752075919335705813,40.54698203031314450403318728,2024-11-06,43.72698525731330643837237399,target,623,0.9837631227915641858278589481,0.037414
CRH,2024-11-07,2024-11-08,O,100.400000,5.478360476119328651825290105,100.4550027391802380596643259,96.33202427834168874069454871,2024-12-09,100.0800762778989098116947473,time,242,-0.09093582827135945578107083232,-0.003732
CRH,2024-11-07,2024-11-08,T,101.390000,0.986290561199329322418384456,101.4000000000000000000000000,97.27702153916145068103022281,2024-12-09,100.0800762778989098116947473,time,242,-0.3201383986450994828009189958,-0.013017
CRH,2024-11-07,2024-11-08,C,100.900000,0.9910802775024777006937561945,100.9100000000000000000000000,96.78702153916145068103022281,2024-12-09,100.0800762778989098116947473,time,242,-0.2012922769264956787027851593,-0.008224
UTSL,2024-11-11,2024-11-12,O,36.790000,25.76271186440677966101694916,36.88478101694915254237288136,33.39884397447995443510486781,2024-11-21,40.35394584584983450894723438,target,286,0.9951886068611738731053075041,0.094054
UTSL,2024-11-11,2024-11-12,T,36.094200,4.154549231408392189447444952,36.10919551308683007893643538,32.62325847061763197166842183,2024-11-21,39.57868256280340831574902539,target,286,0.9952810413520928574505363989,0.096083
UTSL,2024-11-11,2024-11-12,C,35.840000,4.185851820845542067810799498,35.85500209292591042277103391,32.36906505045671231550302036,2024-11-21,39.32459474855032452150974167,target,286,0.9953113361929202345171304659,0.096767
RMD,2024-11-14,2024-11-15,O,233.170000,33.22259136212624584717607974,233.9446511627906976744186047,221.2170391500121473665791398,2024-11-25,246.4541809590690142535837282,target,78,0.9828654254795574608841436917,0.053472
RMD,2024-11-14,2024-11-15,T,231.870000,8.84097035040431266846361186,232.0749955795148247978436657,219.3473835667362744900042008,2024-11-25,244.5861783327508623643498043,target,78,0.9829952972069530960542701823,0.05391
RMD,2024-11-14,2024-11-15,C,234.845000,5.74896199297349089747684446,234.9800114979239859469817948,222.2523994851454356391423298,2024-11-25,247.4886259351998127187253531,target,78,0.9827935063323073101897060915,0.053233
COGT,2024-11-21,2024-11-22,O,8.990000,111.2347052280311457174638487,9.090000000000000000000000001,7.810375662448808207893895017,2024-12-09,10.34683395439173862333224541,target,781,0.9821897861031097870888340233,0.138266
COGT,2024-11-21,2024-11-22,T,9.100000,21.97802197802197802197802198,9.119999999999999999999999998,7.840375662448808207893895014,2024-12-09,10.37676802032580455739817947,target,781,0.9821382599918916748277483174,0.137804
COGT,2024-11-21,2024-11-22,C,9.110000,5.491488193300384404173531025,9.115002745744096650192202086,7.835378408192904858086097102,2024-12-09,10.37178174904628780835918991,target,781,0.9821468429611775035221631099,0.13788
SPMO,2024-11-22,2024-11-25,O,96.000000,7.804776523232218117487902595,96.07492585462302929392788384,93.80208083277719008078220899,2024-12-05,98.34261557055722260528045319,target,439,0.9977317829143233277945029020,0.023603
SPMO,2024-11-22,2024-11-25,T,95.356500,0.524191434711956806625779735,95.36149850605441107092310112,93.08865348420857185777742627,2024-12-04,97.62922561923914527540472665,target,439,0.9977482368520891864651118200,0.02378
SPMO,2024-11-22,2024-11-25,C,95.440000,0.523861910000523861910000524,95.44499973806904499973806904,93.17215471622320578659239419,2024-12-04,97.71272247419071820752583207,target,439,0.9977463110441177120343599318,0.023759
MCY,2024-11-27,2024-11-29,O,79.710000,57.90533736153071500503524675,80.17156344410876132930513598,76.11512688541497938098070761,2024-12-04,75.98614248662591238523059909,stop,246,-1.031797464824792284758860181,-0.052206
MCY,2024-11-27,2024-11-29,T,79.580000,16.94596121257766898889098098,79.71485595932969308981359442,75.65841940063591114148916605,2024-12-04,75.53020893657910014539174513,stop,246,-1.031606673049533949321305287,-0.052495
MCY,2024-11-27,2024-11-29,C,78.840000,12.04132074275936371126180366,78.93493377273591482349958803,74.87849721404213287517515966,2024-12-04,74.75160840309760657205398165,stop,246,-1.031280856759013611417524401,-0.052997
TGLS,2024-11-29,2024-12-02,O,80.380000,63.75796974621827728466058255,80.89248656082010251281410174,75.42341512578584254744538592,2024-12-31,79.25088011950703348686667497,time,182,-0.3001618210354909164490992200,-0.020294
TGLS,2024-11-29,2024-12-02,T,79.610300,18.19436602045297697471610515,79.75514589371980676328502419,74.28607445868554679791630837,2024-12-11,85.06915726836546845177746431,target,182,0.9716478268330340555507028932,0.066629
TGLS,2024-11-29,2024-12-02,C,80.330000,8.71405452508402838292045313,80.39999999999999999999999997,74.93092856496574003463128415,2024-12-11,85.71283810348171629644370840,target,182,0.9714332984294682238469422129,0.06608
IFS,2024-12-11,2024-12-12,O,29.840000,52.21492336196732356408960755,29.99580933131211049351524340,28.61301452281627434717167742,2024-12-19,28.53526176596079534079349352,stop,723,-1.056228701740684279162538804,-0.048692
IFS,2024-12-11,2024-12-12,T,29.430000,27.17391304347826086956521739,29.50997282608695652173913044,28.12717801759112037539556446,2025-01-10,28.05074546863027493959285912,stop,723,-1.055273962912824739965955334,-0.049449
IFS,2024-12-11,2024-12-12,C,29.420000,6.798096532970768184908225695,29.44000000000000000000000001,28.05720519150416385365643403,2025-01-14,29.02025932698844323589394969,time,723,-0.3035451611711924370703087172,-0.014257
CDP,2024-12-17,2024-12-18,O,32.250000,32.61375990060568411243981985,32.35517937567945333126261842,31.02400506210475174509220074,2024-12-18,31.01437924607555386989980477,stop,751,-1.007231071040838336245386373,-0.04144
CDP,2024-12-17,2024-12-18,T,32.220000,3.102699348433136829041265902,32.22999689730065156686317097,30.89882258372594998069275329,2024-12-19,30.88923560805616222084767332,stop,751,-1.007201893525156100433814710,-0.0416
CDP,2024-12-17,2024-12-18,C,31.130000,4.817729243616508752208125904,31.14499759113537819174562391,29.81382327756067660557520623,2025-01-07,29.80457294455491778565414659,stop,751,-1.006949002028831379225080341,-0.043038
GLD,2024-12-17,2024-12-18,O,243.570000,0.615826747408395771323001129,243.5849996920866262958021143,238.0825484297227313519069513,2025-01-16,249.0772227504939470795839567,target,181,0.9981411550109432417140202947,0.022547
GLD,2024-12-17,2024-12-18,T,243.520000,0.4106270274709481378064304192,243.5299995893729725290518622,238.0275483270090775851566992,2025-01-10,249.0222249062331621032811546,target,181,0.9981415654558088306186474094,0.022553
GLD,2024-12-17,2024-12-18,C,239.380000,0.4177458434288578828640655026,239.3900000000000000000000001,233.8875487376361050561048371,2025-01-02,244.8823953164327010911893817,target,181,0.9981724606994749206022952647,0.022943
AAPL,2024-12-20,2024-12-23,O,254.770000,0.9812964889211626400800737935,254.7950004906482444605813199,246.2322921427679412303449998,2025-01-02,246.2225822846448777049208764,stop,116,-1.001133970436522832042437643,-0.033644
AAPL,2024-12-20,2024-12-23,T,253.600000,0.3943373161402263496194644899,253.6100003943373161402263495,245.0472920464570129099900294,2025-01-02,245.0376289173097099006872182,stop,116,-1.001128513170683328835478137,-0.033801
AAPL,2024-12-20,2024-12-23,C,255.350000,0.1958135072157277408995672522,255.3550000979067536078638705,246.7922917500264503776275504,2025-01-02,246.7825598090291702620718255,stop,116,-1.001136549395576372239538557,-0.033571
EBC,2024-12-23,2024-12-24,O,17.280000,14.47178002894356005788712012,17.30500723589001447178002894,16.15156253080927899835533520,2025-01-27,18.45308455163054327176907141,target,866,0.9953466435655179651625350189,0.066344
EBC,2024-12-23,2024-12-24,T,17.190000,2.907822041291072986333236406,17.19499854608897935446350684,16.04155384100824388103881310,2025-01-27,18.34310785039880185469021041,target,866,0.9953743766411936311188557446,0.06677
EBC,2024-12-23,2024-12-24,C,17.270000,2.894356005788712011577424023,17.27499855282199710564399420,16.12155384774126163221930046,2025-01-27,18.42308459455353143554467844,target,866,0.9953542087231428546322555393,0.066459
IAU,2025-01-03,2025-01-06,O,49.560000,1.008776354282255623928175124,49.56499949561182285887218806,48.55690934381179682491228493,2025-01-10,50.56800436941814232180214327,target,991,0.9949555325140054208170832594,0.020236
IAU,2025-01-03,2025-01-06,T,49.729900,1.005530417295123177476118652,49.73490049270990447461035697,48.72681034090987844065045384,2025-01-10,50.73788828245417284838840286,target,991,0.9949385855554218217359272722,0.020167
IAU,2025-01-03,2025-01-06,C,49.729000,1.005530417295123177476118652,49.73400040221216691804927100,48.72591025041214088408936787,2025-01-10,50.73698828246327267116935420,target,991,0.9949386753359213313629193132,0.020167
OKE,2025-01-03,2025-01-06,O,103.500000,19.80963424650915591631637436,103.7050297144513697637338744,99.31916367924747155680450192,2025-01-16,108.0643807872479542121461829,target,228,0.9939544522804648131079669882,0.042036
OKE,2025-01-03,2025-01-06,T,101.940000,2.453024579306284648972182702,101.9650061325614482657116224,97.57914009735755005878224992,2025-01-14,106.3247840374195275680458320,target,228,0.9940517721844629776501672234,0.042758
OKE,2025-01-03,2025-01-06,C,101.390000,1.479654747225647348951911220,101.4050022194821208384710234,97.01913618427822263154165092,2025-01-14,105.7649174946765292698410081,target,228,0.9940830933272490323799309985,0.042995
HCI,2025-01-08,2025-01-10,O,112.810000,217.2746781115879828326180258,115.2610756437768240343347640,105.5702552368037103867353618,2025-01-22,124.5677762979718637324598659,target,103,0.9603625145605136528172892912,0.080745
HCI,2025-01-08,2025-01-10,T,110.610000,30.74141048824593128390596745,110.9500307414104882459312839,101.2592103344373745983318817,2025-01-15,120.2699841557032183072395429,target,103,0.9617300726764554388213925255,0.084001
HCI,2025-01-08,2025-01-10,C,109.990000,19.09264478588962632966633330,110.2000000000000000000000000,100.5091795930268863524005978,2025-01-15,119.5222591145827803868382467,target,103,0.9619679988987174094325093082,0.084594
INTA,2025-01-10,2025-01-13,O,67.020000,55.6999628666914222057185295,67.39330115113256591162272559,62.42535991702056499329574034,2025-01-24,72.15117919115447565045864216,target,201,0.9577162482020302898656659596,0.070599
INTA,2025-01-10,2025-01-13,T,65.300000,29.02979373567608861726508786,65.48956455309396485867074104,60.52162331898196394034375579,2025-01-21,70.25296910119268642638459309,target,201,0.9588286824713538619846740064,0.072735
INTA,2025-01-10,2025-01-13,C,65.450000,11.46350783339701948796331678,65.52502865876958349254871993,60.55708742465758257422173468,2025-01-21,70.28833025530102671739875508,target,201,0.9588079592859483194343249057,0.072694
CCB,2025-01-13,2025-01-14,O,81.770000,146.484375000,82.9678027343750000,76.96327716229098429037986107,2025-01-29,88.53477697377761716768725831,target,166,0.9271297411546311763420392754,0.067098
CCB,2025-01-13,2025-01-14,T,83.560000,49.17836152093079045220103154,83.97093438886889768501859181,77.96640881678488197539845288,2025-01-29,89.53297539115573581887044623,target,166,0.9263081546601520072452379169,0.066238
CCB,2025-01-13,2025-01-14,C,84.610000,11.21936817242397401830528492,84.70492707410687924416888097,78.70040150202286353454874204,2025-01-28,78.31336582233197503689772867,stop,166,-1.064457328900434412109990542,-0.075457
NMRK,2025-01-14,2025-01-15,O,12.610000,67.4870980547836443032949583,12.69510123064708217546645494,11.78631381491882804815032666,2025-01-21,13.59336746412755955390185423,target,1100,0.9884228345752943438619630106,0.070757
NMRK,2025-01-14,2025-01-15,T,12.930000,7.733952049497293116782675945,12.94000000000000000000000001,12.03121258427174587268387173,2025-01-22,13.83807682994656174206685054,target,1100,0.9882144211106736235114831720,0.069403
NMRK,2025-01-14,2025-01-15,C,12.880000,3.883495145631067961165048544,12.88500194174757281553398058,11.97621452601931868821785230,2025-01-21,13.78312130692866853067466407,target,1100,0.9882612254939626324031019597,0.069703
ZETA,2025-01-16,2025-01-17,O,19.200000,23.37055310309010646585302519,19.24487146195793300441443782,16.44578367393007392978716097,2025-02-10,22.03214576700080505220407174,target,357,0.9957795239450812650681085698,0.144832
ZETA,2025-01-16,2025-01-17,T,18.670000,5.359056806002143622722400855,18.68000535905680600214362272,15.88091757102894692751634587,2025-02-07,21.46758237905300126911989694,target,357,0.9958876716618545577431748737,0.149228
ZETA,2025-01-16,2025-01-17,C,18.505000,2.701972439881113212645231018,18.51000000000000000000000000,15.71091221197214092537272315,2025-02-07,21.29766812683384628841365023,target,357,0.9959202204222188091908797347,0.150603
WKC,2025-01-17,2025-01-21,O,28.160000,46.09929078014184397163120568,28.28981560283687943262411349,26.96384634570422604934167136,2025-02-19,27.26522834645669291338582677,time,754,-0.7727081535780163026632177539,-0.036218
WKC,2025-01-17,2025-01-21,T,28.330000,10.58948111542534415813625132,28.36000000000000000000000000,27.03403074286734661671755787,2025-02-19,27.00540310706480442121803345,stop,754,-1.021589969487262564038522312,-0.047764
WKC,2025-01-17,2025-01-21,C,28.570000,1.749781277340332458442694663,28.57499912510936132983377077,27.24902986797670794655132864,2025-02-18,27.22017455925664789577841866,stop,754,-1.021761672500958513014584432,-0.047413
ZETA,2025-01-17,2025-01-21,O,18.990000,23.59108781127129750982961992,19.03479947575360419397116645,16.29678924401344933896012366,2025-02-07,21.75567925139030211818049232,target,365,0.9937434652709206307394387433,0.142942
ZETA,2025-01-17,2025-01-21,T,19.080000,7.86782061369000786782061369,19.09501180173092053501180172,16.35700156999076568000075893,2025-02-07,21.81584420338966620403541505,target,365,0.9937261629331122922955855518,0.142489
ZETA,2025-01-17,2025-01-21,C,18.985000,2.633658151171977877271530156,18.99000000000000000000000000,16.25198976825984514498895721,2025-02-07,21.71091502306057959548703725,target,365,0.9937563386427850118367881182,0.143281
AGX,2025-01-21,2025-01-22,O,187.050000,34.73149879775581084691423992,187.6996526850120224418915309,169.7449390820144149513649182,2025-01-24,169.2951692838419066656227367,stop,55,-1.025050235170413273156075153,-0.098053
AGX,2025-01-21,2025-01-22,T,186.625600,26.49680164868988036292588925,187.1200981505767738136659262,169.1653845475791663231393135,2025-01-24,168.7171503835610109965865530,stop,55,-1.024964706980529109298024360,-0.098348
AGX,2025-01-21,2025-01-22,C,184.450000,9.480213440234025840353205665,184.6248625369051166066253150,166.6701489339075091160987023,2025-01-24,166.2285263462015742767524568,stop,55,-1.024596470735807463641640623,-0.099642
MCO,2025-01-22,2025-01-23,O,482.500000,41.04962327877370745648220317,484.4806443232008313847752662,466.5504059019258773494354934,2025-01-30,502.0920576329292260140226903,target,55,0.9822185793598672676158905450,0.036351
MCO,2025-01-22,2025-01-23,T,480.630000,6.345903771131339401820546165,480.9350031729518855656697011,463.0047647516769315303299283,2025-01-30,498.5486665124349245194421233,target,55,0.9823440673596238449237633834,0.036624
MCO,2025-01-22,2025-01-23,C,485.695000,4.529544986617253448630842084,485.9149977352275066913732756,467.9847593139525526560335028,2025-01-31,503.5255008180832498023507129,target,55,0.9821678144536086036361229703,0.036242
PBH,2025-01-22,2025-01-23,O,77.280000,52.28842553740881802336840745,77.68408495255309534568459107,74.28255041953254626946627197,2025-02-06,80.94882827699429620266014637,target,293,0.9597854417612282264545719823,0.042026
PBH,2025-01-22,2025-01-23,T,77.070000,16.86997145081754477030885024,77.20001686997145081754477031,73.79848233695090174132645121,2025-02-06,80.46557681588599210780164117,target,293,0.9600255161939329494830298683,0.0423
PBH,2025-01-22,2025-01-23,C,76.840000,7.162857328905385166373640685,76.89503939571530897961841505,73.49350486269475990340009595,2025-02-06,80.16111383775823462542849673,target,293,0.9601767703186198698438275969,0.042474
OKE,2025-01-23,2025-01-24,O,104.750000,12.87737873801688367434539992,104.8848905422807268564887681,99.83947832491207621183733440,2025-01-27,99.81078057316591005023577150,stop,198,-1.005687890406134741623755541,-0.048378
OKE,2025-01-23,2025-01-24,T,104.350000,2.874389192296636964645012935,104.3799942512216154067260707,99.33458203385296476207463700,2025-01-31,99.30602940895102369718183026,stop,198,-1.005659126285786853546081137,-0.048611
OKE,2025-01-23,2025-01-24,C,104.230000,1.439194051331254497481410410,104.2450007195970256656272487,99.19958850222837502097581500,2025-01-31,99.17107467972126712358547990,stop,198,-1.005651435656525761330543585,-0.048673
VISN,2025-01-24,2025-01-27,O,5.160000,19.49317738791423001949317739,5.170058479532163742690058481,4.404388512584497667730714440,2025-02-25,4.884932642487046632124352331,time,1306,-0.3723873853662665654450962790,-0.055149
VISN,2025-01-24,2025-01-27,T,4.995000,10.01001001001001001001001001,5.000000000000000000000000000,4.234330033052333925040655959,2025-02-25,4.884932642487046632124352331,time,1306,-0.1502832323065615022223364085,-0.023013
VISN,2025-01-24,2025-01-27,C,4.825000,10.36269430051813471502590674,4.830000000000000000000000002,4.064330033052333925040655961,2025-02-25,4.884932642487046632124352331,time,1306,0.07174454380917529928679802411,0.011373
TGLS,2025-01-29,2025-01-30,O,78.340000,113.8107416879795396419437340,79.23159335038363171355498718,73.33660797076487760817938895,2025-02-03,73.09863844690478924793143140,stop,169,-1.040368127914759738265734666,-0.077405
TGLS,2025-01-29,2025-01-30,T,78.330000,32.44894063752624546669211682,78.58417255201374308074059938,72.68918717239498897536500115,2025-02-19,72.45331846044028105160451155,stop,169,-1.040011755206416176246674983,-0.078016
TGLS,2025-01-29,2025-01-30,C,77.530000,9.03458957150232318017552917,77.60004517294785751161590088,71.70505979332910340624030265,2025-02-19,71.47238447046470280347143738,stop,169,-1.039470042397195630431478218,-0.078965
VIAV,2025-02-03,2025-02-04,O,12.300000,40.78303425774877650897226754,12.35016313213703099510603589,11.29410836622827420466359188,2025-02-25,11.28950416387759003254591410,stop,946,-1.004359813997640701467083267,-0.085882
VIAV,2025-02-03,2025-02-04,T,12.260000,4.076640847941296371789645332,12.26499796167957602935181411,11.20894319577081923890937010,2025-02-26,11.20437371220140594121719343,stop,946,-1.004326938068861573992590052,-0.086476
VIAV,2025-02-03,2025-02-04,C,12.495000,4.001600640256102440976390556,12.50000000000000000000000000,11.44394523409124320955755599,2025-02-24,11.43927994863095326124546567,stop,946,-1.004417654851711572427559115,-0.084858
TLN,2025-02-04,2025-02-05,O,237.900000,73.76185458377239199157007375,239.6547945205479452054794520,210.9385487508267473549987461,2025-02-24,210.5238332986603543671541087,stop,34,-1.014441840883102993589048884,-0.121554
TLN,2025-02-04,2025-02-05,T,236.510000,19.66048664989535547428281504,236.9749901697566750523222630,208.2587444000354772018415571,2025-02-24,207.8492975736353905396896584,stop,34,-1.014258368927591955417978387,-0.122906
TLN,2025-02-04,2025-02-05,C,236.145000,14.18619915729742319337695060,236.4800000000000000000000000,207.7637542302788021495192941,2025-02-24,207.3552805786411485419276975,stop,34,-1.014224479582507049391191810,-0.123159
BTSG,2025-02-05,2025-02-06,O,23.420000,63.7484062898427539311517212,23.56929876753081172970675733,21.56854673724083156026408646,2025-02-19,20.74689233404164895877603060,stop_gap,499,-1.410672782413768506064301313,-0.119749
BTSG,2025-02-05,2025-02-06,T,23.245000,21.52389151958674128282393456,23.29503228583727938011192423,21.29428025554729921066925336,2025-02-19,20.74689233404164895877603060,stop_gap,499,-1.273591086360819167736797457,-0.109386
BTSG,2025-02-05,2025-02-06,C,22.520000,4.440497335701598579040852576,22.52999999999999999999999999,20.52924796971001983055732912,2025-02-20,20.48506103908214634835638782,stop,499,-1.022085160958936637182319987,-0.090765
HWC,2025-02-07,2025-02-10,O,60.480000,29.75698462555794346172921144,60.65997024301537444205653826,57.68629372282898009839055560,2025-02-20,57.65255622963324086698536437,stop,336,-1.011345381034795444581029965,-0.049578
HWC,2025-02-07,2025-02-10,T,59.860000,5.848441808004010360096917035,59.89500877266271200601554016,56.92133225247631766234955750,2025-02-21,56.88804214254505070407096723,stop,336,-1.011194933176248869886096026,-0.050204
HWC,2025-02-07,2025-02-10,C,59.870000,4.178854993731717509402423736,59.89501880484747179272879229,56.92134228466107744906280963,2025-02-21,56.88805216886254561330849100,stop,336,-1.011194935149316497668273125,-0.050204
FWD,2025-02-11,2025-02-12,O,84.150000,3.565909901343159396172590039,84.18000713181980268631879234,80.60649739700580963976102922,2025-02-24,80.57803465074980476347580287,stop,279,-1.007964927583298274742039761,-0.042789
FWD,2025-02-11,2025-02-12,T,84.930000,3.531073446327683615819209040,84.95998940677966101694915255,81.38647967196566797039138943,2025-02-24,81.35774150823969139271822863,stop,279,-1.008041999563063299031832638,-0.042399
FWD,2025-02-11,2025-02-12,C,85.300000,1.759427599554278341446249487,85.31500791742419799425253651,81.74149818261020494769477339,2025-02-24,81.71263465924063919736013541,stop,279,-1.008077079821098666559214036,-0.042224
CRWD,2025-02-14,2025-02-18,O,112.920000,13.67867350229646022619855206,113.0744595811879316288742340,106.0033265935381193179686100,2025-02-20,105.9267847942670767852181022,stop,141,-1.010824545289238329801137038,-0.063212
CRWD,2025-02-14,2025-02-18,T,112.510000,7.220697852675546273564469725,112.5912400715404525711238739,105.5201070838906402602182499,2025-02-20,105.4439142028271659757125990,stop,141,-1.010775201257924301866303724,-0.06348
CRWD,2025-02-14,2025-02-18,C,113.430000,4.408879483279324559663161608,113.4800099199788373784802592,106.4088769323290250675746352,2025-02-20,106.3320422974119366014797847,stop,141,-1.010865958121744434494476863,-0.062989
FNV,2025-02-25,2025-02-26,O,138.420000,16.59212234886740730053383350,138.6496681575530226518539893,132.6842269446622526777042521,2025-03-03,144.5534354308444847323541407,target,167,0.9896614621788517200155931289,0.04258
FNV,2025-02-25,2025-02-26,T,140.710000,4.264695429668064539057502310,140.7700085293908593361290781,134.8045673165000893619793409,2025-03-10,146.6728715420930096659642462,target,167,0.9895098789921198272139552746,0.041933
FNV,2025-02-25,2025-02-26,C,140.540000,2.134623594706133485128788957,140.5700000000000000000000000,134.6045587871092300258502628,2025-03-06,146.4729483102482691126922848,target,167,0.9895241776069371960789031059,0.041993
QGRO,2025-02-26,2025-02-27,O,103.480000,29.49852507374631268436578171,103.7852507374631268436578171,100.2637478338532446350671833,2025-02-28,100.1609935171038952554694862,stop,283,-1.029179108909442111628808703,-0.034921
QGRO,2025-02-26,2025-02-27,T,102.605000,10.24840173734810404567859060,102.7101537260260602215606852,99.18865082241617801297005145,2025-03-04,98.81764111504424778761061947,stop_gap,283,-1.105355502331578165650676854,-0.037898
QGRO,2025-02-26,2025-02-27,C,100.801700,7.93729536660382974501438635,100.8817092866355789264808017,97.36020638302569671789016795,2025-03-04,97.26042773220125966596123849,stop,283,-1.028334110053453101558064909,-0.035896
COHR,2025-03-17,2025-03-18,O,66.490000,35.24030891504836170053235360,66.72431281397615655694683960,55.85454465854010108395532603,2025-04-03,55.78159948997628594080196961,stop,91,-1.006710830214656850600502848,-0.163999
COHR,2025-03-17,2025-03-18,T,65.085000,13.05984481831451179227164477,65.16999999999999999999999997,54.30023184456394452700848640,2025-03-24,75.94046139822299463385493401,target,91,0.9908639489092141529621325879,0.165267
COHR,2025-03-17,2025-03-18,C,65.600000,7.624275693809088136627020435,65.65001524855138761817627325,54.78024709311533214518475968,2025-03-24,76.41984975430873167282639845,target,91,0.9908062758791470796902828363,0.164049
IFS,2025-03-20,2025-03-21,O,34.090000,79.5521508544490276959340012,34.36119328226281673541543901,32.89348454508558362257704613,2025-03-31,32.84973674533595006965799878,stop,681,-1.029806867426415537527117976,-0.043987
IFS,2025-03-20,2025-03-21,T,33.840000,13.29983744643121028520762524,33.88500664991872321560514262,32.41729791274149010276674974,2025-04-03,32.37418343347229054448022680,stop,681,-1.029375364591832685246970582,-0.044587
IFS,2025-03-20,2025-03-21,C,33.990000,1.471237310578196263057231132,33.99500073561865528909813152,32.52729199844142217625973864,2025-04-03,32.48403122882623482594403927,stop,681,-1.029475037191908054794900429,-0.044447
LIT,2025-03-20,2025-03-21,O,40.110000,12.47816321437484402295982032,40.16004991265285749937609184,38.58195602908347147745670978,2025-03-31,38.45195907162465685051160469,stop_gap,633,-1.082375933911348239877455119,-0.042532
LIT,2025-03-20,2025-03-21,T,40.220000,7.45526838966202783300198807,40.24998508946322067594433400,38.67189120589383465402495194,2025-03-31,38.45195907162465685051160469,stop_gap,633,-1.139365684487495685217696485,-0.044671
LIT,2025-03-20,2025-03-21,C,40.360000,1.239003840911906826911163424,40.36500061950192045595341344,38.78690673593253443403403138,2025-03-31,38.45195907162465685051160469,stop_gap,633,-1.212248249483282736411055333,-0.047394
TCOM,2025-03-24,2025-03-25,O,63.300000,6.32311097059753398672146696,63.34002529244388239013594691,58.13006473351243188087161927,2025-04-04,57.46364211191906417957635156,stop_gap,191,-1.127913179774637154720003629,-0.092775
TCOM,2025-03-24,2025-03-25,T,63.395000,3.155569580309245818870306090,63.41500473335437046386872833,58.20504417442291995460440069,2025-04-04,57.46364211191906417957635156,stop_gap,191,-1.142304736114147364741681565,-0.093848
TCOM,2025-03-24,2025-03-25,C,63.530000,3.147128245476003147128245476,63.54999370574350904799370577,58.34003314681205853872937813,2025-04-04,57.46364211191906417957635156,stop_gap,191,-1.168214523887439927757782124,-0.095773
CAKE,2025-03-25,2025-03-26,O,50.700000,38.34431226034804837282469767,50.89440566315996460525022123,46.98013823603502154590003864,2025-04-03,46.95675339868507877758450851,stop,255,-1.005974256431201251809531343,-0.077369
CAKE,2025-03-25,2025-03-26,T,50.210000,4.977600796416127426580388253,50.23499253359880537580886014,46.32072510647386231645867755,2025-04-04,45.51480384111690099301936879,stop_gap,255,-1.205893255982490741079680983,-0.093962
CAKE,2025-03-25,2025-03-26,C,50.590000,4.943153732081067721206129510,50.61500741473059812160158181,46.70073998760565506225139922,2025-04-04,45.51480384111690099301936879,stop_gap,255,-1.302977803271820010875320164,-0.100765
COR,2025-04-16,2025-04-17,O,283.010000,33.38455831699432992422235176,283.9548163849292565311854167,269.9079995268466672062160455,2025-05-07,297.6627995424364130018743453,target,71,0.9758782574017495846358839050,0.048275
COR,2025-04-16,2025-04-17,T,285.830000,11.37019609215106617454125632,286.1549943149019539244669128,272.1081774568193645994975416,2025-05-07,299.8604758269589691365527435,target,71,0.9757001639962887023901477593,0.047895
COR,2025-04-16,2025-04-17,C,287.000000,4.007457355426619971076612130,287.1150140261007439931698987,273.0681971680181546682005275,2025-05-07,300.8194039769208931574577744,target,71,0.9756224551994919420261433486,0.047731
DTE,2025-04-16,2025-04-17,O,132.710000,25.98772174306052502730593952,133.0548830552521562276373771,126.2816066124397020956229087,2025-05-16,138.0079623593469143199520671,time,147,0.7312678503401081921611802447,0.037226
DTE,2025-04-16,2025-04-17,T,134.100000,7.080305571082541457052356995,134.1949468977082168809390721,127.4216704548957627489246037,2025-05-16,138.0079623593469143199520671,time,147,0.5629499244320561937564777468,0.028414
DTE,2025-04-16,2025-04-17,C,133.540000,4.493708807669263031755542241,133.6000089874176153385260635,126.8267325446051612065115951,2025-05-16,138.0079623593469143199520671,time,147,0.6507859835850717548500159160,0.032994
IYG,2025-04-17,2025-04-21,O,73.180000,13.65747063643813165801693526,73.27994537011745424747336797,68.36332466711684403677647414,2025-05-01,78.16940505676755453651059863,target,203,0.9944756738436354115769687784,0.066723
IYG,2025-04-17,2025-04-21,T,71.980000,3.473428273706147968044459882,72.00500173671413685307398402,67.08838103371352664237709019,2025-04-23,76.89490426589060161498179453,target,203,0.9945657443520425796107710689,0.067911
IYG,2025-04-17,2025-04-21,C,71.940000,2.780094523213789268835140395,71.96000000000000000000000000,67.04337929699938978930310617,2025-04-23,76.84991816020693163820273027,target,203,0.9945689235744010049185945895,0.067953
DBA,2025-04-23,2025-04-24,O,27.100000,7.38279808047249907715023994,27.12000738279808047249907715,26.40986010171906050450166966,2025-05-21,27.82502657199136668327509225,target,1408,0.9927788333175873402221134514,0.025996
DBA,2025-04-23,2025-04-24,T,27.130000,1.842638658559056569006817763,27.13499907868067072047171550,26.42485179760165075247430801,2025-05-22,27.39498260391869620948544223,time,1408,0.3660980365129306661170772405,0.009581
DBA,2025-04-23,2025-04-24,C,27.305000,1.831166453030580479765610694,27.31000000000000000000000000,26.59985271892098003200259251,2025-05-01,26.59495132722779392917745844,stop,1408,-1.006901936857011935803740491,-0.026183
DG,2025-04-23,2025-04-24,O,95.620000,34.49717750365879155341835668,95.94986201128998536483378636,89.04093841178023556507728442,2025-05-12,88.99333820948590207017453809,stop,144,-1.006889669802935895383652417,-0.072502
DG,2025-04-23,2025-04-24,T,93.535000,5.345878327809259061263765635,93.58500267293916390462953067,86.67607907342941410487302873,2025-05-14,86.62974309616360130999177510,stop,144,-1.006706685433473421063446718,-0.07432
DG,2025-04-23,2025-04-24,C,94.210000,2.654068687297627262593555921,94.23500398110303094644089393,87.32608038159328114668439199,2025-05-12,87.27939692153683226335995897,stop,144,-1.006756980213207379254707534,-0.073811
DIVI,2025-04-28,2025-04-29,O,33.810000,40.04152454397152602699095358,33.94538039448316772949725640,32.65709021859163802489725149,2025-05-20,35.20239808170276722927409806,target,776,0.9757255863180910745019128411,0.037031
DIVI,2025-04-28,2025-04-29,T,33.828500,8.875739644970414201183431955,33.85852529585798816568047337,32.57023511996645846108046846,2025-05-20,35.11562007340181119761454886,target,776,0.9757854255729935530401716141,0.037128
DIVI,2025-04-28,2025-04-29,C,33.890000,5.903187721369539551357733175,33.91000590318772136953955135,32.62171572729619166493954644,2025-05-20,35.16705498788480203472463949,target,776,0.9757499577509163209972834272,0.03707
TKO,2025-04-29,2025-04-30,O,160.790000,54.6379843267039245683599238,161.6685241499890724031346592,150.0024801577579846942186406,2025-05-29,156.6297361315878016700822806,time,85,-0.4319191682936231740908467644,-0.031167
TKO,2025-04-29,2025-04-30,T,160.800000,8.71188550093341630367143746,160.9400871188550093341630368,149.2740431266239216252470182,2025-05-29,156.6297361315878016700822806,time,85,-0.3694783758862603946799165089,-0.026782
TKO,2025-04-29,2025-04-30,C,163.490000,7.03514513810295781971675894,163.6050175878628452573945493,151.9389735956317575484785307,2025-05-29,156.6297361315878016700822806,time,85,-0.5979131795594272263153307522,-0.042635
CVNA,2025-04-30,2025-05-01,O,49.600000,55.4364099866467041638004289,49.87496459353376765265245013,42.89943598925503587312842851,2025-05-08,56.79889775532119490645935560,target,143,0.9926033645020599146635963300,0.138826
CVNA,2025-04-30,2025-05-01,T,51.720000,9.07563674281190260103887076,51.76693919323382316025257304,44.79141058895509138072855142,2025-05-13,58.68915526760189994755519740,target,143,0.9923572057495465611627456223,0.133719
CVNA,2025-04-30,2025-05-01,C,50.570000,10.47534341338076885067694436,50.62297381164146654807787329,43.64744520736273476855385167,2025-05-08,57.54622810743451177844096091,target,143,0.9925060434196166984411654761,0.136761
EXEL,2025-04-30,2025-05-01,O,39.120000,15.31393568147013782542113323,39.17990811638591117917304746,36.73926099677284808910742019,2025-05-06,36.72056892808967696313992723,stop,409,-1.007658652712619324248060237,-0.06277
EXEL,2025-04-30,2025-05-01,T,39.315000,5.08776392775375222589671839,39.33500254388196387687611295,36.89435542426890078681048568,2025-05-06,36.87558444720236865718097132,stop,409,-1.007690983639416113163178562,-0.062525
EXEL,2025-04-30,2025-05-01,C,38.825000,6.439150032195750160978750805,38.85000000000000000000000000,36.40935288038693690993437273,2025-05-08,36.30431952833078101071975498,stop_gap,409,-1.043035042309929567165333138,-0.065526
CNP,2025-05-06,2025-05-07,O,38.880000,14.15155023800334491187443716,38.93502122732535700501736782,37.42676387483721295801261159,2025-05-09,37.41715741593710073702749542,stop,663,-1.006369243872250730129346954,-0.038985
CNP,2025-05-06,2025-05-07,T,38.960000,2.566735112936344969199178645,38.97000000000000000000000001,37.46174264751185595299524378,2025-05-09,37.45212721048734058955761666,stop,663,-1.006375196519780232576655764,-0.03895
CNP,2025-05-06,2025-05-07,C,39.060000,1.280245807194981436435795673,39.06500064012290359749071823,37.55674328763475955048596200,2025-05-09,37.54710346646236869844528285,stop,663,-1.006391363620066707248048487,-0.038856
TMDX,2025-05-13,2025-05-14,O,122.330000,36.26288554781404066332559182,122.7736038789064091594344619,109.9170921341394298153762058,2025-06-05,135.3519114153872189340319929,target,77,0.9783608327196988110856803791,0.102451
TMDX,2025-05-13,2025-05-14,T,121.850000,20.51197899573350836888743026,122.0999384640630127994748933,109.2434267192960334554166372,2025-06-05,134.6796278216277645587293810,target,77,0.9784683129687254905829568527,0.103028
TMDX,2025-05-13,2025-05-14,C,122.425000,4.085634907664651086778885439,122.4750183853570844909298906,109.6185066405901051468716346,2025-06-05,135.0539383797751057125829363,target,77,0.9784084706754188560241377045,0.102706
GRPN,2025-05-22,2025-05-23,O,26.410000,60.49149338374291115311909265,26.56975803402646502835538752,23.83780456465809169844977978,2025-05-28,29.27973796645940915814231435,target,366,0.9919568407069138428481317856,0.101995
GRPN,2025-05-22,2025-05-23,T,26.660000,7.49906261717285339332583427,26.67999250093738282714660666,23.94803903156900949724099892,2025-05-28,29.38988976785333339277995927,target,366,0.9919265819496105288968546775,0.10157
GRPN,2025-05-22,2025-05-23,C,26.670000,1.875117194824676542283892744,26.67500093755859741233827113,23.94304746819022408243266339,2025-05-28,29.38490194767918148784399595,target,366,0.9919279521064142519485330256,0.10159
MPC,2025-06-17,2025-06-18,O,169.530000,27.94528607148110016178849831,170.0037564347698190910428004,161.3462708027707552479193637,2025-07-08,178.5921439158490603810426194,target,115,0.9920186814212630246395898117,0.050519
MPC,2025-06-17,2025-06-18,T,168.185000,3.867551245053996965459792342,168.2500464106149406479635855,159.5925607786158768048401488,2025-07-07,176.8391121480329203254849001,target,115,0.9920970247610696162889413232,0.051049
MPC,2025-06-17,2025-06-18,C,167.690000,3.279959447774100247487849241,167.7450016399797238870501238,159.0875160079806600439266871,2025-07-03,176.3342627060508513888623935,target,115,0.9921195865834566921734191267,0.051204
EQH,2025-06-25,2025-06-26,O,54.540000,44.83484307804922682770610303,54.78452923414768048311830907,52.10114495567575889906298836,2025-07-15,52.08707750586322831885443927,stop,372,-1.005242428348928623005752803,-0.049237
EQH,2025-06-25,2025-06-26,T,55.540000,2.700027000270002700027000270,55.55499594995949959499594996,52.87161167148757801094062925,2025-07-11,52.85733619358149730407060658,stop,372,-1.005319952874662443812049610,-0.048558
EQH,2025-06-25,2025-06-26,C,55.850000,0.8956560680698611733094491715,55.85500223914017017465293328,53.17161796066824859059761257,2025-07-09,53.15726148025406402163246156,stop,372,-1.005350139571645698754288862,-0.048299
ERX,2025-06-25,2025-06-26,O,51.350000,15.60975609756097560975609756,51.43015609756097560975609757,47.26650732254597040393316287,2025-07-08,55.58314041739229081350430006,target,240,0.9974386756040315699118998336,0.08075
ERX,2025-06-25,2025-06-26,T,52.140000,1.918281220026855937080375983,52.15000191828122002685593710,47.98635314326621482103300240,2025-07-11,56.30284815144061498421681946,target,240,0.9974055107816889964218160552,0.079633
ERX,2025-06-25,2025-06-26,C,52.380000,0.954471699914097547007731221,52.38499952276415004295122649,48.22135074774914483712829179,2025-07-11,56.53780067677440190995797585,target,240,0.9973946839440811754078530599,0.079275
OPCH,2025-06-27,2025-06-30,O,32.200000,51.12316034082106893880712625,32.36461657629744384198295896,30.72159482847917451986841909,2025-07-08,30.71196725253794005590105199,stop,608,-1.005859676510075840427483307,-0.051063
OPCH,2025-06-27,2025-06-30,T,31.910000,3.133813851457223440927608900,31.92000000000000000000000000,30.27697825218173067788546013,2025-07-10,30.26749001079903505561097393,stop,608,-1.005774872666959423472558290,-0.05177
OPCH,2025-06-27,2025-06-30,C,32.510000,3.076923076923076923076923077,32.52000307692307692307692307,30.87698132910480760096238320,2025-07-03,30.86730505792677412944844952,stop,608,-1.005889314119476731698834821,-0.050821
RBLX,2025-07-02,2025-07-03,O,102.410000,15.60062402496099843993759750,102.5697659906396255850234010,96.62091358053755689219575261,2025-07-14,108.5029357640442509962462730,target,168,0.9973637542812775542618826031,0.057845
RBLX,2025-07-02,2025-07-03,T,103.785000,1.445156317741702394142299726,103.7999985548436822582976059,97.85114614474161356546995751,2025-07-14,109.7329905404120625628188149,target,168,0.9973338682084707729839994862,0.057158
RBLX,2025-07-02,2025-07-03,C,103.410000,0.9669309611293753625991104235,103.4199990330690388706246374,97.47114662296697017779698901,2025-07-14,109.3530459345083823202955655,target,168,0.9973430995470849045991850285,0.057368
OPCH,2025-07-09,2025-07-10,O,30.560000,47.23896400065157191725036651,30.70436227398599120377911713,29.24535374945876947828479450,2025-07-21,29.23098256825510423529792236,stop,685,-1.009849963836449887702617940,-0.047986
OPCH,2025-07-09,2025-07-10,T,30.540000,4.914004914004914004914004914,30.55500737100737100737100736,29.09599884648014928187668473,2025-07-22,29.08170105834920080557109422,stop,685,-1.009799660447893231372919501,-0.048218
OPCH,2025-07-09,2025-07-10,C,30.480000,1.640689089417555373256767842,30.48500082034454470877768663,29.02599229581732298328336400,2025-07-30,29.01172890893977147321786849,stop,685,-1.009776081933567474674950009,-0.048328
CPNG,2025-07-14,2025-07-15,O,30.710000,4.880429477794045876037091264,30.72498779892630551488530990,29.38024754656228921081728161,2025-07-30,29.37551261545083678709273410,stop,743,-1.003521074871618177057017442,-0.043921
CPNG,2025-07-14,2025-07-15,T,31.025000,1.611603545527800161160354553,31.02999999999999999999999999,29.68525974763598369593197170,2025-07-30,29.68047566065006331177469016,stop,743,-1.003557629049558151531717762,-0.043491
CPNG,2025-07-14,2025-07-15,C,31.105000,1.607458607940845523227776884,31.11000000000000000000000001,29.76525974763598369593197172,2025-07-29,29.76046276782169908937340089,stop,743,-1.003567216647119507462231035,-0.04338
AEVA,2025-07-23,2025-07-24,O,24.910000,69.6435886931585415813191315,25.08348217943465792707906595,18.47925856819901046759918248,2025-07-31,18.44053422082223131741561336,stop,151,-1.005863573018772124991607992,-0.264834
AEVA,2025-07-23,2025-07-24,T,23.822500,20.95557418273260687342833194,23.87242141659681475272422464,17.26819780536116729324434117,2025-08-01,17.23201130534993265935237901,stop,151,-1.005479296604928880498997071,-0.278162
AEVA,2025-07-23,2025-07-24,C,23.640000,8.456659619450317124735729385,23.65999154334038054968287527,17.05576793210473309020299180,2025-08-01,17.02002659109026382555462007,stop,151,-1.005411891407441619739429974,-0.280641
CDNS,2025-07-23,2025-07-24,O,325.560000,26.67647870481096495262625334,326.4284794407138257749977002,311.4978059333947457195221468,2025-07-29,341.0665444593586391424814198,target,66,0.9804021909305813462131608587,0.044843
CDNS,2025-07-23,2025-07-24,T,326.675000,8.57186591152609827031991428,326.9550214296647788152456757,312.0243479223456987597701223,2025-07-29,341.5926351035769846001447652,target,66,0.9803719615686984859748076789,0.04477
CDNS,2025-07-23,2025-07-24,C,325.320000,2.459646425826287471176018448,325.4000172175249807840122983,310.4693437102059007285367449,2025-07-29,340.0389638201970186321250579,target,66,0.9804612360919930082099073263,0.044988
CIGI,2025-07-31,2025-08-01,O,150.280000,108.0054984617398703934018459,151.9031066308830267722720430,143.7955716108425725842629893,2025-08-13,159.7902783340148160609034633,target,123,0.9728199364709539852252736432,0.051922
CIGI,2025-07-31,2025-08-01,T,148.810000,13.77179134056632293171206879,149.0149380269389674515468073,140.9074030068985132635377536,2025-08-06,156.9060872556077459723890950,target,123,0.9733105326296085531511028021,0.052955
CIGI,2025-07-31,2025-08-01,C,150.520000,6.641429235571494985720927145,150.6199667928538221425250714,142.5124317728133679545160177,2025-08-08,158.5089056093966220586066823,target,123,0.9730378958638696645558738396,0.052376
ELF,2025-07-31,2025-08-01,O,118.600000,43.16912138141188420518029456,119.1119857795835449466734382,109.6958540245355829280644237,2025-08-05,109.5509206624437531078892544,stop,106,-1.015392027837135079196819731,-0.08027
ELF,2025-07-31,2025-08-01,T,117.140000,13.21229169330435153219963346,117.2947687848953671738481865,107.8786370298474051552391720,2025-08-07,97.25832402234636871508379888,stop_gap,106,-2.127884919601673607067386541,-0.170821
ELF,2025-07-31,2025-08-01,C,116.380000,3.006743696576607534040633994,116.4149924831407585584811649,106.9988607280927965398721504,2025-08-07,97.25832402234636871508379888,stop_gap,106,-2.034452040300365722397576239,-0.164555
AXS,2025-08-07,2025-08-08,O,96.500000,45.05204287711666925586453317,96.93475221376417585831909271,93.18999400662567122348678881,2025-09-08,98.07983333982594280978035640,time,267,0.3057823930738539864211909931,0.011813
AXS,2025-08-07,2025-08-08,T,96.520000,7.25238292581848321591380025,96.59000000000000000000000000,92.84524179286149536516769610,2025-09-08,98.07983333982594280978035640,time,267,0.3978450029125844260235550136,0.015424
AXS,2025-08-07,2025-08-08,C,96.530000,1.036054703688354745130542892,96.54000103605470368835474510,92.79524282891619905352244120,2025-09-08,98.07983333982594280978035640,time,267,0.4111967231518204319249465626,0.01595
CCEP,2025-08-11,2025-08-12,O,94.810000,9.472687085569940006315124725,94.89981054625828860119987365,90.75935774707362125913934710,2025-08-13,90.74967054910723491894731601,stop,241,-1.002339646999065882552367120,-0.043732
CCEP,2025-08-11,2025-08-12,T,93.700000,1.067349770519799338243142278,93.71000106734977051979933822,89.56954826816510317773881167,2025-08-19,89.55998806448614436642728015,stop,241,-1.002308975405018841022803691,-0.044286
CCEP,2025-08-11,2025-08-12,C,93.260000,1.072386058981233243967828418,93.27000107238605898123324398,89.12954827320139163917271743,2025-08-26,89.12003503291179815089871031,stop,241,-1.002297632831719956657315922,-0.044494
NVDY,2025-08-12,2025-08-13,O,17.940000,2.787844995818232506272651240,17.94500139392249790911625313,17.24262935154495393250630105,2025-08-14,16.87529311792584332311123502,stop_gap,1423,-1.522993814468568276153274437,-0.05961
NVDY,2025-08-12,2025-08-13,T,17.855000,2.800336040324838980677681322,17.86000000000000000000000000,17.15762795762245602339004792,2025-08-14,16.87529311792584332311123502,stop_gap,1423,-1.401973345551886424471245265,-0.055135
NVDY,2025-08-12,2025-08-13,C,17.830000,2.805049088359046283309957924,17.83500140252454417952314166,17.13262936014700020291318958,2025-08-14,16.87529311792584332311123502,stop_gap,1423,-1.366381670531857085154821609,-0.05381
TIMB,2025-08-12,2025-08-13,O,20.460000,9.832841691248770894788593905,20.48011799410029498525073746,19.59788544637670935946832174,2025-08-28,21.34655388132955681467301035,target,1133,0.9820946749980107449337380874,0.042306
TIMB,2025-08-12,2025-08-13,T,20.290000,7.39462657135814641360611289,20.30500369731328567907320680,19.42277114958970005329079108,2025-08-25,21.17156907502575210004552470,target,1133,0.9822414509059487532702746718,0.042677
TIMB,2025-08-12,2025-08-13,C,20.380000,9.81354268891069676153091266,20.39999999999999999999999999,19.51776745227641437421758427,2025-08-25,21.26649513149406362507318543,target,1133,0.9821618276608258529659817952,0.042475
JGRO,2025-08-14,2025-08-15,O,90.000000,8.90174696784243907866918883,90.08011572271058195170802271,88.09370831183608187797415964,2025-08-20,88.08387971557234919004846800,stop,503,-1.004947925692346126791233263,-0.022161
JGRO,2025-08-14,2025-08-15,T,89.639000,1.115697869017070177395961174,89.64900100412808211536315965,87.66259359325358204162929658,2025-08-20,87.65281309636713179260088765,stop,503,-1.004923711436489487830774155,-0.022267
JGRO,2025-08-14,2025-08-15,C,89.650000,0.557817816701065432029899035,89.65500083672672505159814805,87.66859342585222497786428498,2025-08-20,87.65881225956573025232843044,stop,503,-1.004924048426797121555014409,-0.022265
IMTM,2025-08-18,2025-08-19,O,46.950000,2.130833155763903686341359472,46.96000426166631152780737269,46.21644527527958788459218888,2025-08-27,46.21151446921159689047242016,stop,1344,-1.006631358316240550513966712,-0.015939
IMTM,2025-08-18,2025-08-19,T,46.870000,1.066894270777765923396991358,46.87500053344713538888296169,46.13144154706041174566777788,2025-09-02,45.69026309226507564457702962,stop_gap,1344,-1.593333498582559002087414681,-0.025274
IMTM,2025-08-18,2025-08-19,C,46.725000,1.070090957731407169609416800,46.73000000000000000000000001,45.98644101361327635678481620,2025-09-02,45.69026309226507564457702962,stop_gap,1344,-1.398324715013475914384451203,-0.02225
LINC,2025-08-18,2025-08-19,O,19.200000,185.7180224954224431075071933,19.55657860319121109076641380,17.02920678069656648821058673,2025-09-17,21.19694862480539699014011417,time,395,0.6490418255890252081449013498,0.083878
LINC,2025-08-18,2025-08-19,T,19.017500,15.78947368421052631578947368,19.04752763157894736842105262,16.52015580908430276586522555,2025-09-17,21.54083382335663366786481093,target,395,0.9865213221047412833577162117,0.130899
LINC,2025-08-18,2025-08-19,C,19.250000,15.56824078879086663207057602,19.27996886351842241826673587,16.75259704102377781571090880,2025-09-17,21.19694862480539699014011417,time,395,0.7584874311824913817261529217,0.099429
RSI,2025-08-21,2025-08-22,O,20.250000,24.70355731225296442687747036,20.30002470355731225296442688,18.74409603887609893429549856,2025-08-27,21.85073341281262671193150821,target,642,0.9966451190569406014099330501,0.076389
RSI,2025-08-21,2025-08-22,T,20.920000,2.388344877000238834487700024,20.92499641748268449964174827,19.36906775280147118097281995,2025-08-29,22.47555586193887658644578271,target,642,0.9965491861247242299709901820,0.074101
RSI,2025-08-21,2025-08-22,C,21.040000,2.375861249703017343787122832,21.04499881206937514849132810,19.48907014738816182982239978,2025-09-22,22.59552959581513334691493513,target,642,0.9965307658005252664314580917,0.073677
HAS,2025-08-22,2025-08-25,O,81.430000,43.00811010076185795035635291,81.78021504055050380928975176,78.57321374345097302647127960,2025-09-08,78.53453154591573562436593989,stop,311,-1.012061796660394952762481957,-0.039688
HAS,2025-08-22,2025-08-25,T,81.270000,4.923076923076923076923076923,81.31000984615384615384615387,78.10300854905431537102768171,2025-09-10,78.06455783715324247730656039,stop,311,-1.011989615325646548350013769,-0.039915
HAS,2025-08-22,2025-08-25,C,81.160000,1.232134056185312962050271070,81.16999999999999999999999999,77.96299870290046921718152783,2025-09-10,77.92461691892365667848999231,stop,311,-1.011968122373859252637152281,-0.039983
PPTA,2025-08-22,2025-08-25,O,17.730000,39.30376193149915777653003930,17.79968556990454800673778776,15.85098384786205729344313668,2025-09-03,19.72686316410840434540570049,target,513,0.9889546318991937294251884969,0.10827
PPTA,2025-08-22,2025-08-25,T,18.360000,10.89918256130790190735694823,18.38001089918256130790190736,16.43130917714007059460725628,2025-09-23,18.93951980475663716814159292,time,513,0.2871188028651395513600513318,0.030441
PPTA,2025-08-22,2025-08-25,C,18.080000,5.53097345132743362831858407,18.08999999999999999999999999,16.14129827795750928670534891,2025-09-23,18.93951980475663716814159292,time,513,0.4359414245635452392016727368,0.046961
ASML,2025-08-26,2025-08-27,O,760.150000,3.026674211419773394217736311,760.3800726401810740745614615,728.8316420073750323366194093,2025-09-02,716.9929458922240791672698083,stop_gap,31,-1.375254675991405182811776419,-0.05706
ASML,2025-08-26,2025-08-27,T,765.860000,5.09258050194562690971768823,766.2500203703220077825076390,734.7015897375159660445655868,2025-09-02,716.9929458922240791672698083,stop_gap,31,-1.561316157098392260417058086,-0.064283
ASML,2025-08-26,2025-08-27,C,769.150000,3.771425598876375269852004058,769.4400791999375764038806666,737.8916485671315346659386144,2025-09-02,716.9929458922240791672698083,stop_gap,31,-1.662432401730172608932996070,-0.068163
SHLD,2025-08-29,2025-09-02,O,61.990000,7.252800386816020630187766945,62.03496010959787251188653399,60.18074711084292764533451491,2025-09-11,63.84317658343679663158582553,target,539,0.9751935053055359872814395855,0.029148
SHLD,2025-08-29,2025-09-02,T,62.550000,7.199424046076313894888408925,62.59503239740820734341252700,60.74081939865326247686050792,2025-09-11,64.40284565145749119325470839,target,539,0.9749760438866423535333046352,0.028881
SHLD,2025-08-29,2025-09-02,C,62.520000,5.59597090095131505316172356,62.55498601007274762171236707,60.70077301131780275516034799,2025-09-11,64.36282809521442561102301510,target,539,0.9749915928513047190688387510,0.0289
CAKE,2025-09-04,2025-09-05,O,61.080000,50.49682358690340446326763315,61.38843459846880599446163868,58.20221528536697511632816581,2025-09-10,58.15451637102066551534772968,stop,313,-1.014970380146203436820407072,-0.05268
CAKE,2025-09-04,2025-09-05,T,60.990000,8.195377806916898869037862645,61.03998360924438616620226191,57.85376429614255528806878904,2025-09-11,57.80635095054663449206152073,stop,313,-1.014880753939616044178534885,-0.052976
CAKE,2025-09-04,2025-09-05,C,60.640000,3.298153034300791556728232190,60.65999999999999999999999999,57.47378068689816912186652712,2025-09-12,57.42667875222606768839507447,stop,313,-1.014783017125788185144953790,-0.053302
CELC,2025-09-04,2025-09-05,O,54.760000,34.73491773308957952468007312,54.95020840950639853747714806,49.04109198013868947519929065,2025-09-08,60.68509882394800530567805430,target,169,0.9705157248112058380809173643,0.104365
CELC,2025-09-04,2025-09-05,T,55.750000,28.62766147790302379674360350,55.90959921273930935766684557,50.00048278337160029538898816,2025-09-08,61.64174311566691960178061007,target,169,0.9700509325623432770814176417,0.102525
CELC,2025-09-04,2025-09-05,C,55.850000,3.581020590868397493285586392,55.87000000000000000000000002,49.96088357063229093772214261,2025-09-08,61.60225726621331948543111459,target,169,0.9700701170355321682818390183,0.1026
BULZ,2025-09-12,2025-09-15,O,23.010000,13.23296526888951558669761590,23.04044905308371477536499122,21.23579341980265305633191560,2025-09-18,24.83227975169637294478165282,target,554,0.9928934172083089265814901023,0.077769
BULZ,2025-09-12,2025-09-15,T,23.250000,5.16195638146857659052781004,23.26200154858691444057297716,21.45734591530585272153990154,2025-09-18,25.05371788276777330702656843,target,554,0.9928300453219001185517212995,0.077023
BULZ,2025-09-12,2025-09-15,C,23.310000,16.94806169952588333726642782,23.34950593182159483405916805,21.54485029854053311502609243,2025-09-18,25.14117709662150922747443892,target,554,0.9928050159588950835393002334,0.076733
LITE,2025-09-16,2025-09-17,O,168.710000,14.19530372035251670905542083,168.9494889690660673093984740,156.0291583174596765066187547,2025-09-24,155.8366166924479128727053952,stop,77,-1.014902221174024276451347452,-0.077614
LITE,2025-09-16,2025-09-17,T,166.120000,12.34010534236267870579382994,166.3249938299473288186606471,153.4046631783409380158809278,2025-09-24,153.2153602079778987846197956,stop,77,-1.014651557724608472282861043,-0.078819
LITE,2025-09-16,2025-09-17,C,164.480000,3.040807638508787934075290397,164.5300152040381925439396704,151.6096845524318017411599511,2025-09-24,151.4225966046018633251663451,stop,77,-1.014480120739532132888137945,-0.079666
MOD,2025-09-16,2025-09-17,O,153.110000,49.54690657800378121129147924,153.8686126866158158941260839,142.1555338338348941746554297,2025-09-23,141.9789315621700018646437615,stop,85,-1.015077357019837987379636517,-0.077272
MOD,2025-09-16,2025-09-17,T,153.090000,12.42317248594219955538119524,153.2801863475872891329933308,141.5671074948063674135226766,2025-09-23,141.3912362353319773925434082,stop,85,-1.015014947110394858175420564,-0.077564
MOD,2025-09-16,2025-09-17,C,153.630000,17.578125000,153.9000527343750000,142.1869738815940782805293458,2025-09-23,142.0103325514155581100487614,stop,85,-1.015080691626743548097188301,-0.077256
IGV,2025-09-22,2025-09-23,O,117.820000,4.246284501061571125265392782,117.8700297239915074309978768,114.1939838995071168556355770,2025-09-25,113.7516802811040339702760085,stop_gap,272,-1.120320485522000058764690641,-0.03494
IGV,2025-09-22,2025-09-23,T,117.160000,0.4267486023983271454785985576,117.1649997866256988008364273,113.4889539621413082254741275,2025-09-25,113.4841108368922090359454511,stop,272,-1.001317482284045927477284286,-0.031416
IGV,2025-09-22,2025-09-23,C,116.477500,0.4293135276692568582836045164,116.4825005366419095865710728,112.8064547121575190112087730,2025-10-10,112.8016407124685266705348854,stop,272,-1.001309559216299367472638270,-0.0316
PRIM,2025-09-29,2025-09-30,O,134.980000,38.88168857618959451953341974,135.5048250324014071468246621,127.1712263834224376168623606,2025-10-24,143.7216630983610287214003016,target,119,0.9859891761125725158979119425,0.060639
PRIM,2025-09-29,2025-09-30,T,135.440000,8.11748210464172385801785846,135.5499431776252675079329939,127.2163445286462979779706924,2025-10-24,143.7667446190112441512141023,target,119,0.9859847813036565119422445630,0.060618
PRIM,2025-09-29,2025-09-30,C,136.780000,6.944698271135640922548338755,136.8749895829525932965386162,128.5413909339736237665763147,2025-10-22,128.4370476899123950851924803,stop,119,-1.012520790651948758073252935,-0.061647
SHNY,2025-10-07,2025-10-08,O,11.860000,5.90717299578059071729957806,11.86700590717299578059071730,11.20216018888208363865285124,2025-10-09,11.19699811933838195376218133,stop,1504,-1.007764311932355639050313624,-0.05646
SHNY,2025-10-07,2025-10-08,T,11.930000,4.608101880943404130534958736,11.93549746554396548112772821,11.27065174725305333918986215,2025-10-09,11.26545811610145585325583808,stop,1504,-1.007811784010504739560001442,-0.056138
SHNY,2025-10-07,2025-10-08,C,11.900000,12.61034047919293820933165196,11.91500630517023959646910466,11.25016058687932745453123860,2025-10-09,11.24497639826319605651691814,stop,1504,-1.007797581414013088226334968,-0.056234
ENVX,2025-10-08,2025-10-09,O,12.730000,27.48331370239497447978013349,12.76498625834314880251276011,11.33914701521438695785820842,2025-10-15,14.18524515326055716283889367,target,701,0.9960862711289188823515219036,0.111262
ENVX,2025-10-08,2025-10-09,T,12.715000,3.932363350373574518285489579,12.72000000000000000000000000,11.29416075687123815534544831,2025-10-15,14.14027658514876626390557231,target,701,0.9960986780194173409111533286,0.111657
ENVX,2025-10-08,2025-10-09,C,12.585000,3.976143141153081510934393638,12.59000397614314115308151093,11.16416473301437930842695924,2025-10-15,14.01033168045189831704485693,target,701,0.9961345299993914141108609553,0.112814
UPRO,2025-10-10,2025-10-13,O,108.070000,1.851166234727878563495001851,108.0900055534987041836356905,102.1845254539167913889314384,2025-10-24,113.9849187745439947483641973,target,169,0.9982106656260901924327079066,0.054537
UPRO,2025-10-10,2025-10-13,T,107.880000,0.9269558769002595476455320725,107.8900000000000000000000000,101.9845199004180872052957479,2025-10-21,113.7849317606776133960395595,target,169,0.9982138050206881259439505354,0.054638
UPRO,2025-10-10,2025-10-13,C,109.450000,0.4568087341829975789137088301,109.4549997715956329085012106,103.5495196720137201137969585,2025-10-24,115.3497864636996834909600784,target,169,0.9981892399436551707528736435,0.053856
EUAD,2025-10-21,2025-10-22,O,44.850000,21.16048557745851431117050896,44.94490477781490143668559974,43.36808698112151100611122286,2025-11-06,43.31945714597784481301174851,stop,634,-1.030840491048264203971727129,-0.036165
EUAD,2025-10-21,2025-10-22,T,44.595000,11.21327651939896837856021530,44.64500560663825969948418930,43.06818780994486926890981242,2025-11-06,43.01989426003463730067824726,stop,634,-1.030627222759347488398820588,-0.036401
EUAD,2025-10-21,2025-10-22,C,44.500000,11.25365743866756695926176007,44.55007877560207067296871483,42.97326097890868024239433795,2025-11-06,42.92507387307900017932818597,stop,634,-1.030559717128211716129306101,-0.036476
ANET,2025-10-22,2025-10-23,O,146.780000,14.97413558399128777566022325,146.9997903621018241219711407,133.5633461341178973748001197,2025-10-29,160.3258463024676583830423620,target,74,0.9917844121744510293724371473,0.090654
ANET,2025-10-22,2025-10-23,T,152.710000,6.880508502342649323416663935,152.8150722453392745978178958,139.3786280173553478506468748,2025-11-06,139.2827284338435211639438315,stop,74,-1.007137273960628492396397879,-0.088554
ANET,2025-10-22,2025-10-23,C,152.245000,6.899043989618581425145372715,152.3500344952199480929071257,138.9135902672360213457361047,2025-11-06,138.8180106533435552912732608,stop,74,-1.007113460397015119505640541,-0.088822
SSRM,2025-10-23,2025-10-24,O,22.520000,24.57002457002457002457002457,22.57533169533169533169533169,19.97949554964700995793355937,2025-11-05,18.58422504668304668304668305,stop_gap,385,-1.537503303235629545027697447,-0.176791
SSRM,2025-10-23,2025-10-24,T,23.130000,4.323389537397319498486813662,23.13999999999999999999999999,20.54416385431531462623822767,2025-11-05,18.58422504668304668304668305,stop_gap,385,-1.755031788462637621877317748,-0.196879
SSRM,2025-10-23,2025-10-24,C,22.920000,2.181976871045166921230634956,22.92500109098843552258346060,20.32916494530375014882168828,2025-11-05,18.58422504668304668304668305,stop_gap,385,-1.672207258351606390720458730,-0.189347
BIPC,2025-10-24,2025-10-27,O,44.340000,42.80243298040099121423744086,44.52978598783509799504392881,42.27924984115837840442359449,2025-11-07,46.73769769520930112317163054,target,444,0.9810603178422802330159147690,0.049583
BIPC,2025-10-24,2025-10-27,T,43.860000,9.111617312072892938496583145,43.89996355353075170842824600,41.64942740685403211780791168,2025-11-05,46.10844913100454877394694152,target,444,0.9813153104583470086402498751,0.050307
BIPC,2025-10-24,2025-10-27,C,44.360000,2.254283137962128043282236249,44.37000000000000000000000002,42.11946385332328040937966570,2025-11-05,46.57805729825150162288400602,target,444,0.9811250094836535489791934864,0.049765
SPRX,2025-10-24,2025-10-27,O,42.370000,7.10395453469097797774094246,42.40009945536348567369168836,39.66766036426236052303270904,2025-11-07,39.63932632114503026551625711,stop,365,-1.010369505841724777050464304,-0.065112
SPRX,2025-10-24,2025-10-27,T,42.030000,7.142857142857142857142857145,42.06002142857142857142857144,39.32758233747030342076959212,2025-11-07,39.29949120722925320404047098,stop,365,-1.010280606192663560045306936,-0.065633
SPRX,2025-10-24,2025-10-27,C,42.162700,3.555766267630674410335427284,42.17769207064122318359606496,39.44525297954009803293708564,2025-11-07,39.41707779884042653434213058,stop,365,-1.010311366424024256543556259,-0.065452
SPUS,2025-10-27,2025-10-28,O,51.690000,3.869969040247678018575851393,51.71000386996904024767801857,50.45924434831343531445842548,2025-11-06,50.45435346488333805408094575,stop,799,-1.003910330759363956295736567,-0.024283
SPUS,2025-10-27,2025-10-28,T,51.585000,0.9692740137636909954444121355,51.58999999999999999999999999,50.33924047834439506678040690,2025-11-06,50.33436122657756901317308109,stop,799,-1.003901031079393652992254437,-0.024339
SPUS,2025-10-27,2025-10-28,C,51.880000,0.9636696540425941987086826635,51.88499951816517297870290063,50.63423999650956804548330754,2025-11-06,50.62933215120603896066742276,stop,799,-1.003923892018053694153272644,-0.024201
PPLT,2025-10-28,2025-10-29,O,14.680000,19.02949571836346336822074215,14.70793529971455756422454805,13.75686319274953235949135595,2025-11-20,13.74221566539335047719205208,stop,1051,-1.015401069223787604510512447,-0.06566
PPLT,2025-10-28,2025-10-29,T,14.570000,10.64743259488236304310492873,14.58551330929074360295380388,13.63444120232571839822061178,2025-11-26,14.48451080252231142965438820,time,1051,-0.1061985795070178068793888504,-0.006925
PPLT,2025-10-28,2025-10-29,C,14.510000,6.54698321904827538678887702,14.51949967265083904758623066,13.56842756568581384285303856,2025-11-26,14.48451080252231142965438820,time,1051,-0.03678887212892923291530043285,-0.00241
VLO,2025-10-28,2025-10-29,O,168.830000,25.43927113530142578240549015,169.2594912145772939714843519,159.0318102929426541937311220,2025-11-10,179.3772147099491941533119717,target,97,0.9892490363059580428304808407,0.059776
VLO,2025-10-28,2025-10-29,T,171.370000,6.126199714110680008168266285,171.4749846845007147232999796,161.2473037628660749455467498,2025-11-11,181.5913509243264090112628970,target,97,0.9891163321713056909259078101,0.058996
VLO,2025-10-28,2025-10-29,C,170.280000,2.349486049926578560939794420,170.3200070484581497797356827,160.0923261268235100019824528,2025-11-11,180.4370808506502168867369284,target,97,0.9891855132859488071912579474,0.0594
SPYG,2025-10-29,2025-10-30,O,108.690000,2.300225422091364953765469016,108.7150011501127110456824769,105.9573170755663108501277519,2025-11-06,105.9524313229460514177097076,stop,362,-1.001771686853238643454185960,-0.025411
SPYG,2025-10-29,2025-10-30,T,108.445000,0.4611057315442430949416701250,108.4500004611057315442430949,105.6923163865593313486883699,2025-11-06,105.6874428532727283454445516,stop,362,-1.001767255840357503659083659,-0.025473
SPYG,2025-10-29,2025-10-30,C,107.770000,0.4639294827186267687311528648,107.7749997680352586406866156,105.0173156934888584451318906,2025-11-07,104.8258801369094171228780420,stop_gap,362,-1.069418958591523848973076606,-0.027364
BULZ,2025-10-31,2025-11-03,O,32.950000,13.92378242576505130611132972,32.99587886309289584405363683,29.37540323485139910356894664,2025-11-04,29.36040070746998463060728487,stop,276,-1.004143800130675471222060001,-0.11018
BULZ,2025-10-31,2025-11-03,T,32.200000,5.10717325698367252186024917,32.21644509788748742552039000,28.59596946964599068503569981,2025-11-05,28.58136501259270092735395133,stop,276,-1.004033850397822812234954065,-0.112833
BULZ,2025-10-31,2025-11-03,C,32.340000,14.99250374812593703148425787,32.38848575712143928035982010,28.76801012887994253987512991,2025-11-04,28.75331780768125743419044556,stop,276,-1.004058119072554376315819164,-0.112236
SPMO,2025-11-05,2025-11-06,O,119.460000,2.093364036005861419300816412,119.4850073267741260205149676,116.1056955652531758319034818,2025-11-07,116.0958694231098741074762726,stop,295,-1.002907734721367999723799492,-0.028365
SPMO,2025-11-05,2025-11-06,T,118.190000,0.846310088016249153689911984,118.2000025389302640487474610,114.8206907774093138601359752,2025-11-20,114.8109733865175222797483537,stop,295,-1.002875553242065481150439827,-0.028672
SPMO,2025-11-05,2025-11-06,C,118.080000,0.4233162595775303729416246878,118.0849985183930914786436946,114.7056867568721412900322088,2025-11-20,114.6959790988866240133488953,stop,295,-1.002872673097538678702373677,-0.0287
KRYS,2025-11-13,2025-11-14,O,199.110000,188.9335363266528564654204208,202.8718556417999850250829860,187.9473463152527509364987659,2025-11-24,216.9893752716323654811453366,target,67,0.9459285609290077977975717677,0.069588
KRYS,2025-11-13,2025-11-14,T,203.760000,37.05248693347729001545898462,204.5149814737565332613549922,189.5904721472092991727707721,2025-11-24,218.6264129137470508169271440,target,67,0.9455206286004699727400870359,0.068999
KRYS,2025-11-13,2025-11-14,C,206.680000,12.35076163030053519967064636,206.9352655413750514615067930,192.0107562148278173729225729,2025-12-04,221.0377292269864951759329451,target,67,0.9449197542813979018117802147,0.068149
P,2025-11-19,2025-11-20,O,85.940000,48.70034618318371178783078096,86.35853077509828081910461772,78.72968315929970927998383806,2025-11-20,78.63578967908587539891051208,stop,131,-1.012307688518956648645776315,-0.089426
P,2025-11-19,2025-11-20,T,83.770000,11.92605843768634466308884914,83.86990459153249850924269530,76.24105697573392697012191564,2025-11-21,76.15013144564956927546464442,stop,131,-1.011918645470917536946938439,-0.092045
P,2025-11-19,2025-11-20,C,77.350000,2.585649644473173884938590821,77.36999999999999999999999999,69.74115238420142846087922033,2025-11-26,84.89747749341837049971813114,target,131,0.9867122627839263990014072196,0.097292
VONG,2025-11-21,2025-11-24,O,118.580000,5.477143459026753739203707605,118.6449479671371392458394776,113.9843474943576775841288487,2025-12-02,123.3003937411816016767107791,target,214,0.9988939839908815222376818758,0.039238
VONG,2025-11-21,2025-11-24,T,119.660000,0.4180427239663893649931022950,119.6650022992349818151415074,115.0044018264555201534308785,2025-12-23,123.3048811902568571310012864,time,214,0.7809892549856661760623246952,0.030417
VONG,2025-11-21,2025-11-24,C,120.500000,0.4149549773849537325200215778,120.5050002074774886924768662,115.8443997346980270307662373,2025-12-23,123.3048811902568571310012864,time,214,0.6007554174901398032828189647,0.023235
VFMO,2025-12-05,2025-12-08,O,196.000000,8.666836604639306653071628855,196.1698699974509304104002039,188.0300910314793747949565902,2025-12-17,187.9286646126444857124595033,stop,122,-1.012460586369593505274990987,-0.042011
VFMO,2025-12-05,2025-12-08,T,194.250000,5.39415889650920859983046929,194.3547815365646913770517069,186.2150025705931357616080932,2026-01-07,200.3414517393490137738220432,time,122,0.7354831412267666682085835678,0.030803
VFMO,2025-12-05,2025-12-08,C,195.030000,6.41239387488137071331469464,195.1550609177418113730217764,187.0152819517702557575781627,2025-12-17,186.9144029370779238017869130,stop,122,-1.012393335877307958414024618,-0.042226
KTOS,2025-12-10,2025-12-11,O,76.750000,46.34162260949024215129560734,77.10567195352783760851119381,68.28246278236913500621394341,2026-01-05,85.78957614912612496502216504,target,113,0.9842115297441009092370326115,0.112623
KTOS,2025-12-10,2025-12-11,T,77.090000,16.21165942545878996174048376,77.21497568251086181181505736,68.39176651135215920951780696,2026-01-05,85.89870267862632862458161535,target,113,0.9841914464071445812335767975,0.112462
KTOS,2025-12-10,2025-12-11,C,78.730000,12.07652704506451407868810780,78.82507849742579291934151149,70.00186932626709031704426109,2025-12-17,69.88838467980079907406870136,stop,113,-1.012862060080956682169289617,-0.113374
HCA,2025-12-15,2025-12-16,O,477.940000,31.76792693376805233347963300,479.4583162998725102932263254,455.2666782656331080747804059,2026-01-15,483.7225229876709258013898229,time,41,0.1762677947546632264173311213,0.008894
HCA,2025-12-15,2025-12-16,T,468.620000,4.695637326047980875949799368,468.8400469563732604798087595,444.6484089221338582613628400,2026-01-15,483.7225229876709258013898229,time,41,0.6151909188717976025101835967,0.031743
HCA,2025-12-15,2025-12-16,C,468.430000,1.601178467351971050693310276,468.5050040029461683799276267,444.3133659687067661614817072,2026-01-15,483.7225229876709258013898229,time,41,0.6290404545234509662950363116,0.032481
UAL,2025-12-16,2025-12-17,O,112.990000,19.93355481727574750830564784,113.2152292358803986710963455,105.7011216511542543085364836,2026-01-16,113.4436566369946917109024091,time,133,0.03039980443966696247787941890,0.002018
UAL,2025-12-16,2025-12-17,T,112.740000,3.991307818528537850902479046,112.7849980043460907357310746,105.2708904196199463731712127,2026-01-16,113.4436566369946917109024091,time,133,0.08765626858836173271016910208,0.00584
UAL,2025-12-16,2025-12-17,C,110.340000,4.083299305839118007349938750,110.3850551245406288280930992,102.8709475398144844655332373,2026-01-06,117.8521055242748267203564567,target,133,0.9937374885225759654372674862,0.067645
CDRE,2025-12-17,2025-12-18,O,40.900000,116.9806674054919344908262529,41.37845092968846201206747936,38.26591992085763953205577816,2026-01-20,42.31836954938574938574938575,time,321,0.3019788773286323944338300818,0.022715
CDRE,2025-12-17,2025-12-18,T,40.990000,20.70897795102935802168351809,41.07488610062126933853088075,37.96235509179044685851917955,2026-01-07,44.09590948478883374071151557,target,321,0.9706002528477197079251420849,0.073549
CDRE,2025-12-17,2025-12-18,C,40.680000,9.82800982800982800982800983,40.71998034398034398034398034,37.60744933514952150033227914,2026-01-07,43.74173870169680541396439800,target,321,0.9708363865751626719988141406,0.074208
SONO,2025-12-19,2025-12-22,O,18.330000,57.2675211344423234251431688,18.43497136623943277883828743,17.24919347856769146698096245,2026-01-06,17.23954627863560662835289704,stop,843,-1.008135756310169507328079087,-0.064846
SONO,2025-12-19,2025-12-22,T,17.880000,5.592841163310961968680089485,17.89000000000000000000000000,16.70422211232825868814267502,2026-01-07,16.69487970622516682086742744,stop,843,-1.007878715061414709012989714,-0.066804
SONO,2025-12-19,2025-12-22,C,18.060000,2.767783005812344312205923056,18.06499861610849709382784389,16.87922072843675578197051891,2026-01-06,16.86978044838729450916181057,stop,843,-1.007961254926078216687670419,-0.066162
SPYG,2025-12-23,2025-12-24,O,107.880000,4.635209047928061555576156484,107.9300046352090479280615556,104.9831367015176885991813243,2026-01-20,104.9782756959751818765532194,stop,339,-1.001649549844745720050049834,-0.027349
SPYG,2025-12-23,2025-12-24,T,107.980000,0.4630272723063388433578737788,107.9849997684863638468305783,105.0381318347950045179503470,2026-01-20,105.0332682828278426434067553,stop,339,-1.001650413956987072571980969,-0.027335
SPYG,2025-12-23,2025-12-24,C,108.190000,0.4621712806766187549105698572,108.1950002310856403383093775,105.2481322973942810094291462,2026-01-20,105.2432590218329810936533704,stop,339,-1.001653713593875062013291188,-0.027282
AVGO,2025-12-26,2025-12-29,O,348.880000,3.018238785805654167325409259,348.9853003147591876625896489,318.6780849865173703144912228,2026-01-23,318.6552174019519691627586713,stop,32,-1.000754526086205352024590804,-0.086909
AVGO,2025-12-26,2025-12-29,T,348.380000,0.7175763142410195324272736405,348.4049989236355286384707012,318.0977835953937112903722751,2026-01-23,318.0749576518816492837927911,stop,32,-1.000753152121197740722067742,-0.087054
AVGO,2025-12-26,2025-12-29,C,349.010000,2.005903086225176949307963436,349.0800080236123449007077971,318.7727926953705275526093710,2026-01-23,318.7499183148042614948622299,stop,32,-1.000754750323265448177749939,-0.086886
HCA,2025-12-29,2025-12-30,O,472.370000,56.6979774900566979774900567,475.0482423626978082423626980,453.4330770024427847107628887,2026-01-27,496.4270039050586601719080726,target,46,0.9890630576285638730646302367,0.045003
HCA,2025-12-29,2025-12-30,T,472.920000,4.759839646291027173395669604,473.1451023365523952570842280,451.5299369762973717254844187,2026-01-27,494.5247697430481362145046783,target,46,0.9891049663588368641458641680,0.045186
HCA,2025-12-29,2025-12-30,C,473.250000,1.690081335164254779761276012,473.3299830991866483574522026,451.7148177389316248258523933,2026-01-27,494.7095625054040070110096034,target,46,0.9891008951302843352465911030,0.045168
IYW,2025-12-30,2025-12-31,O,201.860000,5.45202220459952418715305313,201.9700545202220459952418715,196.1172350060862980733302948,2026-01-20,195.8931403647898493259318002,stop_gap,170,-1.038288322535013196919997551,-0.030088
IYW,2025-12-30,2025-12-31,T,200.700000,0.2491466726461868101751501108,200.7050003737200089692802153,194.8521808595842610473686386,2026-01-20,194.8473261823323592046537529,stop,170,-1.000829459586132258323344329,-0.029185
IYW,2025-12-30,2025-12-31,C,199.900000,0.750393956827334350534030366,199.9150003751969784136671753,194.0621808610612304917555986,2026-01-30,198.3551094354536131469021236,time,170,-0.2665195699228229761877569698,-0.007803
MS,2026-01-02,2026-01-05,O,182.200000,13.67989056087551299589603283,182.4492476060191518467852257,175.9024873683564329534884049,2026-01-15,188.9657958746121715014066990,target,152,0.9953852030664123853175515715,0.035717
MS,2026-01-02,2026-01-05,T,187.690000,1.598550647413012202269941920,187.7200031971012948260244045,181.1732429594385759327275837,2026-01-14,181.1442814989559033836894752,stop,152,-1.004423785113751497092338095,-0.035029
MS,2026-01-02,2026-01-05,C,186.500000,1.072443562657515148265322538,186.5200010724435626575151482,179.9732408347808437642183274,2026-01-14,179.9444712007154980759733945,stop,152,-1.004394484144972572420138601,-0.035254
SPYU,2026-01-06,2026-01-07,O,28.990000,2.588214994392200845483564835,28.99750323526874299025105684,27.10637317006236874357661803,2026-01-20,26.92302993702010180312311276,stop_gap,528,-1.096949034027577133670205547,-0.07154
SPYU,2026-01-06,2026-01-07,T,29.080000,2.581977794990963077717531629,29.08750839142783372063000258,27.19637832622145947395556377,2026-01-20,26.92302993702010180312311276,stop_gap,528,-1.144542352866421089681683236,-0.074413
SPYU,2026-01-06,2026-01-07,C,28.570000,5.24934383202099737532808399,28.58499737532808398950131232,26.69386731012170974282687351,2026-01-20,26.68697501285599280253696210,stop,528,-1.003644538994183248469750929,-0.066399
ESGE,2026-01-07,2026-01-08,O,45.720000,3.279763857002295834699901607,45.73499508035421449655624794,44.77709719675737309515638488,2026-01-12,46.68779158812193418311966873,target,1043,0.9946744053656675849740867210,0.020833
ESGE,2026-01-07,2026-01-08,T,45.760000,1.092537965694307877198732656,45.76499945373101715284606139,44.80710157013417575144619833,2026-01-12,46.71779268340703173696697264,target,1043,0.9946709831932614894191862682,0.020819
ESGE,2026-01-07,2026-01-08,C,45.855000,1.090393632101188529058990296,45.86000000000000000000000000,44.90210211640315859860013694,2026-01-15,46.81278285050565852787190503,target,1043,0.9946601478312319971206341657,0.020776
BAR,2026-01-12,2026-01-13,O,45.500000,1.098780353807273925942204154,45.50499945060982309636303701,44.09195676500404526348506944,2026-01-20,46.91288800657304181675838995,target,707,0.9963524600530029185649215393,0.030939
BAR,2026-01-12,2026-01-13,T,45.514500,1.098538943205536636273755904,45.51949994507305283972316820,44.10645725946727500684520063,2026-01-20,46.92738690810048520070477181,target,707,0.9963513327439678935437735697,0.030929
BAR,2026-01-12,2026-01-13,C,45.192400,1.106317070472397389091713685,45.19739971235756167717667882,43.78435702675178384429871125,2026-01-20,46.60532205934991939146626293,target,707,0.9963763737178081027948581710,0.031151
GDX,2026-01-12,2026-01-13,O,97.030000,2.577452446002371256250322182,97.05500902108356100829939685,90.68395492875129016588224609,2026-01-21,103.4207562191106640210767140,target,156,0.9991670304115680300312575886,0.065589
GDX,2026-01-12,2026-01-13,T,97.450000,0.513109959464313202319257017,97.45500025655497973215660119,91.08394616422270888973945043,2026-01-21,103.8207269306334208629120673,target,156,0.9991638089746810660471660822,0.06532
GDX,2026-01-12,2026-01-13,C,96.720000,0.516982887866411621775319237,96.72500025849144393320581090,90.35394616615917309078866014,2026-01-21,103.0907643895968265969182758,target,156,0.9991696882258063411350478212,0.065813
HBM,2026-01-13,2026-01-14,O,22.880000,21.82453077258838934962898298,22.92993452640768223483195111,21.31191180067568118750952990,2026-01-20,24.54261493282474537502006234,target,618,0.9966982421013147285094730146,0.070331
HBM,2026-01-13,2026-01-14,T,22.980000,2.176278563656147986942328618,22.98500108813928182807399347,21.36697836240728078075157226,2026-01-20,24.59766951053855789544529468,target,618,0.9966908355194438520104278859,0.070162
HBM,2026-01-13,2026-01-14,C,23.070000,2.166847237269772481040086674,23.07499891657638136511375949,21.45697619084438031779133828,2026-01-20,24.68764775294117710614402919,target,618,0.9966787306001687129499153984,0.069887
IAU,2026-01-22,2026-01-23,O,93.000000,0.5374321491911646154672972535,93.00499811898747783092384589,89.91506112867467042860683124,2026-01-26,96.08979056542163539731638702,target,323,0.9983350651179042223870791116,0.033168
IAU,2026-01-22,2026-01-23,T,93.395000,0.5353605653407569998393918305,93.39999999999999999999999998,90.31006300968719259768298533,2026-01-27,96.48477129959112461376289947,target,323,0.9983282213398274364765679053,0.033028
IAU,2026-01-22,2026-01-23,C,93.760000,0.5333048904058450215988480615,93.76500026665244520292251082,90.67506327633963780060549617,2026-01-27,96.84975202556865935867358299,target,323,0.9983218973678591667201727757,0.032899
TSEM,2026-01-26,2026-01-27,O,129.470000,27.80352177942539388322520852,129.8299721964782205746061168,117.2095220560140157263889760,2026-02-03,142.2322245543936892270312330,target,79,0.9827107765475700810111122440,0.095527
TSEM,2026-01-26,2026-01-27,T,130.805000,15.31745423910546067243624110,131.0053599601746189783258022,118.3849098197104141301086614,2026-02-04,118.2035742758340100340221045,stop,79,-1.014368389546978093762175204,-0.09772
TSEM,2026-01-26,2026-01-27,C,132.350000,10.95207522942709316817100344,132.4949507156614675780807432,119.8745005751972627298636024,2026-02-04,119.6908833574976422002934659,stop,79,-1.014549181341075899932521639,-0.096638
PLPC,2026-01-28,2026-01-29,O,249.710000,160.9494391155909608193789628,253.7290684441554218826207120,233.6562103205859503600837006,2026-02-04,272.5380206870672712052796873,target,49,0.9370340848883124991172714620,0.07413
PLPC,2026-01-28,2026-01-29,T,248.070000,46.16132167152575315840621963,249.2151239067055393586005831,229.1422657831360678360635717,2026-02-03,268.0449131141974537366425473,target,49,0.9380721515379042865990421750,0.075556
PLPC,2026-01-28,2026-01-29,C,257.025000,8.94489168902889588923890639,257.2549060786372651965931631,237.1820479550677936740561517,2026-02-04,276.0475825890284257381623724,target,49,0.9362232520502336069238808413,0.073051
ESGE,2026-01-30,2026-02-02,O,47.220000,1.060108131029364995229513410,47.22500583059472066150747375,46.02544445235435329175310016,2026-02-09,48.41945859324179389812214253,target,833,0.9957412636935777771470959743,0.025293
ESGE,2026-01-30,2026-02-02,T,47.400000,1.054963603755670429370186728,47.40500052748180187783521470,46.20543914924143450808084111,2026-02-09,48.59943430134346662397448231,target,833,0.9957254339196679626596519967,0.025196
ESGE,2026-01-30,2026-02-02,C,47.730000,1.047668936616029334730225249,47.73500052383446830801466739,46.53543914559410093826029380,2026-02-10,48.92939948389759389744645747,target,833,0.9956964118127790055028637251,0.025021
SIL,2026-02-06,2026-02-09,O,99.530000,11.04306796506374861961650436,99.63991165545627949001104302,87.47102157806031783357069559,2026-02-24,111.7319949014361503036618752,target,82,0.9936882631918286792962427528,0.121358
SIL,2026-02-06,2026-02-09,T,101.920000,6.86947988223748773307163886,101.9900137389597644749754662,89.82112366156380281853511877,2026-02-25,114.0804825870412521291665584,target,82,0.9935555971977967382340316287,0.118546
SIL,2026-02-06,2026-02-09,C,103.210000,0.9690861517588913654423878285,103.2200019381723035177827309,91.05111186077634186134238347,2026-02-26,115.3096258483348031667432391,target,82,0.9934861629343911134282852472,0.117125
IEMG,2026-02-09,2026-02-10,O,74.470000,1.343905389060610133046633517,74.48000806343233436366079825,72.43543452385592691968810144,2026-02-24,76.51943985862904626629051089,target,489,0.9974851751330202569107154042,0.027382
IEMG,2026-02-09,2026-02-10,T,74.415100,0.6719075455217362090976281665,74.42010000671907545521736210,72.37552646714266801124466529,2026-02-24,76.45953582718332167612352729,target,489,0.9974871438895635662930078728,0.027404
IEMG,2026-02-09,2026-02-10,C,74.410000,0.671997849606881257979974464,74.41500033599892480344062896,72.37042679642251735946793215,2026-02-24,76.45443649911389467889572762,target,489,0.9974873114798786231624924453,0.027406
POWL,2026-02-09,2026-02-10,O,185.950000,109.8233354481846533282100316,187.9921649226589936286380655,166.1645667874467830214523513,2026-03-03,165.0166275996219557290154700,stop,45,-1.052591182076647064207817458,-0.122215
POWL,2026-02-09,2026-02-10,T,186.190000,69.08447510913924478309964345,187.4762838420570635986165322,165.6486857068448529914308180,2026-03-05,164.5043104563872376881584923,stop,45,-1.052427905414453863163485865,-0.122533
POWL,2026-02-09,2026-02-10,C,188.600000,37.86144472229070545557003487,189.3140668474624027048920508,167.4864687122501920977063366,2026-03-03,166.3293972343632843680700942,stop,45,-1.053009564805040265494255415,-0.12141
TX,2026-02-11,2026-02-12,O,45.250000,61.02296682569621657605680685,45.52612892488627538000665707,43.26249562354678847137409848,2026-02-17,42.80717408188172639520692333,stop_gap,441,-1.201146334698128532620371420,-0.059723
TX,2026-02-11,2026-02-12,T,44.690000,23.53468564384175725652807352,44.79517651014232881317942394,42.53154320880284190454686535,2026-02-17,42.43144655886617714157527685,stop,441,-1.044219463407537506463805573,-0.052768
TX,2026-02-11,2026-02-12,C,44.540000,10.09987655706430254741330940,44.58498485018516440354617888,42.32135154884567749491362029,2026-02-17,42.22174957837321764650017346,stop,441,-1.044000930015264035341034808,-0.053005
CNC,2026-02-17,2026-02-18,O,41.500000,22.94963159801908443048677376,41.59524097113177920038652010,38.15658693422812978550276331,2026-03-04,45.02859003748435835627448583,target,290,0.9984572537701852838364734899,0.082542
CNC,2026-02-17,2026-02-18,T,42.430000,1.177995052420779832724702556,42.43499823300742136883025090,38.99634419610377195394649411,2026-03-10,38.99175044605122115032369443,stop,290,-1.001335915158445909058452222,-0.081142
CNC,2026-02-17,2026-02-18,C,43.090000,1.160496692584426134385517002,43.09500058024834629221306721,39.65634654334469687732931042,2026-03-10,39.65167504534218248259761890,stop,290,-1.001358525153266324193783343,-0.079901
TKC,2026-02-17,2026-02-18,O,7.150000,63.4249471458773784355179704,7.195348837209302325581395349,6.911341583250737111469927112,2026-02-19,6.906450329476320453924654694,stop,3521,-1.017222284664356704152533308,-0.040151
TKC,2026-02-17,2026-02-18,T,7.060600,7.07714083510261854210898797,7.065596886058032554847841473,6.781589632099467340736373236,2026-02-27,6.657505285412262156448202960,stop_gap,3521,-1.436905554198655335683439513,-0.057758
TKC,2026-02-17,2026-02-18,C,7.035000,7.107320540156361051883439945,7.040000000000000000000000000,6.755992746041434785888531763,2026-02-27,6.657505285412262156448202960,stop_gap,3521,-1.346777975760933559171842641,-0.054332
PSLV,2026-02-18,2026-02-19,O,25.665000,5.86510263929618768328445748,25.68005278592375366568914957,20.80931219832941253926216719,2026-02-27,30.54488527191811063145240808,target,205,0.9987870219130470727528415135,0.18944
PSLV,2026-02-18,2026-02-19,T,25.860000,1.933861922258750725198220847,25.86500096693096112937536260,20.99426037933662000294838022,2026-02-27,30.72979768650083400937886744,target,205,0.9987796787947181718089459800,0.188084
PSLV,2026-02-18,2026-02-19,C,25.790000,1.939111886755865813457436494,25.79500096955594337793290674,20.92426038196160225150592436,2026-02-27,30.65981122615876443386977891,target,205,0.9987824580502964003908567696,0.188595
EC,2026-02-19,2026-02-20,O,12.670000,19.67729240456513183785911058,12.69493112947658402203856749,11.82699834033123757771811546,2026-03-03,11.82217689787696475359348516,stop,1152,-1.005555087346130221992316891,-0.068748
EC,2026-02-19,2026-02-20,T,12.280000,4.076640847941296371789645332,12.28500611496127191194455769,11.41707332581592546762410566,2026-03-06,13.14757692330592262925471008,target,1152,0.9938221243997756204618363046,0.070213
EC,2026-02-19,2026-02-20,C,12.455000,4.014452027298273785628261742,12.46000000000000000000000000,11.59206721085465355567954797,2026-03-04,11.56719401810310901219992129,stop_gap,1152,-1.028657971057917031044347394,-0.071654
EFXT,2026-02-26,2026-02-27,O,23.190000,34.37902879243661366566394500,23.26972496776966050709067468,21.37505088501852101870072145,2026-03-06,21.34211552155932453022814715,stop,527,-1.017383128718039503989314297,-0.082838
EFXT,2026-02-26,2026-02-27,T,22.715000,15.40832049306625577812018490,22.74999999999999999999999999,20.85532591724886051161004676,2026-03-12,20.82319136267682836906519307,stop,527,-1.016960465583279386994735806,-0.084695
EFXT,2026-02-26,2026-02-27,C,22.460000,4.454342984409799554565701559,22.47000445434298440979955456,20.57533037159184492140960133,2026-03-23,20.54362724313022420504379301,stop,527,-1.016732760927191528914156686,-0.085731
DTCR,2026-03-04,2026-03-05,O,25.110000,23.82843526608419380460683082,25.16983320095313741064336775,24.02399177072512074867918048,2026-03-20,24.01437448018439812227858833,stop,872,-1.008393212434995332746877730,-0.045906
DTCR,2026-03-04,2026-03-05,T,24.980000,4.003202562049639711769415532,24.99000000000000000000000001,23.84415856977198333803581274,2026-03-26,23.75825357903097696584590945,stop_gap,872,-1.074971098508727959473550264,-0.04929
DTCR,2026-03-04,2026-03-05,C,24.975000,8.009611533840608730476571885,24.99500400480576692030436523,23.84916257457775025834017796,2026-03-26,23.75825357903097696584590945,stop_gap,872,-1.079338199115983143641081297,-0.04948
NVMI,2026-03-05,2026-03-06,O,426.590000,45.22454512521472894487747304,428.5192338704965351220595280,386.5917510918314596610980213,2026-03-19,468.3456418844283143643697700,target,23,0.9498878867633228300305325234,0.09294
NVMI,2026-03-05,2026-03-06,T,424.210000,44.66126960559031828519579076,426.1045757179387468919762906,384.1770929392736714310147839,2026-03-19,465.9417679017461981360211521,target,23,0.9501450968117438518312585245,0.093492
NVMI,2026-03-05,2026-03-06,C,408.960000,21.76251956181533646322378716,409.8500000000000000000000001,367.9225172213349245390384934,2026-03-18,449.7597871826537856623531424,target,23,0.9518765386736262589424069731,0.097377
OR,2026-03-10,2026-03-11,O,43.010000,29.15451895043731778425655976,43.13539358600583090379008746,38.77159103391587348300915691,2026-03-18,37.95900874635568513119533528,stop_gap,229,-1.186209682463982712537477262,-0.120003
OR,2026-03-10,2026-03-11,T,42.680000,7.033997655334114888628370455,42.71002110199296600234466588,38.34621854990300858156373533,2026-03-18,37.95900874635568513119533528,stop_gap,229,-1.088732200626693554044148840,-0.111239
OR,2026-03-10,2026-03-11,C,42.800000,2.336994624912362701565786398,42.81000233699462491236270158,38.44619978490466749158177103,2026-03-18,37.95900874635568513119533528,stop_gap,229,-1.111643694400346274326970553,-0.113314
SIVR,2026-03-11,2026-03-12,O,82.510000,2.427773731488225297402282108,82.53003156105850934692886621,72.30198737805008087200919137,2026-03-18,72.28866309755778096153459050,stop,97,-1.001302720271235743695796216,-0.124093
SIVR,2026-03-11,2026-03-12,T,81.370000,1.842865040850175072178880766,81.38499539283739787456231955,71.15695120982896939964264471,2026-03-19,64.94422818208302986161689731,stop_gap,97,-1.607420433132950996965730285,-0.202012
SIVR,2026-03-11,2026-03-12,C,80.490000,2.484472049689440993788819876,80.50999751552795031055900621,70.28195333251952183563933137,2026-03-19,64.94422818208302986161689731,stop_gap,97,-1.521871538187516782733429500,-0.19334
CWI,2026-03-19,2026-03-20,O,36.420000,17.86450460354541706747285970,36.48506252576611240895973616,35.09134528859336792180382176,2026-04-08,37.82054544045215844386445948,target,717,0.9582165442648675581970837202,0.036604
CWI,2026-03-19,2026-03-20,T,35.800000,15.37386443046820405310971348,35.85503843466107617051013276,34.46132119748833168335421836,2026-04-01,37.19148993984357998300017343,target,717,0.9589115134240512624697495995,0.037274
CWI,2026-03-19,2026-03-20,C,35.450000,16.92524682651622002820874471,35.50999999999999999999999998,34.11628276282725551284408558,2026-04-01,36.84698196259428184713373198,target,717,0.9592921196170650660452239233,0.037651
TPB,2026-03-20,2026-03-23,O,86.470000,189.2890120036934441366574330,88.10678208679593721144967680,77.50399120470361317975781980,2026-04-01,77.39201063600930639310267645,stop,94,-1.010561423868449329039893583,-0.121611
TPB,2026-03-20,2026-03-23,T,86.480000,14.44836155579957232849794834,86.60494943073455470149685027,76.00215854864223066980499327,2026-04-01,75.89234788206903204721092722,stop,94,-1.010356770004647012695079932,-0.123695
TPB,2026-03-20,2026-03-23,C,86.570000,5.19540495295272181492813023,86.61497662067771171275183282,76.01218573858538768105997582,2026-04-01,75.90236058436562031747987414,stop,94,-1.010358136403996943289564964,-0.123681
CLMT,2026-03-27,2026-03-30,O,33.850000,62.2037914691943127962085308,34.06055983412322274881516587,31.09293298122024961654545464,2026-04-24,31.05840446041933873412841360,stop,336,-1.011635061452262642666417303,-0.088142
CLMT,2026-03-27,2026-03-30,T,36.000000,11.10494169905607995558023320,36.03997779011660188784008883,33.07235093721362875557037760,2026-04-08,32.63572274881516587677725118,stop_gap,336,-1.147130421053896051497895138,-0.094458
CLMT,2026-03-27,2026-03-30,C,34.940000,5.725737188663040366447180075,34.96000572573718866304036645,31.99237887283421553077065522,2026-04-15,31.95685152261452178781588492,stop,336,-1.011971636590678643975314224,-0.085903
FEOE,2026-03-27,2026-03-30,O,49.510000,386.0145513338722716248989490,51.42115804365400161681487470,49.24208744270103854632653109,2026-03-30,49.19731738643431369059191762,stop,458,-1.020545482210234845040304996,-0.043248
FEOE,2026-03-27,2026-03-30,T,49.540000,9.09182745731892110314173149,49.58504091322355793514496413,47.40597031227059486465662052,2026-04-08,51.71704847713969014503620705,target,458,0.9784022431323478019037831353,0.042997
FEOE,2026-03-27,2026-03-30,C,49.185000,13.22616746362803947502289144,49.25005290466985451215790008,47.07098230371689144166955647,2026-04-08,51.38236503390339083668768059,target,458,0.9785420115810024349700776732,0.043296
DISV,2026-04-08,2026-04-09,O,40.710000,18.37109614206981016533986528,40.78478873239436619718309861,39.15625513548347554957673299,2026-05-07,41.75894890510948905109489051,time,614,0.5981824228637184831910059793,0.023885
DISV,2026-04-08,2026-04-09,T,40.815000,8.577380223011885798309030755,40.85000857738022301188579831,39.22147498046933236427943269,2026-05-07,41.75894890510948905109489051,time,614,0.5581342193083419807644197220,0.022251
DISV,2026-04-08,2026-04-09,C,41.080000,14.59854014598540145985401460,41.13997080291970802919708027,39.51143720600881738159071465,2026-05-07,41.75894890510948905109489051,time,614,0.3800831025923562699612996709,0.015046
FLKR,2026-04-08,2026-04-09,O,44.140000,15.84786053882725832012678288,44.20995245641838351822503961,39.78423626744372051492107774,2026-04-17,48.59151461121656622509547538,target,225,0.9900233019264821465939572493,0.099108
FLKR,2026-04-08,2026-04-09,T,44.020000,9.078529278256922378574670905,44.05996368588288697231048570,39.63424749690822396900652383,2026-04-17,48.44166200842554130564112533,target,225,0.9900540693183928270222523424,0.099449
FLKR,2026-04-08,2026-04-09,C,45.060000,5.54508151269823666407896196,45.08498613729621825440833979,40.65926994832155525110437792,2026-04-17,49.46575389020526992656594460,target,225,0.9898438051274985047121181430,0.097167
TOWN,2026-04-09,2026-04-10,O,36.010000,34.61165720614703031981171258,36.13463657759933545618164197,34.47736488037797003664574583,2026-04-23,34.24107534237851308320642392,stop_gap,603,-1.142577429153968856452572414,-0.052403
TOWN,2026-04-09,2026-04-10,T,35.860000,8.36586726157278304517568321,35.88999999999999999999999999,34.23272830277863458046410385,2026-04-23,34.20408965668038140039121140,stop,603,-1.017280598073490090641741719,-0.046974
TOWN,2026-04-09,2026-04-10,C,35.870000,1.393728222996515679442508711,35.87499930313588850174216028,34.21772760591452308220626414,2026-04-23,34.18910150920014952692276754,stop,603,-1.017273025758159619792195881,-0.046994
TS,2026-04-10,2026-04-13,O,59.790000,5.85137507314218841427735518,59.82498537156231714452896434,57.21493371535800599828147423,2026-04-17,56.92666956816851960210649503,stop_gap,383,-1.110443847540050941845454553,-0.048447
TS,2026-04-10,2026-04-13,T,60.210000,1.660853678790898521840225876,60.22000000000000000000000002,57.60994834379568885375250991,2026-04-17,56.92666956816851960210649503,stop_gap,383,-1.261787453134484307318589442,-0.054688
TS,2026-04-10,2026-04-13,C,60.360000,0.828431778643028746582718913,60.36500041421588932151437330,57.75494875801157817526688319,2026-04-16,57.74535650610026583874881860,stop,383,-1.003675119566507716898165030,-0.043397
VOLT,2026-04-10,2026-04-13,O,37.510000,21.35041366426474512943688284,37.59008540165465705898051774,35.77423624830573939391890624,2026-04-23,39.39018268242995570683065337,target,550,0.9913253407946534007187208682,0.047888
VOLT,2026-04-10,2026-04-13,T,37.530000,3.997335109926715522984676882,37.54500199866755496335776150,35.72915284531863729829615000,2026-04-23,39.34511730078981714302493488,target,550,0.9913352652682421322342875713,0.047946
VOLT,2026-04-10,2026-04-13,C,37.670000,14.57919151756129887342611000,37.72491981444665341285619616,35.90907066109773574779458466,2026-04-23,39.52496319738872408081804038,target,550,0.9912956589055336036885073608,0.047715
PICK,2026-04-15,2026-04-16,O,63.050000,18.22070823100689218093955478,63.16488156539649845520082386,59.84379966322950014324241435,2026-05-13,66.42216756466802563640552229,target,301,0.9807906264359682154581385944,0.051568
PICK,2026-04-15,2026-04-16,T,62.548000,9.595394210778826163441548055,62.60801727170957940188709421,59.28693536954258108992868470,2026-05-11,65.86583760422308987340362414,target,301,0.9809515177532328210370947577,0.052035
PICK,2026-04-15,2026-04-16,C,62.710000,6.378568011481422420666560355,62.75000000000000000000000000,59.42891809783300168804159049,2026-05-11,66.00768409448860362302961526,target,301,0.9809104955716305084025795996,0.051915
TFII,2026-04-16,2026-04-17,O,130.020000,57.44246115887273988974131615,130.7668668799876633640464166,122.5743527411737741367236532,2026-04-23,138.6875471532918964054256394,target,122,0.9668192375498283551657887614,0.060571
TFII,2026-04-16,2026-04-17,T,132.995000,19.56210969829207734557219171,133.2551662779324354826574373,125.0626521391185462553346739,2026-04-28,141.1709789126581895476553579,target,122,0.9662250806773467518263268603,0.059403
TFII,2026-04-16,2026-04-17,C,131.690000,3.796795504594122560558888298,131.7400000000000000000000000,123.5474858611861107726772366,2026-04-27,139.6587766196197607855267818,target,122,0.9665868725331537710067052044,0.060109
ATMU,2026-04-17,2026-04-20,O,63.080000,68.8018979833926453143534994,63.51400237247924080664294188,59.04226329530810990333513561,2026-05-01,53.64833214709371293001186240,stop_gap,223,-2.206226717419893483104760511,-0.155331
ATMU,2026-04-17,2026-04-20,T,62.980000,9.531374106433677521842732325,63.04002859412231930103256551,58.56828951695118839772475924,2026-05-01,53.64833214709371293001186240,stop_gap,223,-2.100233552305089357533051427,-0.14898
ATMU,2026-04-17,2026-04-20,C,62.950000,4.765687053216838760921366164,62.98000000000000000000000002,58.50826092282886909669219375,2026-05-01,53.64833214709371293001186240,stop_gap,223,-2.086809559293338318602193239,-0.148169
AVDV,2026-04-30,2026-05-01,O,106.100000,12.74606996176179011471462966,106.2352358022942925931171222,102.7751198960407725943346400,2026-05-11,109.6488202401320643563654998,target,289,0.9865520492155620549123862177,0.032132
AVDV,2026-04-30,2026-05-01,T,106.090000,4.241881510109817599095065278,106.1350021209407550549087996,102.6748862146872350561263174,2026-05-08,109.5486290767184891991650424,target,289,0.9865643372258814600194774440,0.032163
AVDV,2026-04-30,2026-05-01,C,105.710000,5.20168345391781340142809855,105.7649869957913652054664964,102.3048710895378452066840142,2026-05-07,109.1787709076008825664190196,target,289,0.9866096987212867288654108624,0.032277
CSX,2026-05-04,2026-05-05,O,44.950000,3.351580828957658362194168250,44.96506535582616467433806279,43.13300299884862970365401656,2026-05-27,46.79192398460256501812952344,target,545,0.9971596336875129432043324007,0.040628
CSX,2026-05-04,2026-05-05,T,44.960000,1.111975981318803513844100968,44.96499944401200934059824307,43.13293708703447436991419684,2026-05-27,46.79185808011764510697768769,target,545,0.9971596376880511315875437357,0.040628
CSX,2026-05-04,2026-05-05,C,45.030000,1.110494169905607995558023320,45.03500055524708495280399776,43.20293819826954998211995153,2026-05-27,46.86185140739728481619086974,target,545,0.9971553889486966782496725545,0.040565
GLTR,2026-05-07,2026-05-08,O,225.700000,13.95379742629958581585417174,226.0149372079115816518638286,214.3374739001710336279219182,2026-05-15,214.0421907390784506556320960,stop,85,-1.025286584364332872847157222,-0.052973
GLTR,2026-05-07,2026-05-08,T,225.408500,13.77655319527153141942938406,225.7190352190916362989956447,214.0415719113510882750537343,2026-05-19,210.7055748743050787392854770,stop_gap,85,-1.285678229006697326528719791,-0.066514
GLTR,2026-05-07,2026-05-08,C,225.460000,13.97112633889960747787904996,225.7749930144368305501962611,214.0975297066962825262543507,2026-05-19,210.7055748743050787392854770,stop_gap,85,-1.290470176869903366203213500,-0.066745
IVZ,2026-05-08,2026-05-11,O,27.660000,7.199424046076313894888408925,27.67991360691144708423326134,25.90181057782859935498699948,2026-06-09,27.90499372197309417040358744,time,562,0.1265844056166668031737532683,0.008132
IVZ,2026-05-08,2026-05-11,T,27.900000,1.791793585378964343307650958,27.90499910410320731051782834,26.12689607502035958127156648,2026-06-09,27.90499372197309417040358744,time,562,-0.000003026894406628527773933967738,-0.0
IVZ,2026-05-08,2026-05-11,C,27.870000,1.793721973094170403587443946,27.87499910313901345291479820,26.09689607405616572366853634,2026-06-09,27.90499372197309417040358744,time,562,0.01686888686621947626017505992,0.001076
ICOW,2026-05-11,2026-05-12,O,45.080000,31.08348134991119005328596803,45.22012433392539964476021315,44.10859232807648988390450031,2026-06-05,44.07914733987350157290055872,stop,899,-1.026490454659018392794182460,-0.025232
ICOW,2026-05-11,2026-05-12,T,44.900000,6.67556742323097463284379172,44.92997329773030707610146862,43.81844129188139731524575578,2026-06-05,43.78918999595891307137710040,stop,899,-1.026316197616049901184611214,-0.02539
ICOW,2026-05-11,2026-05-12,C,45.100000,4.430660168365086397873283119,45.11998227735932653965440849,44.00845027151041677879869565,2026-06-05,43.97907213381247925090897689,stop,899,-1.026430311986833503783486693,-0.025286
REPX,2026-05-11,2026-05-12,O,35.260000,82.5035561877667140825035562,35.55090753911806543385490755,32.14533475950460188034074271,2026-05-19,38.90211738219966807613914067,target,293,0.9840370651136014872198958057,0.094265
REPX,2026-05-11,2026-05-12,T,35.830000,13.95478649176667596985766118,35.88000000000000000000000000,32.47442722038653644648583516,2026-05-19,39.23075060157883689491311242,target,293,0.9839022151096565203434415640,0.093388
REPX,2026-05-11,2026-05-12,C,36.345000,6.878525244187646168661438985,36.37000000000000000000000000,32.96442722038653644648583516,2026-05-19,39.72006681704074032779058939,target,293,0.9837014311058055800449691377,0.092111
SNPS,2026-05-12,2026-05-13,O,514.740000,13.48472708084973323692079188,515.4341128417596591686372607,484.8071142200647823304648586,2026-05-20,478.6936190975004397193613321,stop_gap,32,-1.199611303676155846441390942,-0.071281
SNPS,2026-05-12,2026-05-13,T,504.810000,6.335379132844981191843199365,505.1298162740051474955454366,474.5028176523102706573730345,2026-05-20,474.2022021273672112897025547,stop,32,-1.009815376578562810319855423,-0.061227
SNPS,2026-05-12,2026-05-13,C,507.570000,4.726177113487327937614462102,507.8098865717492763041294971,477.1828879500543994659570950,2026-05-20,476.8805744989674515193542317,stop,32,-1.009870815446891417600098245,-0.060907
HAFN,2026-05-14,2026-05-15,O,8.610000,11.58748551564310544611819235,8.619976825028968713789107762,8.044555859455312768526464456,2026-05-27,8.039919227836030167507140846,stop,1737,-1.008057807929643633326253708,-0.067292
HAFN,2026-05-14,2026-05-15,T,8.670000,5.76368876080691642651296830,8.674997118155619596541786745,8.099576152581963651279143439,2026-05-27,8.094907808978170012287051714,stop,1737,-1.008112918859568515816706161,-0.066869
HAFN,2026-05-14,2026-05-15,C,8.710000,5.737234652897303499713138265,8.714997131382673551348250145,8.139576165809017606085606839,2026-05-27,8.134884767442557077206018593,stop,1737,-1.008152984766176395218473479,-0.066565
ASYS,2026-05-15,2026-05-18,O,21.500000,56.3644903710662282761860028,21.62118365429779239079379990,18.04090220269780380362032891,2026-06-09,17.90766067978275355396286710,stop,279,-1.037215376700484279432647804,-0.171754
ASYS,2026-05-15,2026-05-18,T,20.300000,73.85524372230428360413589365,20.44992614475627769571639586,16.86964469315628910854292487,2026-06-02,23.85273191248362029852583534,target,279,0.9504296837352454388529022683,0.166397
ASYS,2026-05-15,2026-05-18,C,20.190000,14.85884101040118870728083210,20.22000000000000000000000000,16.63971854840001141282652901,2026-05-26,23.62450389287325307323570532,target,279,0.9509039830798267417803667832,0.168373
QCLN,2026-05-18,2026-05-19,O,57.400000,24.45414847161572052401746725,57.54036681222707423580786028,53.28063181129658615363691067,2026-05-21,61.74535331757538871564183363,target,234,0.9871474409628264553246885683,0.073079
QCLN,2026-05-18,2026-05-19,T,56.470000,8.85896527285613040396881644,56.52002657689581856839121193,52.26029157596533048622026232,2026-05-21,60.72591699811526279279235098,target,234,0.9873596409872252254297364785,0.074414
QCLN,2026-05-18,2026-05-19,C,57.300000,6.984459577440195564868168325,57.34002095337873232058669461,53.08028595244824423841574500,2026-05-21,61.54518494442765660013294751,target,234,0.9871891068647126125826263453,0.073337
BNY,2026-05-19,2026-05-20,O,136.910000,21.95871761089152393500219587,137.2106368028107158541941151,131.6445952481362749746266121,2026-06-01,142.6992086459509813909869238,target,179,0.9860817223922600475463741957,0.040001
BNY,2026-05-19,2026-05-20,T,138.220000,5.42593597395550732501356484,138.2949972870320130222463374,132.7289557323575721426788344,2026-06-02,143.7829807631162713440808975,target,179,0.9859760158411630482912100484,0.039683
BNY,2026-05-19,2026-05-20,C,137.130000,1.823021110584460568053378058,137.1549990884894447077697160,131.5889575338150038282022130,2026-06-01,142.6436011202972746890261299,target,179,0.9860871461152538314485305865,0.040018
ITGR,2026-05-20,2026-05-21,O,90.400000,131.4626601855943437914273089,91.58842244807777286787450288,85.33758218935157290785090865,2026-06-22,90.04990905292417167000222371,time,159,-0.2461290532910083349008378744,-0.016798
ITGR,2026-05-20,2026-05-21,T,89.780000,12.80694916198006570521743972,89.89498078957625702990144218,83.64414053085005706987784795,2026-06-22,90.04990905292417167000222371,time,159,0.02478518998012053120171749108,0.001723
ITGR,2026-05-20,2026-05-21,C,89.965000,5.559261730042250389148321105,90.01501389815432510562597286,83.76417363942812514560237863,2026-06-22,90.04990905292417167000222371,time,159,0.005582474247543404715950763177,0.000388
C,2026-05-26,2026-05-27,O,127.090000,30.68208638187396742978522540,127.4799386358272362520651405,121.2356198778584412358880812,2026-06-04,133.7029908134216998383331282,target,160,0.9965942513188982037803954173,0.048816
C,2026-05-26,2026-05-27,T,125.760000,1.590330788804071246819338422,125.7800000000000000000000000,119.5356812420312049838229407,2026-06-02,132.0033225240696269508118912,target,160,0.9966375461098341016683222771,0.049478
C,2026-05-26,2026-05-27,C,125.300000,0.798020908147793472188971351,125.3099992019790918522065278,119.0656804440102968360294685,2026-06-02,131.5333964717227043164007017,target,160,0.9966495162985580718215173599,0.049664
OKE,2026-05-27,2026-05-28,O,89.250000,27.45251834836685528601042075,89.49501372625917418342764300,84.48511729773575712114931003,2026-05-29,84.46109263832105662717184620,stop,199,-1.004795440336434531712885192,-0.056248
OKE,2026-05-27,2026-05-28,T,87.910000,2.843655803901495762952852187,87.93499857817209804925211850,82.92510214964868098697378553,2026-06-26,89.20468426163090128755364807,time,199,0.2534355153990721912294095806,0.014439
OKE,2026-05-27,2026-05-28,C,87.350000,1.716738197424892703862660944,87.36499570815450643776824034,82.35509927963108937548990737,2026-06-26,89.20468426163090128755364807,time,199,0.3672108954193714125357970751,0.021058
FLTW,2026-06-08,2026-06-09,O,101.270000,9.864851533984413534576304625,101.3699013514846601558646542,95.32716119483975988731532623,2026-06-18,107.3212356461063235756771830,target,165,0.9848734415755537036289788374,0.058709
FLTW,2026-06-08,2026-06-09,T,99.960000,8.50978625419232116934474646,100.0450638233969064424087701,94.00232366675200617385944213,2026-06-18,105.9975255264371257921972087,target,165,0.9850600139565150420230443037,0.059498
FLTW,2026-06-08,2026-06-09,C,98.850000,12.65246216913811427703831166,98.97506958854193025962852369,92.93232943189702999107919572,2026-06-18,104.9284418338053330000715783,target,165,0.9852106976198167169659717625,0.06015
JTEK,2026-06-17,2026-06-18,O,108.290000,14.79837217906030336662967074,108.4502515723270440251572327,101.6914722143602807597328525,2026-07-07,101.6444755084658541580322642,stop,147,-1.006953430997718584060493215,-0.062755
JTEK,2026-06-17,2026-06-18,T,108.150000,4.621499214345133561327294574,108.1999815140031426194657546,101.4412021560363793540413744,2026-07-07,101.3943211124297445544508201,stop,147,-1.006936318101784872639755049,-0.062899
JTEK,2026-06-17,2026-06-18,C,109.120000,7.78923253150057273768613975,109.2049961053837342497136312,102.4462167474169709842892510,2026-07-07,102.3988712363958891047327812,stop,147,-1.007005038707954624159325609,-0.062324
SFL,2026-06-17,2026-06-18,O,10.990000,50.5747126436781609195402299,11.04558160919540229885057471,10.47677212095002716174602808,2026-06-26,10.47192400798336819498908869,stop,1758,-1.008523263178351852467645846,-0.051935
SFL,2026-06-17,2026-06-18,T,10.805000,4.62748727440999537251272559,10.81000000000000000000000000,10.24119051175462486289545337,2026-06-23,11.37354395863489601857742745,target,1758,0.9907428942039594548338046746,0.052132
SFL,2026-06-17,2026-06-18,C,10.800000,4.631773969430291801760074108,10.80500231588698471514590088,10.23619282764160957804135425,2026-06-23,11.36854858719384418364690727,target,1758,0.9907469600151163395350825095,0.052156
GE,2026-06-18,2026-06-22,O,357.640000,8.25786946967682337956807144,357.9353344437135219113468725,336.9696992415880969975215366,2026-06-25,378.8109102735533986505147146,target,47,0.9957044291090012736047862642,0.058322
GE,2026-06-18,2026-06-22,T,357.535000,2.376857793996336842693958586,357.6199809851376480293052585,336.6543457830122231154799226,2026-06-25,378.4956317700101127451518572,target,47,0.9957080042466904182671927596,0.058374
GE,2026-06-18,2026-06-22,C,356.910000,0.5604124635731898677426585965,356.9300016812373907195696033,335.9643664791119658057442674,2026-06-25,377.8058164643784725847844542,target,47,0.9957158264885178694946466346,0.058487
AVEM,2026-06-23,2026-06-24,O,95.000000,8.43170320404721753794266442,95.08010118043844856661045527,89.75744650525813719450256665,2026-07-17,87.93579457841483979763912311,stop_gap,187,-1.342244995779589389213450566,-0.07514
AVEM,2026-06-23,2026-06-24,T,95.180000,11.03578748226391297493299700,95.28503862525618792369541229,89.96238395007587655158752367,2026-07-17,87.93579457841483979763912311,stop_gap,187,-1.380747858979294685328933735,-0.077129
AVEM,2026-06-23,2026-06-24,C,94.730000,4.222527182518737464372426898,94.77000000000000000000000003,89.44734532481968862789211141,2026-07-17,87.93579457841483979763912311,stop_gap,187,-1.283984372206833654569780403,-0.072114
NAT,2026-06-30,2026-07-01,O,5.510000,27.24795640326975476839237057,5.525013623978201634877384196,4.941959645854307853740498620,2026-07-06,6.102529916152773480007003888,target,1715,0.9905022756775613200108152057,0.104528
NAT,2026-06-30,2026-07-01,T,5.520000,9.066183136899365367180417045,5.525004533091568449682683592,4.941950554967674668545798016,2026-07-06,6.102520833508104604137049160,target,1715,0.9905022898134125766047661250,0.104528
NAT,2026-06-30,2026-07-01,C,5.545000,9.017132551848512173128944995,5.549999999999999999999999997,4.966946021876106218863114421,2026-07-06,6.127493639068477739630868451,target,1715,0.9904634231751446536840481028,0.104053
QUIK,2026-06-30,2026-07-01,O,19.170000,279.3585100879461976202793585,19.70553026383859286083807553,15.98739129846443434529264966,2026-07-02,15.89374843143402498544269271,stop,268,-1.025185413429265418256863126,-0.193437
QUIK,2026-06-30,2026-07-01,T,18.735000,58.5729499467518636847710330,18.84473642172523961661341852,15.12659745635108110106799265,2026-07-07,15.03799651278352950782425041,stop,268,-1.023829379265450781254328998,-0.202005
QUIK,2026-06-30,2026-07-01,C,17.820000,22.40896358543417366946778712,17.85993277310924369747899160,14.14179380773508518193356573,2026-07-15,14.05896114964930992261446604,stop,268,-1.022277988761896574275730651,-0.212821
QTEC,2026-07-01,2026-07-02,O,326.580000,13.51475873084129373099487054,327.0213649906318149706668305,304.7730556130553410223878369,2026-07-16,304.6255993565353604444268545,stop,44,-1.006627751080655059884342187,-0.068484
QTEC,2026-07-01,2026-07-02,T,320.465000,4.838231392318137124841977120,320.6200483823139231813712485,298.3717390047374492330922549,2026-07-17,295.0307264922750867708941241,stop_gap,44,-1.150169276045293002612047535,-0.079812
QTEC,2026-07-01,2026-07-02,C,314.570000,3.495725680872024660755712334,314.6799650427431912797533924,292.4316556651667173314743988,2026-07-27,292.2901704635120395695891163,stop,44,-1.006359368671728254146280410,-0.071151
SXC,2026-07-01,2026-07-02,O,7.830000,31.82686187141947803946530872,7.854920432845321451304901338,7.177552304354592118499700209,2026-07-14,8.526878105685235279491136010,target,1476,0.9920125328853739333141424063,0.085546
SXC,2026-07-01,2026-07-02,T,7.885000,6.341154090044388078630310715,7.889999999999999999999999999,7.212631871509270667194798870,2026-07-14,8.561935428345839840520606834,target,1476,0.9919796932917491911801889568,0.085163
SXC,2026-07-01,2026-07-02,C,7.765000,6.439150032195750160978750805,7.769999999999999999999999999,7.092631871509270667194798870,2026-07-13,8.442011522194920373177550398,target,1476,0.9920920308020038888229562273,0.086488
EE,2026-07-10,2026-07-13,O,39.070000,85.8204175739720763417445882,39.40530037146150890226719611,36.97112236949304758378448410,2026-07-29,36.92894464084233932820658318,stop,410,-1.017327298421315178627748434,-0.062843
EE,2026-07-10,2026-07-13,T,39.440000,11.40829002408416782862213208,39.48499429585498795791608568,37.05081629388652663943337367,2026-07-29,37.00854764809555455935289448,stop,410,-1.017364648664473362619915590,-0.062719
EE,2026-07-10,2026-07-13,C,39.240000,10.19887812340642529321774605,39.28002039775624681285058645,36.84584239578778549436787444,2026-08-07,36.80380759016450116562540887,stop,410,-1.017268583312022288619712124,-0.06304
CLMT,2026-07-17,2026-07-20,O,42.750000,29.01915264074289030760301799,42.87405687753917585606500291,39.75696831552977119394765842,2026-08-07,39.71501583401496665170993666,stop,320,-1.013458867362998576919384494,-0.073682
CLMT,2026-07-17,2026-07-20,T,42.640000,10.55223355610270840661273303,42.68499472388322194864579668,39.56790616187381728652845219,2026-08-07,39.52615318315921248460809153,stop,320,-1.013394864433267529261254959,-0.074004
CLMT,2026-07-17,2026-07-20,C,43.340000,23.08402585410895660203139428,43.44004616805170821791320404,40.32295760604230355579585955,2026-07-27,40.28040787940912490272959589,stop,320,-1.013650470875857737339428717,-0.072736
CHRD,2026-07-20,2026-07-21,O,130.400000,50.4914241665060705338215456,131.0584081711312391597610330,122.2424975265639470100250368,2026-07-23,139.7372801432587030702157374,target,113,0.9844555284230022440114166552,0.066221
CHRD,2026-07-20,2026-07-21,T,132.755000,9.797271836611651217122616625,132.8850636822669379757329113,124.0691530376996458259969151,2026-07-23,141.5621460303349577619425607,target,113,0.9842525290810627972494865239,0.065298
CHRD,2026-07-20,2026-07-21,C,133.940000,9.709462992008365075808499515,134.0700485473149600418253790,125.2541379027476678920893828,2026-08-17,142.7459699334984652235539671,target,113,0.9841208396922609683133684537,0.064712
EXTR,2026-07-20,2026-07-21,O,30.890000,20.97789252864289172180087139,30.95480071002097789252864289,27.75158037999746288821098840,2026-08-05,26.77371631434565112151040826,stop_gap,312,-1.305275305756014984010685944,-0.135071
EXTR,2026-07-20,2026-07-21,T,30.790000,1.624167614097774890368686048,30.79500081208380704888744520,27.59178048206029204456979071,2026-08-05,26.77371631434565112151040826,stop_gap,312,-1.255388041854940235145325206,-0.130582
EXTR,2026-07-20,2026-07-21,C,30.540000,4.909180166912125675012272950,30.55499263622974963181148747,27.35177230620623462749383298,2026-08-05,26.77371631434565112151040826,stop_gap,312,-1.180460890074439546084598090,-0.123753
IHAK,2026-07-23,2026-07-24,O,59.270000,13.43634531407457171649311388,59.34963721867651998656365466,55.78387856260821472249993647,2026-08-04,62.87856324355613128251209380,target,280,0.9896704643411546677447241044,0.05946
IHAK,2026-07-23,2026-07-24,T,59.760000,5.85431128209417077862340052,59.79498536422179476457305344,56.22922670815348950050933525,2026-08-04,63.32365066843411351862586108,target,280,0.9895973464741198810919013753,0.059013
IHAK,2026-07-23,2026-07-24,C,59.790000,7.524454477050413844996237775,59.83498871331828442437923252,56.26923005724997916031551433,2026-08-04,63.36363059832480946532518700,target,280,0.9895907786696068477534971122,0.058973
SOXX,2026-07-27,2026-07-28,O,496.000000,3.828021114558568723052746102,496.1898698472821050086634164,435.5105849586673897893935529,2026-08-13,556.6866195708600598181232551,target,16,0.9969918042809530608896884435,0.121923
SOXX,2026-07-27,2026-07-28,T,488.110000,3.277882487912808325821519298,488.2699967221175120871916742,427.5907118335027968679218107,2026-08-12,548.7693424870378137270773005,target,16,0.9970345872726628713487463651,0.123906
SOXX,2026-07-27,2026-07-28,C,495.350000,1.816823788279467872499343924,495.4399963663524234410642548,434.7607114777377082217943913,2026-08-13,555.9369918896455072127686560,target,16,0.9969958550820720945414659185,0.122108
VGT,2026-07-28,2026-07-29,O,110.800000,6.315409599422591122338505955,110.8699747383616023096355107,104.9053011607673958048399219,2026-08-04,116.8186457617418715717500379,target,167,0.9973171114888751852855819938,0.053654
VGT,2026-07-28,2026-07-29,T,109.510000,1.369675386933296808656348446,109.5249993151623065333515957,103.5603257375681000285560069,2026-08-03,115.4738545565158944224728732,target,167,0.9973479963262300115906886996,0.054315
VGT,2026-07-28,2026-07-29,C,108.710000,0.4599181345720461757807110334,108.7149997700409327139769121,102.7503261924467262091813233,2026-07-31,114.6639659550385585943075273,target,167,0.9973665964461854005420714166,0.054721
TFSL,2026-08-04,2026-08-05,O,18.620000,34.80589022757697456492637216,18.68480856760374832663989290,17.77215351385293854722815402,2026-08-07,17.68821954484605087014725569,stop_gap,1095,-1.091966804612473997661199864,-0.053337
TFSL,2026-08-04,2026-08-05,T,18.480000,2.70635994587280108254397835,18.48500135317997293640054128,17.57234629942916315698880240,2026-08-07,17.56759059001118503434821003,stop,1095,-1.005210850910684395035934744,-0.04963
TFSL,2026-08-04,2026-08-05,C,18.320000,2.730002730002730002730002730,18.32500136500136500136500136,17.41234631125055522195326248,2026-08-10,17.40763390358851176993108298,stop,1095,-1.005163404993679158491287924,-0.050061
FTNT,2026-08-05,2026-08-06,O,160.070000,17.10997044641468346554674133,160.3438792969357598382330067,145.9230630093488124832148065,2026-09-03,156.3062975619321197739407375,time,69,-0.2799828840811932639406798279,-0.025181
FTNT,2026-08-05,2026-08-06,T,161.290000,7.75025575844002852094119106,161.4150038751278792200142605,146.9941875875409318649960603,2026-09-03,156.3062975619321197739407375,time,69,-0.3542591633729636436038179676,-0.03165
FTNT,2026-08-05,2026-08-06,C,160.220000,3.434602054516501701689199738,160.2750291941174633902644644,145.8542129065305160352462642,2026-09-03,156.3062975619321197739407375,time,69,-0.2752085286324271095933747950,-0.024762
FELC,2026-08-11,2026-08-12,O,44.040000,11.36363636363636363636363636,44.09004545454545454545454547,43.15524188253679213039032932,2026-09-10,43.15032614704498932914526834,stop,1069,-1.005258575853791505707221210,-0.021314
FELC,2026-08-11,2026-08-12,T,43.870700,1.139081899988609181000113908,43.87569723203098302767969015,42.94089366002232061261547400,2026-09-10,43.21507564376068376068376068,time,1069,-0.7066956182578403500436316347,-0.015057
FELC,2026-08-11,2026-08-12,C,43.880000,1.139601139601139601139601140,43.88500056980056980056980056,42.95019699779190738550558441,2026-09-10,43.21507564376068376068376068,time,1069,-0.7166478029179783013947509586,-0.015265
ODFL,2026-08-12,2026-08-13,O,214.440000,134.0482573726541554959785523,217.3145308310991957104557640,202.3243386433617198677378177,2026-08-20,202.2355773596972650736422020,stop,66,-1.005921290571382050909892573,-0.069388
ODFL,2026-08-12,2026-08-13,T,216.530000,4.387078898150499896095499780,216.6249934193816527742501559,201.6348012316441769315322096,2026-08-24,201.5463424534825652720226593,stop,66,-1.005901110342933039087020757,-0.069607
ODFL,2026-08-12,2026-08-13,C,216.020000,6.71622779591931262882419695,216.1650839528474489914078604,201.1748917651099731486899141,2026-08-24,201.0866347528599306750741504,stop,66,-1.005887650481375410908558130,-0.069754
ALAB,2026-08-13,2026-08-14,O,322.790000,34.11704771755407011747996974,323.8912641832749278293221360,256.9871151936721575390026583,2026-09-14,256.7427813663554287619039011,stop,14,-1.003651998134744968366685681,-0.207318
ALAB,2026-08-13,2026-08-14,T,320.560000,9.507629483003164014401720725,320.8647765707071494256456615,253.9606275811043791353261838,2026-09-14,256.6552185673652694610778443,time,14,-0.9597246056193070649060090273,-0.200114
ALAB,2026-08-13,2026-08-14,C,321.512500,14.97005988023952095808383234,321.9938061377245508982035927,255.0896571481217806078841150,2026-09-14,256.6552185673652694610778443,time,14,-0.9765999352373978375877420577,-0.202919
CORT,2026-08-13,2026-08-14,O,110.530000,88.49557522123893805309734515,111.5081415929203539823008850,101.7706857783271152162675982,2026-08-20,121.0492659255654778986157465,target,102,0.9798374970129385717460839695,0.085564
CORT,2026-08-13,2026-08-14,T,111.150000,16.19287513494062612450521770,111.3299838071248650593738755,101.5925279925316262933405887,2026-08-19,120.8713966284479593607744411,target,102,0.9798671237125060332574437026,0.085704
CORT,2026-08-13,2026-08-14,C,114.410000,15.31527589375574322846015840,114.5852220715004594582768127,104.8477662569072206922435259,2026-08-25,124.1213637261486022754042357,target,102,0.9793257947683426367221802046,0.083223
URGN,2026-08-13,2026-08-14,O,47.690000,52.9100529100529100529100529,47.94232804232804232804232803,43.26590642636816887514565453,2026-08-31,42.94158531216931216931216931,stop_gap,213,-1.069352411059772925876964909,-0.104307
URGN,2026-08-13,2026-08-14,T,47.390000,16.88476150274377374419586324,47.47001688476150274377374418,42.79359526880162929087707068,2026-08-31,42.72133930380576330642645511,stop,213,-1.015451122873367110161008421,-0.100035
URGN,2026-08-13,2026-08-14,C,48.150000,15.52955792525106118645822549,48.22477482141008385961279638,43.54835320545021040671612288,2026-08-28,43.47482284967908299361909270,stop,213,-1.015723636962112260571722151,-0.098496
KLAC,2026-08-17,2026-08-18,O,195.320000,17.05659224561492833685496805,195.6531493597413507802754513,170.7368045804025668682113115,2026-09-01,170.7191143970548589920399173,stop,40,-1.000709983085575898360551556,-0.12744
KLAC,2026-08-17,2026-08-18,T,193.020000,1.036108376936227529399575196,193.0399989638916230637724707,168.1236541845528391517083309,2026-09-01,168.1062347519066646877232811,stop,40,-1.000699116696306878251184341,-0.129164
KLAC,2026-08-17,2026-08-18,C,193.530000,2.840982463390066892223456184,193.5849815336139879645652006,168.6686367542752040525010608,2026-09-01,168.6511608555284522311207053,stop,40,-1.000701382923599742668725550,-0.1288
